location,date,vaccine,source_url,total_vaccinations,people_vaccinated,people_fully_vaccinated,total_boosters
Argentina,2020-12-29,Sputnik V,https://covidstats.com.ar/,20489,20484,5,0
Argentina,2020-12-30,Sputnik V,https://covidstats.com.ar/,40591,40581,10,0
Argentina,2020-12-31,Sputnik V,https://covidstats.com.ar/,43396,43386,10,0
Argentina,2021-01-01,Sputnik V,https://covidstats.com.ar/,43523,43513,10,0
Argentina,2021-01-02,Sputnik V,https://covidstats.com.ar/,46835,46823,12,0
Argentina,2021-01-03,Sputnik V,https://covidstats.com.ar/,47277,47263,13,1
Argentina,2021-01-04,Sputnik V,https://covidstats.com.ar/,57737,57717,17,3
Argentina,2021-01-05,Sputnik V,https://covidstats.com.ar/,68461,68438,20,3
Argentina,2021-01-06,Sputnik V,https://covidstats.com.ar/,78569,78546,20,3
Argentina,2021-01-07,Sputnik V,https://covidstats.com.ar/,96790,96765,22,3
Argentina,2021-01-08,Sputnik V,https://covidstats.com.ar/,124673,124642,28,3
Argentina,2021-01-09,Sputnik V,https://covidstats.com.ar/,134882,134850,29,3
Argentina,2021-01-10,Sputnik V,https://covidstats.com.ar/,136057,136023,29,5
Argentina,2021-01-11,Sputnik V,https://covidstats.com.ar/,155881,155842,33,6
Argentina,2021-01-12,Sputnik V,https://covidstats.com.ar/,175267,175212,42,13
Argentina,2021-01-13,Sputnik V,https://covidstats.com.ar/,192033,191977,43,13
Argentina,2021-01-14,Sputnik V,https://covidstats.com.ar/,208678,208621,43,14
Argentina,2021-01-15,Sputnik V,https://covidstats.com.ar/,226115,226052,49,14
Argentina,2021-01-16,Sputnik V,https://covidstats.com.ar/,231998,231934,50,14
Argentina,2021-01-17,Sputnik V,https://covidstats.com.ar/,233059,232991,53,15
Argentina,2021-01-18,Sputnik V,https://covidstats.com.ar/,242890,242811,57,22
Argentina,2021-01-19,Sputnik V,https://covidstats.com.ar/,256137,250627,5487,23
Argentina,2021-01-20,Sputnik V,https://covidstats.com.ar/,275557,256535,18999,23
Argentina,2021-01-21,Sputnik V,https://covidstats.com.ar/,289671,261332,28316,23
Argentina,2021-01-22,Sputnik V,https://covidstats.com.ar/,298886,266352,32510,24
Argentina,2021-01-23,Sputnik V,https://covidstats.com.ar/,302830,267464,35341,25
Argentina,2021-01-24,Sputnik V,https://covidstats.com.ar/,303133,267555,35553,25
Argentina,2021-01-25,Sputnik V,https://covidstats.com.ar/,317342,274677,42640,25
Argentina,2021-01-26,Sputnik V,https://covidstats.com.ar/,330148,279995,50128,25
Argentina,2021-01-27,Sputnik V,https://covidstats.com.ar/,340251,284085,56141,25
Argentina,2021-01-28,Sputnik V,https://covidstats.com.ar/,356301,285529,70746,26
Argentina,2021-01-29,Sputnik V,https://covidstats.com.ar/,379794,286990,92778,26
Argentina,2021-01-30,Sputnik V,https://covidstats.com.ar/,389106,287192,101888,26
Argentina,2021-01-31,Sputnik V,https://covidstats.com.ar/,389729,287200,102503,26
Argentina,2021-02-01,Sputnik V,https://covidstats.com.ar/,409250,289473,119750,27
Argentina,2021-02-02,Sputnik V,https://covidstats.com.ar/,433121,295115,137978,28
Argentina,2021-02-03,Sputnik V,https://covidstats.com.ar/,459728,305521,154179,28
Argentina,2021-02-04,Sputnik V,https://covidstats.com.ar/,487842,315836,171978,28
Argentina,2021-02-05,Sputnik V,https://covidstats.com.ar/,520864,329719,191120,28
Argentina,2021-02-06,Sputnik V,https://covidstats.com.ar/,531788,332794,198969,28
Argentina,2021-02-07,Sputnik V,https://covidstats.com.ar/,533171,333365,199781,28
Argentina,2021-02-08,Sputnik V,https://covidstats.com.ar/,556587,349829,206733,28
Argentina,2021-02-09,Sputnik V,https://covidstats.com.ar/,576783,364095,212663,28
Argentina,2021-02-10,Sputnik V,https://covidstats.com.ar/,592402,375102,217275,28
Argentina,2021-02-11,Sputnik V,https://covidstats.com.ar/,610252,379769,230458,28
Argentina,2021-02-12,Sputnik V,https://covidstats.com.ar/,626080,384027,242028,28
Argentina,2021-02-13,Sputnik V,https://covidstats.com.ar/,629117,384391,244701,28
Argentina,2021-02-14,Sputnik V,https://covidstats.com.ar/,629269,384415,244829,28
Argentina,2021-02-15,Sputnik V,https://covidstats.com.ar/,630584,385495,245064,28
Argentina,2021-02-16,Sputnik V,https://covidstats.com.ar/,631895,386532,245338,28
Argentina,2021-02-17,Sputnik V,https://covidstats.com.ar/,656282,406173,250084,28
Argentina,2021-02-18,Sputnik V,https://covidstats.com.ar/,720090,458431,261634,28
Argentina,2021-02-19,Sputnik V,https://covidstats.com.ar/,787958,518756,269176,29
Argentina,2021-02-20,Sputnik V,https://covidstats.com.ar/,820572,549828,270718,29
Argentina,2021-02-21,Sputnik V,https://covidstats.com.ar/,840746,569966,270754,29
Argentina,2021-02-22,Sputnik V,https://covidstats.com.ar/,908281,635779,272476,29
Argentina,2021-02-23,Sputnik V,https://covidstats.com.ar/,995203,718589,276588,29
Argentina,2021-02-24,Sputnik V,https://covidstats.com.ar/,1088971,805894,283049,31
Argentina,2021-02-25,Sputnik V,https://covidstats.com.ar/,1168392,873883,294480,32
Argentina,2021-02-26,Sputnik V,https://covidstats.com.ar/,1250042,944522,305491,32
Argentina,2021-02-27,Sputnik V,https://covidstats.com.ar/,1267920,960391,307500,32
Argentina,2021-02-28,Sputnik V,https://covidstats.com.ar/,1274040,966196,307815,32
Argentina,2021-03-01,Sputnik V,https://covidstats.com.ar/,1348575,1033403,315143,32
Argentina,2021-03-02,Sputnik V,https://covidstats.com.ar/,1424156,1101785,322342,32
Argentina,2021-03-03,Sputnik V,https://covidstats.com.ar/,1495598,1166053,329516,32
Argentina,2021-03-04,Sputnik V,https://covidstats.com.ar/,1607645,1264480,343135,33
Argentina,2021-03-05,Sputnik V,https://covidstats.com.ar/,1719364,1363373,355961,33
Argentina,2021-03-06,Sputnik V,https://covidstats.com.ar/,1774293,1414515,359748,33
Argentina,2021-03-07,Sputnik V,https://covidstats.com.ar/,1786078,1426219,359829,33
Argentina,2021-03-08,"Oxford/AstraZeneca, Sinopharm/Beijing, Sputnik V",https://covidstats.com.ar/,1888541,1526191,362320,33
Argentina,2021-03-09,"Oxford/AstraZeneca, Sinopharm/Beijing, Sputnik V",https://covidstats.com.ar/,2004316,1639651,364635,33
Argentina,2021-03-10,"Oxford/AstraZeneca, Sinopharm/Beijing, Sputnik V",https://covidstats.com.ar/,2168250,1797261,370959,33
Argentina,2021-03-11,"Oxford/AstraZeneca, Sinopharm/Beijing, Sputnik V",https://covidstats.com.ar/,2355036,1951269,403736,34
Argentina,2021-03-12,"Oxford/AstraZeneca, Sinopharm/Beijing, Sputnik V",https://covidstats.com.ar/,2516640,2069328,447281,34
Argentina,2021-03-13,"Oxford/AstraZeneca, Sinopharm/Beijing, Sputnik V",https://covidstats.com.ar/,2563013,2088435,474547,34
Argentina,2021-03-14,"Oxford/AstraZeneca, Sinopharm/Beijing, Sputnik V",https://covidstats.com.ar/,2572181,2096364,475786,34
Argentina,2021-03-15,"Oxford/AstraZeneca, Sinopharm/Beijing, Sputnik V",https://covidstats.com.ar/,2709733,2205336,504365,35
Argentina,2021-03-16,"Oxford/AstraZeneca, Sinopharm/Beijing, Sputnik V",https://covidstats.com.ar/,2843416,2316921,526463,35
Argentina,2021-03-17,"Oxford/AstraZeneca, Sinopharm/Beijing, Sputnik V",https://covidstats.com.ar/,2982941,2438253,544656,35
Argentina,2021-03-18,"Oxford/AstraZeneca, Sinopharm/Beijing, Sputnik V",https://covidstats.com.ar/,3121852,2533771,588048,36
Argentina,2021-03-19,"Oxford/AstraZeneca, Sinopharm/Beijing, Sputnik V",https://covidstats.com.ar/,3247996,2623856,624107,36
Argentina,2021-03-20,"Oxford/AstraZeneca, Sinopharm/Beijing, Sputnik V",https://covidstats.com.ar/,3298853,2661932,636888,36
Argentina,2021-03-21,"Oxford/AstraZeneca, Sinopharm/Beijing, Sputnik V",https://covidstats.com.ar/,3318477,2680240,638203,37
Argentina,2021-03-22,"Oxford/AstraZeneca, Sinopharm/Beijing, Sputnik V",https://covidstats.com.ar/,3401493,2750486,650972,38
Argentina,2021-03-23,"Oxford/AstraZeneca, Sinopharm/Beijing, Sputnik V",https://covidstats.com.ar/,3507918,2844402,663481,38
Argentina,2021-03-24,"Oxford/AstraZeneca, Sinopharm/Beijing, Sputnik V",https://covidstats.com.ar/,3545372,2880616,664721,38
Argentina,2021-03-25,"Oxford/AstraZeneca, Sinopharm/Beijing, Sputnik V",https://covidstats.com.ar/,3648534,2968381,680118,38
Argentina,2021-03-26,"Oxford/AstraZeneca, Sinopharm/Beijing, Sputnik V",https://covidstats.com.ar/,3742070,3051538,690497,38
Argentina,2021-03-27,"Oxford/AstraZeneca, Sinopharm/Beijing, Sputnik V",https://covidstats.com.ar/,3797137,3103461,693641,38
Argentina,2021-03-28,"Oxford/AstraZeneca, Sinopharm/Beijing, Sputnik V",https://covidstats.com.ar/,3817947,3124216,693696,38
Argentina,2021-03-29,"Oxford/AstraZeneca, Sinopharm/Beijing, Sputnik V",https://covidstats.com.ar/,3938108,3239597,698474,40
Argentina,2021-03-30,"Oxford/AstraZeneca, Sinopharm/Beijing, Sputnik V",https://covidstats.com.ar/,4101083,3397271,703774,41
Argentina,2021-03-31,"Oxford/AstraZeneca, Sinopharm/Beijing, Sputnik V",https://covidstats.com.ar/,4275979,3567310,708631,41
Argentina,2021-04-01,"Oxford/AstraZeneca, Sinopharm/Beijing, Sputnik V",https://covidstats.com.ar/,4393101,3682324,710739,41
Argentina,2021-04-02,"Oxford/AstraZeneca, Sinopharm/Beijing, Sputnik V",https://covidstats.com.ar/,4461239,3749450,711751,41
Argentina,2021-04-03,"Oxford/AstraZeneca, Sinopharm/Beijing, Sputnik V",https://covidstats.com.ar/,4535722,3823398,712286,41
Argentina,2021-04-04,"Oxford/AstraZeneca, Sinopharm/Beijing, Sputnik V",https://covidstats.com.ar/,4584190,3871771,712381,41
Argentina,2021-04-05,"Oxford/AstraZeneca, Sinopharm/Beijing, Sputnik V",https://covidstats.com.ar/,4750138,4028116,721983,42
Argentina,2021-04-06,"Oxford/AstraZeneca, Sinopharm/Beijing, Sputnik V",https://covidstats.com.ar/,4944073,4213967,730067,42
Argentina,2021-04-07,"Oxford/AstraZeneca, Sinopharm/Beijing, Sputnik V",https://covidstats.com.ar/,5182365,4445774,736552,42
Argentina,2021-04-08,"Oxford/AstraZeneca, Sinopharm/Beijing, Sputnik V",https://covidstats.com.ar/,5418233,4676740,741453,43
Argentina,2021-04-09,"Oxford/AstraZeneca, Sinopharm/Beijing, Sputnik V",https://covidstats.com.ar/,5658574,4904922,753610,45
Argentina,2021-04-10,"Oxford/AstraZeneca, Sinopharm/Beijing, Sputnik V",https://covidstats.com.ar/,5751498,4992506,758949,46
Argentina,2021-04-11,"Oxford/AstraZeneca, Sinopharm/Beijing, Sputnik V",https://covidstats.com.ar/,5799803,5039296,760464,46
Argentina,2021-04-12,"Oxford/AstraZeneca, Sinopharm/Beijing, Sputnik V",https://covidstats.com.ar/,5981572,5212453,769076,46
Argentina,2021-04-13,"Oxford/AstraZeneca, Sinopharm/Beijing, Sputnik V",https://covidstats.com.ar/,6167550,5373872,793634,47
Argentina,2021-04-14,"Oxford/AstraZeneca, Sinopharm/Beijing, Sputnik V",https://covidstats.com.ar/,6339158,5530617,808497,47
Argentina,2021-04-15,"Oxford/AstraZeneca, Sinopharm/Beijing, Sputnik V",https://covidstats.com.ar/,6490185,5660551,829589,48
Argentina,2021-04-16,"Oxford/AstraZeneca, Sinopharm/Beijing, Sputnik V",https://covidstats.com.ar/,6613847,5776058,837743,49
Argentina,2021-04-17,"Oxford/AstraZeneca, Sinopharm/Beijing, Sputnik V",https://covidstats.com.ar/,6659544,5816352,843146,49
Argentina,2021-04-18,"Oxford/AstraZeneca, Sinopharm/Beijing, Sputnik V",https://covidstats.com.ar/,6679445,5836124,843275,49
Argentina,2021-04-19,"Oxford/AstraZeneca, Sinopharm/Beijing, Sputnik V",https://covidstats.com.ar/,6769891,5912197,857647,50
Argentina,2021-04-20,"Oxford/AstraZeneca, Sinopharm/Beijing, Sputnik V",https://covidstats.com.ar/,6892548,6019170,873331,50
Argentina,2021-04-21,"Oxford/AstraZeneca, Sinopharm/Beijing, Sputnik V",https://covidstats.com.ar/,7066444,6178329,888069,50
Argentina,2021-04-22,"Oxford/AstraZeneca, Sinopharm/Beijing, Sputnik V",https://covidstats.com.ar/,7244542,6342711,901785,52
Argentina,2021-04-23,"Oxford/AstraZeneca, Sinopharm/Beijing, Sputnik V",https://covidstats.com.ar/,7439038,6524787,914204,53
Argentina,2021-04-24,"Oxford/AstraZeneca, Sinopharm/Beijing, Sputnik V",https://covidstats.com.ar/,7531244,6615582,915615,53
Argentina,2021-04-25,"Oxford/AstraZeneca, Sinopharm/Beijing, Sputnik V",https://covidstats.com.ar/,7580556,6664704,915805,53
Argentina,2021-04-26,"Oxford/AstraZeneca, Sinopharm/Beijing, Sputnik V",https://covidstats.com.ar/,7752617,6830760,921810,53
Argentina,2021-04-27,"Oxford/AstraZeneca, Sinopharm/Beijing, Sputnik V",https://covidstats.com.ar/,7906283,6979269,926965,55
Argentina,2021-04-28,"Oxford/AstraZeneca, Sinopharm/Beijing, Sputnik V",https://covidstats.com.ar/,8065224,7114856,950319,55
Argentina,2021-04-29,"Oxford/AstraZeneca, Sinopharm/Beijing, Sputnik V",https://covidstats.com.ar/,8221400,7237379,983971,56
Argentina,2021-04-30,"Oxford/AstraZeneca, Sinopharm/Beijing, Sputnik V",https://covidstats.com.ar/,8336282,7319416,1016813,59
Argentina,2021-05-01,"Oxford/AstraZeneca, Sinopharm/Beijing, Sputnik V",https://covidstats.com.ar/,8356574,7336210,1020311,59
Argentina,2021-05-02,"Oxford/AstraZeneca, Sinopharm/Beijing, Sputnik V",https://covidstats.com.ar/,8396733,7362322,1034358,59
Argentina,2021-05-03,"Oxford/AstraZeneca, Sinopharm/Beijing, Sputnik V",https://covidstats.com.ar/,8571370,7459972,1111344,60
Argentina,2021-05-04,"Oxford/AstraZeneca, Sinopharm/Beijing, Sputnik V",https://covidstats.com.ar/,8803338,7596752,1206531,61
Argentina,2021-05-05,"Oxford/AstraZeneca, Sinopharm/Beijing, Sputnik V",https://covidstats.com.ar/,9048175,7761572,1286544,65
Argentina,2021-05-06,"Oxford/AstraZeneca, Sinopharm/Beijing, Sputnik V",https://covidstats.com.ar/,9250892,7899792,1351040,66
Argentina,2021-05-07,"Oxford/AstraZeneca, Sinopharm/Beijing, Sputnik V",https://covidstats.com.ar/,9456139,8009043,1447036,67
Argentina,2021-05-08,"Oxford/AstraZeneca, Sinopharm/Beijing, Sputnik V",https://covidstats.com.ar/,9530401,8041475,1488866,67
Argentina,2021-05-09,"Oxford/AstraZeneca, Sinopharm/Beijing, Sputnik V",https://covidstats.com.ar/,9549087,8057067,1491959,68
Argentina,2021-05-10,"Oxford/AstraZeneca, Sinopharm/Beijing, Sputnik V",https://covidstats.com.ar/,9690670,8134450,1556158,69
Argentina,2021-05-11,"Oxford/AstraZeneca, Sinopharm/Beijing, Sputnik V",https://covidstats.com.ar/,9831032,8210426,1620542,71
Argentina,2021-05-12,"Oxford/AstraZeneca, Sinopharm/Beijing, Sputnik V",https://covidstats.com.ar/,10028598,8262855,1765677,73
Argentina,2021-05-13,"Oxford/AstraZeneca, Sinopharm/Beijing, Sputnik V",https://covidstats.com.ar/,10220656,8300490,1920098,75
Argentina,2021-05-14,"Oxford/AstraZeneca, Sinopharm/Beijing, Sputnik V",https://covidstats.com.ar/,10417058,8340896,2076092,77
Argentina,2021-05-15,"Oxford/AstraZeneca, Sinopharm/Beijing, Sputnik V",https://covidstats.com.ar/,10512152,8385558,2126523,78
Argentina,2021-05-16,"Oxford/AstraZeneca, Sinopharm/Beijing, Sputnik V",https://covidstats.com.ar/,10579741,8409866,2169804,78
Argentina,2021-05-17,"Oxford/AstraZeneca, Sinopharm/Beijing, Sputnik V",https://covidstats.com.ar/,10766629,8499941,2266615,80
Argentina,2021-05-18,"Oxford/AstraZeneca, Sinopharm/Beijing, Sputnik V",https://covidstats.com.ar/,10964707,8654030,2310603,81
Argentina,2021-05-19,"Oxford/AstraZeneca, Sinopharm/Beijing, Sputnik V",https://covidstats.com.ar/,11132333,8785288,2346965,87
Argentina,2021-05-20,"Oxford/AstraZeneca, Sinopharm/Beijing, Sputnik V",https://covidstats.com.ar/,11314791,8925676,2389030,92
Argentina,2021-05-21,"Oxford/AstraZeneca, Sinopharm/Beijing, Sputnik V",https://covidstats.com.ar/,11491962,9017186,2474689,94
Argentina,2021-05-22,"Oxford/AstraZeneca, Sinopharm/Beijing, Sputnik V",https://covidstats.com.ar/,11592382,9074081,2518211,97
Argentina,2021-05-23,"Oxford/AstraZeneca, Sinopharm/Beijing, Sputnik V",https://covidstats.com.ar/,11637630,9096440,2541098,99
Argentina,2021-05-24,"Oxford/AstraZeneca, Sinopharm/Beijing, Sputnik V",https://covidstats.com.ar/,11725968,9164840,2561036,99
Argentina,2021-05-25,"Oxford/AstraZeneca, Sinopharm/Beijing, Sputnik V",https://covidstats.com.ar/,11789357,9201746,2587517,101
Argentina,2021-05-26,"Oxford/AstraZeneca, Sinopharm/Beijing, Sputnik V",https://covidstats.com.ar/,11942330,9290568,2651665,104
Argentina,2021-05-27,"Oxford/AstraZeneca, Sinopharm/Beijing, Sputnik V",https://covidstats.com.ar/,12111618,9378415,2733102,108
Argentina,2021-05-28,"Oxford/AstraZeneca, Sinopharm/Beijing, Sputnik V",https://covidstats.com.ar/,12357513,9502975,2854434,111
Argentina,2021-05-29,"Oxford/AstraZeneca, Sinopharm/Beijing, Sputnik V",https://covidstats.com.ar/,12584921,9669116,2915700,112
Argentina,2021-05-30,"Oxford/AstraZeneca, Sinopharm/Beijing, Sputnik V",https://covidstats.com.ar/,12713731,9781345,2932280,113
Argentina,2021-05-31,"Oxford/AstraZeneca, Sinopharm/Beijing, Sputnik V",https://covidstats.com.ar/,13012603,10018062,2994432,116
Argentina,2021-06-01,"Oxford/AstraZeneca, Sinopharm/Beijing, Sputnik V",https://covidstats.com.ar/,13327323,10280966,3046241,123
Argentina,2021-06-02,"Oxford/AstraZeneca, Sinopharm/Beijing, Sputnik V",https://covidstats.com.ar/,13636485,10538945,3097422,125
Argentina,2021-06-03,"Oxford/AstraZeneca, Sinopharm/Beijing, Sputnik V",https://covidstats.com.ar/,13985955,10853085,3132748,129
Argentina,2021-06-04,"Oxford/AstraZeneca, Sinopharm/Beijing, Sputnik V",https://covidstats.com.ar/,14393900,11216493,3177268,146
Argentina,2021-06-05,"Oxford/AstraZeneca, Sinopharm/Beijing, Sputnik V",https://covidstats.com.ar/,14720613,11523106,3197338,176
Argentina,2021-06-06,"Oxford/AstraZeneca, Sinopharm/Beijing, Sputnik V",https://covidstats.com.ar/,14937880,11727669,3210040,178
Argentina,2021-06-07,"Oxford/AstraZeneca, Sinopharm/Beijing, Sputnik V",https://covidstats.com.ar/,15290854,12033067,3257612,182
Argentina,2021-06-08,"Oxford/AstraZeneca, Sinopharm/Beijing, Sputnik V",https://covidstats.com.ar/,15660593,12367746,3292669,185
Argentina,2021-06-09,"Oxford/AstraZeneca, Sinopharm/Beijing, Sputnik V",https://covidstats.com.ar/,16032806,12717088,3315537,188
Argentina,2021-06-10,"Oxford/AstraZeneca, Sinopharm/Beijing, Sputnik V",https://covidstats.com.ar/,16367685,13033610,3333887,195
Argentina,2021-06-11,"Oxford/AstraZeneca, Sinopharm/Beijing, Sputnik V",https://covidstats.com.ar/,16734319,13354023,3380105,198
Argentina,2021-06-12,"Oxford/AstraZeneca, Sinopharm/Beijing, Sputnik V",https://covidstats.com.ar/,16919309,13459027,3460088,201
Argentina,2021-06-13,"Oxford/AstraZeneca, Sinopharm/Beijing, Sputnik V",https://covidstats.com.ar/,17001948,13497994,3503756,205
Argentina,2021-06-14,"Oxford/AstraZeneca, Sinopharm/Beijing, Sputnik V",https://covidstats.com.ar/,17239787,13652094,3587489,211
Argentina,2021-06-15,"Oxford/AstraZeneca, Sinopharm/Beijing, Sputnik V",https://covidstats.com.ar/,17497358,13825453,3671694,218
Argentina,2021-06-16,"Oxford/AstraZeneca, Sinopharm/Beijing, Sputnik V",https://covidstats.com.ar/,17784045,14038936,3744891,225
Argentina,2021-06-17,"Oxford/AstraZeneca, Sinopharm/Beijing, Sputnik V",https://covidstats.com.ar/,18098300,14288085,3809994,228
Argentina,2021-06-18,"Oxford/AstraZeneca, Sinopharm/Beijing, Sputnik V",https://covidstats.com.ar/,18497297,14641880,3855191,233
Argentina,2021-06-19,"Oxford/AstraZeneca, Sinopharm/Beijing, Sputnik V",https://covidstats.com.ar/,18729802,14853744,3875830,235
Argentina,2021-06-20,"Oxford/AstraZeneca, Sinopharm/Beijing, Sputnik V",https://covidstats.com.ar/,18828992,14948761,3880002,236
Argentina,2021-06-21,"Oxford/AstraZeneca, Sinopharm/Beijing, Sputnik V",https://covidstats.com.ar/,18998604,15094591,3903784,236
Argentina,2021-06-22,"Oxford/AstraZeneca, Sinopharm/Beijing, Sputnik V",https://covidstats.com.ar/,19286162,15344000,3941931,238
Argentina,2021-06-23,"Oxford/AstraZeneca, Sinopharm/Beijing, Sputnik V",https://covidstats.com.ar/,19549094,15577797,3971065,239
Argentina,2021-06-24,"Oxford/AstraZeneca, Sinopharm/Beijing, Sputnik V",https://covidstats.com.ar/,19853457,15848164,4005059,241
Argentina,2021-06-25,"Oxford/AstraZeneca, Sinopharm/Beijing, Sputnik V",https://covidstats.com.ar/,20229920,16154183,4075500,244
Argentina,2021-06-26,"Oxford/AstraZeneca, Sinopharm/Beijing, Sputnik V",https://covidstats.com.ar/,20545896,16392415,4153243,245
Argentina,2021-06-27,"Oxford/AstraZeneca, Sinopharm/Beijing, Sputnik V",https://covidstats.com.ar/,20722025,16547488,4174299,245
Argentina,2021-06-28,"Oxford/AstraZeneca, Sinopharm/Beijing, Sputnik V",https://covidstats.com.ar/,21094880,16868357,4226263,267
Argentina,2021-06-29,"Oxford/AstraZeneca, Sinopharm/Beijing, Sputnik V",https://covidstats.com.ar/,21469165,17194801,4274102,269
Argentina,2021-06-30,"Oxford/AstraZeneca, Sinopharm/Beijing, Sputnik V",https://covidstats.com.ar/,21844703,17534114,4310326,270
Argentina,2021-07-01,"Oxford/AstraZeneca, Sinopharm/Beijing, Sputnik V",https://covidstats.com.ar/,22276434,17849019,4427151,271
Argentina,2021-07-02,"Oxford/AstraZeneca, Sinopharm/Beijing, Sputnik V",https://covidstats.com.ar/,22691871,18180074,4511530,274
Argentina,2021-07-03,"Oxford/AstraZeneca, Sinopharm/Beijing, Sputnik V",https://covidstats.com.ar/,23028359,18432120,4595966,280
Argentina,2021-07-04,"Oxford/AstraZeneca, Sinopharm/Beijing, Sputnik V",https://covidstats.com.ar/,23224723,18606732,4617714,284
Argentina,2021-07-05,"Oxford/AstraZeneca, Sinopharm/Beijing, Sputnik V",https://covidstats.com.ar/,23634379,18842961,4791134,291
Argentina,2021-07-06,"Oxford/AstraZeneca, Sinopharm/Beijing, Sputnik V",https://covidstats.com.ar/,24051056,19116242,4934521,300
Argentina,2021-07-07,"Oxford/AstraZeneca, Sinopharm/Beijing, Sputnik V",https://covidstats.com.ar/,24454956,19407506,5047147,310
Argentina,2021-07-08,"Oxford/AstraZeneca, Sinopharm/Beijing, Sputnik V",https://covidstats.com.ar/,24865267,19777424,5087534,316
Argentina,2021-07-09,"Oxford/AstraZeneca, Sinopharm/Beijing, Sputnik V",https://covidstats.com.ar/,25222645,20030363,5191971,318
Argentina,2021-07-10,"Oxford/AstraZeneca, Sinopharm/Beijing, Sputnik V",https://covidstats.com.ar/,25554380,20331007,5223057,323
Argentina,2021-07-11,"Oxford/AstraZeneca, Sinopharm/Beijing, Sputnik V",https://covidstats.com.ar/,25719883,20488483,5231084,323
Argentina,2021-07-12,"Oxford/AstraZeneca, Sinopharm/Beijing, Sputnik V",https://covidstats.com.ar/,26106814,20846414,5260082,325
Argentina,2021-07-13,"Oxford/AstraZeneca, Sinopharm/Beijing, Sputnik V",https://covidstats.com.ar/,26500227,21211709,5288193,332
Argentina,2021-07-14,"Oxford/AstraZeneca, Sinopharm/Beijing, Sputnik V",https://covidstats.com.ar/,26898368,21575716,5322322,337
Argentina,2021-07-15,"Oxford/AstraZeneca, Sinopharm/Beijing, Sputnik V",https://covidstats.com.ar/,27298087,21919711,5378041,342
Argentina,2021-07-16,"Oxford/AstraZeneca, Sinopharm/Beijing, Sputnik V",https://covidstats.com.ar/,27754170,22275463,5478369,345
Argentina,2021-07-17,"Oxford/AstraZeneca, Sinopharm/Beijing, Sputnik V",https://covidstats.com.ar/,28076463,22504571,5571548,351
Argentina,2021-07-18,"Oxford/AstraZeneca, Sinopharm/Beijing, Sputnik V",https://covidstats.com.ar/,28244556,22635440,5608770,353
Argentina,2021-07-19,"Oxford/AstraZeneca, Sinopharm/Beijing, Sputnik V",https://covidstats.com.ar/,28663042,22968548,5694147,354
Argentina,2021-07-20,"Oxford/AstraZeneca, Sinopharm/Beijing, Sputnik V",https://covidstats.com.ar/,29111310,23208586,5902369,362
Argentina,2021-07-21,"Oxford/AstraZeneca, Sinopharm/Beijing, Sputnik V",https://covidstats.com.ar/,29531028,23531053,5999611,371
Argentina,2021-07-22,"Oxford/AstraZeneca, Sinopharm/Beijing, Sputnik V",https://covidstats.com.ar/,29917643,23851382,6065896,372
Argentina,2021-07-23,"Oxford/AstraZeneca, Sinopharm/Beijing, Sputnik V",https://covidstats.com.ar/,30325013,24169153,6155491,376
Argentina,2021-07-24,"Oxford/AstraZeneca, Sinopharm/Beijing, Sputnik V",https://covidstats.com.ar/,30562486,24355529,6206586,378
Argentina,2021-07-25,"Oxford/AstraZeneca, Sinopharm/Beijing, Sputnik V",https://covidstats.com.ar/,30696302,24481098,6214833,378
Argentina,2021-07-26,"Oxford/AstraZeneca, Sinopharm/Beijing, Sputnik V",https://covidstats.com.ar/,31103813,24725418,6378020,382
Argentina,2021-07-27,"Oxford/AstraZeneca, Sinopharm/Beijing, Sputnik V",https://covidstats.com.ar/,31531747,24927786,6603581,387
Argentina,2021-07-28,"Oxford/AstraZeneca, Sinopharm/Beijing, Sputnik V",https://covidstats.com.ar/,31991546,25182045,6809114,394
Argentina,2021-07-29,"Oxford/AstraZeneca, Sinopharm/Beijing, Sputnik V",https://covidstats.com.ar/,32416279,25414462,7001425,399
Argentina,2021-07-30,"Oxford/AstraZeneca, Sinopharm/Beijing, Sputnik V",https://covidstats.com.ar/,32843006,25632800,7209808,405
Argentina,2021-07-31,"Oxford/AstraZeneca, Sinopharm/Beijing, Sputnik V",https://covidstats.com.ar/,33117480,25755222,7361856,409
Argentina,2021-08-01,"Oxford/AstraZeneca, Sinopharm/Beijing, Sputnik V",https://covidstats.com.ar/,33284798,25829018,7455374,413
Argentina,2021-08-02,"Oxford/AstraZeneca, Sinopharm/Beijing, Sputnik V",https://covidstats.com.ar/,33701666,26005828,7695429,416
Argentina,2021-08-03,"Moderna, Oxford/AstraZeneca, Sinopharm/Beijing, Sputnik V",https://covidstats.com.ar/,34109416,26214108,7894898,417
Argentina,2021-08-04,"Moderna, Oxford/AstraZeneca, Sinopharm/Beijing, Sputnik V",https://covidstats.com.ar/,34526508,26392779,8133312,424
Argentina,2021-08-05,"Moderna, Oxford/AstraZeneca, Sinopharm/Beijing, Sputnik V",https://covidstats.com.ar/,34956594,26546127,8410046,428
Argentina,2021-08-06,"Moderna, Oxford/AstraZeneca, Sinopharm/Beijing, Sputnik V",https://covidstats.com.ar/,35370284,26677132,8692726,433
Argentina,2021-08-07,"Moderna, Oxford/AstraZeneca, Sinopharm/Beijing, Sputnik V",https://covidstats.com.ar/,35648290,26749626,8898229,442
Argentina,2021-08-08,"Moderna, Oxford/AstraZeneca, Sinopharm/Beijing, Sputnik V",https://covidstats.com.ar/,35809901,26783180,9026284,444
Argentina,2021-08-09,"Moderna, Oxford/AstraZeneca, Sinopharm/Beijing, Sputnik V",https://covidstats.com.ar/,36200532,26894240,9305842,457
Argentina,2021-08-10,"Moderna, Oxford/AstraZeneca, Sinopharm/Beijing, Sputnik V",https://covidstats.com.ar/,36570532,26996766,9573306,467
Argentina,2021-08-11,"Moderna, Oxford/AstraZeneca, Sinopharm/Beijing, Sputnik V",https://covidstats.com.ar/,36982972,27088356,9894137,486
Argentina,2021-08-12,"Moderna, Oxford/AstraZeneca, Sinopharm/Beijing, Sputnik V",https://covidstats.com.ar/,37375114,27167294,10207329,498
Argentina,2021-08-13,"Moderna, Oxford/AstraZeneca, Sinopharm/Beijing, Sputnik V",https://covidstats.com.ar/,37791486,27237936,10553022,535
Argentina,2021-08-14,"Moderna, Oxford/AstraZeneca, Sinopharm/Beijing, Sputnik V",https://covidstats.com.ar/,38047571,27274838,10772197,543
Argentina,2021-08-15,"Moderna, Oxford/AstraZeneca, Sinopharm/Beijing, Sputnik V",https://covidstats.com.ar/,38209943,27304597,10904809,544
Argentina,2021-08-16,"Moderna, Oxford/AstraZeneca, Sinopharm/Beijing, Sputnik V",https://covidstats.com.ar/,38400759,27353154,11047058,554
Argentina,2021-08-17,"Moderna, Oxford/AstraZeneca, Sinopharm/Beijing, Sputnik V",https://covidstats.com.ar/,38840224,27471943,11367719,569
Argentina,2021-08-18,"Moderna, Oxford/AstraZeneca, Sinopharm/Beijing, Sputnik V",https://covidstats.com.ar/,39274899,27579501,11694793,612
Argentina,2021-08-19,"Moderna, Oxford/AstraZeneca, Sinopharm/Beijing, Sputnik V",https://covidstats.com.ar/,39700551,27695839,12004093,626
Argentina,2021-08-20,"Moderna, Oxford/AstraZeneca, Sinopharm/Beijing, Sputnik V",https://covidstats.com.ar/,40136245,27815140,12320471,641
Argentina,2021-08-21,"Moderna, Oxford/AstraZeneca, Sinopharm/Beijing, Sputnik V",https://covidstats.com.ar/,40393338,27869413,12523286,646
Argentina,2021-08-22,"Moderna, Oxford/AstraZeneca, Sinopharm/Beijing, Sputnik V",https://covidstats.com.ar/,40563282,27892800,12669842,647
Argentina,2021-08-23,"Moderna, Oxford/AstraZeneca, Sinopharm/Beijing, Sputnik V",https://covidstats.com.ar/,40971454,28015073,12955728,660
Argentina,2021-08-24,"Moderna, Oxford/AstraZeneca, Sinopharm/Beijing, Sputnik V",https://covidstats.com.ar/,41420040,28106917,13312449,681
Argentina,2021-08-25,"Moderna, Oxford/AstraZeneca, Sinopharm/Beijing, Sputnik V",https://covidstats.com.ar/,41846216,28181874,13663659,690
Argentina,2021-08-26,"Moderna, Oxford/AstraZeneca, Sinopharm/Beijing, Sputnik V",https://covidstats.com.ar/,42288417,28254635,14033083,706
Argentina,2021-08-27,"Moderna, Oxford/AstraZeneca, Sinopharm/Beijing, Sputnik V",https://covidstats.com.ar/,42755544,28332144,14422675,732
Argentina,2021-08-28,"Moderna, Oxford/AstraZeneca, Sinopharm/Beijing, Sputnik V",https://covidstats.com.ar/,42998928,28374608,14623582,745
Argentina,2021-08-29,"Moderna, Oxford/AstraZeneca, Sinopharm/Beijing, Sputnik V",https://covidstats.com.ar/,43167641,28396553,14770346,749
Argentina,2021-08-30,"Moderna, Oxford/AstraZeneca, Sinopharm/Beijing, Sputnik V",https://covidstats.com.ar/,43585020,28488709,15095553,765
Argentina,2021-08-31,"Moderna, Oxford/AstraZeneca, Sinopharm/Beijing, Sputnik V",https://covidstats.com.ar/,44044558,28585415,15458370,780
Argentina,2021-09-01,"Moderna, Oxford/AstraZeneca, Sinopharm/Beijing, Sputnik V",https://covidstats.com.ar/,44499830,28667818,15831223,796
Argentina,2021-09-02,"Moderna, Oxford/AstraZeneca, Sinopharm/Beijing, Sputnik V",https://covidstats.com.ar/,44947485,28746670,16200017,805
Argentina,2021-09-03,"Moderna, Oxford/AstraZeneca, Sinopharm/Beijing, Sputnik V",https://covidstats.com.ar/,45381710,28811745,16569154,818
Argentina,2021-09-04,"Moderna, Oxford/AstraZeneca, Sinopharm/Beijing, Sputnik V",https://covidstats.com.ar/,45677513,28851103,16825594,823
Argentina,2021-09-05,"Moderna, Oxford/AstraZeneca, Sinopharm/Beijing, Sputnik V",https://covidstats.com.ar/,45874026,28867669,17005535,829
Argentina,2021-09-06,"Moderna, Oxford/AstraZeneca, Sinopharm/Beijing, Sputnik V",https://covidstats.com.ar/,46315126,28919147,17395148,838
Argentina,2021-09-07,"Moderna, Oxford/AstraZeneca, Sinopharm/Beijing, Sputnik V",https://covidstats.com.ar/,46778167,28973552,17803818,851
Argentina,2021-09-08,"Moderna, Oxford/AstraZeneca, Sinopharm/Beijing, Sputnik V",https://covidstats.com.ar/,47151540,29032460,18118303,868
Argentina,2021-09-09,"CanSino, Moderna, Oxford/AstraZeneca, Sinopharm/Beijing, Sputnik V",https://covidstats.com.ar/,47548833,29082198,18465830,903
Argentina,2021-09-10,"CanSino, Moderna, Oxford/AstraZeneca, Sinopharm/Beijing, Sputnik V",https://covidstats.com.ar/,47890825,29131811,18758195,919
Argentina,2021-09-11,"CanSino, Moderna, Oxford/AstraZeneca, Sinopharm/Beijing, Sputnik V",https://covidstats.com.ar/,48089434,29157397,18931471,941
Argentina,2021-09-12,"CanSino, Moderna, Oxford/AstraZeneca, Sinopharm/Beijing, Sputnik V",https://covidstats.com.ar/,48099155,29159816,18939143,943
Argentina,2021-09-13,"CanSino, Moderna, Oxford/AstraZeneca, Sinopharm/Beijing, Sputnik V",https://covidstats.com.ar/,48401429,29211667,19203668,960
Argentina,2021-09-14,"CanSino, Moderna, Oxford/AstraZeneca, Sinopharm/Beijing, Sputnik V",https://covidstats.com.ar/,48680779,29258043,19437825,971
Argentina,2021-09-15,"CanSino, Moderna, Oxford/AstraZeneca, Sinopharm/Beijing, Sputnik V",https://covidstats.com.ar/,49010809,29293624,19733344,1025
Argentina,2021-09-16,"CanSino, Moderna, Oxford/AstraZeneca, Sinopharm/Beijing, Sputnik V",https://covidstats.com.ar/,49371760,29332259,20056928,1061
Argentina,2021-09-17,"CanSino, Moderna, Oxford/AstraZeneca, Pfizer/BioNTech, Sinopharm/Beijing, Sputnik V",https://covidstats.com.ar/,49733824,29381456,20378283,1123
Argentina,2021-09-18,"CanSino, Moderna, Oxford/AstraZeneca, Pfizer/BioNTech, Sinopharm/Beijing, Sputnik V",https://covidstats.com.ar/,49954696,29414755,20566316,1133
Argentina,2021-09-19,"CanSino, Moderna, Oxford/AstraZeneca, Pfizer/BioNTech, Sinopharm/Beijing, Sputnik V",https://covidstats.com.ar/,50092160,29434605,20683972,1135
Argentina,2021-09-20,"CanSino, Moderna, Oxford/AstraZeneca, Pfizer/BioNTech, Sinopharm/Beijing, Sputnik V",https://covidstats.com.ar/,50437682,29481648,20984923,1150
Argentina,2021-09-21,"CanSino, Moderna, Oxford/AstraZeneca, Pfizer/BioNTech, Sinopharm/Beijing, Sputnik V",https://covidstats.com.ar/,50746787,29531226,21246923,1165
Argentina,2021-09-22,"CanSino, Moderna, Oxford/AstraZeneca, Pfizer/BioNTech, Sinopharm/Beijing, Sputnik V",https://covidstats.com.ar/,51074985,29588327,21521239,1201
Argentina,2021-09-23,"CanSino, Moderna, Oxford/AstraZeneca, Pfizer/BioNTech, Sinopharm/Beijing, Sputnik V",https://covidstats.com.ar/,51386177,29758746,21665864,1215
Argentina,2021-09-24,"CanSino, Moderna, Oxford/AstraZeneca, Pfizer/BioNTech, Sinopharm/Beijing, Sputnik V",https://covidstats.com.ar/,51647134,29829398,21860430,1231
Argentina,2021-09-25,"CanSino, Moderna, Oxford/AstraZeneca, Pfizer/BioNTech, Sinopharm/Beijing, Sputnik V",https://covidstats.com.ar/,51775210,29861042,21959363,1239
Argentina,2021-09-26,"CanSino, Moderna, Oxford/AstraZeneca, Pfizer/BioNTech, Sinopharm/Beijing, Sputnik V",https://covidstats.com.ar/,51863136,29874115,22034821,1249
Argentina,2021-09-27,"CanSino, Moderna, Oxford/AstraZeneca, Pfizer/BioNTech, Sinopharm/Beijing, Sputnik V",https://covidstats.com.ar/,52145331,29928518,22268182,1277
Argentina,2021-09-28,"CanSino, Moderna, Oxford/AstraZeneca, Pfizer/BioNTech, Sinopharm/Beijing, Sputnik V",https://covidstats.com.ar/,52445783,29988413,22514028,1290
Argentina,2021-09-29,"CanSino, Moderna, Oxford/AstraZeneca, Pfizer/BioNTech, Sinopharm/Beijing, Sputnik V",https://covidstats.com.ar/,52700768,30038993,22722320,1317
Argentina,2021-09-30,"CanSino, Moderna, Oxford/AstraZeneca, Pfizer/BioNTech, Sinopharm/Beijing, Sputnik V",https://covidstats.com.ar/,53036905,30107571,22993033,1415
Argentina,2021-10-01,"CanSino, Moderna, Oxford/AstraZeneca, Pfizer/BioNTech, Sinopharm/Beijing, Sputnik V",https://covidstats.com.ar/,53340466,30169796,23238097,1456
Argentina,2021-10-02,"CanSino, Moderna, Oxford/AstraZeneca, Pfizer/BioNTech, Sinopharm/Beijing, Sputnik V",https://covidstats.com.ar/,53519234,30197072,23390712,1487
Argentina,2021-10-03,"CanSino, Moderna, Oxford/AstraZeneca, Pfizer/BioNTech, Sinopharm/Beijing, Sputnik V",https://covidstats.com.ar/,53627687,30218694,23477677,1520
Argentina,2021-10-04,"CanSino, Moderna, Oxford/AstraZeneca, Pfizer/BioNTech, Sinopharm/Beijing, Sputnik V",https://covidstats.com.ar/,53857363,30284283,23644479,1558
Argentina,2021-10-05,"CanSino, Moderna, Oxford/AstraZeneca, Pfizer/BioNTech, Sinopharm/Beijing, Sputnik V",https://covidstats.com.ar/,54123627,30393211,23805375,1628
Argentina,2021-10-06,"CanSino, Moderna, Oxford/AstraZeneca, Pfizer/BioNTech, Sinopharm/Beijing, Sputnik V",https://covidstats.com.ar/,54370971,30458235,23991594,1647
Argentina,2021-10-07,"CanSino, Moderna, Oxford/AstraZeneca, Pfizer/BioNTech, Sinopharm/Beijing, Sputnik V",https://covidstats.com.ar/,54635492,30547411,24169596,1683
Argentina,2021-10-08,"CanSino, Moderna, Oxford/AstraZeneca, Pfizer/BioNTech, Sinopharm/Beijing, Sputnik V",https://covidstats.com.ar/,54756686,30576358,24262696,1738
Argentina,2021-10-09,"CanSino, Moderna, Oxford/AstraZeneca, Pfizer/BioNTech, Sinopharm/Beijing, Sputnik V",https://covidstats.com.ar/,54872367,30590345,24365176,1768
Argentina,2021-10-10,"CanSino, Moderna, Oxford/AstraZeneca, Pfizer/BioNTech, Sinopharm/Beijing, Sputnik V",https://covidstats.com.ar/,54950470,30601370,24432440,1816
Argentina,2021-10-11,"CanSino, Moderna, Oxford/AstraZeneca, Pfizer/BioNTech, Sinopharm/Beijing, Sputnik V",https://covidstats.com.ar/,55026546,30619511,24490578,1842
Argentina,2021-10-12,"CanSino, Moderna, Oxford/AstraZeneca, Pfizer/BioNTech, Sinopharm/Beijing, Sputnik V",https://covidstats.com.ar/,55373339,30839191,24619820,1880
Argentina,2021-10-13,"CanSino, Moderna, Oxford/AstraZeneca, Pfizer/BioNTech, Sinopharm/Beijing, Sputnik V",https://covidstats.com.ar/,55752591,31100976,24739349,1927
Argentina,2021-10-14,"CanSino, Moderna, Oxford/AstraZeneca, Pfizer/BioNTech, Sinopharm/Beijing, Sputnik V",https://covidstats.com.ar/,56176474,31372761,24893668,1980
Argentina,2021-10-15,"CanSino, Moderna, Oxford/AstraZeneca, Pfizer/BioNTech, Sinopharm/Beijing, Sputnik V",https://covidstats.com.ar/,56602186,31636436,25058204,2065
Argentina,2021-10-16,"CanSino, Moderna, Oxford/AstraZeneca, Pfizer/BioNTech, Sinopharm/Beijing, Sputnik V",https://covidstats.com.ar/,56855755,31770705,25178218,2108
Argentina,2021-10-17,"CanSino, Moderna, Oxford/AstraZeneca, Pfizer/BioNTech, Sinopharm/Beijing, Sputnik V",https://covidstats.com.ar/,56959324,31822693,25229861,2129
Argentina,2021-10-18,"CanSino, Moderna, Oxford/AstraZeneca, Pfizer/BioNTech, Sinopharm/Beijing, Sputnik V",https://covidstats.com.ar/,57381879,32121818,25355532,2151
Argentina,2021-10-19,"CanSino, Moderna, Oxford/AstraZeneca, Pfizer/BioNTech, Sinopharm/Beijing, Sputnik V",https://covidstats.com.ar/,57805278,32435194,25468307,2181
Argentina,2021-10-20,"CanSino, Moderna, Oxford/AstraZeneca, Pfizer/BioNTech, Sinopharm/Beijing, Sputnik V",https://covidstats.com.ar/,58219035,32753427,25566363,2234
Argentina,2021-10-21,"CanSino, Moderna, Oxford/AstraZeneca, Pfizer/BioNTech, Sinopharm/Beijing, Sputnik V",https://covidstats.com.ar/,58638034,33041382,25700064,2295
Argentina,2021-10-22,"CanSino, Moderna, Oxford/AstraZeneca, Pfizer/BioNTech, Sinopharm/Beijing, Sputnik V",https://covidstats.com.ar/,59100831,33389695,25816557,2358
Argentina,2021-10-23,"CanSino, Moderna, Oxford/AstraZeneca, Pfizer/BioNTech, Sinopharm/Beijing, Sputnik V",https://covidstats.com.ar/,59317141,33547762,25875290,2393
Argentina,2021-10-24,"CanSino, Moderna, Oxford/AstraZeneca, Pfizer/BioNTech, Sinopharm/Beijing, Sputnik V",https://covidstats.com.ar/,59462746,33669893,25898885,2408
Argentina,2021-10-25,"CanSino, Moderna, Oxford/AstraZeneca, Pfizer/BioNTech, Sinopharm/Beijing, Sputnik V",https://covidstats.com.ar/,59826925,33921142,26013386,2463
Argentina,2021-10-26,"CanSino, Moderna, Oxford/AstraZeneca, Pfizer/BioNTech, Sinopharm/Beijing, Sputnik V",https://covidstats.com.ar/,60235110,34186175,26158244,2515
Argentina,2021-10-27,"CanSino, Moderna, Oxford/AstraZeneca, Pfizer/BioNTech, Sinopharm/Beijing, Sputnik V",https://covidstats.com.ar/,60562628,34419585,26253276,3326
Argentina,2021-10-28,"CanSino, Moderna, Oxford/AstraZeneca, Pfizer/BioNTech, Sinopharm/Beijing, Sputnik V",https://covidstats.com.ar/,60914382,34649198,26366397,13810
Argentina,2021-10-29,"CanSino, Moderna, Oxford/AstraZeneca, Pfizer/BioNTech, Sinopharm/Beijing, Sputnik V",https://covidstats.com.ar/,61238441,34852188,26465667,37241
Argentina,2021-10-30,"CanSino, Moderna, Oxford/AstraZeneca, Pfizer/BioNTech, Sinopharm/Beijing, Sputnik V",https://covidstats.com.ar/,61367569,34925531,26504467,54509
Argentina,2021-10-31,"CanSino, Moderna, Oxford/AstraZeneca, Pfizer/BioNTech, Sinopharm/Beijing, Sputnik V",https://covidstats.com.ar/,61517361,35043634,26529618,61181
Argentina,2021-11-01,"CanSino, Moderna, Oxford/AstraZeneca, Pfizer/BioNTech, Sinopharm/Beijing, Sputnik V",https://covidstats.com.ar/,61815432,35224333,26612157,97554
Argentina,2021-11-02,"CanSino, Moderna, Oxford/AstraZeneca, Pfizer/BioNTech, Sinopharm/Beijing, Sputnik V",https://covidstats.com.ar/,62135611,35351420,26757953,146650
Argentina,2021-11-03,"CanSino, Moderna, Oxford/AstraZeneca, Pfizer/BioNTech, Sinopharm/Beijing, Sputnik V",https://covidstats.com.ar/,62484915,35492542,26918825,195856
Argentina,2021-11-04,"CanSino, Moderna, Oxford/AstraZeneca, Pfizer/BioNTech, Sinopharm/Beijing, Sputnik V",https://covidstats.com.ar/,62843578,35664375,27068955,234353
Argentina,2021-11-05,"CanSino, Moderna, Oxford/AstraZeneca, Pfizer/BioNTech, Sinopharm/Beijing, Sputnik V",https://covidstats.com.ar/,63153765,35803802,27186163,289299
Argentina,2021-11-06,"CanSino, Moderna, Oxford/AstraZeneca, Pfizer/BioNTech, Sinopharm/Beijing, Sputnik V",https://covidstats.com.ar/,63320336,35866026,27267571,312804
Argentina,2021-11-07,"CanSino, Moderna, Oxford/AstraZeneca, Pfizer/BioNTech, Sinopharm/Beijing, Sputnik V",https://covidstats.com.ar/,63447887,35925111,27321788,327224
Argentina,2021-11-08,"CanSino, Moderna, Oxford/AstraZeneca, Pfizer/BioNTech, Sinopharm/Beijing, Sputnik V",https://covidstats.com.ar/,63697299,36036432,27414330,373945
Argentina,2021-11-09,"CanSino, Moderna, Oxford/AstraZeneca, Pfizer/BioNTech, Sinopharm/Beijing, Sputnik V",https://covidstats.com.ar/,64048591,36196994,27545044,435226
Argentina,2021-11-10,"CanSino, Moderna, Oxford/AstraZeneca, Pfizer/BioNTech, Sinopharm/Beijing, Sputnik V",https://covidstats.com.ar/,64416882,36287785,27666242,592728
Argentina,2021-11-11,"CanSino, Moderna, Oxford/AstraZeneca, Pfizer/BioNTech, Sinopharm/Beijing, Sputnik V",https://covidstats.com.ar/,64798213,36384440,27782539,762382
Argentina,2021-11-12,"CanSino, Moderna, Oxford/AstraZeneca, Pfizer/BioNTech, Sinopharm/Beijing, Sputnik V",https://covidstats.com.ar/,65193168,36469787,27939937,915623
Argentina,2021-11-13,"CanSino, Moderna, Oxford/AstraZeneca, Pfizer/BioNTech, Sinopharm/Beijing, Sputnik V",https://covidstats.com.ar/,65382440,36506584,27999841,1008410
Argentina,2021-11-14,"CanSino, Moderna, Oxford/AstraZeneca, Pfizer/BioNTech, Sinopharm/Beijing, Sputnik V",https://covidstats.com.ar/,65392026,36508762,28005506,1010158
Argentina,2021-11-15,"CanSino, Moderna, Oxford/AstraZeneca, Pfizer/BioNTech, Sinopharm/Beijing, Sputnik V",https://covidstats.com.ar/,65728393,36562070,28207399,1092177
Argentina,2021-11-16,"CanSino, Moderna, Oxford/AstraZeneca, Pfizer/BioNTech, Sinopharm/Beijing, Sputnik V",https://covidstats.com.ar/,66104916,36622620,28436317,1180189
Argentina,2021-11-17,"CanSino, Moderna, Oxford/AstraZeneca, Pfizer/BioNTech, Sinopharm/Beijing, Sputnik V",https://covidstats.com.ar/,66471079,36682556,28655178,1268551
Argentina,2021-11-18,"CanSino, Moderna, Oxford/AstraZeneca, Pfizer/BioNTech, Sinopharm/Beijing, Sputnik V",https://covidstats.com.ar/,66830934,36747271,28864038,1355906
Argentina,2021-11-19,"CanSino, Moderna, Oxford/AstraZeneca, Pfizer/BioNTech, Sinopharm/Beijing, Sputnik V",https://covidstats.com.ar/,67219524,36804488,29111165,1441167
Argentina,2021-11-20,"CanSino, Moderna, Oxford/AstraZeneca, Pfizer/BioNTech, Sinopharm/Beijing, Sputnik V",https://covidstats.com.ar/,67392581,36840920,29197123,1491995
Argentina,2021-11-21,"CanSino, Moderna, Oxford/AstraZeneca, Pfizer/BioNTech, Sinopharm/Beijing, Sputnik V",https://covidstats.com.ar/,67485655,36859591,29247624,1515969
Argentina,2021-11-22,"CanSino, Moderna, Oxford/AstraZeneca, Pfizer/BioNTech, Sinopharm/Beijing, Sputnik V",https://covidstats.com.ar/,67592452,36885316,29302856,1541908
Argentina,2021-11-23,"CanSino, Moderna, Oxford/AstraZeneca, Pfizer/BioNTech, Sinopharm/Beijing, Sputnik V",https://covidstats.com.ar/,67927779,36958712,29483551,1624046
Argentina,2021-11-24,"CanSino, Moderna, Oxford/AstraZeneca, Pfizer/BioNTech, Sinopharm/Beijing, Sputnik V",https://covidstats.com.ar/,68274222,37029391,29671165,1713107
Argentina,2021-11-25,"CanSino, Moderna, Oxford/AstraZeneca, Pfizer/BioNTech, Sinopharm/Beijing, Sputnik V",https://covidstats.com.ar/,68593392,37086746,29842862,1804135
Argentina,2021-11-26,"CanSino, Moderna, Oxford/AstraZeneca, Pfizer/BioNTech, Sinopharm/Beijing, Sputnik V",https://covidstats.com.ar/,68924492,37149279,30013338,1903385
Argentina,2021-11-27,"CanSino, Moderna, Oxford/AstraZeneca, Pfizer/BioNTech, Sinopharm/Beijing, Sputnik V",https://covidstats.com.ar/,69080910,37185202,30085634,1951844
Argentina,2021-11-28,"CanSino, Moderna, Oxford/AstraZeneca, Pfizer/BioNTech, Sinopharm/Beijing, Sputnik V",https://covidstats.com.ar/,69170038,37200131,30134760,1977044
Argentina,2021-11-29,"CanSino, Moderna, Oxford/AstraZeneca, Pfizer/BioNTech, Sinopharm/Beijing, Sputnik V",https://covidstats.com.ar/,69526325,37265169,30313931,2090350
Argentina,2021-11-30,"CanSino, Moderna, Oxford/AstraZeneca, Pfizer/BioNTech, Sinopharm/Beijing, Sputnik V",https://covidstats.com.ar/,69895440,37337279,30488797,2213689
Argentina,2021-12-01,"CanSino, Moderna, Oxford/AstraZeneca, Pfizer/BioNTech, Sinopharm/Beijing, Sputnik V",https://covidstats.com.ar/,70274291,37419936,30622275,2377700
Argentina,2021-12-02,"CanSino, Moderna, Oxford/AstraZeneca, Pfizer/BioNTech, Sinopharm/Beijing, Sputnik V",https://covidstats.com.ar/,70668307,37499005,30789341,2527085
Argentina,2021-12-03,"CanSino, Moderna, Oxford/AstraZeneca, Pfizer/BioNTech, Sinopharm/Beijing, Sputnik V",https://covidstats.com.ar/,70982311,37568969,30924367,2637227
Argentina,2021-12-04,"CanSino, Moderna, Oxford/AstraZeneca, Pfizer/BioNTech, Sinopharm/Beijing, Sputnik V",https://covidstats.com.ar/,71145427,37600657,30987536,2705963
Argentina,2021-12-05,"CanSino, Moderna, Oxford/AstraZeneca, Pfizer/BioNTech, Sinopharm/Beijing, Sputnik V",https://covidstats.com.ar/,71241598,37619719,31032762,2737981
Argentina,2021-12-06,"CanSino, Moderna, Oxford/AstraZeneca, Pfizer/BioNTech, Sinopharm/Beijing, Sputnik V",https://covidstats.com.ar/,71552519,37686279,31184894,2831442
Argentina,2021-12-07,"CanSino, Moderna, Oxford/AstraZeneca, Pfizer/BioNTech, Sinopharm/Beijing, Sputnik V",https://covidstats.com.ar/,71886295,37752284,31353342,2932125
Argentina,2021-12-08,"CanSino, Moderna, Oxford/AstraZeneca, Pfizer/BioNTech, Sinopharm/Beijing, Sputnik V",https://covidstats.com.ar/,72020679,37778665,31407677,2986052
Argentina,2021-12-09,"CanSino, Moderna, Oxford/AstraZeneca, Pfizer/BioNTech, Sinopharm/Beijing, Sputnik V",https://covidstats.com.ar/,72320210,37834279,31532678,3107000
Argentina,2021-12-10,"CanSino, Moderna, Oxford/AstraZeneca, Pfizer/BioNTech, Sinopharm/Beijing, Sputnik V",https://covidstats.com.ar/,72633058,37888364,31665607,3235403
Argentina,2021-12-11,"CanSino, Moderna, Oxford/AstraZeneca, Pfizer/BioNTech, Sinopharm/Beijing, Sputnik V",https://covidstats.com.ar/,72787671,37917157,31725673,3302924
Argentina,2021-12-12,"CanSino, Moderna, Oxford/AstraZeneca, Pfizer/BioNTech, Sinopharm/Beijing, Sputnik V",https://covidstats.com.ar/,72884611,37930484,31761002,3351290
Argentina,2021-12-13,"CanSino, Moderna, Oxford/AstraZeneca, Pfizer/BioNTech, Sinopharm/Beijing, Sputnik V",https://covidstats.com.ar/,73208671,37984687,31884701,3500058
Argentina,2021-12-14,"CanSino, Moderna, Oxford/AstraZeneca, Pfizer/BioNTech, Sinopharm/Beijing, Sputnik V",https://covidstats.com.ar/,73545347,38045300,32014755,3648472
Argentina,2021-12-15,"CanSino, Moderna, Oxford/AstraZeneca, Pfizer/BioNTech, Sinopharm/Beijing, Sputnik V",https://covidstats.com.ar/,73925790,38100308,32135348,3854629
Argentina,2021-12-16,"CanSino, Moderna, Oxford/AstraZeneca, Pfizer/BioNTech, Sinopharm/Beijing, Sputnik V",https://covidstats.com.ar/,74290232,38156169,32251844,4048185
Argentina,2021-12-17,"CanSino, Moderna, Oxford/AstraZeneca, Pfizer/BioNTech, Sinopharm/Beijing, Sputnik V",https://covidstats.com.ar/,74619284,38206630,32351085,4228975
Argentina,2021-12-18,"CanSino, Moderna, Oxford/AstraZeneca, Pfizer/BioNTech, Sinopharm/Beijing, Sputnik V",https://covidstats.com.ar/,74780803,38230997,32408950,4308512
Argentina,2021-12-19,"CanSino, Moderna, Oxford/AstraZeneca, Pfizer/BioNTech, Sinopharm/Beijing, Sputnik V",https://covidstats.com.ar/,74872879,38243364,32438949,4358325
Argentina,2021-12-20,"CanSino, Moderna, Oxford/AstraZeneca, Pfizer/BioNTech, Sinopharm/Beijing, Sputnik V",https://covidstats.com.ar/,75216588,38293677,32542931,4549217
Argentina,2021-12-21,"CanSino, Moderna, Oxford/AstraZeneca, Pfizer/BioNTech, Sinopharm/Beijing, Sputnik V",https://covidstats.com.ar/,75566914,38352800,32663644,4721264
Argentina,2021-12-22,"CanSino, Moderna, Oxford/AstraZeneca, Pfizer/BioNTech, Sinopharm/Beijing, Sputnik V",https://covidstats.com.ar/,75891955,38411188,32781112,4872047
Argentina,2021-12-23,"CanSino, Moderna, Oxford/AstraZeneca, Pfizer/BioNTech, Sinopharm/Beijing, Sputnik V",https://covidstats.com.ar/,76128536,38451485,32866523,4984282
Argentina,2021-12-24,"CanSino, Moderna, Oxford/AstraZeneca, Pfizer/BioNTech, Sinopharm/Beijing, Sputnik V",https://covidstats.com.ar/,76141310,38453795,32871013,4990443
Argentina,2021-12-25,"CanSino, Moderna, Oxford/AstraZeneca, Pfizer/BioNTech, Sinopharm/Beijing, Sputnik V",https://covidstats.com.ar/,76142022,38453963,32871257,4990747
Argentina,2021-12-26,"CanSino, Moderna, Oxford/AstraZeneca, Pfizer/BioNTech, Sinopharm/Beijing, Sputnik V",https://covidstats.com.ar/,76194982,38465379,32888077,5015793
Argentina,2021-12-27,"CanSino, Moderna, Oxford/AstraZeneca, Pfizer/BioNTech, Sinopharm/Beijing, Sputnik V",https://covidstats.com.ar/,76624737,38539935,33024968,5236975
Argentina,2021-12-28,"CanSino, Moderna, Oxford/AstraZeneca, Pfizer/BioNTech, Sinopharm/Beijing, Sputnik V",https://covidstats.com.ar/,77145625,38615869,33152991,5557173
Argentina,2021-12-29,"CanSino, Moderna, Oxford/AstraZeneca, Pfizer/BioNTech, Sinopharm/Beijing, Sputnik V",https://covidstats.com.ar/,77640772,38691691,33275542,5858065
Argentina,2021-12-30,"CanSino, Moderna, Oxford/AstraZeneca, Pfizer/BioNTech, Sinopharm/Beijing, Sputnik V",https://covidstats.com.ar/,78064396,38754374,33376850,6121189
Argentina,2021-12-31,"CanSino, Moderna, Oxford/AstraZeneca, Pfizer/BioNTech, Sinopharm/Beijing, Sputnik V",https://covidstats.com.ar/,78096187,38758553,33385132,6140646
Argentina,2022-01-01,"CanSino, Moderna, Oxford/AstraZeneca, Pfizer/BioNTech, Sinopharm/Beijing, Sputnik V",https://covidstats.com.ar/,78100627,38759172,33385895,6143737
Argentina,2022-01-02,"CanSino, Moderna, Oxford/AstraZeneca, Pfizer/BioNTech, Sinopharm/Beijing, Sputnik V",https://covidstats.com.ar/,78203701,38773743,33406391,6212769
Argentina,2022-01-03,"CanSino, Moderna, Oxford/AstraZeneca, Pfizer/BioNTech, Sinopharm/Beijing, Sputnik V",https://covidstats.com.ar/,78690793,38847049,33507951,6530657
Argentina,2022-01-04,"CanSino, Moderna, Oxford/AstraZeneca, Pfizer/BioNTech, Sinopharm/Beijing, Sputnik V",https://covidstats.com.ar/,79237910,38931106,33619224,6888514
Argentina,2022-01-05,"CanSino, Moderna, Oxford/AstraZeneca, Pfizer/BioNTech, Sinopharm/Beijing, Sputnik V",https://covidstats.com.ar/,79779098,39019041,33738473,7228787
Argentina,2022-01-06,"CanSino, Moderna, Oxford/AstraZeneca, Pfizer/BioNTech, Sinopharm/Beijing, Sputnik V",https://covidstats.com.ar/,80321411,39111982,33856381,7566427
Argentina,2022-01-07,"CanSino, Moderna, Oxford/AstraZeneca, Pfizer/BioNTech, Sinopharm/Beijing, Sputnik V",https://covidstats.com.ar/,80886357,39203349,33979629,7922573
Argentina,2022-01-08,"CanSino, Moderna, Oxford/AstraZeneca, Pfizer/BioNTech, Sinopharm/Beijing, Sputnik V",https://covidstats.com.ar/,81155371,39242289,34030016,8105112
Argentina,2022-01-09,"CanSino, Moderna, Oxford/AstraZeneca, Pfizer/BioNTech, Sinopharm/Beijing, Sputnik V",https://covidstats.com.ar/,81318438,39263680,34058664,8220054
Argentina,2022-01-10,"CanSino, Moderna, Oxford/AstraZeneca, Pfizer/BioNTech, Sinopharm/Beijing, Sputnik V",https://covidstats.com.ar/,81829636,39343746,34154674,8559374
Argentina,2022-01-11,"CanSino, Moderna, Oxford/AstraZeneca, Pfizer/BioNTech, Sinopharm/Beijing, Sputnik V",https://covidstats.com.ar/,82327044,39415053,34243838,8899477
Argentina,2022-01-12,"CanSino, Moderna, Oxford/AstraZeneca, Pfizer/BioNTech, Sinopharm/Beijing, Sputnik V",https://covidstats.com.ar/,82823936,39483584,34330482,9244249
Argentina,2022-01-13,"CanSino, Moderna, Oxford/AstraZeneca, Pfizer/BioNTech, Sinopharm/Beijing, Sputnik V",https://covidstats.com.ar/,83286589,39544984,34410443,9567595
Argentina,2022-01-14,"CanSino, Moderna, Oxford/AstraZeneca, Pfizer/BioNTech, Sinopharm/Beijing, Sputnik V",https://covidstats.com.ar/,83703711,39597413,34478425,9866479
Argentina,2022-01-15,"CanSino, Moderna, Oxford/AstraZeneca, Pfizer/BioNTech, Sinopharm/Beijing, Sputnik V",https://covidstats.com.ar/,83890062,39616981,34506157,10006287
Argentina,2022-01-16,"CanSino, Moderna, Oxford/AstraZeneca, Pfizer/BioNTech, Sinopharm/Beijing, Sputnik V",https://covidstats.com.ar/,84023415,39629235,34523187,10110582
Argentina,2022-01-17,"CanSino, Moderna, Oxford/AstraZeneca, Pfizer/BioNTech, Sinopharm/Beijing, Sputnik V",https://covidstats.com.ar/,84441987,39682778,34594557,10406526
Argentina,2022-01-18,"CanSino, Moderna, Oxford/AstraZeneca, Pfizer/BioNTech, Sinopharm/Beijing, Sputnik V",https://covidstats.com.ar/,84847337,39730885,34662566,10697673
Argentina,2022-01-19,"CanSino, Moderna, Oxford/AstraZeneca, Pfizer/BioNTech, Sinopharm/Beijing, Sputnik V",https://covidstats.com.ar/,85232201,39776807,34728948,10972115
Argentina,2022-01-20,"CanSino, Moderna, Oxford/AstraZeneca, Pfizer/BioNTech, Sinopharm/Beijing, Sputnik V",https://covidstats.com.ar/,85613851,39822439,34794750,11244384
Argentina,2022-01-21,"CanSino, Moderna, Oxford/AstraZeneca, Pfizer/BioNTech, Sinopharm/Beijing, Sputnik V",https://covidstats.com.ar/,85983715,39864900,34857157,11511564
Argentina,2022-01-22,"CanSino, Moderna, Oxford/AstraZeneca, Pfizer/BioNTech, Sinopharm/Beijing, Sputnik V",https://covidstats.com.ar/,86156600,39882597,34883090,11641479
Argentina,2022-01-23,"CanSino, Moderna, Oxford/AstraZeneca, Pfizer/BioNTech, Sinopharm/Beijing, Sputnik V",https://covidstats.com.ar/,86274996,39892681,34898801,11734365
Argentina,2022-01-24,"CanSino, Moderna, Oxford/AstraZeneca, Pfizer/BioNTech, Sinopharm/Beijing, Sputnik V",https://covidstats.com.ar/,86640804,39937039,34965780,11991262
Argentina,2022-01-25,"CanSino, Moderna, Oxford/AstraZeneca, Pfizer/BioNTech, Sinopharm/Beijing, Sputnik V",https://covidstats.com.ar/,86985836,39978393,35029858,12232935
Argentina,2022-01-26,"CanSino, Moderna, Oxford/AstraZeneca, Pfizer/BioNTech, Sinopharm/Beijing, Sputnik V",https://covidstats.com.ar/,87327370,40018094,35094472,12472416
Argentina,2022-01-27,"CanSino, Moderna, Oxford/AstraZeneca, Pfizer/BioNTech, Sinopharm/Beijing, Sputnik V",https://covidstats.com.ar/,87676600,40061187,35164553,12710684
Argentina,2022-01-28,"CanSino, Moderna, Oxford/AstraZeneca, Pfizer/BioNTech, Sinopharm/Beijing, Sputnik V",https://covidstats.com.ar/,88021477,40100571,35232333,12950619
Argentina,2022-01-29,"CanSino, Moderna, Oxford/AstraZeneca, Pfizer/BioNTech, Sinopharm/Beijing, Sputnik V",https://covidstats.com.ar/,88177935,40116667,35260113,13063789
Argentina,2022-01-30,"CanSino, Moderna, Oxford/AstraZeneca, Pfizer/BioNTech, Sinopharm/Beijing, Sputnik V",https://covidstats.com.ar/,88274066,40125112,35275068,13136789
Argentina,2022-01-31,"CanSino, Moderna, Oxford/AstraZeneca, Pfizer/BioNTech, Sinopharm/Beijing, Sputnik V",https://covidstats.com.ar/,88629500,40163764,35341252,13389519
Argentina,2022-02-01,"CanSino, Moderna, Oxford/AstraZeneca, Pfizer/BioNTech, Sinopharm/Beijing, Sputnik V",https://covidstats.com.ar/,88967806,40201821,35404216,13628605
Argentina,2022-02-02,"CanSino, Moderna, Oxford/AstraZeneca, Pfizer/BioNTech, Sinopharm/Beijing, Sputnik V",https://covidstats.com.ar/,89281087,40235171,35462277,13852264
Argentina,2022-02-03,"CanSino, Moderna, Oxford/AstraZeneca, Pfizer/BioNTech, Sinopharm/Beijing, Sputnik V",https://covidstats.com.ar/,89558787,40265216,35518704,14045114
Argentina,2022-02-04,"CanSino, Moderna, Oxford/AstraZeneca, Pfizer/BioNTech, Sinopharm/Beijing, Sputnik V",https://covidstats.com.ar/,89878752,40298851,35579621,14272146
Argentina,2022-02-05,"CanSino, Moderna, Oxford/AstraZeneca, Pfizer/BioNTech, Sinopharm/Beijing, Sputnik V",https://covidstats.com.ar/,90013217,40310109,35601316,14373973
Argentina,2022-02-06,"CanSino, Moderna, Oxford/AstraZeneca, Pfizer/BioNTech, Sinopharm/Beijing, Sputnik V",https://covidstats.com.ar/,90104338,40317357,35615760,14443533
Argentina,2022-02-07,"CanSino, Moderna, Oxford/AstraZeneca, Pfizer/BioNTech, Sinopharm/Beijing, Sputnik V",https://covidstats.com.ar/,90389118,40350023,35677444,14635701
Argentina,2022-02-08,"CanSino, Moderna, Oxford/AstraZeneca, Pfizer/BioNTech, Sinopharm/Beijing, Sputnik V",https://covidstats.com.ar/,90659040,40382445,35739623,14812650
Argentina,2022-02-09,"CanSino, Moderna, Oxford/AstraZeneca, Pfizer/BioNTech, Sinopharm/Beijing, Sputnik V",https://covidstats.com.ar/,90957495,40414590,35797793,15022359
Argentina,2022-02-10,"CanSino, Moderna, Oxford/AstraZeneca, Pfizer/BioNTech, Sinopharm/Beijing, Sputnik V",https://covidstats.com.ar/,91223380,40443740,35854999,15203260
Argentina,2022-02-11,"CanSino, Moderna, Oxford/AstraZeneca, Pfizer/BioNTech, Sinopharm/Beijing, Sputnik V",https://covidstats.com.ar/,91462516,40468057,35905584,15368713
Argentina,2022-02-12,"CanSino, Moderna, Oxford/AstraZeneca, Pfizer/BioNTech, Sinopharm/Beijing, Sputnik V",https://covidstats.com.ar/,91585254,40478351,35928189,15458921
Argentina,2022-02-13,"CanSino, Moderna, Oxford/AstraZeneca, Pfizer/BioNTech, Sinopharm/Beijing, Sputnik V",https://covidstats.com.ar/,91662323,40484057,35941107,15517494
Argentina,2022-02-14,"CanSino, Moderna, Oxford/AstraZeneca, Pfizer/BioNTech, Sinopharm/Beijing, Sputnik V",https://covidstats.com.ar/,91890931,40509576,35993609,15669434
Argentina,2022-02-15,"CanSino, Moderna, Oxford/AstraZeneca, Pfizer/BioNTech, Sinopharm/Beijing, Sputnik V",https://covidstats.com.ar/,92106446,40535247,36044097,15810335
Argentina,2022-02-16,"CanSino, Moderna, Oxford/AstraZeneca, Pfizer/BioNTech, Sinopharm/Beijing, Sputnik V",https://covidstats.com.ar/,92320787,40560492,36093734,15951413
Argentina,2022-02-17,"CanSino, Moderna, Oxford/AstraZeneca, Pfizer/BioNTech, Sinopharm/Beijing, Sputnik V",https://covidstats.com.ar/,92531098,40586050,36145439,16085854
Argentina,2022-02-18,"CanSino, Moderna, Oxford/AstraZeneca, Pfizer/BioNTech, Sinopharm/Beijing, Sputnik V",https://covidstats.com.ar/,92744853,40610237,36195496,16226651
Argentina,2022-02-19,"CanSino, Moderna, Oxford/AstraZeneca, Pfizer/BioNTech, Sinopharm/Beijing, Sputnik V",https://covidstats.com.ar/,92832009,40617609,36212700,16289503
Argentina,2022-02-20,"CanSino, Moderna, Oxford/AstraZeneca, Pfizer/BioNTech, Sinopharm/Beijing, Sputnik V",https://covidstats.com.ar/,92885719,40620813,36221370,16331430
Argentina,2022-02-21,"CanSino, Moderna, Oxford/AstraZeneca, Pfizer/BioNTech, Sinopharm/Beijing, Sputnik V",https://covidstats.com.ar/,93087439,40644302,36270798,16461571
Argentina,2022-02-22,"CanSino, Moderna, Oxford/AstraZeneca, Pfizer/BioNTech, Sinopharm/Beijing, Sputnik V",https://covidstats.com.ar/,93289741,40668917,36322629,16588841
Argentina,2022-02-23,"CanSino, Moderna, Oxford/AstraZeneca, Pfizer/BioNTech, Sinopharm/Beijing, Sputnik V",https://covidstats.com.ar/,93493269,40692532,36373041,16719683
Argentina,2022-02-24,"CanSino, Moderna, Oxford/AstraZeneca, Pfizer/BioNTech, Sinopharm/Beijing, Sputnik V",https://covidstats.com.ar/,93663072,40711318,36414775,16830143
Argentina,2022-02-25,"CanSino, Moderna, Oxford/AstraZeneca, Pfizer/BioNTech, Sinopharm/Beijing, Sputnik V",https://covidstats.com.ar/,93867013,40733008,36464425,16963758
Argentina,2022-02-26,"CanSino, Moderna, Oxford/AstraZeneca, Pfizer/BioNTech, Sinopharm/Beijing, Sputnik V",https://covidstats.com.ar/,93939401,40738995,36481041,17013761
Argentina,2022-02-27,"CanSino, Moderna, Oxford/AstraZeneca, Pfizer/BioNTech, Sinopharm/Beijing, Sputnik V",https://covidstats.com.ar/,93974450,40741484,36488537,17038918
Argentina,2022-02-28,"CanSino, Moderna, Oxford/AstraZeneca, Pfizer/BioNTech, Sinopharm/Beijing, Sputnik V",https://covidstats.com.ar/,94019004,40745345,36498870,17069398
Argentina,2022-03-01,"CanSino, Moderna, Oxford/AstraZeneca, Pfizer/BioNTech, Sinopharm/Beijing, Sputnik V",https://covidstats.com.ar/,94062528,40749204,36508646,17099408
Argentina,2022-03-02,"CanSino, Moderna, Oxford/AstraZeneca, Pfizer/BioNTech, Sinopharm/Beijing, Sputnik V",https://covidstats.com.ar/,94195516,40762199,36538389,17190596
Argentina,2022-03-03,"CanSino, Moderna, Oxford/AstraZeneca, Pfizer/BioNTech, Sinopharm/Beijing, Sputnik V",https://covidstats.com.ar/,94321376,40773861,36566536,17277428
Argentina,2022-03-04,"CanSino, Moderna, Oxford/AstraZeneca, Pfizer/BioNTech, Sinopharm/Beijing, Sputnik V",https://covidstats.com.ar/,94445347,40785730,36594960,17361835
Argentina,2022-03-05,"CanSino, Moderna, Oxford/AstraZeneca, Pfizer/BioNTech, Sinopharm/Beijing, Sputnik V",https://covidstats.com.ar/,94503528,40789629,36606042,17405190
Argentina,2022-03-06,"CanSino, Moderna, Oxford/AstraZeneca, Pfizer/BioNTech, Sinopharm/Beijing, Sputnik V",https://covidstats.com.ar/,94558315,40791467,36612231,17452003
Argentina,2022-03-07,"CanSino, Moderna, Oxford/AstraZeneca, Pfizer/BioNTech, Sinopharm/Beijing, Sputnik V",https://covidstats.com.ar/,94709453,40801261,36637422,17568824
Argentina,2022-03-08,"CanSino, Moderna, Oxford/AstraZeneca, Pfizer/BioNTech, Sinopharm/Beijing, Sputnik V",https://covidstats.com.ar/,94812235,40808022,36655494,17647171
Argentina,2022-03-09,"CanSino, Moderna, Oxford/AstraZeneca, Pfizer/BioNTech, Sinopharm/Beijing, Sputnik V",https://covidstats.com.ar/,94930041,40815293,36674608,17739099
Argentina,2022-03-10,"CanSino, Moderna, Oxford/AstraZeneca, Pfizer/BioNTech, Sinopharm/Beijing, Sputnik V",https://covidstats.com.ar/,95044992,40825964,36695245,17823223
Argentina,2022-03-11,"CanSino, Moderna, Oxford/AstraZeneca, Pfizer/BioNTech, Sinopharm/Beijing, Sputnik V",https://covidstats.com.ar/,95171042,40835074,36718281,17917641
Argentina,2022-03-12,"CanSino, Moderna, Oxford/AstraZeneca, Pfizer/BioNTech, Sinopharm/Beijing, Sputnik V",https://covidstats.com.ar/,95227382,40838249,36727673,17961511
Argentina,2022-03-13,"CanSino, Moderna, Oxford/AstraZeneca, Pfizer/BioNTech, Sinopharm/Beijing, Sputnik V",https://covidstats.com.ar/,95255507,40839529,36731853,17984209
Argentina,2022-03-14,"CanSino, Moderna, Oxford/AstraZeneca, Pfizer/BioNTech, Sinopharm/Beijing, Sputnik V",https://covidstats.com.ar/,95359484,40847827,36752732,18059597
Argentina,2022-03-15,"CanSino, Moderna, Oxford/AstraZeneca, Pfizer/BioNTech, Sinopharm/Beijing, Sputnik V",https://covidstats.com.ar/,95482990,40855769,36773896,18154610
Argentina,2022-03-16,"CanSino, Moderna, Oxford/AstraZeneca, Pfizer/BioNTech, Sinopharm/Beijing, Sputnik V",https://covidstats.com.ar/,95598674,40863493,36793667,18243364
Argentina,2022-03-17,"CanSino, Moderna, Oxford/AstraZeneca, Pfizer/BioNTech, Sinopharm/Beijing, Sputnik V",https://covidstats.com.ar/,95710299,40870863,36813345,18328426
Argentina,2022-03-18,"CanSino, Moderna, Oxford/AstraZeneca, Pfizer/BioNTech, Sinopharm/Beijing, Sputnik V",https://covidstats.com.ar/,95829344,40877470,36831950,18422671
Argentina,2022-03-19,"CanSino, Moderna, Oxford/AstraZeneca, Pfizer/BioNTech, Sinopharm/Beijing, Sputnik V",https://covidstats.com.ar/,95895529,40880165,36840650,18477548
Argentina,2022-03-20,"CanSino, Moderna, Oxford/AstraZeneca, Pfizer/BioNTech, Sinopharm/Beijing, Sputnik V",https://covidstats.com.ar/,95926547,40881073,36844240,18504084
Argentina,2022-03-21,"CanSino, Moderna, Oxford/AstraZeneca, Pfizer/BioNTech, Sinopharm/Beijing, Sputnik V",https://covidstats.com.ar/,96040691,40886875,36861101,18595949
Argentina,2022-03-22,"CanSino, Moderna, Oxford/AstraZeneca, Pfizer/BioNTech, Sinopharm/Beijing, Sputnik V",https://covidstats.com.ar/,96144676,40892659,36877070,18678538
Argentina,2022-03-23,"CanSino, Moderna, Oxford/AstraZeneca, Pfizer/BioNTech, Sinopharm/Beijing, Sputnik V",https://covidstats.com.ar/,96256073,40898657,36893409,18767949
Argentina,2022-03-24,"CanSino, Moderna, Oxford/AstraZeneca, Pfizer/BioNTech, Sinopharm/Beijing, Sputnik V",https://covidstats.com.ar/,96279931,40899631,36896724,18787551
Argentina,2022-03-25,"CanSino, Moderna, Oxford/AstraZeneca, Pfizer/BioNTech, Sinopharm/Beijing, Sputnik V",https://covidstats.com.ar/,96385438,40904658,36911419,18873636
Argentina,2022-03-26,"CanSino, Moderna, Oxford/AstraZeneca, Pfizer/BioNTech, Sinopharm/Beijing, Sputnik V",https://covidstats.com.ar/,96433798,40906651,36917793,18913712
Argentina,2022-03-27,"CanSino, Moderna, Oxford/AstraZeneca, Pfizer/BioNTech, Sinopharm/Beijing, Sputnik V",https://covidstats.com.ar/,96454736,40907389,36920473,18931258
Argentina,2022-03-28,"CanSino, Moderna, Oxford/AstraZeneca, Pfizer/BioNTech, Sinopharm/Beijing, Sputnik V",https://covidstats.com.ar/,96554400,40912545,36935049,19011527
Argentina,2022-03-29,"CanSino, Moderna, Oxford/AstraZeneca, Pfizer/BioNTech, Sinopharm/Beijing, Sputnik V",https://covidstats.com.ar/,96640752,40917105,36948288,19080352
Argentina,2022-03-30,"CanSino, Moderna, Oxford/AstraZeneca, Pfizer/BioNTech, Sinopharm/Beijing, Sputnik V",https://covidstats.com.ar/,96708705,40920562,36958386,19134956
Argentina,2022-03-31,"CanSino, Moderna, Oxford/AstraZeneca, Pfizer/BioNTech, Sinopharm/Beijing, Sputnik V",https://covidstats.com.ar/,96708706,40920562,36958386,19134957
