location,date,vaccine,source_url,total_vaccinations,people_vaccinated,people_fully_vaccinated,total_boosters
Austria,2021-01-08,Pfizer/BioNTech,https://www.ecdc.europa.eu/en/publications-data/data-covid-19-vaccination-eu-eea,31662,31662,1,0
Austria,2021-01-15,"Moderna, Pfizer/BioNTech",https://www.ecdc.europa.eu/en/publications-data/data-covid-19-vaccination-eu-eea,117303,116898,405,1
Austria,2021-01-22,"Moderna, Pfizer/BioNTech",https://www.ecdc.europa.eu/en/publications-data/data-covid-19-vaccination-eu-eea,215496,210460,5033,4
Austria,2021-01-29,"Moderna, Pfizer/BioNTech",https://www.ecdc.europa.eu/en/publications-data/data-covid-19-vaccination-eu-eea,264826,242181,22638,8
Austria,2021-02-05,"Moderna, Pfizer/BioNTech",https://www.ecdc.europa.eu/en/publications-data/data-covid-19-vaccination-eu-eea,363175,260832,102320,24
Austria,2021-02-12,"Moderna, Oxford/AstraZeneca, Pfizer/BioNTech",https://www.ecdc.europa.eu/en/publications-data/data-covid-19-vaccination-eu-eea,480679,289709,190939,32
Austria,2021-02-19,"Moderna, Oxford/AstraZeneca, Pfizer/BioNTech",https://www.ecdc.europa.eu/en/publications-data/data-covid-19-vaccination-eu-eea,584245,353427,230774,45
Austria,2021-02-26,"Moderna, Oxford/AstraZeneca, Pfizer/BioNTech",https://www.ecdc.europa.eu/en/publications-data/data-covid-19-vaccination-eu-eea,712617,460360,252211,48
Austria,2021-03-05,"Johnson&Johnson, Moderna, Oxford/AstraZeneca, Pfizer/BioNTech",https://www.ecdc.europa.eu/en/publications-data/data-covid-19-vaccination-eu-eea,882625,615122,267455,53
Austria,2021-03-12,"Johnson&Johnson, Moderna, Oxford/AstraZeneca, Pfizer/BioNTech",https://www.ecdc.europa.eu/en/publications-data/data-covid-19-vaccination-eu-eea,1142155,843660,298445,58
Austria,2021-03-19,"Johnson&Johnson, Moderna, Oxford/AstraZeneca, Pfizer/BioNTech",https://www.ecdc.europa.eu/en/publications-data/data-covid-19-vaccination-eu-eea,1381555,1035048,346470,72
Austria,2021-03-26,"Johnson&Johnson, Moderna, Oxford/AstraZeneca, Pfizer/BioNTech",https://www.ecdc.europa.eu/en/publications-data/data-covid-19-vaccination-eu-eea,1631287,1191186,440077,86
Austria,2021-04-02,"Johnson&Johnson, Moderna, Oxford/AstraZeneca, Pfizer/BioNTech",https://www.ecdc.europa.eu/en/publications-data/data-covid-19-vaccination-eu-eea,1856755,1335192,521574,102
Austria,2021-04-09,"Johnson&Johnson, Moderna, Oxford/AstraZeneca, Pfizer/BioNTech",https://www.ecdc.europa.eu/en/publications-data/data-covid-19-vaccination-eu-eea,2212244,1552058,660262,130
Austria,2021-04-16,"Johnson&Johnson, Moderna, Oxford/AstraZeneca, Pfizer/BioNTech",https://www.ecdc.europa.eu/en/publications-data/data-covid-19-vaccination-eu-eea,2588794,1830215,758660,147
Austria,2021-04-23,"Johnson&Johnson, Moderna, Oxford/AstraZeneca, Pfizer/BioNTech",https://www.ecdc.europa.eu/en/publications-data/data-covid-19-vaccination-eu-eea,2943040,2124064,819062,152
Austria,2021-04-30,"Johnson&Johnson, Moderna, Oxford/AstraZeneca, Pfizer/BioNTech",https://www.ecdc.europa.eu/en/publications-data/data-covid-19-vaccination-eu-eea,3303035,2414676,888747,163
Austria,2021-05-07,"Johnson&Johnson, Moderna, Oxford/AstraZeneca, Pfizer/BioNTech",https://www.ecdc.europa.eu/en/publications-data/data-covid-19-vaccination-eu-eea,3758109,2751180,1013541,182
Austria,2021-05-14,"Johnson&Johnson, Moderna, Oxford/AstraZeneca, Pfizer/BioNTech",https://www.ecdc.europa.eu/en/publications-data/data-covid-19-vaccination-eu-eea,4186023,3073164,1126695,191
Austria,2021-05-21,"Johnson&Johnson, Moderna, Oxford/AstraZeneca, Pfizer/BioNTech",https://www.ecdc.europa.eu/en/publications-data/data-covid-19-vaccination-eu-eea,4731306,3437283,1320365,208
Austria,2021-05-28,"Johnson&Johnson, Moderna, Oxford/AstraZeneca, Pfizer/BioNTech",https://www.ecdc.europa.eu/en/publications-data/data-covid-19-vaccination-eu-eea,5224211,3694533,1568546,219
Austria,2021-06-04,"Johnson&Johnson, Moderna, Oxford/AstraZeneca, Pfizer/BioNTech",https://www.ecdc.europa.eu/en/publications-data/data-covid-19-vaccination-eu-eea,5807792,4006263,1861535,238
Austria,2021-06-11,"Johnson&Johnson, Moderna, Oxford/AstraZeneca, Pfizer/BioNTech",https://www.ecdc.europa.eu/en/publications-data/data-covid-19-vaccination-eu-eea,6444531,4303179,2223814,260
Austria,2021-06-18,"Johnson&Johnson, Moderna, Oxford/AstraZeneca, Pfizer/BioNTech",https://www.ecdc.europa.eu/en/publications-data/data-covid-19-vaccination-eu-eea,7042074,4558275,2581686,283
Austria,2021-06-25,"Johnson&Johnson, Moderna, Oxford/AstraZeneca, Pfizer/BioNTech",https://www.ecdc.europa.eu/en/publications-data/data-covid-19-vaccination-eu-eea,7658808,4770438,2995146,310
Austria,2021-07-02,"Johnson&Johnson, Moderna, Oxford/AstraZeneca, Pfizer/BioNTech",https://www.ecdc.europa.eu/en/publications-data/data-covid-19-vaccination-eu-eea,8282977,4970871,3444698,366
Austria,2021-07-09,"Johnson&Johnson, Moderna, Oxford/AstraZeneca, Pfizer/BioNTech",https://www.ecdc.europa.eu/en/publications-data/data-covid-19-vaccination-eu-eea,8783039,5122296,3817758,441
Austria,2021-07-16,"Johnson&Johnson, Moderna, Oxford/AstraZeneca, Pfizer/BioNTech",https://www.ecdc.europa.eu/en/publications-data/data-covid-19-vaccination-eu-eea,9207469,5232802,4151210,568
Austria,2021-07-23,"Johnson&Johnson, Moderna, Oxford/AstraZeneca, Pfizer/BioNTech",https://www.ecdc.europa.eu/en/publications-data/data-covid-19-vaccination-eu-eea,9579965,5324173,4449183,668
Austria,2021-07-30,"Johnson&Johnson, Moderna, Oxford/AstraZeneca, Pfizer/BioNTech",https://www.ecdc.europa.eu/en/publications-data/data-covid-19-vaccination-eu-eea,9889431,5380822,4714307,830
Austria,2021-08-06,"Johnson&Johnson, Moderna, Oxford/AstraZeneca, Pfizer/BioNTech",https://www.ecdc.europa.eu/en/publications-data/data-covid-19-vaccination-eu-eea,10155943,5436942,4940074,1062
Austria,2021-08-13,"Johnson&Johnson, Moderna, Oxford/AstraZeneca, Pfizer/BioNTech",https://www.ecdc.europa.eu/en/publications-data/data-covid-19-vaccination-eu-eea,10338283,5475229,5094440,1417
Austria,2021-08-20,"Johnson&Johnson, Moderna, Oxford/AstraZeneca, Pfizer/BioNTech",https://www.ecdc.europa.eu/en/publications-data/data-covid-19-vaccination-eu-eea,10489966,5520633,5213976,1864
Austria,2021-08-27,"Johnson&Johnson, Moderna, Oxford/AstraZeneca, Pfizer/BioNTech",https://www.ecdc.europa.eu/en/publications-data/data-covid-19-vaccination-eu-eea,10588262,5568190,5277963,2716
Austria,2021-09-03,"Johnson&Johnson, Moderna, Oxford/AstraZeneca, Pfizer/BioNTech",https://www.ecdc.europa.eu/en/publications-data/data-covid-19-vaccination-eu-eea,10678743,5616928,5330340,5393
Austria,2021-09-10,"Johnson&Johnson, Moderna, Oxford/AstraZeneca, Pfizer/BioNTech",https://www.ecdc.europa.eu/en/publications-data/data-covid-19-vaccination-eu-eea,10770215,5670525,5377033,10850
Austria,2021-09-17,"Johnson&Johnson, Moderna, Oxford/AstraZeneca, Pfizer/BioNTech",https://www.ecdc.europa.eu/en/publications-data/data-covid-19-vaccination-eu-eea,10877380,5728836,5425045,23342
Austria,2021-09-24,"Johnson&Johnson, Moderna, Oxford/AstraZeneca, Pfizer/BioNTech",https://www.ecdc.europa.eu/en/publications-data/data-covid-19-vaccination-eu-eea,10988656,5784360,5472679,45508
Austria,2021-10-01,"Johnson&Johnson, Moderna, Oxford/AstraZeneca, Pfizer/BioNTech",https://www.ecdc.europa.eu/en/publications-data/data-covid-19-vaccination-eu-eea,11101046,5828021,5515400,79164
Austria,2021-10-08,"Johnson&Johnson, Moderna, Oxford/AstraZeneca, Pfizer/BioNTech",https://www.ecdc.europa.eu/en/publications-data/data-covid-19-vaccination-eu-eea,11239915,5863126,5559504,143031
Austria,2021-10-15,"Johnson&Johnson, Moderna, Oxford/AstraZeneca, Pfizer/BioNTech",https://www.ecdc.europa.eu/en/publications-data/data-covid-19-vaccination-eu-eea,11373026,5892443,5600419,208713
Austria,2021-10-22,"Johnson&Johnson, Moderna, Oxford/AstraZeneca, Pfizer/BioNTech",https://www.ecdc.europa.eu/en/publications-data/data-covid-19-vaccination-eu-eea,11528719,5928877,5640404,291294
Austria,2021-10-29,"Johnson&Johnson, Moderna, Oxford/AstraZeneca, Pfizer/BioNTech",https://www.ecdc.europa.eu/en/publications-data/data-covid-19-vaccination-eu-eea,11673547,5981879,5673937,354992
Austria,2021-11-05,"Johnson&Johnson, Moderna, Oxford/AstraZeneca, Pfizer/BioNTech",https://www.ecdc.europa.eu/en/publications-data/data-covid-19-vaccination-eu-eea,11935127,6061185,5711178,504772
Austria,2021-11-12,"Johnson&Johnson, Moderna, Oxford/AstraZeneca, Pfizer/BioNTech",https://www.ecdc.europa.eu/en/publications-data/data-covid-19-vaccination-eu-eea,12431270,6198184,5757337,821478
Austria,2021-11-19,"Johnson&Johnson, Moderna, Oxford/AstraZeneca, Pfizer/BioNTech",https://www.ecdc.europa.eu/en/publications-data/data-covid-19-vaccination-eu-eea,13119749,6311743,5812156,1343414
Austria,2021-11-26,"Johnson&Johnson, Moderna, Oxford/AstraZeneca, Pfizer/BioNTech",https://www.ecdc.europa.eu/en/publications-data/data-covid-19-vaccination-eu-eea,13907869,6399681,5875906,1980630
Austria,2021-12-03,"Johnson&Johnson, Moderna, Oxford/AstraZeneca, Pfizer/BioNTech",https://www.ecdc.europa.eu/en/publications-data/data-covid-19-vaccination-eu-eea,14668848,6476042,5966971,2574578
Austria,2021-12-10,"Johnson&Johnson, Moderna, Oxford/AstraZeneca, Pfizer/BioNTech",https://www.ecdc.europa.eu/en/publications-data/data-covid-19-vaccination-eu-eea,15339267,6540134,6066456,3081790
Austria,2021-12-17,"Johnson&Johnson, Moderna, Oxford/AstraZeneca, Pfizer/BioNTech",https://www.ecdc.europa.eu/en/publications-data/data-covid-19-vaccination-eu-eea,16016147,6608792,6171441,3585512
Austria,2021-12-24,"Johnson&Johnson, Moderna, Oxford/AstraZeneca, Pfizer/BioNTech",https://www.ecdc.europa.eu/en/publications-data/data-covid-19-vaccination-eu-eea,16336486,6641546,6232332,3812388
Austria,2021-12-31,"Johnson&Johnson, Moderna, Oxford/AstraZeneca, Pfizer/BioNTech",https://www.ecdc.europa.eu/en/publications-data/data-covid-19-vaccination-eu-eea,16567657,6664660,6284051,3968846
Austria,2022-01-07,"Johnson&Johnson, Moderna, Oxford/AstraZeneca, Pfizer/BioNTech",https://www.ecdc.europa.eu/en/publications-data/data-covid-19-vaccination-eu-eea,16863013,6694476,6350587,4167978
Austria,2022-01-14,"Johnson&Johnson, Moderna, Oxford/AstraZeneca, Pfizer/BioNTech",https://www.ecdc.europa.eu/en/publications-data/data-covid-19-vaccination-eu-eea,17195548,6728148,6414050,4403505
Austria,2022-01-21,"Johnson&Johnson, Moderna, Oxford/AstraZeneca, Pfizer/BioNTech",https://www.ecdc.europa.eu/en/publications-data/data-covid-19-vaccination-eu-eea,17437344,6755954,6452037,4579618
Austria,2022-01-28,"Johnson&Johnson, Moderna, Oxford/AstraZeneca, Pfizer/BioNTech",https://www.ecdc.europa.eu/en/publications-data/data-covid-19-vaccination-eu-eea,17634539,6775099,6484080,4725714
Austria,2022-02-04,"Johnson&Johnson, Moderna, Oxford/AstraZeneca, Pfizer/BioNTech",https://www.ecdc.europa.eu/en/publications-data/data-covid-19-vaccination-eu-eea,17833516,6786964,6515891,4881067
Austria,2022-02-11,"Johnson&Johnson, Moderna, Oxford/AstraZeneca, Pfizer/BioNTech",https://www.ecdc.europa.eu/en/publications-data/data-covid-19-vaccination-eu-eea,17937499,6795413,6540164,4952359
Austria,2022-02-18,"Johnson&Johnson, Moderna, Oxford/AstraZeneca, Pfizer/BioNTech",https://www.ecdc.europa.eu/en/publications-data/data-covid-19-vaccination-eu-eea,17996541,6800682,6556902,4989408
Austria,2022-02-25,"Johnson&Johnson, Moderna, Novavax, Oxford/AstraZeneca, Pfizer/BioNTech",https://www.ecdc.europa.eu/en/publications-data/data-covid-19-vaccination-eu-eea,18037908,6804321,6568551,5015502
Austria,2022-03-04,"Johnson&Johnson, Moderna, Novavax, Oxford/AstraZeneca, Pfizer/BioNTech",https://www.ecdc.europa.eu/en/publications-data/data-covid-19-vaccination-eu-eea,18073016,6808482,6577119,5037890
Austria,2022-03-11,"Johnson&Johnson, Moderna, Novavax, Oxford/AstraZeneca, Pfizer/BioNTech",https://www.ecdc.europa.eu/en/publications-data/data-covid-19-vaccination-eu-eea,18100383,6810982,6583452,5056435
Austria,2022-03-18,"Johnson&Johnson, Moderna, Novavax, Oxford/AstraZeneca, Pfizer/BioNTech",https://www.ecdc.europa.eu/en/publications-data/data-covid-19-vaccination-eu-eea,18123203,6812715,6587794,5073184
Austria,2022-03-25,"Johnson&Johnson, Moderna, Novavax, Oxford/AstraZeneca, Pfizer/BioNTech",https://www.ecdc.europa.eu/en/publications-data/data-covid-19-vaccination-eu-eea,18146752,6814307,6592208,5090729
Austria,2022-03-29,"Johnson&Johnson, Moderna, Novavax, Oxford/AstraZeneca, Pfizer/BioNTech",https://www.ecdc.europa.eu/en/publications-data/data-covid-19-vaccination-eu-eea,18156352,6814842,6593768,5098235
