location,date,vaccine,source_url,total_vaccinations,people_vaccinated,people_fully_vaccinated,total_boosters
Barbados,2021-02-15,Oxford/AstraZeneca,https://www.facebook.com/moh.barbados/photos/a.768944336470972/3945804398784934,4490,4490,,
Barbados,2021-02-16,Oxford/AstraZeneca,https://www.facebook.com/moh.barbados/photos/a.768944336470972/3948250111873696,6683,6683,,
Barbados,2021-02-17,Oxford/AstraZeneca,https://www.facebook.com/moh.barbados/posts/3949658301732877,9115,9115,,
Barbados,2021-02-18,Oxford/AstraZeneca,https://www.facebook.com/moh.barbados/photos/a.768944336470972/3952152571483450/,11494,11494,,
Barbados,2021-02-19,Oxford/AstraZeneca,https://www.facebook.com/moh.barbados/photos/a.768944336470972/3954626434569397/,14411,14411,,
Barbados,2021-02-20,Oxford/AstraZeneca,https://www.facebook.com/moh.barbados/photos/a.768944336470972/3957184684313572/,15837,15837,,
Barbados,2021-02-21,Oxford/AstraZeneca,https://www.facebook.com/moh.barbados/photos/a.768944336470972/3959608410737866/,16544,16544,,
Barbados,2021-02-22,Oxford/AstraZeneca,https://www.facebook.com/moh.barbados/photos/a.768944336470972/3962351143796926/,19089,19089,,
Barbados,2021-02-23,Oxford/AstraZeneca,https://www.facebook.com/moh.barbados/photos/a.768944336470972/3966616180037089/,22037,22037,,
Barbados,2021-02-24,Oxford/AstraZeneca,https://www.facebook.com/moh.barbados/photos/a.768944336470972/3972239049474802/,25578,25578,,
Barbados,2021-02-25,Oxford/AstraZeneca,https://www.facebook.com/moh.barbados/photos/a.768944336470972/3977307822301258/,29283,29283,,
Barbados,2021-02-26,Oxford/AstraZeneca,https://www.facebook.com/moh.barbados/photos/a.768944336470972/3981348451897195/,33633,33633,,
Barbados,2021-02-27,Oxford/AstraZeneca,https://www.facebook.com/moh.barbados/photos/a.768944336470972/3983740234991350/,36749,36749,,
Barbados,2021-02-28,Oxford/AstraZeneca,https://www.facebook.com/moh.barbados/photos/a.768944336470972/3986246634740710/,38615,38615,,
Barbados,2021-03-01,Oxford/AstraZeneca,https://www.facebook.com/moh.barbados/photos/a.768944336470972/3988706981161342/,41125,41125,,
Barbados,2021-03-02,Oxford/AstraZeneca,https://www.facebook.com/moh.barbados/photos/a.768944336470972/3991305347568172/,43235,43235,,
Barbados,2021-03-03,Oxford/AstraZeneca,https://www.facebook.com/moh.barbados/photos/a.768944336470972/3993514877347219/,44859,44859,,
Barbados,2021-03-04,Oxford/AstraZeneca,https://www.facebook.com/moh.barbados/photos/a.768944336470972/3996175687081138/,46442,46442,,
Barbados,2021-03-05,Oxford/AstraZeneca,https://www.facebook.com/moh.barbados/photos/a.768944336470972/3998678090164231,48480,48480,,
Barbados,2021-03-06,Oxford/AstraZeneca,https://www.facebook.com/moh.barbados/photos/a.768944336470972/4001163609915679/,48886,48886,,
Barbados,2021-03-07,Oxford/AstraZeneca,https://www.facebook.com/moh.barbados/photos/a.768944336470972/4003837389648301/,49317,49317,,
Barbados,2021-03-08,Oxford/AstraZeneca,https://www.facebook.com/moh.barbados/photos/a.768944336470972/4006163156082391/,49393,49393,,
Barbados,2021-03-09,Oxford/AstraZeneca,https://www.facebook.com/moh.barbados/photos/a.768944336470972/4009000572465316/,49757,49757,,
Barbados,2021-03-10,Oxford/AstraZeneca,https://www.facebook.com/moh.barbados/photos/a.768944336470972/4011720915526615/,50263,50263,,
Barbados,2021-03-11,Oxford/AstraZeneca,https://www.facebook.com/moh.barbados/photos/a.768944336470972/4014237895274917/5,50703,50703,,
Barbados,2021-03-12,Oxford/AstraZeneca,https://www.facebook.com/moh.barbados/photos/a.768944336470972/4017010984997608/,50980,50980,,
Barbados,2021-03-13,Oxford/AstraZeneca,https://www.facebook.com/moh.barbados/photos/a.768944336470972/4019388881426485/,51595,51595,,
Barbados,2021-03-14,Oxford/AstraZeneca,https://www.facebook.com/moh.barbados/photos/a.768944336470972/4022321141133259/,52290,52290,,
Barbados,2021-03-15,Oxford/AstraZeneca,https://www.facebook.com/moh.barbados/photos/a.768944336470972/4024731060892267/,53129,53129,,
Barbados,2021-03-16,Oxford/AstraZeneca,https://www.facebook.com/moh.barbados/photos/a.768944336470972/4028083090557064,54631,54631,,
Barbados,2021-03-17,Oxford/AstraZeneca,https://www.facebook.com/moh.barbados/photos/a.768944336470972/4031515796880460/,56018,56018,,
Barbados,2021-03-18,Oxford/AstraZeneca,https://www.facebook.com/moh.barbados/photos/a.768944336470972/4033771769988196/,58214,58214,,
Barbados,2021-03-19,Oxford/AstraZeneca,https://www.facebook.com/moh.barbados/photos/a.768944336470972/4036409643057742/,60206,60206,,
Barbados,2021-03-20,Oxford/AstraZeneca,https://www.facebook.com/moh.barbados/photos/a.768944336470972/4038474386184601/,61108,61108,,
Barbados,2021-03-21,Oxford/AstraZeneca,https://www.facebook.com/moh.barbados/photos/a.768944336470972/4041361665895873/,61752,61752,,
Barbados,2021-03-22,Oxford/AstraZeneca,https://www.facebook.com/moh.barbados/photos/a.768944336470972/4043949365637103/,61781,61781,,
Barbados,2021-03-23,Oxford/AstraZeneca,https://www.facebook.com/moh.barbados/photos/4046969402001766,62765,62765,,
Barbados,2021-03-25,Oxford/AstraZeneca,https://www.facebook.com/moh.barbados/photos/a.768944336470972/4052505898114783/,62802,62802,,
Barbados,2021-03-26,Oxford/AstraZeneca,https://www.facebook.com/moh.barbados/photos/a.768944336470972/4055233247842048/,63689,63689,,
Barbados,2021-03-29,Oxford/AstraZeneca,https://www.facebook.com/moh.barbados/photos/a.768944336470972/4064197220278984/,63711,63711,,
Barbados,2021-03-30,Oxford/AstraZeneca,https://www.facebook.com/moh.barbados/photos/a.768944336470972/4067191859979520/,63715,63715,,
Barbados,2021-03-31,Oxford/AstraZeneca,https://www.facebook.com/moh.barbados/photos/a.768944336470972/4070434292988610/,63728,63728,,
Barbados,2021-04-01,Oxford/AstraZeneca,https://www.facebook.com/moh.barbados/photos/a.768944336470972/4073960082636031,63735,63735,,
Barbados,2021-04-02,Oxford/AstraZeneca,https://www.facebook.com/moh.barbados/photos/a.768944336470972/4077000855665287,63738,63738,,
Barbados,2021-04-07,Oxford/AstraZeneca,https://www.facebook.com/moh.barbados/photos/a.768944336470972/4095205787178127/,63747,63747,,
Barbados,2021-04-08,Oxford/AstraZeneca,https://www.facebook.com/moh.barbados/photos/a.768944336470972/4098423416856364/,64645,64645,,
Barbados,2021-04-09,Oxford/AstraZeneca,https://www.facebook.com/moh.barbados/photos/a.768944336470972/4101194713245901/,65867,65867,,
Barbados,2021-04-10,Oxford/AstraZeneca,https://www.facebook.com/moh.barbados/photos/a.768944336470972/4103923149639724/,65873,65873,,
Barbados,2021-04-14,Oxford/AstraZeneca,https://www.facebook.com/moh.barbados/photos/a.768944336470972/4115418048490234/,66069,66069,,
Barbados,2021-04-15,Oxford/AstraZeneca,https://www.facebook.com/moh.barbados/photos/a.768944336470972/4118200334878672/,66900,66900,,
Barbados,2021-04-16,Oxford/AstraZeneca,https://www.facebook.com/moh.barbados/photos/4121342081231164,68480,68480,,
Barbados,2021-04-17,Oxford/AstraZeneca,https://www.facebook.com/moh.barbados/photos/4124405190924853,69490,69490,,
Barbados,2021-04-18,Oxford/AstraZeneca,https://www.facebook.com/moh.barbados/photos/a.768944336470972/4126767437355295/,70758,70758,,
Barbados,2021-04-19,Oxford/AstraZeneca,https://www.facebook.com/moh.barbados/posts/4129445780420794,70884,70884,,
Barbados,2021-04-20,Oxford/AstraZeneca,https://www.facebook.com/moh.barbados/photos/a.768944336470972/4132310280134344/,71134,71134,,
Barbados,2021-04-21,Oxford/AstraZeneca,https://www.facebook.com/moh.barbados/photos/a.768944336470972/4135191863179519/,71350,71350,,
Barbados,2021-04-22,Oxford/AstraZeneca,https://www.facebook.com/moh.barbados/photos/a.768944336470972/4138313329534039/,71648,71648,,
Barbados,2021-04-23,Oxford/AstraZeneca,https://www.facebook.com/moh.barbados/photos/a.768944336470972/4141073495924689/,71881,71881,,
Barbados,2021-04-24,Oxford/AstraZeneca,https://www.facebook.com/moh.barbados/photos/a.768944336470972/4144127282285977,72728,72728,,
Barbados,2021-04-25,Oxford/AstraZeneca,https://www.facebook.com/moh.barbados/photos/a.768944336470972/4146574455374593/,73590,73590,,
Barbados,2021-04-26,Oxford/AstraZeneca,https://www.facebook.com/moh.barbados/photos/a.768944336470972/4149470331751672/,73677,73677,,
Barbados,2021-04-27,Oxford/AstraZeneca,https://www.facebook.com/moh.barbados/photos/a.768944336470972/4152280111470694/,73808,73808,,
Barbados,2021-04-28,Oxford/AstraZeneca,https://www.facebook.com/moh.barbados/photos/a.768944336470972/4155572421141463/,73931,73931,,
Barbados,2021-04-29,Oxford/AstraZeneca,https://www.facebook.com/moh.barbados/photos/a.768944336470972/4158299300868775/,74040,74040,,
Barbados,2021-04-30,Oxford/AstraZeneca,https://www.facebook.com/moh.barbados/photos/a.768944336470972/4160665617298810/,74218,74218,,
Barbados,2021-05-01,Oxford/AstraZeneca,https://www.facebook.com/moh.barbados/photos/a.768944336470972/4163648560333849/,91157,74608,16549,
Barbados,2021-05-02,Oxford/AstraZeneca,https://www.facebook.com/moh.barbados/photos/a.768944336470972/4166357286729643/,92906,74886,18020,
Barbados,2021-05-03,Oxford/AstraZeneca,https://www.facebook.com/moh.barbados/photos/a.768944336470972/4169200269778678/,94991,75006,19985,
Barbados,2021-05-04,Oxford/AstraZeneca,https://www.facebook.com/moh.barbados/photos/a.768944336470972/4172657049433000/,97329,75148,22181,
Barbados,2021-05-05,Oxford/AstraZeneca,https://www.facebook.com/moh.barbados/photos/a.768944336470972/4175360659162639/,100592,75296,25296,
Barbados,2021-05-06,Oxford/AstraZeneca,https://www.facebook.com/moh.barbados/photos/a.768944336470972/4178300125535359/,103827,75360,28467,
Barbados,2021-05-07,Oxford/AstraZeneca,https://www.facebook.com/moh.barbados/photos/a.768944336470972/4182025718496133/,105902,75452,30450,
Barbados,2021-05-08,Oxford/AstraZeneca,https://www.facebook.com/moh.barbados/photos/a.768944336470972/4184800708218634/,107370,75476,31894,
Barbados,2021-05-09,Oxford/AstraZeneca,https://www.facebook.com/moh.barbados/photos/a.768944336470972/4187392801292758/,108208,75491,32717,
Barbados,2021-05-10,Oxford/AstraZeneca,https://www.facebook.com/moh.barbados/photos/a.768944336470972/4190483664317005/,110190,75537,34653,
Barbados,2021-05-11,Oxford/AstraZeneca,https://www.facebook.com/moh.barbados/photos/a.768944336470972/4194179530614085/,112242,75644,36598,
Barbados,2021-05-12,Oxford/AstraZeneca,https://www.facebook.com/moh.barbados/photos/a.768944336470972/4197036103661761/,114643,75724,38919,
Barbados,2021-05-13,Oxford/AstraZeneca,https://www.facebook.com/moh.barbados/photos/a.768944336470972/4200111093354262/,116924,75794,41130,
Barbados,2021-05-14,Oxford/AstraZeneca,https://www.facebook.com/moh.barbados/photos/a.768944336470972/4202984383066933/,118563,75918,42645,
Barbados,2021-05-15,Oxford/AstraZeneca,https://www.facebook.com/moh.barbados/photos/a.768944336470972/4205858616112843/,118824,75920,42904,
Barbados,2021-05-16,Oxford/AstraZeneca,https://www.facebook.com/moh.barbados/photos/a.768944336470972/4208855422479829/,119823,75956,43867,
Barbados,2021-05-17,Oxford/AstraZeneca,https://www.facebook.com/moh.barbados/photos/a.768944336470972/4213362888695749/,121288,76000,45288,
Barbados,2021-05-18,Oxford/AstraZeneca,https://www.facebook.com/moh.barbados/photos/a.768944336470972/4213362888695749/,123177,76045,47132,
Barbados,2021-05-19,Oxford/AstraZeneca,https://www.facebook.com/moh.barbados/photos/a.768944336470972/4222722484426456/,125510,76136,49374,
Barbados,2021-05-20,Oxford/AstraZeneca,https://www.facebook.com/moh.barbados/photos/a.768944336470972/4222804154418289/,127986,76282,51704,
Barbados,2021-05-21,Oxford/AstraZeneca,https://www.facebook.com/moh.barbados/photos/a.768944336470972/4226253884073316/,129216,76336,52880,
Barbados,2021-05-22,Oxford/AstraZeneca,https://www.facebook.com/moh.barbados/photos/a.768944336470972/4228968023801902/,130272,76361,53911,
Barbados,2021-05-23,Oxford/AstraZeneca,https://www.facebook.com/moh.barbados/photos/a.768944336470972/4231972070168164/,131332,76404,54928,
Barbados,2021-05-24,Oxford/AstraZeneca,https://www.facebook.com/moh.barbados/photos/a.768944336470972/4235191099846261,131999,76413,55586,
Barbados,2021-05-25,Oxford/AstraZeneca,https://www.facebook.com/moh.barbados/photos/a.768944336470972/4238614116170626/,133214,76523,56691,
Barbados,2021-05-26,Oxford/AstraZeneca,https://www.facebook.com/moh.barbados/photos/a.768944336470972/4241459392552765/,135082,77084,57998,
Barbados,2021-05-27,Oxford/AstraZeneca,https://www.facebook.com/moh.barbados/photos/a.768944336470972/4244589002239804/,136382,77494,58888,
Barbados,2021-05-28,Oxford/AstraZeneca,https://www.facebook.com/moh.barbados/photos/a.768944336470972/4247569268608444/,137962,77823,60139,
Barbados,2021-05-29,Oxford/AstraZeneca,https://www.facebook.com/moh.barbados/photos/a.768944336470972/4250630518302319/,138389,77946,60443,
Barbados,2021-05-30,Oxford/AstraZeneca,https://www.facebook.com/moh.barbados/photos/a.768944336470972/4253143841384320/,138798,78245,60553,
Barbados,2021-05-31,Oxford/AstraZeneca,https://www.facebook.com/moh.barbados/photos/a.768944336470972/4256197821078922/,139354,78633,60721,
Barbados,2021-06-01,Oxford/AstraZeneca,https://www.facebook.com/moh.barbados/photos/a.768944336470972/4259281420770562/,140319,79503,60816,
Barbados,2021-06-02,Oxford/AstraZeneca,https://www.facebook.com/moh.barbados/photos/a.768944336470972/4262052460493458/,141282,80392,60890,
Barbados,2021-06-04,Oxford/AstraZeneca,https://www.facebook.com/moh.barbados/posts/4268080376557333,143488,82310,61178,
Barbados,2021-06-05,Oxford/AstraZeneca,https://www.facebook.com/moh.barbados/photos/a.768944336470972/4270557186309652/,143649,82458,61191,
Barbados,2021-06-06,Oxford/AstraZeneca,https://www.facebook.com/moh.barbados/photos/a.768944336470972/4273679899330714/,144312,82885,61427,
Barbados,2021-06-07,Oxford/AstraZeneca,https://www.facebook.com/moh.barbados/photos/a.768944336470972/4276476395717731/,144886,83382,61504,
Barbados,2021-06-08,Oxford/AstraZeneca,https://www.facebook.com/moh.barbados/photos/a.768944336470972/4279026378796066/,145964,84300,61664,
Barbados,2021-06-09,Oxford/AstraZeneca,https://www.facebook.com/moh.barbados/photos/4281970281835009/,147036,85175,61861,
Barbados,2021-06-10,Oxford/AstraZeneca,https://www.facebook.com/moh.barbados/photos/a.768944336470972/4284732601558777/,148395,86390,62005,
Barbados,2021-06-11,Oxford/AstraZeneca,https://www.facebook.com/moh.barbados/photos/a.768944336470972/4287673577931346/,149233,87132,62101,
Barbados,2021-06-12,Oxford/AstraZeneca,https://www.facebook.com/moh.barbados/photos/a.768944336470972/4290356680996369/,149513,87382,62131,
Barbados,2021-06-13,Oxford/AstraZeneca,https://www.facebook.com/moh.barbados/photos/a.768944336470972/4292460914119279/,150300,88033,62267,
Barbados,2021-06-14,Oxford/AstraZeneca,https://www.facebook.com/moh.barbados/photos/a.768944336470972/4295510573814313/,151004,88373,62631,
Barbados,2021-06-15,Oxford/AstraZeneca,https://www.facebook.com/moh.barbados/photos/a.768944336470972/4298374573527913/,152293,89197,63096,
Barbados,2021-06-16,Oxford/AstraZeneca,https://www.facebook.com/moh.barbados/photos/a.768944336470972/4301208763244494/,153350,89921,63429,
Barbados,2021-06-17,Oxford/AstraZeneca,https://www.facebook.com/moh.barbados/photos/a.768944336470972/4303800389651998/,155423,90735,64688,
Barbados,2021-06-18,Oxford/AstraZeneca,https://www.facebook.com/moh.barbados/photos/a.768944336470972/4306382096060494/,156843,91495,65348,
Barbados,2021-06-19,Oxford/AstraZeneca,https://www.facebook.com/moh.barbados/photos/a.768944336470972/4309507035748000/,157283,91778,65505,
Barbados,2021-06-20,Oxford/AstraZeneca,https://www.facebook.com/moh.barbados/photos/a.768944336470972/4311591015539602/,158418,92071,66347,
Barbados,2021-06-21,Oxford/AstraZeneca,https://www.facebook.com/moh.barbados/photos/a.768944336470972/4314575241907846/,158980,92305,66675,
Barbados,2021-06-22,Oxford/AstraZeneca,https://www.facebook.com/moh.barbados/photos/a.768944336470972/4317915564907147,160266,92874,67392,
Barbados,2021-06-23,Oxford/AstraZeneca,https://www.facebook.com/moh.barbados/photos/a.768944336470972/4320732867958750/,161059,93303,67756,
Barbados,2021-06-24,Oxford/AstraZeneca,https://www.facebook.com/moh.barbados/photos/a.768944336470972/4323212544377449/,162357,93940,68417,
Barbados,2021-06-25,Oxford/AstraZeneca,https://www.facebook.com/moh.barbados/photos/a.768944336470972/4326217840743586/,163474,94514,68960,
Barbados,2021-06-26,Oxford/AstraZeneca,https://www.facebook.com/moh.barbados/photos/a.768944336470972/4328889637143073/,163704,94615,69089,
Barbados,2021-06-27,Oxford/AstraZeneca,https://www.facebook.com/moh.barbados/photos/a.768944336470972/4331327283565975/,164709,95023,69686,
Barbados,2021-06-28,Oxford/AstraZeneca,https://www.facebook.com/moh.barbados/photos/a.768944336470972/4334560666575970/,165339,95124,70215,
Barbados,2021-06-29,Oxford/AstraZeneca,https://www.facebook.com/moh.barbados/photos/a.768944336470972/4337476629617707/,166212,95264,70948,
Barbados,2021-06-30,Oxford/AstraZeneca,https://www.facebook.com/moh.barbados/photos/a.768944336470972/4340194529345917/,166567,95386,71181,
Barbados,2021-07-02,Oxford/AstraZeneca,https://www.facebook.com/moh.barbados/photos/a.768944336470972/4346159615416075/,167022,95528,71494,
Barbados,2021-07-06,Oxford/AstraZeneca,https://www.facebook.com/moh.barbados/photos/a.768944336470972/4357191067646263/,167398,95695,71703,
Barbados,2021-07-07,Oxford/AstraZeneca,https://www.facebook.com/moh.barbados/photos/a.768944336470972/4360246977340672/,167754,95836,71918,
Barbados,2021-07-08,Oxford/AstraZeneca,https://www.facebook.com/moh.barbados/photos/a.768944336470972/4363169207048449/,168069,95981,72088,
Barbados,2021-07-09,Oxford/AstraZeneca,https://www.facebook.com/moh.barbados/photos/a.768944336470972/4366038090094894/,168503,96174,72329,
Barbados,2021-07-10,Oxford/AstraZeneca,https://www.facebook.com/moh.barbados/photos/a.768944336470972/4368802773151759/,168711,96175,72536,
Barbados,2021-07-11,Oxford/AstraZeneca,https://www.facebook.com/moh.barbados/photos/a.768944336470972/4371450146220355/,168818,96212,72606,
Barbados,2021-07-12,Oxford/AstraZeneca,https://www.facebook.com/moh.barbados/photos/a.768944336470972/4374351889263514/,168955,96283,72672,
Barbados,2021-07-13,"Oxford/AstraZeneca, Sinopharm/Beijing",https://www.facebook.com/moh.barbados/photos/a.768944336470972/4377936255571744/,169436,96658,72778,
Barbados,2021-07-14,"Oxford/AstraZeneca, Sinopharm/Beijing",https://www.facebook.com/moh.barbados/photos/a.768944336470972/4380712441960792/,169884,96990,72894,
Barbados,2021-07-15,"Oxford/AstraZeneca, Sinopharm/Beijing",https://www.facebook.com/moh.barbados/photos/a.768944336470972/4383716851660351,170249,97243,73006,
Barbados,2021-07-16,"Oxford/AstraZeneca, Sinopharm/Beijing",https://www.facebook.com/moh.barbados/photos/a.768944336470972/4386913351340701/,170851,97714,73137,
Barbados,2021-07-17,"Oxford/AstraZeneca, Sinopharm/Beijing",https://www.facebook.com/moh.barbados/photos/a.768944336470972/4389351267763576/,171053,97874,73179,
Barbados,2021-07-18,"Oxford/AstraZeneca, Sinopharm/Beijing",https://www.facebook.com/moh.barbados/photos/a.768944336470972/4392026880829348,171633,98206,73427,
Barbados,2021-07-19,"Oxford/AstraZeneca, Sinopharm/Beijing",https://www.facebook.com/moh.barbados/photos/a.768944336470972/4394921773873192/,171771,98281,73490,
Barbados,2021-07-20,"Oxford/AstraZeneca, Sinopharm/Beijing",https://www.facebook.com/moh.barbados/photos/a.768944336470972/4398074180224618/,172071,98450,73621,
Barbados,2021-07-21,"Oxford/AstraZeneca, Sinopharm/Beijing",https://www.facebook.com/moh.barbados/photos/a.768944336470972/4401055836593119,172406,98592,73814,
Barbados,2021-07-23,"Oxford/AstraZeneca, Sinopharm/Beijing",https://www.facebook.com/moh.barbados/photos/a.768944336470972/4406813896017313/,172937,98905,74032,
Barbados,2021-07-24,"Oxford/AstraZeneca, Sinopharm/Beijing",https://www.facebook.com/moh.barbados/photos/a.768944336470972/4410136015685101/,172938,98905,74033,
Barbados,2021-07-25,"Oxford/AstraZeneca, Sinopharm/Beijing",https://www.facebook.com/moh.barbados/photos/a.768944336470972/4412729185425784/,173352,99030,74322,
Barbados,2021-07-26,"Oxford/AstraZeneca, Sinopharm/Beijing",https://www.facebook.com/moh.barbados/photos/a.768944336470972/4415398541825515/,173658,99154,74504,
Barbados,2021-07-27,"Oxford/AstraZeneca, Sinopharm/Beijing",https://www.facebook.com/moh.barbados/photos/a.768944336470972/4419202714778431/,174129,99278,74851,
Barbados,2021-07-28,"Oxford/AstraZeneca, Sinopharm/Beijing",https://www.facebook.com/moh.barbados/photos/a.768944336470972/4421829431182426/,174176,99299,74877,
Barbados,2021-07-29,"Oxford/AstraZeneca, Sinopharm/Beijing",https://www.facebook.com/moh.barbados/photos/a.768944336470972/4424803267551709/,175323,99544,75779,
Barbados,2021-07-30,"Oxford/AstraZeneca, Sinopharm/Beijing",https://www.facebook.com/moh.barbados/photos/a.768944336470972/4427707867261249/,175942,99695,76247,
Barbados,2021-07-31,"Oxford/AstraZeneca, Sinopharm/Beijing",https://www.facebook.com/moh.barbados/photos/a.768944336470972/4430472840318085/,175943,99695,76248,
Barbados,2021-08-01,"Oxford/AstraZeneca, Sinopharm/Beijing",https://www.facebook.com/moh.barbados/photos/a.768944336470972/4433481656683870/,176467,99921,76546,
Barbados,2021-08-02,"Oxford/AstraZeneca, Sinopharm/Beijing",https://www.facebook.com/moh.barbados/photos/a.768944336470972/4436233989741970/,176479,99925,76554,
Barbados,2021-08-03,"Oxford/AstraZeneca, Sinopharm/Beijing",https://www.facebook.com/moh.barbados/photos/a.768944336470972/4439367072761995,176682,100017,76665,
Barbados,2021-08-04,"Oxford/AstraZeneca, Sinopharm/Beijing",https://www.facebook.com/moh.barbados/photos/a.768944336470972/4442384495793586/,177056,100091,76965,
Barbados,2021-08-05,"Oxford/AstraZeneca, Sinopharm/Beijing",https://www.facebook.com/moh.barbados/photos/a.768944336470972/4445641122134590/,178190,100268,77922,
Barbados,2021-08-06,"Oxford/AstraZeneca, Sinopharm/Beijing",https://www.facebook.com/moh.barbados/photos/a.768944336470972/4448880458477323/,179068,100392,78676,
Barbados,2021-08-07,"Oxford/AstraZeneca, Sinopharm/Beijing",https://www.facebook.com/moh.barbados/photos/a.768944336470972/4451676214864414/,179524,100416,79108,
Barbados,2021-08-08,"Oxford/AstraZeneca, Sinopharm/Beijing",https://www.facebook.com/moh.barbados/photos/a.768944336470972/4454261314605904/,180757,100512,80245,
Barbados,2021-08-09,"Oxford/AstraZeneca, Sinopharm/Beijing",https://www.facebook.com/moh.barbados/photos/a.768944336470972/4457406337624735/,181325,100573,80752,
Barbados,2021-08-10,"Oxford/AstraZeneca, Sinopharm/Beijing",https://www.facebook.com/moh.barbados/photos/a.768944336470972/4461059363926099/,182786,100698,82088,
Barbados,2021-08-11,"Oxford/AstraZeneca, Sinopharm/Beijing",https://www.facebook.com/moh.barbados/photos/a.768944336470972/4463790546986314/,183493,100760,82733,
Barbados,2021-08-12,"Oxford/AstraZeneca, Sinopharm/Beijing",https://www.facebook.com/moh.barbados/photos/a.768944336470972/4467140473317988/,185140,100917,84223,
Barbados,2021-08-13,"Oxford/AstraZeneca, Sinopharm/Beijing",https://www.facebook.com/moh.barbados/photos/a.768944336470972/4469530306412338/,186087,101011,85076,
Barbados,2021-08-14,"Oxford/AstraZeneca, Sinopharm/Beijing",https://www.facebook.com/moh.barbados/photos/a.768944336470972/4473078239390878/,186116,101036,85080,
Barbados,2021-08-15,"Oxford/AstraZeneca, Sinopharm/Beijing",https://www.facebook.com/moh.barbados/photos/a.768944336470972/4475628172469218/,186771,101099,85672,
Barbados,2021-08-16,"Oxford/AstraZeneca, Sinopharm/Beijing",https://www.facebook.com/moh.barbados/photos/a.768944336470972/4478572792174756/,187290,101149,86141,
Barbados,2021-08-17,"Oxford/AstraZeneca, Sinopharm/Beijing",https://www.facebook.com/moh.barbados/photos/a.768944336470972/4481704815194887/,188324,101228,87096,
Barbados,2021-08-18,"Oxford/AstraZeneca, Sinopharm/Beijing",https://www.facebook.com/moh.barbados/photos/a.768944336470972/4485178431514192/,189080,101370,87710,
Barbados,2021-08-19,"Oxford/AstraZeneca, Sinopharm/Beijing",https://www.facebook.com/moh.barbados/photos/a.768944336470972/4488254614539907/,190718,101732,88986,
Barbados,2021-08-20,"Oxford/AstraZeneca, Pfizer/BioNTech, Sinopharm/Beijing",https://www.facebook.com/moh.barbados/photos/a.768944336470972/4490774200954615/,191666,101983,89683,
Barbados,2021-08-21,"Oxford/AstraZeneca, Pfizer/BioNTech, Sinopharm/Beijing",https://www.facebook.com/moh.barbados/photos/a.768944336470972/4494098247288877/,192676,102649,90027,
Barbados,2021-08-22,"Oxford/AstraZeneca, Pfizer/BioNTech, Sinopharm/Beijing",https://www.facebook.com/moh.barbados/photos/a.768944336470972/4497075643657804/,193875,103200,90675,
Barbados,2021-08-23,"Oxford/AstraZeneca, Pfizer/BioNTech, Sinopharm/Beijing",https://www.facebook.com/moh.barbados/photos/a.768944336470972/4499747530057282/,195008,103822,91186,
Barbados,2021-08-24,"Oxford/AstraZeneca, Pfizer/BioNTech, Sinopharm/Beijing",https://www.facebook.com/moh.barbados/photos/a.768944336470972/4503000333065335/,196703,104678,92025,
Barbados,2021-08-25,"Oxford/AstraZeneca, Pfizer/BioNTech, Sinopharm/Beijing",https://www.facebook.com/moh.barbados/photos/a.768944336470972/4506157502749618/,198370,105664,92706,
Barbados,2021-08-26,"Oxford/AstraZeneca, Pfizer/BioNTech, Sinopharm/Beijing",https://www.facebook.com/moh.barbados/photos/a.768944336470972/4508822439149791/,199398,106178,93220,
Barbados,2021-08-27,"Oxford/AstraZeneca, Pfizer/BioNTech, Sinopharm/Beijing",https://www.facebook.com/moh.barbados/photos/a.768944336470972/4512171055481596/,200709,107122,93587,
Barbados,2021-08-28,"Oxford/AstraZeneca, Pfizer/BioNTech, Sinopharm/Beijing",https://www.facebook.com/moh.barbados/photos/a.768944336470972/4515125715186130/,201611,107838,93773,
Barbados,2021-08-29,"Oxford/AstraZeneca, Pfizer/BioNTech, Sinopharm/Beijing",https://www.facebook.com/moh.barbados/photos/a.768944336470972/4518797034818998/,202765,108702,94063,
Barbados,2021-08-30,"Oxford/AstraZeneca, Pfizer/BioNTech, Sinopharm/Beijing",https://www.facebook.com/moh.barbados/photos/a.768944336470972/4521421911223177/,204266,109905,94361,
Barbados,2021-09-01,"Oxford/AstraZeneca, Pfizer/BioNTech, Sinopharm/Beijing",https://www.facebook.com/moh.barbados/photos/a.768944336470972/4527975723901129/,207042,112239,94803,
Barbados,2021-09-02,"Oxford/AstraZeneca, Pfizer/BioNTech, Sinopharm/Beijing",https://www.facebook.com/moh.barbados/photos/a.768944336470972/4531126730252695/,208439,113404,95035,
Barbados,2021-09-03,"Oxford/AstraZeneca, Pfizer/BioNTech, Sinopharm/Beijing",https://www.facebook.com/moh.barbados/photos/a.768944336470972/4534311366600898/,209777,114491,95286,
Barbados,2021-09-04,"Oxford/AstraZeneca, Pfizer/BioNTech, Sinopharm/Beijing",https://www.facebook.com/moh.barbados/photos/a.768944336470972/4537478259617542/,210411,115060,95351,
Barbados,2021-09-05,"Oxford/AstraZeneca, Pfizer/BioNTech, Sinopharm/Beijing",https://www.facebook.com/moh.barbados/photos/a.768944336470972/4540415052657196/,211050,115606,95444,
Barbados,2021-09-06,"Oxford/AstraZeneca, Pfizer/BioNTech, Sinopharm/Beijing",https://www.facebook.com/moh.barbados/photos/a.768944336470972/4543781345653900/,212207,116546,95661,
Barbados,2021-09-07,"Oxford/AstraZeneca, Pfizer/BioNTech, Sinopharm/Beijing",https://www.facebook.com/moh.barbados/photos/a.768944336470972/4546401892058512/,213075,117259,95816,
Barbados,2021-09-09,"Oxford/AstraZeneca, Pfizer/BioNTech, Sinopharm/Beijing",https://www.facebook.com/moh.barbados/photos/a.768944336470972/4552762214755813/,214969,118811,96158,
Barbados,2021-09-10,"Oxford/AstraZeneca, Pfizer/BioNTech, Sinopharm/Beijing",https://www.facebook.com/moh.barbados/photos/a.768944336470972/4555549044477130/,216009,119702,96307,
Barbados,2021-09-11,"Oxford/AstraZeneca, Pfizer/BioNTech, Sinopharm/Beijing",https://www.facebook.com/moh.barbados/photos/a.768944336470972/4559371530761548,216614,120269,96345,
Barbados,2021-09-12,"Oxford/AstraZeneca, Pfizer/BioNTech, Sinopharm/Beijing",https://www.facebook.com/moh.barbados/photos/a.768944336470972/4562159307149437/,217255,120863,96392,
Barbados,2021-09-13,"Oxford/AstraZeneca, Pfizer/BioNTech, Sinopharm/Beijing",https://www.facebook.com/moh.barbados/photos/a.768944336470972/4565610566804311/,218150,121643,96507,
Barbados,2021-09-14,"Oxford/AstraZeneca, Pfizer/BioNTech, Sinopharm/Beijing",https://www.facebook.com/moh.barbados/photos/a.768944336470972/4568365669862134/,219138,122509,96629,
Barbados,2021-09-15,"Oxford/AstraZeneca, Pfizer/BioNTech, Sinopharm/Beijing",https://www.facebook.com/moh.barbados/photos/a.768944336470972/4571983029500398/,219970,123255,96715,
Barbados,2021-09-16,"Oxford/AstraZeneca, Pfizer/BioNTech, Sinopharm/Beijing",https://www.facebook.com/moh.barbados/photos/a.768944336470972/4574491002582934/,221000,123950,97050,
Barbados,2021-09-18,"Oxford/AstraZeneca, Pfizer/BioNTech, Sinopharm/Beijing",https://www.facebook.com/moh.barbados/photos/a.768944336470972/4580951488603552/,223505,125925,97580,
Barbados,2021-09-19,"Oxford/AstraZeneca, Pfizer/BioNTech, Sinopharm/Beijing",https://www.facebook.com/moh.barbados/photos/a.768944336470972/4584213661610668/,224441,126623,97818,
Barbados,2021-09-20,"Oxford/AstraZeneca, Pfizer/BioNTech, Sinopharm/Beijing",https://www.facebook.com/moh.barbados/photos/a.768944336470972/4588000191232015,225823,127457,98366,
Barbados,2021-09-21,"Oxford/AstraZeneca, Pfizer/BioNTech, Sinopharm/Beijing",https://www.facebook.com/moh.barbados/photos/a.768944336470972/4590814010950633/,227278,128161,99117,
Barbados,2021-09-22,"Oxford/AstraZeneca, Pfizer/BioNTech, Sinopharm/Beijing",https://www.facebook.com/moh.barbados/photos/a.768944336470972/4594435353921832/,228890,128969,99921,
Barbados,2021-09-23,"Oxford/AstraZeneca, Pfizer/BioNTech, Sinopharm/Beijing",https://www.facebook.com/moh.barbados/photos/a.768944336470972/4597938806904820/,230848,130046,100802,
Barbados,2021-09-24,"Oxford/AstraZeneca, Pfizer/BioNTech, Sinopharm/Beijing",https://www.facebook.com/moh.barbados/photos/a.768944336470972/4601149506583750/,232413,131039,101374,
Barbados,2021-09-25,"Oxford/AstraZeneca, Pfizer/BioNTech, Sinopharm/Beijing",https://www.facebook.com/moh.barbados/photos/a.768944336470972/4604266406272060/,234124,132267,101857,
Barbados,2021-09-26,"Oxford/AstraZeneca, Pfizer/BioNTech, Sinopharm/Beijing",https://www.facebook.com/moh.barbados/photos/a.768944336470972/4607768389255195/,234948,132681,102267,
Barbados,2021-09-27,"Oxford/AstraZeneca, Pfizer/BioNTech, Sinopharm/Beijing",https://www.facebook.com/moh.barbados/photos/a.768944336470972/4611057772259590/,236589,133446,103143,
Barbados,2021-09-28,"Oxford/AstraZeneca, Pfizer/BioNTech, Sinopharm/Beijing",https://www.facebook.com/moh.barbados/photos/a.768944336470972/4614623161903051/,237968,134122,103846,
Barbados,2021-09-29,"Oxford/AstraZeneca, Pfizer/BioNTech, Sinopharm/Beijing",https://www.facebook.com/moh.barbados/photos/a.768944336470972/4617713084927392/,239948,135036,104912,
Barbados,2021-09-30,"Oxford/AstraZeneca, Pfizer/BioNTech, Sinopharm/Beijing",https://www.facebook.com/moh.barbados/photos/a.768944336470972/4620636987968335/,241915,136034,105881,
Barbados,2021-10-01,"Oxford/AstraZeneca, Pfizer/BioNTech, Sinopharm/Beijing",https://www.facebook.com/moh.barbados/photos/a.768944336470972/4623696834329017/,243817,137138,106679,
Barbados,2021-10-02,"Oxford/AstraZeneca, Pfizer/BioNTech, Sinopharm/Beijing",https://www.facebook.com/moh.barbados/photos/a.768944336470972/4626904154008285/,245116,138060,107056,
Barbados,2021-10-03,"Oxford/AstraZeneca, Pfizer/BioNTech, Sinopharm/Beijing",https://www.facebook.com/moh.barbados/photos/a.768944336470972/4629218250443542/,246136,138666,107470,
Barbados,2021-10-04,"Oxford/AstraZeneca, Pfizer/BioNTech, Sinopharm/Beijing",https://www.facebook.com/moh.barbados/photos/a.768944336470972/4632620313436669/,247371,139149,108222,
Barbados,2021-10-05,"Oxford/AstraZeneca, Pfizer/BioNTech, Sinopharm/Beijing",https://www.facebook.com/moh.barbados/photos/a.768944336470972/4635670079798359/,248607,139644,108963,
Barbados,2021-10-06,"Oxford/AstraZeneca, Pfizer/BioNTech, Sinopharm/Beijing",https://www.facebook.com/moh.barbados/photos/a.768944336470972/4638729639492403/,249944,140159,109785,
Barbados,2021-10-07,"Oxford/AstraZeneca, Pfizer/BioNTech, Sinopharm/Beijing",https://www.facebook.com/moh.barbados/photos/a.768944336470972/4641493592549341/,251232,140616,110616,
Barbados,2021-10-08,"Oxford/AstraZeneca, Pfizer/BioNTech, Sinopharm/Beijing",https://www.facebook.com/moh.barbados/photos/a.768944336470972/4644679872230713/,252521,141307,111214,
Barbados,2021-10-09,"Oxford/AstraZeneca, Pfizer/BioNTech, Sinopharm/Beijing",https://www.facebook.com/moh.barbados/photos/a.768944336470972/4647971231901577/,253554,141820,111734,
Barbados,2021-10-10,"Oxford/AstraZeneca, Pfizer/BioNTech, Sinopharm/Beijing",https://www.facebook.com/moh.barbados/photos/a.768944336470972/4650646748300692/,254344,142182,112162,
Barbados,2021-10-11,"Oxford/AstraZeneca, Pfizer/BioNTech, Sinopharm/Beijing",https://www.facebook.com/moh.barbados/photos/a.768944336470972/4654285274603506/,255645,142623,113022,
Barbados,2021-10-12,"Oxford/AstraZeneca, Pfizer/BioNTech, Sinopharm/Beijing",https://www.facebook.com/moh.barbados/photos/a.768944336470972/4658000200898680/,257001,143151,113850,
Barbados,2021-10-13,"Oxford/AstraZeneca, Pfizer/BioNTech, Sinopharm/Beijing",https://www.facebook.com/moh.barbados/photos/a.768944336470972/4661139687251398/,258231,143661,114570,
Barbados,2021-10-15,"Oxford/AstraZeneca, Pfizer/BioNTech, Sinopharm/Beijing",https://www.facebook.com/moh.barbados/photos/a.768944336470972/4667243386641028/,260653,144569,116084,
Barbados,2021-10-16,"Oxford/AstraZeneca, Pfizer/BioNTech, Sinopharm/Beijing",https://www.facebook.com/moh.barbados/photos/a.768944336470972/4670114406353926/,261495,144981,116514,
Barbados,2021-10-17,"Oxford/AstraZeneca, Pfizer/BioNTech, Sinopharm/Beijing",https://www.facebook.com/moh.barbados/photos/a.768944336470972/4673358216029545/,262359,145339,117020,
Barbados,2021-10-18,"Oxford/AstraZeneca, Pfizer/BioNTech, Sinopharm/Beijing",https://www.facebook.com/moh.barbados/photos/a.768944336470972/4676405605724806/,263548,145648,117900,
Barbados,2021-10-19,"Oxford/AstraZeneca, Pfizer/BioNTech, Sinopharm/Beijing",https://www.facebook.com/moh.barbados/photos/a.768944336470972/4679273215438045,264422,145885,118537,
Barbados,2021-10-20,"Oxford/AstraZeneca, Pfizer/BioNTech, Sinopharm/Beijing",https://www.facebook.com/moh.barbados/photos/a.768944336470972/4682527018445998/,265301,146106,119195,
Barbados,2021-10-23,"Oxford/AstraZeneca, Pfizer/BioNTech, Sinopharm/Beijing",https://www.facebook.com/moh.barbados/photos/a.768944336470972/4690931687605531/,268224,146877,121347,
Barbados,2021-10-24,"Oxford/AstraZeneca, Pfizer/BioNTech, Sinopharm/Beijing",https://www.facebook.com/moh.barbados/photos/a.768944336470972/4694214510610582/,268945,147118,121827,
Barbados,2021-10-25,"Oxford/AstraZeneca, Pfizer/BioNTech, Sinopharm/Beijing",https://www.facebook.com/moh.barbados/photos/a.768944336470972/4697577910274242/,270102,147436,122666,
Barbados,2021-10-26,"Oxford/AstraZeneca, Pfizer/BioNTech, Sinopharm/Beijing",https://www.facebook.com/moh.barbados/photos/a.768944336470972/4700986816600018/,270919,147702,123217,
Barbados,2021-10-27,"Oxford/AstraZeneca, Pfizer/BioNTech, Sinopharm/Beijing",https://www.facebook.com/moh.barbados/photos/a.768944336470972/4704487446249955/,272021,147978,124043,
Barbados,2021-10-28,"Oxford/AstraZeneca, Pfizer/BioNTech, Sinopharm/Beijing",https://www.facebook.com/moh.barbados/photos/a.768944336470972/4708064272558939/,273025,148227,124798,
Barbados,2021-10-29,"Oxford/AstraZeneca, Pfizer/BioNTech, Sinopharm/Beijing",https://www.facebook.com/moh.barbados/photos/a.768944336470972/4710762615622438/,274132,148469,125663,
Barbados,2021-10-30,"Oxford/AstraZeneca, Pfizer/BioNTech, Sinopharm/Beijing",https://www.facebook.com/moh.barbados/photos/a.768944336470972/4713662595332440/,275112,148757,126355,
Barbados,2021-10-31,"Oxford/AstraZeneca, Pfizer/BioNTech, Sinopharm/Beijing",https://www.facebook.com/640730852625655/photos/a.768944336470972/4716634278368605/,275933,149019,126914,
Barbados,2021-11-01,"Oxford/AstraZeneca, Pfizer/BioNTech, Sinopharm/Beijing",https://www.facebook.com/640730852625655/photos/a.768944336470972/4719714904727209/,276485,149174,127311,
Barbados,2021-11-02,"Oxford/AstraZeneca, Pfizer/BioNTech, Sinopharm/Beijing",https://www.facebook.com/640730852625655/photos/a.768944336470972/4723229287709104/,277202,149355,127847,
Barbados,2021-11-03,"Oxford/AstraZeneca, Pfizer/BioNTech, Sinopharm/Beijing",https://www.facebook.com/photo/?fbid=249118013921074&set=a.248616513971224,277750,149534,128216,
Barbados,2021-11-04,"Oxford/AstraZeneca, Pfizer/BioNTech, Sinopharm/Beijing",https://www.facebook.com/photo/?fbid=249833873849488&set=a.248616513971224,278615,149799,128816,
Barbados,2021-11-05,"Oxford/AstraZeneca, Pfizer/BioNTech, Sinopharm/Beijing",https://www.facebook.com/photo/?fbid=250462990453243&set=a.248616513971224,279295,150015,129280,
Barbados,2021-11-06,"Oxford/AstraZeneca, Pfizer/BioNTech, Sinopharm/Beijing",https://www.facebook.com/photo/?fbid=251122527053956&set=a.248616513971224,279960,150271,129689,
Barbados,2021-11-07,"Oxford/AstraZeneca, Pfizer/BioNTech, Sinopharm/Beijing",https://www.facebook.com/photo/?fbid=251782693654606&set=a.248616513971224,280403,150437,129966,
Barbados,2021-11-08,"Oxford/AstraZeneca, Pfizer/BioNTech, Sinopharm/Beijing",https://www.facebook.com/photo?fbid=252495280250014&set=a.248616513971224,281006,150639,130367,
Barbados,2021-11-09,"Oxford/AstraZeneca, Pfizer/BioNTech, Sinopharm/Beijing",https://www.facebook.com/photo/?fbid=253134983519377&set=a.248616513971224,281824,150914,130910,
Barbados,2021-11-10,"Oxford/AstraZeneca, Pfizer/BioNTech, Sinopharm/Beijing",https://www.facebook.com/photo/?fbid=253789286787280&set=a.248616513971224,282269,151082,131187,
Barbados,2021-11-11,"Oxford/AstraZeneca, Pfizer/BioNTech, Sinopharm/Beijing",https://www.facebook.com/photo?fbid=254520226714186&set=a.248616513971224,282953,151323,131630,
Barbados,2021-11-12,"Oxford/AstraZeneca, Pfizer/BioNTech, Sinopharm/Beijing",https://www.facebook.com/photo/?fbid=255156616650547&set=a.248616513971224,283564,151530,132034,
Barbados,2021-11-13,"Oxford/AstraZeneca, Pfizer/BioNTech, Sinopharm/Beijing",https://www.facebook.com/photo?fbid=255797436586465&set=a.248616513971224,283918,151634,132284,
Barbados,2021-11-14,"Oxford/AstraZeneca, Pfizer/BioNTech, Sinopharm/Beijing",https://www.facebook.com/photo?fbid=256373143195561&set=a.248616513971224,284409,151799,132610,
Barbados,2021-11-15,"Oxford/AstraZeneca, Pfizer/BioNTech, Sinopharm/Beijing",https://www.facebook.com/photo?fbid=257008643132011&set=a.248616513971224,284659,151882,132777,
Barbados,2021-11-16,"Oxford/AstraZeneca, Pfizer/BioNTech, Sinopharm/Beijing",https://www.facebook.com/photo?fbid=257719946394214&set=a.248616513971224,285379,152095,133284,
Barbados,2021-11-17,"Oxford/AstraZeneca, Pfizer/BioNTech, Sinopharm/Beijing",https://www.facebook.com/photo/?fbid=258331986333010&set=a.248616513971224,285653,152195,133458,
Barbados,2021-11-18,"Oxford/AstraZeneca, Pfizer/BioNTech, Sinopharm/Beijing",https://www.facebook.com/photo?fbid=259005169599025&set=a.248616513971224,286209,152374,133835,
Barbados,2021-11-19,"Oxford/AstraZeneca, Pfizer/BioNTech, Sinopharm/Beijing",https://www.facebook.com/photo/?fbid=259683112864564&set=a.248616513971224,286818,152592,134226,
Barbados,2021-11-20,"Oxford/AstraZeneca, Pfizer/BioNTech, Sinopharm/Beijing",https://www.facebook.com/photo?fbid=260290129470529&set=a.248616513971224,287286,152756,134530,
Barbados,2021-11-21,"Oxford/AstraZeneca, Pfizer/BioNTech, Sinopharm/Beijing",https://www.facebook.com/moh.barbados/posts/260855136080695,287775,152928,134847,
Barbados,2021-11-22,"Oxford/AstraZeneca, Pfizer/BioNTech, Sinopharm/Beijing",https://www.facebook.com/moh.barbados/posts/261506906015518,288106,153017,135089,
Barbados,2021-11-24,"Oxford/AstraZeneca, Pfizer/BioNTech, Sinopharm/Beijing",https://www.facebook.com/photo/?fbid=263366669162875&set=a.248616513971224,288982,153261,135721,
Barbados,2021-11-25,"Oxford/AstraZeneca, Pfizer/BioNTech, Sinopharm/Beijing",https://www.facebook.com/photo/?fbid=263540459145496&set=a.248616513971224,289494,153391,136103,
Barbados,2021-11-26,"Oxford/AstraZeneca, Pfizer/BioNTech, Sinopharm/Beijing",https://www.facebook.com/photo/?fbid=264072285758980&set=a.248616513971224,289933,153459,136474,
Barbados,2021-11-27,"Oxford/AstraZeneca, Pfizer/BioNTech, Sinopharm/Beijing",https://www.facebook.com/photo/?fbid=264753399024202&set=a.248616513971224,290309,153571,136738,
Barbados,2021-11-28,"Oxford/AstraZeneca, Pfizer/BioNTech, Sinopharm/Beijing",https://www.facebook.com/photo/?fbid=265343812298494&set=a.248616513971224,290326,153576,136750,
Barbados,2021-11-29,"Oxford/AstraZeneca, Pfizer/BioNTech, Sinopharm/Beijing",https://www.facebook.com/photo/?fbid=265863698913172&set=a.248616513971224,290336,153582,136754,
Barbados,2021-11-30,"Oxford/AstraZeneca, Pfizer/BioNTech, Sinopharm/Beijing",https://www.facebook.com/photo/?fbid=266456198853922&set=a.248616513971224,290345,153586,136759,
Barbados,2021-12-01,"Oxford/AstraZeneca, Pfizer/BioNTech, Sinopharm/Beijing",https://www.facebook.com/photo/?fbid=267150962117779&set=a.248616513971224,290658,153670,136988,
Barbados,2021-12-02,"Oxford/AstraZeneca, Pfizer/BioNTech, Sinopharm/Beijing",https://www.facebook.com/moh.barbados/posts/267857638713778,291301,153816,137485,
Barbados,2021-12-03,"Oxford/AstraZeneca, Pfizer/BioNTech, Sinopharm/Beijing",https://www.facebook.com/moh.barbados/posts/268305115335697,291829,153907,137922,
Barbados,2021-12-04,"Oxford/AstraZeneca, Pfizer/BioNTech, Sinopharm/Beijing",https://www.facebook.com/moh.barbados/posts/268969535269255,292080,153984,138096,
Barbados,2021-12-05,"Oxford/AstraZeneca, Pfizer/BioNTech, Sinopharm/Beijing",https://www.facebook.com/moh.barbados/posts/269550731877802,292300,154033,138267,
Barbados,2021-12-06,"Oxford/AstraZeneca, Pfizer/BioNTech, Sinopharm/Beijing",https://www.facebook.com/photo/?fbid=270135858485956&set=a.248616513971224,292497,154081,138416,
Barbados,2021-12-07,"Oxford/AstraZeneca, Pfizer/BioNTech, Sinopharm/Beijing",https://www.facebook.com/moh.barbados/posts/270879438411598,292896,154177,138719,
Barbados,2021-12-08,"Oxford/AstraZeneca, Pfizer/BioNTech, Sinopharm/Beijing",https://www.facebook.com/moh.barbados/posts/271531918346350,293083,154226,138857,
Barbados,2021-12-09,"Oxford/AstraZeneca, Pfizer/BioNTech, Sinopharm/Beijing",https://www.facebook.com/moh.barbados/posts/272129038286638,293619,154334,139285,
Barbados,2021-12-10,"Oxford/AstraZeneca, Pfizer/BioNTech, Sinopharm/Beijing",https://www.facebook.com/moh.barbados/posts/272717588227783,294170,154444,139726,
Barbados,2021-12-11,"Oxford/AstraZeneca, Pfizer/BioNTech, Sinopharm/Beijing",https://www.facebook.com/moh.barbados/posts/273356254830583,294304,154481,139823,
Barbados,2021-12-12,"Oxford/AstraZeneca, Pfizer/BioNTech, Sinopharm/Beijing",https://www.facebook.com/moh.barbados/posts/274002264765982,294503,154524,139979,
Barbados,2021-12-13,"Oxford/AstraZeneca, Pfizer/BioNTech, Sinopharm/Beijing",https://www.facebook.com/moh.barbados/posts/274580004708208,294645,154565,140080,
Barbados,2021-12-14,"Oxford/AstraZeneca, Pfizer/BioNTech, Sinopharm/Beijing",https://www.facebook.com/moh.barbados/posts/275279517971590,295364,154702,140662,
Barbados,2021-12-15,"Oxford/AstraZeneca, Pfizer/BioNTech, Sinopharm/Beijing",https://www.facebook.com/moh.barbados/posts/275814011251474,295795,154868,140927,
Barbados,2021-12-16,"Oxford/AstraZeneca, Pfizer/BioNTech, Sinopharm/Beijing",https://www.facebook.com/moh.barbados/posts/276425007857041,296255,154990,141265,
Barbados,2021-12-17,"Oxford/AstraZeneca, Pfizer/BioNTech, Sinopharm/Beijing",https://www.facebook.com/moh.barbados/posts/277010907798451,296857,155137,141720,
Barbados,2021-12-18,"Oxford/AstraZeneca, Pfizer/BioNTech, Sinopharm/Beijing",https://www.facebook.com/moh.barbados/posts/277674311065444,297092,155192,141900,
Barbados,2021-12-19,"Oxford/AstraZeneca, Pfizer/BioNTech, Sinopharm/Beijing",https://www.facebook.com/moh.barbados/posts/278230277676514,297285,155242,142043,
Barbados,2021-12-20,"Oxford/AstraZeneca, Pfizer/BioNTech, Sinopharm/Beijing",https://www.facebook.com/moh.barbados/posts/278819104284298,297593,155312,142281,
Barbados,2021-12-21,"Oxford/AstraZeneca, Pfizer/BioNTech, Sinopharm/Beijing",https://www.facebook.com/moh.barbados/posts/279357360897139,297911,155383,142528,
Barbados,2021-12-22,"Oxford/AstraZeneca, Pfizer/BioNTech, Sinopharm/Beijing",https://www.facebook.com/moh.barbados/posts/279935044172704,298176,155459,142717,
Barbados,2021-12-23,"Oxford/AstraZeneca, Pfizer/BioNTech, Sinopharm/Beijing",https://www.facebook.com/moh.barbados/posts/280540037445538,298306,155491,142815,
Barbados,2021-12-24,"Oxford/AstraZeneca, Pfizer/BioNTech, Sinopharm/Beijing",https://www.facebook.com/moh.barbados/posts/281599807339561,298323,155493,142830,
Barbados,2021-12-25,"Oxford/AstraZeneca, Pfizer/BioNTech, Sinopharm/Beijing",https://www.facebook.com/moh.barbados/posts/281773670655508,298329,155497,142832,
Barbados,2021-12-26,"Oxford/AstraZeneca, Pfizer/BioNTech, Sinopharm/Beijing",https://www.facebook.com/moh.barbados/posts/282267250606150,298339,155500,142839,
Barbados,2021-12-27,"Oxford/AstraZeneca, Pfizer/BioNTech, Sinopharm/Beijing",https://www.facebook.com/moh.barbados/posts/282884743877734,298361,155512,142849,
Barbados,2021-12-28,"Oxford/AstraZeneca, Pfizer/BioNTech, Sinopharm/Beijing",https://www.facebook.com/moh.barbados/posts/283518023814406,298676,155614,143062,
Barbados,2021-12-29,"Oxford/AstraZeneca, Pfizer/BioNTech, Sinopharm/Beijing",https://www.facebook.com/moh.barbados/posts/284092340423641,299053,155732,143321,
Barbados,2021-12-30,"Oxford/AstraZeneca, Pfizer/BioNTech, Sinopharm/Beijing",https://www.facebook.com/moh.barbados/posts/284698677029674,299539,155918,143621,
Barbados,2021-12-31,"Oxford/AstraZeneca, Pfizer/BioNTech, Sinopharm/Beijing",https://www.facebook.com/moh.barbados/posts/285394126960129,299629,155952,143677,
Barbados,2022-01-02,"Oxford/AstraZeneca, Pfizer/BioNTech, Sinopharm/Beijing",https://www.facebook.com/moh.barbados/posts/286630830169792,299738,156003,143735,
Barbados,2022-01-03,"Oxford/AstraZeneca, Pfizer/BioNTech, Sinopharm/Beijing",https://www.facebook.com/moh.barbados/posts/287183443447864,299825,156033,143792,
Barbados,2022-01-04,"Oxford/AstraZeneca, Pfizer/BioNTech, Sinopharm/Beijing",https://www.facebook.com/moh.barbados/posts/287756360057239,299861,156049,143812,
Barbados,2022-01-05,"Oxford/AstraZeneca, Pfizer/BioNTech, Sinopharm/Beijing",https://www.facebook.com/moh.barbados/posts/288409959991879,299968,156101,143867,
Barbados,2022-01-06,"Oxford/AstraZeneca, Pfizer/BioNTech, Sinopharm/Beijing",https://www.facebook.com/moh.barbados/posts/288954733270735,300069,156150,143919,
Barbados,2022-01-07,"Oxford/AstraZeneca, Pfizer/BioNTech, Sinopharm/Beijing",https://www.facebook.com/moh.barbados/posts/289566069876268,301337,156631,144706,
Barbados,2022-01-08,"Oxford/AstraZeneca, Pfizer/BioNTech, Sinopharm/Beijing",https://www.facebook.com/moh.barbados/posts/290189609813914,301503,156698,144805,
Barbados,2022-01-09,"Oxford/AstraZeneca, Pfizer/BioNTech, Sinopharm/Beijing",https://www.facebook.com/moh.barbados/posts/290732459759629,301644,156763,144881,
Barbados,2022-01-10,"Oxford/AstraZeneca, Pfizer/BioNTech, Sinopharm/Beijing",https://www.facebook.com/moh.barbados/posts/291361823030026,301866,156871,144995,
Barbados,2022-01-11,"Oxford/AstraZeneca, Pfizer/BioNTech, Sinopharm/Beijing",https://www.facebook.com/moh.barbados/posts/291361823030026,301866,156871,144995,
Barbados,2022-01-12,"Oxford/AstraZeneca, Pfizer/BioNTech, Sinopharm/Beijing",https://www.facebook.com/moh.barbados/posts/291929096306632,302255,157038,145217,
Barbados,2022-01-13,"Oxford/AstraZeneca, Pfizer/BioNTech, Sinopharm/Beijing",https://www.facebook.com/moh.barbados/posts/293122556187286,302783,157251,145532,
Barbados,2022-01-14,"Oxford/AstraZeneca, Pfizer/BioNTech, Sinopharm/Beijing",https://www.facebook.com/moh.barbados/posts/293778019455073,303186,157426,145760,
Barbados,2022-01-15,"Oxford/AstraZeneca, Pfizer/BioNTech, Sinopharm/Beijing",https://www.facebook.com/moh.barbados/posts/294307646068777,303391,157495,145896,
Barbados,2022-01-16,"Oxford/AstraZeneca, Pfizer/BioNTech, Sinopharm/Beijing",https://www.facebook.com/moh.barbados/posts/294872692678939,303680,157634,146046,
Barbados,2022-01-17,"Oxford/AstraZeneca, Pfizer/BioNTech, Sinopharm/Beijing",https://www.facebook.com/moh.barbados/posts/295666969266178,303876,157721,146155,
Barbados,2022-01-18,"Oxford/AstraZeneca, Pfizer/BioNTech, Sinopharm/Beijing",https://www.facebook.com/moh.barbados/posts/296283235871218,304050,157793,146257,
Barbados,2022-01-19,"Oxford/AstraZeneca, Pfizer/BioNTech, Sinopharm/Beijing",https://www.facebook.com/moh.barbados/posts/296792449153630,304060,157795,146265,
Barbados,2022-01-20,"Oxford/AstraZeneca, Pfizer/BioNTech, Sinopharm/Beijing",https://www.facebook.com/moh.barbados/posts/297493115750230,304083,157802,146281,
Barbados,2022-01-21,"Oxford/AstraZeneca, Pfizer/BioNTech, Sinopharm/Beijing",https://www.facebook.com/moh.barbados/posts/298102629022612,304173,157854,146319,
Barbados,2022-01-22,"Oxford/AstraZeneca, Pfizer/BioNTech, Sinopharm/Beijing",https://www.facebook.com/moh.barbados/posts/298678052298403,304407,157969,146438,
Barbados,2022-01-23,"Oxford/AstraZeneca, Pfizer/BioNTech, Sinopharm/Beijing",https://www.facebook.com/moh.barbados/posts/299261382240070,304582,158055,146527,
Barbados,2022-01-24,"Oxford/AstraZeneca, Pfizer/BioNTech, Sinopharm/Beijing",https://www.facebook.com/moh.barbados/posts/300302338802641,304719,158129,146590,
Barbados,2022-01-25,"Oxford/AstraZeneca, Pfizer/BioNTech, Sinopharm/Beijing",https://www.facebook.com/moh.barbados/posts/300606848772190,304941,158242,146699,
Barbados,2022-01-26,"Oxford/AstraZeneca, Pfizer/BioNTech, Sinopharm/Beijing",https://www.facebook.com/photo?fbid=301254552040753&set=a.248616513971224,305180,158358,146822,
Barbados,2022-01-27,"Oxford/AstraZeneca, Pfizer/BioNTech, Sinopharm/Beijing",https://www.facebook.com/moh.barbados/posts/301840241982184,305374,158463,146911,
Barbados,2022-02-03,"Oxford/AstraZeneca, Pfizer/BioNTech, Sinopharm/Beijing",https://www.facebook.com/moh.barbados/posts/306201108212764,306411,158927,147484,
Barbados,2022-02-04,"Oxford/AstraZeneca, Pfizer/BioNTech, Sinopharm/Beijing",https://www.facebook.com/moh.barbados/posts/306815138151361,306592,158985,147607,
Barbados,2022-02-05,"Oxford/AstraZeneca, Pfizer/BioNTech, Sinopharm/Beijing",https://www.facebook.com/moh.barbados/posts/307468081419400,306675,159029,147646,
Barbados,2022-02-06,"Oxford/AstraZeneca, Pfizer/BioNTech, Sinopharm/Beijing",https://www.facebook.com/moh.barbados/posts/307932094706332,306791,159075,147716,
Barbados,2022-02-07,"Oxford/AstraZeneca, Pfizer/BioNTech, Sinopharm/Beijing",https://www.facebook.com/moh.barbados/posts/308510061315202,306908,159123,147785,
Barbados,2022-02-08,"Oxford/AstraZeneca, Pfizer/BioNTech, Sinopharm/Beijing",https://www.facebook.com/moh.barbados/posts/309144394585102,307128,159193,147935,
Barbados,2022-02-09,"Oxford/AstraZeneca, Pfizer/BioNTech, Sinopharm/Beijing",https://www.facebook.com/moh.barbados/posts/309741454525396,307330,159275,148055,
Barbados,2022-02-10,"Oxford/AstraZeneca, Pfizer/BioNTech, Sinopharm/Beijing",https://www.facebook.com/moh.barbados/posts/310316527801222,307476,159337,148139,
Barbados,2022-02-11,"Oxford/AstraZeneca, Pfizer/BioNTech, Sinopharm/Beijing",https://www.facebook.com/moh.barbados/posts/311052857727589,307682,159416,148266,
Barbados,2022-02-12,"Oxford/AstraZeneca, Pfizer/BioNTech, Sinopharm/Beijing",https://www.facebook.com/moh.barbados/posts/311683450997863,307808,159464,148344,
Barbados,2022-02-13,"Oxford/AstraZeneca, Pfizer/BioNTech, Sinopharm/Beijing",https://www.facebook.com/moh.barbados/posts/312311770935031,307913,159507,148406,
Barbados,2022-02-14,"Oxford/AstraZeneca, Pfizer/BioNTech, Sinopharm/Beijing",https://www.facebook.com/moh.barbados/posts/312918194207722,308035,159561,148474,
Barbados,2022-02-15,"Oxford/AstraZeneca, Pfizer/BioNTech, Sinopharm/Beijing",https://www.facebook.com/moh.barbados/posts/313551277477747,308208,159619,148589,
Barbados,2022-02-16,"Oxford/AstraZeneca, Pfizer/BioNTech, Sinopharm/Beijing",https://www.facebook.com/moh.barbados/posts/314190344080507,308359,159681,148678,
Barbados,2022-02-17,"Oxford/AstraZeneca, Pfizer/BioNTech, Sinopharm/Beijing",https://www.facebook.com/moh.barbados/posts/314752704024271,308534,159747,148787,
Barbados,2022-02-18,"Oxford/AstraZeneca, Pfizer/BioNTech, Sinopharm/Beijing",https://www.facebook.com/moh.barbados/posts/315375387295336,308674,159792,148882,
Barbados,2022-02-19,"Oxford/AstraZeneca, Pfizer/BioNTech, Sinopharm/Beijing",https://www.facebook.com/moh.barbados/posts/316009127231962,308731,159825,148906,
Barbados,2022-02-20,"Oxford/AstraZeneca, Pfizer/BioNTech, Sinopharm/Beijing",https://www.facebook.com/moh.barbados/posts/316580493841492,308784,159837,148947,
Barbados,2022-02-21,"Oxford/AstraZeneca, Pfizer/BioNTech, Sinopharm/Beijing",https://www.facebook.com/moh.barbados/posts/317258267107048,308862,159869,148993,
Barbados,2022-02-22,"Oxford/AstraZeneca, Pfizer/BioNTech, Sinopharm/Beijing",https://www.facebook.com/moh.barbados/posts/317857650380443,308991,159920,149071,
Barbados,2022-02-23,"Oxford/AstraZeneca, Pfizer/BioNTech, Sinopharm/Beijing",https://www.facebook.com/moh.barbados/posts/318650063634535,309125,159958,149167,
Barbados,2022-02-24,"Oxford/AstraZeneca, Pfizer/BioNTech, Sinopharm/Beijing",https://www.facebook.com/moh.barbados/posts/319136566919218,309224,159990,149234,
Barbados,2022-02-25,"Oxford/AstraZeneca, Pfizer/BioNTech, Sinopharm/Beijing",https://www.facebook.com/moh.barbados/posts/319804540185754,309305,160024,149281,
Barbados,2022-02-26,"Oxford/AstraZeneca, Pfizer/BioNTech, Sinopharm/Beijing",https://www.facebook.com/moh.barbados/posts/320533210112887,309407,160064,149343,
Barbados,2022-02-27,"Oxford/AstraZeneca, Pfizer/BioNTech, Sinopharm/Beijing",https://gisbarbados.gov.bb/blog/covid-19-update-for-sunday-february-27/,309497,160091,149406,
Barbados,2022-02-28,"Oxford/AstraZeneca, Pfizer/BioNTech, Sinopharm/Beijing",https://gisbarbados.gov.bb/blog/covid-19-update-for-sunday-february-28/,309562,160114,149448,
Barbados,2022-03-01,"Oxford/AstraZeneca, Pfizer/BioNTech, Sinopharm/Beijing",https://gisbarbados.gov.bb/blog/covid-19-update-for-tuesday-march-1/,309727,160188,149539,
Barbados,2022-03-02,"Oxford/AstraZeneca, Pfizer/BioNTech, Sinopharm/Beijing",https://gisbarbados.gov.bb/blog/covid-19-update-for-wednesday-march-2/,309980,160288,149692,
Barbados,2022-03-03,"Oxford/AstraZeneca, Pfizer/BioNTech, Sinopharm/Beijing",https://gisbarbados.gov.bb/blog/covid-19-update-for-thursday-march-3/,310136,160340,149796,
Barbados,2022-03-04,"Oxford/AstraZeneca, Pfizer/BioNTech, Sinopharm/Beijing",https://gisbarbados.gov.bb/blog/covid-19-update-for-march-4/,310363,160450,149913,
Barbados,2022-03-06,"Oxford/AstraZeneca, Pfizer/BioNTech, Sinopharm/Beijing",https://gisbarbados.gov.bb/blog/covid-19-update-for-sunday-march-6/,310502,160485,150017,
Barbados,2022-03-07,"Oxford/AstraZeneca, Pfizer/BioNTech, Sinopharm/Beijing",https://gisbarbados.gov.bb/blog/covid-19-update-for-monday-march-7/,310569,160503,150066,
Barbados,2022-03-08,"Oxford/AstraZeneca, Pfizer/BioNTech, Sinopharm/Beijing",https://gisbarbados.gov.bb/blog/covid-19-update-for-tuesday-march-8/,310652,160525,150127,
Barbados,2022-03-09,"Oxford/AstraZeneca, Pfizer/BioNTech, Sinopharm/Beijing",https://gisbarbados.gov.bb/blog/covid-19-update-for-wednesday-march-9/,310772,160552,150220,
Barbados,2022-03-10,"Oxford/AstraZeneca, Pfizer/BioNTech, Sinopharm/Beijing",https://gisbarbados.gov.bb/blog/covid-19-update-for-thursday-march-10/,310825,160570,150255,
Barbados,2022-03-11,"Oxford/AstraZeneca, Pfizer/BioNTech, Sinopharm/Beijing",https://gisbarbados.gov.bb/blog/covid-19-update-for-friday-march-11/,310848,160577,150271,
Barbados,2022-03-12,"Oxford/AstraZeneca, Pfizer/BioNTech, Sinopharm/Beijing",https://gisbarbados.gov.bb/blog/covid-19-update-for-saturday-march-12/,310966,160629,150337,
Barbados,2022-03-14,"Oxford/AstraZeneca, Pfizer/BioNTech, Sinopharm/Beijing",https://gisbarbados.gov.bb/blog/covid-19-update-for-monday-march-14/,311090,160671,150419,
Barbados,2022-03-15,"Oxford/AstraZeneca, Pfizer/BioNTech, Sinopharm/Beijing",https://gisbarbados.gov.bb/blog/covid-19-update-for-tuesday-march-15/,311174,160703,150471,
Barbados,2022-03-16,"Oxford/AstraZeneca, Pfizer/BioNTech, Sinopharm/Beijing",https://gisbarbados.gov.bb/blog/covid-19-update-for-wednesday-march-16/,311261,160736,150525,
Barbados,2022-03-17,"Oxford/AstraZeneca, Pfizer/BioNTech, Sinopharm/Beijing",https://gisbarbados.gov.bb/blog/covid-19-update-for-thursday-march-17/,311341,160761,150580,
Barbados,2022-03-18,"Oxford/AstraZeneca, Pfizer/BioNTech, Sinopharm/Beijing",https://gisbarbados.gov.bb/blog/covid-19-update-for-friday-march-18/,311425,160780,150645,
Barbados,2022-03-19,"Oxford/AstraZeneca, Pfizer/BioNTech, Sinopharm/Beijing",https://gisbarbados.gov.bb/blog/covid-19-update-for-march-19/,311455,160790,150665,
Barbados,2022-03-20,"Oxford/AstraZeneca, Pfizer/BioNTech, Sinopharm/Beijing",https://gisbarbados.gov.bb/blog/covid-19-update-for-sunday-march-20/,311482,160800,150682,
Barbados,2022-03-21,"Oxford/AstraZeneca, Pfizer/BioNTech, Sinopharm/Beijing",https://gisbarbados.gov.bb/blog/covid-19-update-for-monday-march-21/,311508,160809,150699,
Barbados,2022-03-22,"Oxford/AstraZeneca, Pfizer/BioNTech, Sinopharm/Beijing",https://gisbarbados.gov.bb/blog/covid-19-update-for-tuesday-march-22/,311575,160832,150743,
Barbados,2022-03-23,"Oxford/AstraZeneca, Pfizer/BioNTech, Sinopharm/Beijing",https://gisbarbados.gov.bb/blog/covid-19-update-for-wednesday-march-23/,311657,160869,150788,
Barbados,2022-03-24,"Oxford/AstraZeneca, Pfizer/BioNTech, Sinopharm/Beijing",https://gisbarbados.gov.bb/blog/covid-19-update-for-thursday-march-24/,311706,160890,150816,
Barbados,2022-03-25,"Oxford/AstraZeneca, Pfizer/BioNTech, Sinopharm/Beijing",https://gisbarbados.gov.bb/blog/covid-19-update-for-friday-march-25/,311796,160923,150873,
Barbados,2022-03-26,"Oxford/AstraZeneca, Pfizer/BioNTech, Sinopharm/Beijing",https://gisbarbados.gov.bb/blog/covid-19-update-for-march-26/,312051,161047,151004,
Barbados,2022-03-27,"Oxford/AstraZeneca, Pfizer/BioNTech, Sinopharm/Beijing",https://gisbarbados.gov.bb/blog/covid-19-update-for-sunday-march-27/,312094,161060,151034,
Barbados,2022-03-28,"Oxford/AstraZeneca, Pfizer/BioNTech, Sinopharm/Beijing",https://gisbarbados.gov.bb/blog/covid-19-update-for-monday-march-28/,312145,161076,151069,
Barbados,2022-03-29,"Oxford/AstraZeneca, Pfizer/BioNTech, Sinopharm/Beijing",https://gisbarbados.gov.bb/blog/covid-19-update-for-tuesday-march-29/,312186,161089,151097,
Barbados,2022-03-30,"Oxford/AstraZeneca, Pfizer/BioNTech, Sinopharm/Beijing",https://gisbarbados.gov.bb/blog/covid-19-update-for-wednesday-march-30/,312253,161114,151139,
