location,date,vaccine,source_url,total_vaccinations,people_vaccinated,people_fully_vaccinated,total_boosters
China,2020-12-15,"Sinopharm/Beijing, Sinopharm/Wuhan, Sinovac",https://www.globaltimes.cn/page/202012/1211515.shtml,1500000,,,
China,2020-12-31,"Sinopharm/Beijing, Sinopharm/Wuhan, Sinovac",https://www.globaltimes.cn/page/202012/1211515.shtml,4500000,,,
China,2021-01-09,"Sinopharm/Beijing, Sinopharm/Wuhan, Sinovac",http://www.scio.gov.cn/xwfbh/xwbfbh/wqfbh/44687/44700/zy44704/Document/1696668/1696668.htm,9000000,,,
China,2021-01-13,"Sinopharm/Beijing, Sinopharm/Wuhan, Sinovac",https://www.chinadaily.com.cn/a/202101/13/WS5ffeb9f2a31024ad0baa2659.html,10000000,,,
China,2021-01-20,"Sinopharm/Beijing, Sinopharm/Wuhan, Sinovac",https://www.globaltimes.cn/page/202101/1213364.shtml,15000000,,,
China,2021-01-27,"Sinopharm/Beijing, Sinopharm/Wuhan, Sinovac",http://www.gov.cn/xinwen/gwylflkjz147/index.htm,22767000,,,
China,2021-01-31,"Sinopharm/Beijing, Sinopharm/Wuhan, Sinovac",http://english.www.gov.cn/news/topnews/202101/31/content_WS6016a596c6d0f72576944df7.html,24000000,,,
China,2021-02-03,"Sinopharm/Beijing, Sinopharm/Wuhan, Sinovac",https://news.yahoo.com/china-administered-31-2-million-071552622.html,31200000,,,
China,2021-02-09,"Sinopharm/Beijing, Sinopharm/Wuhan, Sinovac",https://www.reuters.com/article/health-coronavirus-china-vaccine-idUSB9N2J803T,40520000,,,
China,2021-02-28,"Sinopharm/Beijing, Sinopharm/Wuhan, Sinovac",https://global.chinadaily.com.cn/a/202103/03/WS603ec65ba31024ad0baac40f.html,52520000,,,
China,2021-03-14,"Sinopharm/Beijing, Sinopharm/Wuhan, Sinovac",https://www.chinadaily.com.cn/a/202103/15/WS604efbd6a31024ad0baaf3de.html,64980000,,,
China,2021-03-20,"Sinopharm/Beijing, Sinopharm/Wuhan, Sinovac",https://www.reuters.com/article/us-health-coronavirus-china-vaccine/china-steps-up-covid-19-vaccination-considers-differentiated-visa-policies-idUSKBN2BD0A8?il=0,74956000,,,
China,2021-03-22,"Sinopharm/Beijing, Sinopharm/Wuhan, Sinovac",https://www.reuters.com/article/us-health-coronavirus-china-vaccines/china-administered-80-46-million-covid-19-vaccine-doses-as-of-end-march-22-idUSKBN2BG04O,80460000,,,
China,2021-03-23,"Sinopharm/Beijing, Sinopharm/Wuhan, Sinovac",http://www.nhc.gov.cn/jkj/s7915/202103/4e9f38edab0243e6ac433a181906e527.shtml,82846000,,,
China,2021-03-24,"Sinopharm/Beijing, Sinopharm/Wuhan, Sinovac",http://www.nhc.gov.cn/jkj/s7915/202103/1d85a9ad629a4abcb4165803eb546b7a.shtml,85859700,,,
China,2021-03-25,"Sinopharm/Beijing, Sinopharm/Wuhan, Sinovac",http://www.nhc.gov.cn/jkj/s7915/202103/0d1b93ae500c418db1955fb6b4ffee70.shtml,91346000,,,
China,2021-03-26,"Sinopharm/Beijing, Sinopharm/Wuhan, Sinovac",http://www.nhc.gov.cn/xcs/yqjzqk/202103/0e5bf66b833a45de8db07e706775ae8e.shtml,97470000,,,
China,2021-03-27,"Sinopharm/Beijing, Sinopharm/Wuhan, Sinovac",http://www.nhc.gov.cn/xcs/yqjzqk/202103/575af2e2a7794f0b9e761e2c0390b69b.shtml,102417000,,,
China,2021-03-28,"Sinopharm/Beijing, Sinopharm/Wuhan, Sinovac",http://www.nhc.gov.cn/xcs/yqjzqk/202103/06db88dae17445fb82a6ba832efe9cf7.shtml,106613000,,,
China,2021-03-29,"Sinopharm/Beijing, Sinopharm/Wuhan, Sinovac",http://www.nhc.gov.cn/xcs/yqjzqk/202103/7289a596c0994109841cb77e2c748a6f.shtml,110962000,,,
China,2021-03-30,"Sinopharm/Beijing, Sinopharm/Wuhan, Sinovac",http://www.nhc.gov.cn/xcs/yqjzqk/202103/3cf9e74a0c2546f7b13f5c206f738fd9.shtml,114690000,,,
China,2021-03-31,"Sinopharm/Beijing, Sinopharm/Wuhan, Sinovac",http://www.nhc.gov.cn/xcs/yqjzqk/202104/fdefb57de14e4837bff46353b872f17b.shtml,119821000,,,
China,2021-04-01,"Sinopharm/Beijing, Sinopharm/Wuhan, Sinovac",http://www.nhc.gov.cn/xcs/yqjzqk/202104/baebb6c1e09344a3a5463247860b4f84.shtml,126616000,,,
China,2021-04-02,"Sinopharm/Beijing, Sinopharm/Wuhan, Sinovac",http://www.nhc.gov.cn/xcs/yqjzqk/202104/2d30c4012929439c9e7cfff8415da13d.shtml,133801000,,,
China,2021-04-03,"Sinopharm/Beijing, Sinopharm/Wuhan, Sinovac",http://www.nhc.gov.cn/xcs/yqjzqk/202104/1a71d84d4f314f6588915fe28c909dbf.shtml,136677000,,,
China,2021-04-04,"Sinopharm/Beijing, Sinopharm/Wuhan, Sinovac",http://www.nhc.gov.cn/xcs/yqjzqk/202104/a2c7143c27bc4e2e9ba0645d582094cd.shtml,139970000,,,
China,2021-04-05,"Sinopharm/Beijing, Sinopharm/Wuhan, Sinovac",http://www.nhc.gov.cn/xcs/yqjzqk/202104/1014615f73854e9c9cf75a10284ea2d9.shtml,142802000,,,
China,2021-04-06,"Sinopharm/Beijing, Sinopharm/Wuhan, Sinovac",http://www.nhc.gov.cn/xcs/yqjzqk/202104/f46fb541aabb4b4c8a79317dd542baa6.shtml,145920000,,,
China,2021-04-07,"Sinopharm/Beijing, Sinopharm/Wuhan, Sinovac",http://www.nhc.gov.cn/xcs/yqjzqk/202104/4bf0af6598ca4a88872a8fae80544407.shtml,149071000,,,
China,2021-04-08,"Sinopharm/Beijing, Sinopharm/Wuhan, Sinovac",http://www.nhc.gov.cn/xcs/yqjzqk/202104/70adf40602524305b66824bece1f298c.shtml,155150000,,,
China,2021-04-09,"Sinopharm/Beijing, Sinopharm/Wuhan, Sinovac",http://www.nhc.gov.cn/xcs/yqjzqk/202104/1a24ec3c6c884cf1ae9d08e026f2b2ec.shtml,161121000,,,
China,2021-04-10,"Sinopharm/Beijing, Sinopharm/Wuhan, Sinovac",http://www.nhc.gov.cn/xcs/yqjzqk/202104/f2bd77de994d4a798645a2316584f870.shtml,164471000,,,
China,2021-04-11,"Sinopharm/Beijing, Sinopharm/Wuhan, Sinovac",http://www.nhc.gov.cn/xcs/yqjzqk/202104/a61f34d7ac7e4692b13b0c8c0663b5f1.shtml,167343000,,,
China,2021-04-12,"Sinopharm/Beijing, Sinopharm/Wuhan, Sinovac",http://www.nhc.gov.cn/xcs/yqjzqk/202104/f0de4b2c6a1f4f16b8ed58901946931a.shtml,171928000,,,
China,2021-04-13,"Sinopharm/Beijing, Sinopharm/Wuhan, Sinovac",http://www.nhc.gov.cn/xcs/yqjzqk/202104/0f1e58f027664c078e46665cb6b869e3.shtml,175623000,,,
China,2021-04-14,"Sinopharm/Beijing, Sinopharm/Wuhan, Sinovac",http://www.nhc.gov.cn/xcs/yqjzqk/202104/fdc6ca0da1f240298a6274d0b6a539fe.shtml,179216000,,,
China,2021-04-15,"Sinopharm/Beijing, Sinopharm/Wuhan, Sinovac",http://www.nhc.gov.cn/xcs/yqjzqk/202104/080e685e7a0b47bcb7bfef7e02499a45.shtml,183536000,,,
China,2021-04-16,"Sinopharm/Beijing, Sinopharm/Wuhan, Sinovac",http://www.nhc.gov.cn/xcs/yqjzqk/202104/d2755da833374735ab125abcc2699849.shtml,187360000,,,
China,2021-04-17,"Sinopharm/Beijing, Sinopharm/Wuhan, Sinovac",http://www.nhc.gov.cn/xcs/yqjzqk/202104/f024fd41574a4132bd5b007c12b71a17.shtml,189809000,,,
China,2021-04-18,"Sinopharm/Beijing, Sinopharm/Wuhan, Sinovac",http://www.nhc.gov.cn/xcs/yqjzqk/202104/6f2444d14dce4ccda1a53554feaa153a.shtml,192127000,,,
China,2021-04-19,"Sinopharm/Beijing, Sinopharm/Wuhan, Sinovac",http://www.nhc.gov.cn/xcs/yqjzqk/202104/aa7229fe6d6d439aa60c884692cbc202.shtml,195022000,,,
China,2021-04-20,"Sinopharm/Beijing, Sinopharm/Wuhan, Sinovac",http://www.nhc.gov.cn/xcs/yqjzqk/202104/4f3b401243cb4c57a940b6b9902f2bd9.shtml,198950000,,,
China,2021-04-21,"Sinopharm/Beijing, Sinopharm/Wuhan, Sinovac",http://www.nhc.gov.cn/xcs/yqjzqk/202104/7596959f303944f0965a75f7f9ef5539.shtml,204191000,,,
China,2021-04-22,"Sinopharm/Beijing, Sinopharm/Wuhan, Sinovac",http://www.nhc.gov.cn/xcs/yqjzqk/202104/fd626cb91aec4991b39e7197cdaa8885.shtml,211223000,,,
China,2021-04-23,"Sinopharm/Beijing, Sinopharm/Wuhan, Sinovac",http://www.nhc.gov.cn/xcs/yqjzqk/202104/6a06d971a4e34c69b48f47dfeff9cb11.shtml,216084000,,,
China,2021-04-24,"Sinopharm/Beijing, Sinopharm/Wuhan, Sinovac",http://www.nhc.gov.cn/xcs/yqjzqk/202104/571c23a11513435db0246103873d1639.shtml,220309000,,,
China,2021-04-25,"Sinopharm/Beijing, Sinopharm/Wuhan, Sinovac",http://www.nhc.gov.cn/xcs/yqjzqk/202104/1e17e9266d1e4fa883ef2e480b37b40d.shtml,224901000,,,
China,2021-04-26,"Sinopharm/Beijing, Sinopharm/Wuhan, Sinovac",http://www.nhc.gov.cn/xcs/yqjzqk/202104/6342f4bb39114716bcd1cb5c452cb704.shtml,229489000,,,
China,2021-04-27,"Sinopharm/Beijing, Sinopharm/Wuhan, Sinovac",http://www.nhc.gov.cn/xcs/yqjzqk/202104/6fa3e91fe96f424ab144c1f33fcafab9.shtml,235976000,,,
China,2021-04-28,"Sinopharm/Beijing, Sinopharm/Wuhan, Sinovac",http://www.nhc.gov.cn/xcs/yqjzqk/202104/693f417183cb44bd8a774b2f1419c399.shtml,243905000,,,
China,2021-04-29,"Sinopharm/Beijing, Sinopharm/Wuhan, Sinovac",http://www.nhc.gov.cn/xcs/yqjzqk/202104/347a9fa13b3e4a428cae5d54d058fd4e.shtml,253463000,,,
China,2021-04-30,"Sinopharm/Beijing, Sinopharm/Wuhan, Sinovac",http://www.nhc.gov.cn/xcs/yqjzqk/202105/24b44c42bc9140b8a8f47769678e113d.shtml,265064000,,,
China,2021-05-01,"Sinopharm/Beijing, Sinopharm/Wuhan, Sinovac",http://www.nhc.gov.cn/xcs/yqjzqk/202105/2e1664555701455ba9d3b84189f95776.shtml,270406000,,,
China,2021-05-02,"Sinopharm/Beijing, Sinopharm/Wuhan, Sinovac",http://www.nhc.gov.cn/xcs/yqjzqk/202105/a7bed5e941be4e679c83bcb4ee5b603b.shtml,275338000,,,
China,2021-05-03,"Sinopharm/Beijing, Sinopharm/Wuhan, Sinovac",http://www.nhc.gov.cn/xcs/yqjzqk/202105/e9af9abc284a41cbb52ea0089c5e8012.shtml,279905000,,,
China,2021-05-04,"Sinopharm/Beijing, Sinopharm/Wuhan, Sinovac",http://www.nhc.gov.cn/xcs/yqjzqk/202105/1531d77b498d46eb8853297e8d9c7c84.shtml,284595000,,,
China,2021-05-05,"Sinopharm/Beijing, Sinopharm/Wuhan, Sinovac",http://www.nhc.gov.cn/xcs/yqjzqk/202105/c953cb843e384c21941d489f6ac66f7f.shtml,289627000,,,
China,2021-05-06,"Sinopharm/Beijing, Sinopharm/Wuhan, Sinovac",http://www.nhc.gov.cn/xcs/yqjzqk/202105/e129e5425ffb4686b053ddbd550e9305.shtml,297734000,,,
China,2021-05-07,"Sinopharm/Beijing, Sinopharm/Wuhan, Sinovac",http://www.nhc.gov.cn/xcs/yqjzqk/202105/a5babdbadf2e48348f1d5e053159d891.shtml,308226000,,,
China,2021-05-08,"Sinopharm/Beijing, Sinopharm/Wuhan, Sinovac",http://www.nhc.gov.cn/xcs/yqjzqk/202105/dc8199af5c2a49d5a7475f7004ff4901.shtml,317586000,,,
China,2021-05-09,"Sinopharm/Beijing, Sinopharm/Wuhan, Sinovac",http://www.nhc.gov.cn/xcs/yqjzqk/202105/cd31bab9052a447eae2d1388a9cf601d.shtml,324307000,,,
China,2021-05-10,"Sinopharm/Beijing, Sinopharm/Wuhan, Sinovac",http://www.nhc.gov.cn/xcs/yqjzqk/202105/1d39b2d2ff1a447894d71e7e5b67d847.shtml,332964000,,,
China,2021-05-11,"Sinopharm/Beijing, Sinopharm/Wuhan, Sinovac",http://www.nhc.gov.cn/xcs/yqjzqk/202105/0aee1b23440e42c49df395f5f2900636.shtml,342697000,,,
China,2021-05-12,"Sinopharm/Beijing, Sinopharm/Wuhan, Sinovac",http://www.nhc.gov.cn/xcs/yqjzqk/202105/b7bc06a552664328970365fb3a735501.shtml,354272000,,,
China,2021-05-13,"Sinopharm/Beijing, Sinopharm/Wuhan, Sinovac",http://www.nhc.gov.cn/xcs/yqjzqk/202105/3d1e04af70e54341a44242c6dc607115.shtml,366910000,,,
China,2021-05-14,"CanSino, Sinopharm/Beijing, Sinopharm/Wuhan, Sinovac",http://www.nhc.gov.cn/xcs/yqjzqk/202105/09de8b7859bc4403bde228a737cfa121.shtml,380633000,,,
China,2021-05-15,"CanSino, Sinopharm/Beijing, Sinopharm/Wuhan, Sinovac",http://www.nhc.gov.cn/xcs/yqjzqk/202105/0f6e49055a0d404ca88e4d7bea980065.shtml,392987000,,,
China,2021-05-16,"CanSino, Sinopharm/Beijing, Sinopharm/Wuhan, Sinovac",http://www.nhc.gov.cn/xcs/yqjzqk/202105/2636a2e16c6c4fc89e2358bd3898b9ce.shtml,406938000,,,
China,2021-05-17,"CanSino, Sinopharm/Beijing, Sinopharm/Wuhan, Sinovac",http://www.nhc.gov.cn/xcs/yqjzqk/202105/d6d3f0285aac443492eacb54229e7fbb.shtml,421991000,,,
China,2021-05-18,"CanSino, Sinopharm/Beijing, Sinopharm/Wuhan, Sinovac",http://www.nhc.gov.cn/xcs/yqjzqk/202105/beda31b9f97b4c3cae8afba056330f98.shtml,435689000,,,
China,2021-05-19,"CanSino, Sinopharm/Beijing, Sinopharm/Wuhan, Sinovac",http://www.nhc.gov.cn/xcs/yqjzqk/202105/4336f905c94d4e63bbb4e55302214a98.shtml,449511000,,,
China,2021-05-20,"CanSino, Sinopharm/Beijing, Sinopharm/Wuhan, Sinovac",http://www.nhc.gov.cn/xcs/yqjzqk/202105/61ca087702164c328e87f2ed3516a77f.shtml,466698000,,,
China,2021-05-21,"CanSino, Sinopharm/Beijing, Sinopharm/Wuhan, Sinovac",http://www.nhc.gov.cn/xcs/yqjzqk/202105/5077e137a981420191949ae0a78b7e07.shtml,483343000,,,
China,2021-05-22,"CanSino, Sinopharm/Beijing, Sinopharm/Wuhan, Sinovac",http://www.nhc.gov.cn/xcs/yqjzqk/202105/7221884f11274319884d8b117459c980.shtml,497272000,,,
China,2021-05-23,"CanSino, Sinopharm/Beijing, Sinopharm/Wuhan, Sinovac",http://www.nhc.gov.cn/xcs/yqjzqk/202105/afbb6bb24f864a7ba1db6614198ed694.shtml,510858000,,,
China,2021-05-24,"CanSino, Sinopharm/Beijing, Sinopharm/Wuhan, Sinovac",http://www.nhc.gov.cn/xcs/yqjzqk/202105/3e082b13ab6442c2a9f3c39a9022498a.shtml,527253000,,,
China,2021-05-25,"CanSino, Sinopharm/Beijing, Sinopharm/Wuhan, Sinovac",http://www.nhc.gov.cn/xcs/yqjzqk/202105/993e4d140563489581ae4c6f46589cd3.shtml,546714000,,,
China,2021-05-26,"CanSino, Sinopharm/Beijing, Sinopharm/Wuhan, Sinovac",http://www.nhc.gov.cn/xcs/yqjzqk/202105/36daebf9b3e64743ad0101eb5de99a0e.shtml,566723000,,,
China,2021-05-27,"CanSino, Sinopharm/Beijing, Sinopharm/Wuhan, Sinovac",http://www.nhc.gov.cn/xcs/yqjzqk/202105/c24473c47d174853883263be6224aa08.shtml,584360000,,,
China,2021-05-28,"CanSino, Sinopharm/Beijing, Sinopharm/Wuhan, Sinovac",http://www.nhc.gov.cn/xcs/yqjzqk/202105/41095a9c33f84918bd7c2178b0197d3e.shtml,602991000,,,
China,2021-05-29,"CanSino, Sinopharm/Beijing, Sinopharm/Wuhan, Sinovac",http://www.nhc.gov.cn/xcs/yqjzqk/202105/8902b7eefe21410f80809b69877de220.shtml,620974000,,,
China,2021-05-30,"CanSino, Sinopharm/Beijing, Sinopharm/Wuhan, Sinovac",http://www.nhc.gov.cn/xcs/yqjzqk/202105/d0846315c0eb47398c688460e74a88ee.shtml,639172000,,,
China,2021-05-31,"CanSino, Sinopharm/Beijing, Sinopharm/Wuhan, Sinovac",http://www.nhc.gov.cn/xcs/yqjzqk/202106/6c7027253d164dd0af5f35e6cfe5876e.shtml,661468000,,,
China,2021-06-01,"CanSino, Sinopharm/Beijing, Sinopharm/Wuhan, Sinovac",http://www.nhc.gov.cn/xcs/yqjzqk/202106/9db49006ea4d4ab78e5a59a318cfea4f.shtml,681908000,,,
China,2021-06-02,"CanSino, Sinopharm/Beijing, Sinopharm/Wuhan, Sinovac",http://www.nhc.gov.cn/xcs/yqjzqk/202106/3ff617f188134b1c80a4920b7b25a609.shtml,704826000,,,
China,2021-06-03,"CanSino, Sinopharm/Beijing, Sinopharm/Wuhan, Sinovac",http://www.nhc.gov.cn/xcs/yqjzqk/202106/bd36bf049b4541cba84d5984c76b527e.shtml,723486000,,,
China,2021-06-04,"CanSino, Sinopharm/Beijing, Sinopharm/Wuhan, Sinovac",http://www.nhc.gov.cn/xcs/yqjzqk/202106/37acb04cceb04e4aaae6893a9bad3916.shtml,744483000,,,
China,2021-06-05,"CanSino, Sinopharm/Beijing, Sinopharm/Wuhan, Sinovac",http://www.nhc.gov.cn/xcs/yqjzqk/202106/193847fa4d304c038fe42e45142c2289.shtml,763065000,,,
China,2021-06-06,"CanSino, Sinopharm/Beijing, Sinopharm/Wuhan, Sinovac",http://www.nhc.gov.cn/xcs/yqjzqk/202106/09dace9cad2a4907be424b0887d1a873.shtml,777879000,,,
China,2021-06-07,"CanSino, Sinopharm/Beijing, Sinopharm/Wuhan, Sinovac",http://www.nhc.gov.cn/xcs/yqjzqk/202106/f97274715d7c4f969c30909f83e4c8f4.shtml,794134000,,,
China,2021-06-08,"CanSino, Sinopharm/Beijing, Sinopharm/Wuhan, Sinovac",http://www.nhc.gov.cn/xcs/yqjzqk/202106/6a50b63968e84d24aebac02e75626b95.shtml,808962000,,,
China,2021-06-09,"CanSino, Sinopharm/Beijing, Sinopharm/Wuhan, Sinovac",http://www.nhc.gov.cn/xcs/yqjzqk/202106/99e9c0d61a244a49b74873c10da173df.shtml,824856000,,,
China,2021-06-10,"CanSino, Sinopharm/Beijing, Sinopharm/Wuhan, Sinovac",http://www.nhc.gov.cn/xcs/fkdt/202106/e28487f08ad745c5952356e448a87f13.shtml,845299000,622000000,,
China,2021-06-11,"CanSino, Sinopharm/Beijing, Sinopharm/Wuhan, Sinovac",http://www.nhc.gov.cn/xcs/yqjzqk/202106/361693e0f94b4aee91f87534a6a55c72.shtml,863513000,,,
China,2021-06-12,"CanSino, Sinopharm/Beijing, Sinopharm/Wuhan, Sinovac",http://www.nhc.gov.cn/xcs/yqjzqk/202106/0c0ef78796004b6d8710074d95c41c96.shtml,878523000,,,
China,2021-06-13,"CanSino, Sinopharm/Beijing, Sinopharm/Wuhan, Sinovac",http://www.nhc.gov.cn/xcs/yqjzqk/202106/12fa90b8940a454a9ef277fdac7a39d4.shtml,892770000,,,
China,2021-06-14,"CanSino, Sinopharm/Beijing, Sinopharm/Wuhan, Sinovac",http://www.nhc.gov.cn/xcs/yqjzqk/202106/961215a2f9974b5988855d9fb55d89e0.shtml,904134000,,,
China,2021-06-15,"CanSino, Sinopharm/Beijing, Sinopharm/Wuhan, Sinovac",http://www.nhc.gov.cn/xcs/yqjzqk/202106/55adb725f1b54665815be7e73e3c83db.shtml,923910000,,,
China,2021-06-16,"CanSino, Sinopharm/Beijing, Sinopharm/Wuhan, Sinovac",http://www.nhc.gov.cn/xcs/yqjzqk/202106/33a723c6caf74dd99c2efa2f8156f72a.shtml,945150000,,,
China,2021-06-17,"CanSino, Sinopharm/Beijing, Sinopharm/Wuhan, Sinovac",http://www.nhc.gov.cn/xcs/yqjzqk/202106/5f0a37302be54ec08cc10d37275f2f89.shtml,966652000,,,
China,2021-06-18,"CanSino, Sinopharm/Beijing, Sinopharm/Wuhan, Sinovac",http://www.nhc.gov.cn/xcs/yqjzqk/202106/9a10c06abebc496fa7d6124c527b2fae.shtml,990257000,,,
China,2021-06-19,"CanSino, Sinopharm/Beijing, Sinopharm/Wuhan, Sinovac",http://www.nhc.gov.cn/xcs/yqjzqk/202106/a170c7ae7fda4809af3961dc6d79c2ff.shtml,1010489000,,,
China,2021-06-20,"CanSino, Sinopharm/Beijing, Sinopharm/Wuhan, Sinovac",http://www.nhc.gov.cn/xcs/yqjzqk/202106/ddd7b535796040ed8b86f9e34fd218bb.shtml,1029223000,,,
China,2021-06-21,"CanSino, Sinopharm/Beijing, Sinopharm/Wuhan, Sinovac",http://www.nhc.gov.cn/xcs/yqjzqk/202106/beff1109ca1f42aca1adaca564eaac14.shtml,1049744000,,,
China,2021-06-22,"CanSino, Sinopharm/Beijing, Sinopharm/Wuhan, Sinovac",http://www.nhc.gov.cn/xcs/yqjzqk/202106/94c91da29b1a41fca00ab6bf4b4f32cd.shtml,1071783000,,,
China,2021-06-23,"CanSino, Sinopharm/Beijing, Sinopharm/Wuhan, Sinovac",http://www.nhc.gov.cn/xcs/yqjzqk/202106/d38cff6ee53248ae93ae4f1b808357d6.shtml,1095902000,,,
China,2021-06-24,"CanSino, Sinopharm/Beijing, Sinopharm/Wuhan, Sinovac",http://www.nhc.gov.cn/xcs/yqjzqk/202106/88f52193e017454797849d2df572201f.shtml,1120643000,,,
China,2021-06-25,"CanSino, Sinopharm/Beijing, Sinopharm/Wuhan, Sinovac",http://www.nhc.gov.cn/xcs/yqjzqk/202106/d9e2a34c3ed94a42ad37aecdb359f1ae.shtml,1143805000,,,
China,2021-06-26,"CanSino, Sinopharm/Beijing, Sinopharm/Wuhan, Sinovac",http://www.nhc.gov.cn/xcs/yqjzqk/202106/90421eab3d8841acad840ef1e48f0d37.shtml,1165230000,,,
China,2021-06-27,"CanSino, Sinopharm/Beijing, Sinopharm/Wuhan, Sinovac",http://www.nhc.gov.cn/xcs/yqjzqk/202106/6e26629586ef4da184f1e0a8b32761ae.shtml,1185787000,,,
China,2021-06-28,"CanSino, Sinopharm/Beijing, Sinopharm/Wuhan, Sinovac",http://www.nhc.gov.cn/xcs/yqjzqk/202106/74ed0aa148744960988030bf6a3186da.shtml,1206714000,,,
China,2021-06-29,"CanSino, Sinopharm/Beijing, Sinopharm/Wuhan, Sinovac",http://www.nhc.gov.cn/xcs/yqjzqk/202106/67dc906521854d33966e55e222a60941.shtml,1225734000,,,
China,2021-06-30,"CanSino, Sinopharm/Beijing, Sinopharm/Wuhan, Sinovac",http://www.nhc.gov.cn/xcs/yqjzqk/202107/2a4b54053a4c416ca8cb62a9f7f9edb7.shtml,1244675000,,,
China,2021-07-01,"CanSino, Sinopharm/Beijing, Sinopharm/Wuhan, Sinovac",http://www.nhc.gov.cn/xcs/yqjzqk/202107/e65157ce424f48c0b6f9f05c9855b526.shtml,1264149000,,,
China,2021-07-02,"CanSino, Sinopharm/Beijing, Sinopharm/Wuhan, Sinovac",http://www.nhc.gov.cn/xcs/yqjzqk/202107/a20dc2587b664ca4ab26bd6800a3de89.shtml,1283175000,,,
China,2021-07-03,"CanSino, Sinopharm/Beijing, Sinopharm/Wuhan, Sinovac",http://www.nhc.gov.cn/xcs/yqjzqk/202107/eca9a2401360415b84fbd3b62e362ec1.shtml,1296037000,,,
China,2021-07-04,"CanSino, Sinopharm/Beijing, Sinopharm/Wuhan, Sinovac",http://www.nhc.gov.cn/xcs/yqjzqk/202107/28eeeae09f26401383185cfef72a8368.shtml,1305499000,,,
China,2021-07-05,"CanSino, Sinopharm/Beijing, Sinopharm/Wuhan, Sinovac",http://www.nhc.gov.cn/xcs/yqjzqk/202107/7556cf8d3bf4443b8343e93f038ffbd4.shtml,1318417000,,,
China,2021-07-06,"CanSino, Sinopharm/Beijing, Sinopharm/Wuhan, Sinovac",http://www.nhc.gov.cn/xcs/yqjzqk/202107/5617c924149f405baf37bec1020f76e5.shtml,1331669000,,,
China,2021-07-07,"CanSino, Sinopharm/Beijing, Sinopharm/Wuhan, Sinovac",http://www.nhc.gov.cn/xcs/yqjzqk/202107/131087b17fe44568b05c189a7512259c.shtml,1342381000,,,
China,2021-07-08,"CanSino, Sinopharm/Beijing, Sinopharm/Wuhan, Sinovac",http://www.nhc.gov.cn/xcs/yqjzqk/202107/b2e4240b4da342d2878824f430863fcc.shtml,1354226000,,,
China,2021-07-09,"CanSino, Sinopharm/Beijing, Sinopharm/Wuhan, Sinovac",http://www.nhc.gov.cn/xcs/yqjzqk/202107/4e61b9db4be649b5b8eef7ec6396d6b3.shtml,1365463000,,,
China,2021-07-10,"CanSino, Sinopharm/Beijing, Sinopharm/Wuhan, Sinovac",http://www.nhc.gov.cn/xcs/yqjzqk/202107/1efc0522cf6840d588347b7d529fb988.shtml,1374162000,,,
China,2021-07-11,"CanSino, Sinopharm/Beijing, Sinopharm/Wuhan, Sinovac",http://www.nhc.gov.cn/xcs/yqjzqk/202107/350e483540b54bda948c8816e64d3ecf.shtml,1382482000,,,
China,2021-07-12,"CanSino, Sinopharm/Beijing, Sinopharm/Wuhan, Sinovac",http://www.nhc.gov.cn/xcs/yqjzqk/202107/f132e3b541824f8abf51ba504f0ce50b.shtml,1391432000,,,
China,2021-07-13,"CanSino, Sinopharm/Beijing, Sinopharm/Wuhan, Sinovac",http://www.nhc.gov.cn/xcs/yqjzqk/202107/ee186c5952bf4066a845954b8ec7d561.shtml,1402019000,,,
China,2021-07-14,"CanSino, Sinopharm/Beijing, Sinopharm/Wuhan, Sinovac",http://www.nhc.gov.cn/xcs/yqjzqk/202107/3e5a9b6d536c48bf8d57ca9a7bf08817.shtml,1414609000,,,
China,2021-07-15,"CanSino, Sinopharm/Beijing, Sinopharm/Wuhan, Sinovac",http://www.nhc.gov.cn/xcs/yqjzqk/202107/6fb6e12e27e04dd1815c5742fc5b8dfb.shtml,1426347000,,,
China,2021-07-16,"CanSino, Sinopharm/Beijing, Sinopharm/Wuhan, Sinovac",http://www.nhc.gov.cn/xcs/yqjzqk/202107/b17bb27474e54f1d980fec46a3fe16a8.shtml,1437623000,,,
China,2021-07-17,"CanSino, Sinopharm/Beijing, Sinopharm/Wuhan, Sinovac, ZF2001",http://www.nhc.gov.cn/xcs/yqjzqk/202107/ab60eb82c9524b01910e6061fb4216ab.shtml,1447427000,,,
China,2021-07-18,"CanSino, Sinopharm/Beijing, Sinopharm/Wuhan, Sinovac, ZF2001",http://www.nhc.gov.cn/xcs/yqjzqk/202107/a1923a0b996448258aa7d26ca41797cc.shtml,1456557000,,,
China,2021-07-19,"CanSino, Sinopharm/Beijing, Sinopharm/Wuhan, Sinovac, ZF2001",http://www.nhc.gov.cn/xcs/yqjzqk/202107/85e198dec50c4400b2dff160b97d9908.shtml,1467316000,,,
China,2021-07-20,"CanSino, Sinopharm/Beijing, Sinopharm/Wuhan, Sinovac, ZF2001",http://www.nhc.gov.cn/xcs/yqjzqk/202107/abc2bd8dfead4f8ca9b1a36f11fe24c1.shtml,1478484000,,,
China,2021-07-21,"CanSino, Sinopharm/Beijing, Sinopharm/Wuhan, Sinovac, ZF2001",http://www.nhc.gov.cn/xcs/yqjzqk/202107/3df346b9c3b64006963c8093d47ad725.shtml,1491605000,,,
China,2021-07-22,"CanSino, Sinopharm/Beijing, Sinopharm/Wuhan, Sinovac, ZF2001",http://www.nhc.gov.cn/xcs/yqjzqk/202107/1c8671825659484d9110efb9e7573230.shtml,1507605000,,,
China,2021-07-23,"CanSino, Sinopharm/Beijing, Sinopharm/Wuhan, Sinovac, ZF2001",http://www.nhc.gov.cn/xcs/yqjzqk/202107/1460008ea51d456391ff3405fab20c85.shtml,1524897000,,,
China,2021-07-24,"CanSino, Sinopharm/Beijing, Sinopharm/Wuhan, Sinovac, ZF2001",http://www.nhc.gov.cn/xcs/yqjzqk/202107/6ea19a1d67de4c798d52a4193c06e738.shtml,1538707000,,,
China,2021-07-25,"CanSino, Sinopharm/Beijing, Sinopharm/Wuhan, Sinovac, ZF2001",http://www.nhc.gov.cn/xcs/yqjzqk/202107/8348635aeddd4ac58dcef6276fdbcda8.shtml,1550268000,,,
China,2021-07-26,"CanSino, Sinopharm/Beijing, Sinopharm/Wuhan, Sinovac, ZF2001",http://www.nhc.gov.cn/xcs/yqjzqk/202107/d9fb9651e6214f648a412d9b892c684d.shtml,1565872000,,,
China,2021-07-27,"CanSino, Sinopharm/Beijing, Sinopharm/Wuhan, Sinovac, ZF2001",http://www.nhc.gov.cn/xcs/yqjzqk/202107/172756a4036f4f0ab7ab734bfdb39ca0.shtml,1583361000,,,
China,2021-07-28,"CanSino, Sinopharm/Beijing, Sinopharm/Wuhan, Sinovac, ZF2001",http://www.nhc.gov.cn/jkj/s7915/202107/247c2795b5c14a909bd12bdc634803e1.shtml,1601249000,,,
China,2021-07-29,"CanSino, Sinopharm/Beijing, Sinopharm/Wuhan, Sinovac, ZF2001",http://www.nhc.gov.cn/jkj/s7915/202107/a254a488ffcd479e83ca8883b592d098.shtml,1619218000,,,
China,2021-07-30,"CanSino, Sinopharm/Beijing, Sinopharm/Wuhan, Sinovac, ZF2001",http://www.nhc.gov.cn/jkj/s7915/202107/b979481d6c364473a3f5863853fb7ad1.shtml,1637395000,,,
China,2021-07-31,"CanSino, Sinopharm/Beijing, Sinopharm/Wuhan, Sinovac, ZF2001",http://www.nhc.gov.cn/jkj/s7915/202108/cb8b1aa884eb4da1bdcc31a4e90a5337.shtml,1652819000,,,
China,2021-08-01,"CanSino, Sinopharm/Beijing, Sinopharm/Wuhan, Sinovac, ZF2001",http://www.nhc.gov.cn/jkj/s7915/202108/e20e290678ea4c7dadd8d80a3a303a1a.shtml,1669527000,,,
China,2021-08-02,"CanSino, Sinopharm/Beijing, Sinopharm/Wuhan, Sinovac, ZF2001",http://www.nhc.gov.cn/jkj/s7915/202108/9044b294e03a417b9be06665a6bc4478.shtml,1688683000,,,
China,2021-08-03,"CanSino, Sinopharm/Beijing, Sinopharm/Wuhan, Sinovac, ZF2001",http://www.nhc.gov.cn/jkj/s7915/202108/8b14279dd96d4bb2a84000b4969c08e3.shtml,1708356000,,,
China,2021-08-04,"CanSino, Sinopharm/Beijing, Sinopharm/Wuhan, Sinovac, ZF2001",http://www.nhc.gov.cn/jkj/s7915/202108/39679e47dbb849e386f64247fd241082.shtml,1726223000,,,
China,2021-08-05,"CanSino, Sinopharm/Beijing, Sinopharm/Wuhan, Sinovac, ZF2001",http://www.nhc.gov.cn/jkj/s7915/202108/60c5f536c898462b83264bb719699e16.shtml,1741812000,,,
China,2021-08-06,"CanSino, Sinopharm/Beijing, Sinopharm/Wuhan, Sinovac, ZF2001",http://www.nhc.gov.cn/jkj/s7915/202108/7191e83058b24d79b7104c3b716e94aa.shtml,1757780000,,,
China,2021-08-07,"CanSino, Sinopharm/Beijing, Sinopharm/Wuhan, Sinovac, ZF2001",http://www.nhc.gov.cn/jkj/s7915/202108/e2e021c2b8d04516a08477ae34499262.shtml,1770304000,,,
China,2021-08-08,"CanSino, Sinopharm/Beijing, Sinopharm/Wuhan, Sinovac, ZF2001",http://www.nhc.gov.cn/jkj/s7915/202108/58fdf39d51a745e3a8a0a4eb98d96984.shtml,1782525000,,,
China,2021-08-09,"CanSino, Sinopharm/Beijing, Sinopharm/Wuhan, Sinovac, ZF2001",http://www.nhc.gov.cn/jkj/s7915/202108/86bf5cbbf91e490bbb484244a190092a.shtml,1795049000,,,
China,2021-08-10,"CanSino, Sinopharm/Beijing, Sinopharm/Wuhan, Sinovac, ZF2001",http://www.nhc.gov.cn/jkj/s7915/202108/5f13b4539acc4276bbb9cfd9dfa5bec8.shtml,1808092000,,,
China,2021-08-11,"CanSino, Sinopharm/Beijing, Sinopharm/Wuhan, Sinovac, ZF2001",http://www.nhc.gov.cn/jkj/s7915/202108/9ec02a8bf9954af2a8ca452e18a1136c.shtml,1820238000,,,
China,2021-08-12,"CanSino, Sinopharm/Beijing, Sinopharm/Wuhan, Sinovac, ZF2001",http://www.nhc.gov.cn/xcs/s3574/202108/6c77e46253b84b1f9cca2d5aa4a0f76b.shtml,1832450000,,777046000,
China,2021-08-13,"CanSino, Sinopharm/Beijing, Sinopharm/Wuhan, Sinovac, ZF2001",http://www.nhc.gov.cn/jkj/s7915/202108/f18691e9a2c9474485557d80f4dad093.shtml,1844382000,,,
China,2021-08-14,"CanSino, Sinopharm/Beijing, Sinopharm/Wuhan, Sinovac, ZF2001",http://www.nhc.gov.cn/jkj/s7915/202108/05856d8cfabf48d4949b4379b076d308.shtml,1853839000,,,
China,2021-08-15,"CanSino, Sinopharm/Beijing, Sinopharm/Wuhan, Sinovac, ZF2001",http://www.nhc.gov.cn/jkj/s7915/202108/57c084ce991c49b0a3a685528543891f.shtml,1862928000,,,
China,2021-08-16,"CanSino, Sinopharm/Beijing, Sinopharm/Wuhan, Sinovac, ZF2001",http://www.nhc.gov.cn/jkj/s7915/202108/0103c2752a84466db735fe6cbfdcc26c.shtml,1875371000,,,
China,2021-08-17,"CanSino, Sinopharm/Beijing, Sinopharm/Wuhan, Sinovac, ZF2001",http://www.nhc.gov.cn/jkj/s7915/202108/9123f8d095304c48b4843dc80185ea9d.shtml,1887273000,,,
China,2021-08-18,"CanSino, Sinopharm/Beijing, Sinopharm/Wuhan, Sinovac, ZF2001",http://www.nhc.gov.cn/jkj/s7915/202108/838eac7e251d4513aa985f158add89d3.shtml,1900127000,,,
China,2021-08-19,"CanSino, Sinopharm/Beijing, Sinopharm/Wuhan, Sinovac, ZF2001",http://www.nhc.gov.cn/jkj/s7915/202108/afb009eb54eb4fff86c9d9595ecb74f3.shtml,1912419000,,,
China,2021-08-20,"CanSino, Sinopharm/Beijing, Sinopharm/Wuhan, Sinovac, ZF2001",http://www.nhc.gov.cn/jkj/s7915/202108/3960a74ad4804dfd8d95e8cfead0b73e.shtml,1924390000,,,
China,2021-08-21,"CanSino, Sinopharm/Beijing, Sinopharm/Wuhan, Sinovac, ZF2001",http://www.nhc.gov.cn/jkj/s7915/202108/d2b1143179fb48d883be03a8b1b97398.shtml,1935869000,,,
China,2021-08-22,"CanSino, Sinopharm/Beijing, Sinopharm/Wuhan, Sinovac, ZF2001",http://www.nhc.gov.cn/jkj/s7915/202108/70501814de9345ad9e9ae4083d1e2f3e.shtml,1946954000,,,
China,2021-08-23,"CanSino, Sinopharm/Beijing, Sinopharm/Wuhan, Sinovac, ZF2001",http://www.nhc.gov.cn/jkj/s7915/202108/7da864e2bc3541b8b9562646ff797ccd.shtml,1961893000,,,
China,2021-08-24,"CanSino, Sinopharm/Beijing, Sinopharm/Wuhan, Sinovac, ZF2001",http://www.nhc.gov.cn/xcs/yqjzqk/list_gzbd.shtml,1975738000,,,
China,2021-08-25,"CanSino, Sinopharm/Beijing, Sinopharm/Wuhan, Sinovac, ZF2001",http://www.nhc.gov.cn/xcs/yqjzqk/list_gzbd.shtml,1988433000,,,
China,2021-08-26,"CanSino, Sinopharm/Beijing, Sinopharm/Wuhan, Sinovac, ZF2001",http://www.nhc.gov.cn/xcs/s3574/202108/f211dd79672642b7908ffb7575d020a1.shtml,2003914000,1072500000,889439000,
China,2021-08-27,"CanSino, Sinopharm/Beijing, Sinopharm/Wuhan, Sinovac, ZF2001",http://www.nhc.gov.cn/xcs/yqjzqk/list_gzbd.shtml,2019549000,,,
China,2021-08-28,"CanSino, Sinopharm/Beijing, Sinopharm/Wuhan, Sinovac, ZF2001",http://www.nhc.gov.cn/xcs/yqjzqk/list_gzbd.shtml,2032934000,,,
China,2021-08-29,"CanSino, Sinopharm/Beijing, Sinopharm/Wuhan, Sinovac, ZF2001",http://www.nhc.gov.cn/xcs/yqjzqk/list_gzbd.shtml,2044625000,,,
China,2021-08-30,"CanSino, Sinopharm/Beijing, Sinopharm/Wuhan, Sinovac, ZF2001",http://www.nhc.gov.cn/xcs/yqjzqk/list_gzbd.shtml,2055966000,,,
China,2021-08-31,"CanSino, Sinopharm/Beijing, Sinopharm/Wuhan, Sinovac, ZF2001",http://www.nhc.gov.cn/xcs/yqjzqk/list_gzbd.shtml,2067589000,,,
China,2021-09-01,"CanSino, Sinopharm/Beijing, Sinopharm/Wuhan, Sinovac, ZF2001",http://www.nhc.gov.cn/jkj/s7915/202109/8cd99c22fea74ebbafbe22f48ff55601.shtml,2076428000,,,
China,2021-09-02,"CanSino, Sinopharm/Beijing, Sinopharm/Wuhan, Sinovac, ZF2001",http://www.nhc.gov.cn/jkj/s7915/202109/98620aac1d6b4738887c0d7b00744578.shtml,2084650000,,,
China,2021-09-03,"CanSino, Sinopharm/Beijing, Sinopharm/Wuhan, Sinovac, ZF2001",http://www.nhc.gov.cn/jkj/s7915/202109/3b6d005cb9994f1eb67cb0c5467e39b9.shtml,2092174000,,,
China,2021-09-04,"CanSino, Sinopharm/Beijing, Sinopharm/Wuhan, Sinovac, ZF2001",http://www.nhc.gov.cn/jkj/s7915/202109/374bf3ef36b247839601f1c191c8644b.shtml,2100387000,,,
China,2021-09-05,"CanSino, Sinopharm/Beijing, Sinopharm/Wuhan, Sinovac, ZF2001",http://www.nhc.gov.cn/jkj/s7915/202109/3dfd6315f9234a9da1622d2cd68df98f.shtml,2107445000,,,
China,2021-09-06,"CanSino, Sinopharm/Beijing, Sinopharm/Wuhan, Sinovac, ZF2001",http://www.nhc.gov.cn/xcs/s3574/202109/8b207c33c04145e4942ff946b53adc7c.shtml,2113083000,1095000000,969720000,
China,2021-09-07,"CanSino, Sinopharm/Beijing, Sinopharm/Wuhan, Sinovac, ZF2001",http://www.nhc.gov.cn/jkj/s7915/202109/b298913d782f4370b9ffd8ea22126a45.shtml,2119025000,,,
China,2021-09-08,"CanSino, Sinopharm/Beijing, Sinopharm/Wuhan, Sinovac, ZF2001",http://www.nhc.gov.cn/jkj/s7915/202109/99ddec2270f4490d8ae2f7025ac6c796.shtml,2124582000,,,
China,2021-09-09,"CanSino, Sinopharm/Beijing, Sinopharm/Wuhan, Sinovac, ZF2001",http://www.nhc.gov.cn/jkj/s7915/202109/3d3b819d5f574099bb42faf327ae35c3.shtml,2129833000,,,
China,2021-09-10,"CanSino, Sinopharm/Beijing, Sinopharm/Wuhan, Sinovac, ZF2001",http://www.nhc.gov.cn/jkj/s7915/202109/7d80233c5449497b9f5cb6e95390478a.shtml,2135240000,,,
China,2021-09-11,"CanSino, Sinopharm/Beijing, Sinopharm/Wuhan, Sinovac, ZF2001",http://www.nhc.gov.cn/jkj/s7915/202109/ed4ffd35fcb6490381cfb357f68f35a2.shtml,2142580000,,,
China,2021-09-12,"CanSino, Sinopharm/Beijing, Sinopharm/Wuhan, Sinovac, ZF2001",http://www.nhc.gov.cn/jkj/s7915/202109/eb87e72f753b4ba3a45004330c1b6a97.shtml,2148120000,,,
China,2021-09-13,"CanSino, Sinopharm/Beijing, Sinopharm/Wuhan, Sinovac, ZF2001",http://www.nhc.gov.cn/jkj/s7915/202109/47aad44bd9b54b59a33d29f7f7c2ca9e.shtml,2152520000,,,
China,2021-09-14,"CanSino, Sinopharm/Beijing, Sinopharm/Wuhan, Sinovac, ZF2001",http://www.nhc.gov.cn/jkj/s7915/202109/db13ecdcd1e74b66972d86c270491039.shtml,2156938000,,,
China,2021-09-15,"CanSino, Sinopharm/Beijing, Sinopharm/Wuhan, Sinovac, ZF2001",http://www.nhc.gov.cn/xcs/s3574/202109/f89d117481b24572a346c19fde76a396.shtml,2161428000,,1011584000,
China,2021-09-16,"CanSino, Sinopharm/Beijing, Sinopharm/Wuhan, Sinovac, ZF2001",http://www.nhc.gov.cn/jkj/s7915/202109/2a0090fd9a6748d189492ab91238cefc.shtml,2165679000,,,
China,2021-09-17,"CanSino, Sinopharm/Beijing, Sinopharm/Wuhan, Sinovac, ZF2001",http://www.nhc.gov.cn/jkj/s7915/202109/8c4dcdd82704486d960ae950c66d234f.shtml,2170017000,,,
China,2021-09-18,"CanSino, Sinopharm/Beijing, Sinopharm/Wuhan, Sinovac, ZF2001",http://www.nhc.gov.cn/xcs/yqfkdt/202109/bf2cf785ce0544ae818a76ffbb18ca79.shtml,2174043000,1100842000,1022207000,
China,2021-09-19,"CanSino, Sinopharm/Beijing, Sinopharm/Wuhan, Sinovac, ZF2001",http://www.nhc.gov.cn/jkj/s7915/202109/152d7277c1e6453a958d79e8fb6b9fb0.shtml,2177638000,,,
China,2021-09-20,"CanSino, Sinopharm/Beijing, Sinopharm/Wuhan, Sinovac, ZF2001",http://www.nhc.gov.cn/jkj/s7915/202109/39c6d2db749a485a94ad6e09714da9ed.shtml,2180986000,,,
China,2021-09-21,"CanSino, Sinopharm/Beijing, Sinopharm/Wuhan, Sinovac, ZF2001",http://www.nhc.gov.cn/jkj/s7915/202109/503b98eecf244838a21e4e4eb469554b.shtml,2182604000,,,
China,2021-09-22,"CanSino, Sinopharm/Beijing, Sinopharm/Wuhan, Sinovac, ZF2001",http://www.nhc.gov.cn/jkj/s7915/202109/93a6f1a21cd743d483671f100fee0f71.shtml,2186583000,,,
China,2021-09-23,"CanSino, Sinopharm/Beijing, Sinopharm/Wuhan, Sinovac, ZF2001",http://www.nhc.gov.cn/jkj/s7915/202109/ffa7ab09eada4bf784df35a060c2af05.shtml,2190792000,,,
China,2021-09-24,"CanSino, Sinopharm/Beijing, Sinopharm/Wuhan, Sinovac, ZF2001",http://www.nhc.gov.cn/jkj/s7915/202109/cfa7777b053f4e1ba3d64022699fe7d7.shtml,2194467000,,,
China,2021-09-25,"CanSino, Sinopharm/Beijing, Sinopharm/Wuhan, Sinovac, ZF2001",http://www.nhc.gov.cn/jkj/s7915/202109/d8630c2ef53347b58a1fe8639ca8cef7.shtml,2197689000,,,
China,2021-09-26,"CanSino, Sinopharm/Beijing, Sinopharm/Wuhan, Sinovac, ZF2001",http://www.nhc.gov.cn/jkj/s7915/202109/d668f6cf750b4a9784378da18d9985f4.shtml,2200202000,,,
China,2021-09-27,"CanSino, Sinopharm/Beijing, Sinopharm/Wuhan, Sinovac, ZF2001",http://www.nhc.gov.cn/jkj/s7915/202109/2341f6772efa4aa2add3da106b476b40.shtml,2203185000,,,
China,2021-09-28,"CanSino, Sinopharm/Beijing, Sinopharm/Wuhan, Sinovac, ZF2001",http://www.nhc.gov.cn/xcs/s3574/202109/14271f3eb33145058725fa9bd50af537.shtml,2206054000,,1047872000,
China,2021-09-29,"CanSino, Sinopharm/Beijing, Sinopharm/Wuhan, Sinovac, ZF2001",http://www.nhc.gov.cn/jkj/s7915/202109/3400c574c9f9499dbe0c41a3e33a0bec.shtml,2208921000,,,
China,2021-09-30,"CanSino, Sinopharm/Beijing, Sinopharm/Wuhan, Sinovac, ZF2001",http://www.nhc.gov.cn/jkj/s7915/202110/74fa8f4493914a65b9b01acdaca4f925.shtml,2211452000,,,
China,2021-10-01,"CanSino, Sinopharm/Beijing, Sinopharm/Wuhan, Sinovac, ZF2001",http://www.nhc.gov.cn/jkj/s7915/202110/b8d0abe4d1454482889829db14e0bd5c.shtml,2212206000,,,
China,2021-10-02,"CanSino, Sinopharm/Beijing, Sinopharm/Wuhan, Sinovac, ZF2001",http://www.nhc.gov.cn/jkj/s7915/202110/f1b6f84479604b4f80c5fab31008e817.shtml,2212961000,,,
China,2021-10-03,"CanSino, Sinopharm/Beijing, Sinopharm/Wuhan, Sinovac, ZF2001",http://www.nhc.gov.cn/jkj/s7915/202110/cc400c2654ac4533ac11299868bb6e64.shtml,2213691000,,,
China,2021-10-04,"CanSino, Sinopharm/Beijing, Sinopharm/Wuhan, Sinovac, ZF2001",http://www.nhc.gov.cn/jkj/s7915/202110/3d6c94230b0e452488444c747218739f.shtml,2214564000,,,
China,2021-10-05,"CanSino, Sinopharm/Beijing, Sinopharm/Wuhan, Sinovac, ZF2001",http://www.nhc.gov.cn/jkj/s7915/202110/c19ce13b72244dadb0d884d4a36bd27f.shtml,2215428000,,,
China,2021-10-06,"CanSino, Sinopharm/Beijing, Sinopharm/Wuhan, Sinovac, ZF2001",http://www.nhc.gov.cn/jkj/s7915/202110/b126dbedadf6447ca2aac7709a9f4a47.shtml,2216382000,,,
China,2021-10-07,"CanSino, Sinopharm/Beijing, Sinopharm/Wuhan, Sinovac, ZF2001",http://www.nhc.gov.cn/jkj/s7915/202110/3fc297a34a4b480885a5cc5197f8883b.shtml,2217563000,,,
China,2021-10-08,"CanSino, Sinopharm/Beijing, Sinopharm/Wuhan, Sinovac, ZF2001",http://www.nhc.gov.cn/jkj/s7915/202110/c0f1a3623c704a209bac7ffa60ff73fb.shtml,2218826000,,,
China,2021-10-09,"CanSino, Sinopharm/Beijing, Sinopharm/Wuhan, Sinovac, ZF2001",http://www.nhc.gov.cn/jkj/s7915/202110/d0d4cd74d15c4f7ab270fe33296567d9.shtml,2220128000,,,
China,2021-10-10,"CanSino, Sinopharm/Beijing, Sinopharm/Wuhan, Sinovac, ZF2001",http://www.nhc.gov.cn/jkj/s7915/202110/b3f0ba747c43439b9b1f382559fd6343.shtml,2221245000,,,
China,2021-10-11,"CanSino, Sinopharm/Beijing, Sinopharm/Wuhan, Sinovac, ZF2001",http://www.nhc.gov.cn/jkj/s7915/202110/d93825cbfc1c49b9b3b8ef0706a5d147.shtml,2222666000,,,
China,2021-10-12,"CanSino, Sinopharm/Beijing, Sinopharm/Wuhan, Sinovac, ZF2001",http://www.nhc.gov.cn/jkj/s7915/202110/aa8c8f586ea84c81bd6b0fec842724e1.shtml,2224081000,,,
China,2021-10-13,"CanSino, Sinopharm/Beijing, Sinopharm/Wuhan, Sinovac, ZF2001",http://www.nhc.gov.cn/jkj/s7915/202110/1fca4cdedd084cde8de3089fd51fa254.shtml,2225504000,,,
China,2021-10-14,"CanSino, Sinopharm/Beijing, Sinopharm/Wuhan, Sinovac, ZF2001",http://www.nhc.gov.cn/jkj/s7915/202110/dea770617a3340d59838db4bd79054f6.shtml,2227334000,,,
China,2021-10-15,"CanSino, Sinopharm/Beijing, Sinopharm/Wuhan, Sinovac, ZF2001",http://www.nhc.gov.cn/jkj/s7915/202110/9b878825392d4732b256971b36456eaa.shtml,2229212000,,,
China,2021-10-16,"CanSino, Sinopharm/Beijing, Sinopharm/Wuhan, Sinovac, ZF2001",http://www.nhc.gov.cn/jkj/s7915/202110/eb10929b0e764535af4a5631ea4f8a73.shtml,2230567000,,,
China,2021-10-17,"CanSino, Sinopharm/Beijing, Sinopharm/Wuhan, Sinovac, ZF2001",http://www.nhc.gov.cn/jkj/s7915/202110/9d6d4c32ea09463c95043228634a233a.shtml,2232088000,,,
China,2021-10-18,"CanSino, Sinopharm/Beijing, Sinopharm/Wuhan, Sinovac, ZF2001",http://www.nhc.gov.cn/jkj/s7915/202110/7a19b9a6254c443f94944193a6f85139.shtml,2234096000,,,
China,2021-10-19,"CanSino, Sinopharm/Beijing, Sinopharm/Wuhan, Sinovac, ZF2001",http://www.nhc.gov.cn/jkj/s7915/202110/d43226f89b3f4977813f35bd6b9acd2b.shtml,2236226000,,,
China,2021-10-20,"CanSino, Sinopharm/Beijing, Sinopharm/Wuhan, Sinovac, ZF2001",http://www.nhc.gov.cn/jkj/s7915/202110/febf34f3e8ec435cbf8a0070b7885c28.shtml,2238325000,,,
China,2021-10-21,"CanSino, Sinopharm/Beijing, Sinopharm/Wuhan, Sinovac, ZF2001",http://www.nhc.gov.cn/jkj/s7915/202110/a214158950c44e8a8267f3de229aed20.shtml,2240550000,,,
China,2021-10-22,"CanSino, Sinopharm/Beijing, Sinopharm/Wuhan, Sinovac, ZF2001",http://www.nhc.gov.cn/jkj/s7915/202110/25530d3867cd460bb4ea24c2f8f14c39.shtml,2243018000,,,
China,2021-10-23,"CanSino, Sinopharm/Beijing, Sinopharm/Wuhan, Sinovac, ZF2001",http://www.nhc.gov.cn/xcs/s3574/202110/c8145fa890354d2c96fed651c8e41763.shtml,2244727000,,1067621000,
China,2021-10-24,"CanSino, Sinopharm/Beijing, Sinopharm/Wuhan, Sinovac, ZF2001",http://www.nhc.gov.cn/jkj/s7915/202110/6302b23e07554c1d939e271f8dda70c4.shtml,2246217000,,,
China,2021-10-25,"CanSino, Sinopharm/Beijing, Sinopharm/Wuhan, Sinovac, ZF2001",http://www.nhc.gov.cn/jkj/s7915/202110/476396af826b4fac956209e5082cd552.shtml,2248688000,,,
China,2021-10-26,"CanSino, Sinopharm/Beijing, Sinopharm/Wuhan, Sinovac, ZF2001",http://www.nhc.gov.cn/jkj/s7915/202110/86b07bea84b544acb274a7e0520c4150.shtml,2251339000,,,
China,2021-10-27,"CanSino, Sinopharm/Beijing, Sinopharm/Wuhan, Sinovac, ZF2001",http://www.nhc.gov.cn/jkj/s7915/202110/7a8fdaa2dfa34acc84663488cf892c99.shtml,2254252000,,,
China,2021-10-28,"CanSino, Sinopharm/Beijing, Sinopharm/Wuhan, Sinovac, ZF2001",http://www.nhc.gov.cn/jkj/s7915/202110/f4c4fe9912944c2e826b8376c27dc076.shtml,2257584000,,,
China,2021-10-29,"CanSino, Sinopharm/Beijing, Sinopharm/Wuhan, Sinovac, ZF2001",http://www.nhc.gov.cn/xcs/s3574/202110/66acdf3ec40b41929944224c65b1d85c.shtml,2262226000,,1070386000,
China,2021-10-30,"CanSino, Sinopharm/Beijing, Sinopharm/Wuhan, Sinovac, ZF2001",http://www.nhc.gov.cn/jkj/s7915/202110/a56e84ee264f44e99051cf1371fb9dfc.shtml,2268362000,,,
China,2021-10-31,"CanSino, Sinopharm/Beijing, Sinopharm/Wuhan, Sinovac, ZF2001",http://www.nhc.gov.cn/jkj/s7915/202111/a533ee03be4648a5858554ab04591ef6.shtml,2274072000,,,
China,2021-11-01,"CanSino, Sinopharm/Beijing, Sinopharm/Wuhan, Sinovac, ZF2001",http://www.nhc.gov.cn/jkj/s7915/202111/5e687b673afa480da56c01be4259675a.shtml,2279422000,,,
China,2021-11-02,"CanSino, Sinopharm/Beijing, Sinopharm/Wuhan, Sinovac, ZF2001",http://www.nhc.gov.cn/jkj/s7915/202111/c30b612914234593a5389edae5953d39.shtml,2285954000,,,
China,2021-11-03,"CanSino, Sinopharm/Beijing, Sinopharm/Wuhan, Sinovac, ZF2001",http://www.nhc.gov.cn/jkj/s7915/202111/ccecad98db87436a80a042c176c7b937.shtml,2293820000,,,
China,2021-11-04,"CanSino, Sinopharm/Beijing, Sinopharm/Wuhan, Sinovac, ZF2001",http://www.nhc.gov.cn/jkj/s7915/202111/eee0bfbdefd54ad3a9b09957d6e13a6c.shtml,2302679000,,,
China,2021-11-05,"CanSino, Sinopharm/Beijing, Sinopharm/Wuhan, Sinovac, ZF2001",http://www.nhc.gov.cn/xcs/s3574/202111/28aeb8577b8747ed877f582d50f51035.shtml,2311626000,,1072454000,37973000
China,2021-11-06,"CanSino, Sinopharm/Beijing, Sinopharm/Wuhan, Sinovac, ZF2001",http://www.nhc.gov.cn/jkj/s7915/202111/ffe30bbabb5b47efb857504da20f63f0.shtml,2322102000,,,
China,2021-11-07,"CanSino, Sinopharm/Beijing, Sinopharm/Wuhan, Sinovac, ZF2001",http://www.nhc.gov.cn/jkj/s7915/202111/88ce173506994b458b969059b6a17e25.shtml,2330726000,,,
China,2021-11-08,"CanSino, Sinopharm/Beijing, Sinopharm/Wuhan, Sinovac, ZF2001",http://www.nhc.gov.cn/jkj/s7915/202111/309e663a3f614b7b8c2e1e59648debf0.shtml,2338493000,,,
China,2021-11-09,"CanSino, Sinopharm/Beijing, Sinopharm/Wuhan, Sinovac, ZF2001",http://www.nhc.gov.cn/jkj/s7915/202111/4971cd825683438185271869183daba0.shtml,2346831000,,,
China,2021-11-10,"CanSino, Sinopharm/Beijing, Sinopharm/Wuhan, Sinovac, ZF2001",http://www.nhc.gov.cn/jkj/s7915/202111/a250f34460a7416ba712e244550a1c62.shtml,2355525000,,,
China,2021-11-11,"CanSino, Sinopharm/Beijing, Sinopharm/Wuhan, Sinovac, ZF2001",http://www.nhc.gov.cn/jkj/s7915/202111/01dbf4412d9b4cfa8f85004c6311b743.shtml,2364032000,,,
China,2021-11-12,"CanSino, Sinopharm/Beijing, Sinopharm/Wuhan, Sinovac, ZF2001",http://www.nhc.gov.cn/xcs/s3574/202111/4ed1e55f05af44e0a4b2d2fc52b99afe.shtml,2372713000,,1073845000,49440000
China,2021-11-13,"CanSino, Sinopharm/Beijing, Sinopharm/Wuhan, Sinovac, ZF2001",http://www.nhc.gov.cn/jkj/s7915/202111/98d4e656254346ba918a8c945486d461.shtml,2382133000,,,
China,2021-11-14,"CanSino, Sinopharm/Beijing, Sinopharm/Wuhan, Sinovac, ZF2001",http://www.nhc.gov.cn/jkj/s7915/202111/15ab6018bf46407b9d12ed2510b5b8b6.shtml,2389568000,,,
China,2021-11-15,"CanSino, Sinopharm/Beijing, Sinopharm/Wuhan, Sinovac, ZF2001",http://www.nhc.gov.cn/jkj/s7915/202111/806a0ebc9df947b7b2ec43a45d88b8c1.shtml,2396045000,,,
China,2021-11-16,"CanSino, Sinopharm/Beijing, Sinopharm/Wuhan, Sinovac, ZF2001",http://www.nhc.gov.cn/jkj/s7915/202111/c0f33ee41a9244278d983234f838db3f.shtml,2402897000,,,
China,2021-11-17,"CanSino, Sinopharm/Beijing, Sinopharm/Wuhan, Sinovac, ZF2001",http://www.nhc.gov.cn/jkj/s7915/202111/f7cec24248b048dab7c8e9ff14fa7027.shtml,2409784000,,,
China,2021-11-18,"CanSino, Sinopharm/Beijing, Sinopharm/Wuhan, Sinovac, ZF2001",http://www.nhc.gov.cn/jkj/s7915/202111/9c463145a8374fc5a09e91a518c71713.shtml,2416179000,,,
China,2021-11-19,"CanSino, Sinopharm/Beijing, Sinopharm/Wuhan, Sinovac, ZF2001",http://www.nhc.gov.cn/xcs/s3574/202111/019a8b08d32740258899260f15592f40.shtml,2422908000,1225000000,1076308000,65730000
China,2021-11-20,"CanSino, Sinopharm/Beijing, Sinopharm/Wuhan, Sinovac, ZF2001",http://www.nhc.gov.cn/jkj/s7915/202111/f088a85ef1b24310b02cf7f74196f65f.shtml,2430743000,,,
China,2021-11-21,"CanSino, Sinopharm/Beijing, Sinopharm/Wuhan, Sinovac, ZF2001",http://www.nhc.gov.cn/jkj/s7915/202111/988b2d7956094548a52e190722e884f3.shtml,2437252000,,,
China,2021-11-22,"CanSino, Sinopharm/Beijing, Sinopharm/Wuhan, Sinovac, ZF2001",http://www.nhc.gov.cn/jkj/s7915/202111/4753f84882fd49ffa80e2fc9c4db1f20.shtml,2442786000,,,
China,2021-11-23,"CanSino, Sinopharm/Beijing, Sinopharm/Wuhan, Sinovac, ZF2001",http://www.nhc.gov.cn/jkj/s7915/202111/e3117afc766e48ca925f4137c13bafff.shtml,2449427000,,,
China,2021-11-24,"CanSino, Sinopharm/Beijing, Sinopharm/Wuhan, Sinovac, ZF2001",http://www.nhc.gov.cn/jkj/s7915/202111/2fc55c2a266145178e4bc8e3d19b03a8.shtml,2456617000,,,
China,2021-11-25,"CanSino, Sinopharm/Beijing, Sinopharm/Wuhan, Sinovac, ZF2001",http://www.nhc.gov.cn/jkj/s7915/202111/9004f22459a4479dbfa9e2523c7f864f.shtml,2464330000,,,
China,2021-11-26,"CanSino, Sinopharm/Beijing, Sinopharm/Wuhan, Sinovac, ZF2001",http://www.nhc.gov.cn/jkj/s7915/202111/f4be32135985483991c7daaa5acb99c7.shtml,2472847000,,,
China,2021-11-27,"CanSino, Sinopharm/Beijing, Sinopharm/Wuhan, Sinovac, ZF2001",http://www.nhc.gov.cn/jkj/s7915/202111/b1864983e6e04e8ca2916a5782606e6d.shtml,2482895000,,,
China,2021-11-28,"CanSino, Sinopharm/Beijing, Sinopharm/Wuhan, Sinovac, ZF2001",http://www.nhc.gov.cn/jkj/s7915/202111/970bf4a0d83c4a71955f4359011248a3.shtml,2492041000,,,
China,2021-11-29,"CanSino, Sinopharm/Beijing, Sinopharm/Wuhan, Sinovac, ZF2001",http://www.nhc.gov.cn/xcs/s3574/202111/53b53f738b8040ed85541b1ac96a58c6.shtml,2499813000,,1110506000,
China,2021-11-30,"CanSino, Sinopharm/Beijing, Sinopharm/Wuhan, Sinovac, ZF2001",http://www.nhc.gov.cn/jkj/s7915/202112/222ad3cd759c4662a59860c2e89ca584.shtml,2507975000,,,
China,2021-12-01,"CanSino, Sinopharm/Beijing, Sinopharm/Wuhan, Sinovac, ZF2001",http://www.nhc.gov.cn/jkj/s7915/202112/403a2f68899a4fb98c56e46d9e5a1e70.shtml,2516380000,,,
China,2021-12-02,"CanSino, Sinopharm/Beijing, Sinopharm/Wuhan, Sinovac, ZF2001",http://www.nhc.gov.cn/jkj/s7915/202112/dcf486f78a0f46ef8488dea2cc3728a0.shtml,2524363000,,,
China,2021-12-03,"CanSino, Sinopharm/Beijing, Sinopharm/Wuhan, Sinovac, ZF2001",http://www.jksb.com.cn/html/xinwen/2021/1204/174283.html,2532799000,,1125000000,96312000
China,2021-12-04,"CanSino, Sinopharm/Beijing, Sinopharm/Wuhan, Sinovac, ZF2001",http://www.nhc.gov.cn/jkj/s7915/202112/004246ccbad448b89ad1bda3ada40b79.shtml,2543424000,,,
China,2021-12-05,"CanSino, Sinopharm/Beijing, Sinopharm/Wuhan, Sinovac, ZF2001",http://www.nhc.gov.cn/jkj/s7915/202112/fa102947e6654971b702df9b6558646f.shtml,2553028000,,,
China,2021-12-06,"CanSino, Sinopharm/Beijing, Sinopharm/Wuhan, Sinovac, ZF2001",http://www.nhc.gov.cn/jkj/s7915/202112/04ebed91dfa049368950ae2c62b499ff.shtml,2560117000,,,
China,2021-12-07,"CanSino, Sinopharm/Beijing, Sinopharm/Wuhan, Sinovac, ZF2001",http://www.nhc.gov.cn/jkj/s7915/202112/50ed46dc4225486f9c3fc188e9db4a39.shtml,2567552000,,,
China,2021-12-08,"CanSino, Sinopharm/Beijing, Sinopharm/Wuhan, Sinovac, ZF2001",http://www.nhc.gov.cn/jkj/s7915/202112/02052467ced44fe69cba8fbf31293246.shtml,2574931000,,,
China,2021-12-09,"CanSino, Sinopharm/Beijing, Sinopharm/Wuhan, Sinovac, ZF2001",http://www.nhc.gov.cn/jkj/s7915/202112/a8adbfd47da24d4b8c5f69b5880bedc7.shtml,2582740000,,,
China,2021-12-10,"CanSino, Sinopharm/Beijing, Sinopharm/Wuhan, Sinovac, ZF2001",http://www.nhc.gov.cn/xcs/s3574/202112/88ce42bf16974ebd8d4b5367cfdd86e5.shtml,2591879000,,1162488000,120580000
China,2021-12-11,"CanSino, Sinopharm/Beijing, Sinopharm/Wuhan, Sinovac, ZF2001",http://www.nhc.gov.cn/jkj/s7915/202112/30348af67acf47539e3ad124881793b2.shtml,2602703000,,,
China,2021-12-12,"CanSino, Sinopharm/Beijing, Sinopharm/Wuhan, Sinovac, ZF2001",http://www.nhc.gov.cn/jkj/s7915/202112/9bbd20f318d84186a6334c48a4af15f5.shtml,2612218000,,,
China,2021-12-13,"CanSino, Sinopharm/Beijing, Sinopharm/Wuhan, Sinovac, ZF2001",http://www.nhc.gov.cn/jkj/s7915/202112/1fb3ea05fc05487b89140ed7aa831f1c.shtml,2621190000,,,
China,2021-12-14,"CanSino, Sinopharm/Beijing, Sinopharm/Wuhan, Sinovac, ZF2001",http://www.nhc.gov.cn/jkj/s7915/202112/679c1906b67b42a596f6cdcdc34343ac.shtml,2630204000,,,
China,2021-12-15,"CanSino, Sinopharm/Beijing, Sinopharm/Wuhan, Sinovac, ZF2001",http://www.nhc.gov.cn/jkj/s7915/202112/b0f95553eb824f74a4860f3b2dbc688e.shtml,2640059000,,,
China,2021-12-16,"CanSino, Sinopharm/Beijing, Sinopharm/Wuhan, Sinovac, ZF2001",http://www.nhc.gov.cn/jkj/s7915/202112/35451410e9914759bf83c37f8abb8023.shtml,2650561000,,,
China,2021-12-17,"CanSino, Sinopharm/Beijing, Sinopharm/Wuhan, Sinovac, ZF2001",http://www.nhc.gov.cn/xcs/s3574/202112/35901f68c72441abbc7505aec86826aa.shtml,2661838000,,1186289000,
China,2021-12-18,"CanSino, Sinopharm/Beijing, Sinopharm/Wuhan, Sinovac, ZF2001",http://www.nhc.gov.cn/jkj/s7915/202112/04a5b1c987da4587a6b659f1be9e809e.shtml,2673688000,,,
China,2021-12-19,"CanSino, Sinopharm/Beijing, Sinopharm/Wuhan, Sinovac, ZF2001",http://www.nhc.gov.cn/xcs/s3574/202112/bb163e5e345546669130c0a894a91ca1.shtml,2684290000,,1193466000,
China,2021-12-20,"CanSino, Sinopharm/Beijing, Sinopharm/Wuhan, Sinovac, ZF2001",http://www.nhc.gov.cn/jkj/s7915/202112/db462ee568e34beaab9dbc69fa34fe01.shtml,2695181000,,,
China,2021-12-21,"CanSino, Sinopharm/Beijing, Sinopharm/Wuhan, Sinovac, ZF2001",http://www.nhc.gov.cn/jkj/s7915/202112/1364a9a797154512b1984e486a617072.shtml,2706676000,,,
China,2021-12-22,"CanSino, Sinopharm/Beijing, Sinopharm/Wuhan, Sinovac, ZF2001",http://www.nhc.gov.cn/jkj/s7915/202112/7dbcf714770d4331a8a6b571e2830a22.shtml,2719459000,,,
China,2021-12-23,"CanSino, Sinopharm/Beijing, Sinopharm/Wuhan, Sinovac, ZF2001",http://www.nhc.gov.cn/jkj/s7915/202112/6b5206025190475b867691434ee1766b.shtml,2732749000,,,
China,2021-12-24,"CanSino, Sinopharm/Beijing, Sinopharm/Wuhan, Sinovac, ZF2001",http://www.nhc.gov.cn/jkj/s7915/202112/690b96ef633640bbb0b090832eb27eda.shtml,2745877000,,,
China,2021-12-25,"CanSino, Sinopharm/Beijing, Sinopharm/Wuhan, Sinovac, ZF2001",http://www.news.cn/politics/2021-12/26/c_1128202069.htm,2758094000,,1203362000,
China,2021-12-26,"CanSino, Sinopharm/Beijing, Sinopharm/Wuhan, Sinovac, ZF2001",http://www.nhc.gov.cn/jkj/s7915/202112/1fd51af4972146a9a846bafb6ab75be1.shtml,2769530000,,,
China,2021-12-27,"CanSino, Sinopharm/Beijing, Sinopharm/Wuhan, Sinovac, ZF2001",http://www.nhc.gov.cn/jkj/s7915/202112/cb9ffd8e849e4489a0ab751f7eaaafcc.shtml,2781869000,,,
China,2021-12-28,"CanSino, Sinopharm/Beijing, Sinopharm/Wuhan, Sinovac, ZF2001",http://www.nhc.gov.cn/xcs/s3574/202112/72c7929f82d541c89d846d8a67f35995.shtml,2795716000,1259967000,1207413000,
China,2021-12-29,"CanSino, Sinopharm/Beijing, Sinopharm/Wuhan, Sinovac, ZF2001",http://www.nhc.gov.cn/jkj/s7915/202112/68ad42c6d64f43ccbf908a71af9512ea.shtml,2810118000,,,
China,2021-12-30,"CanSino, Sinopharm/Beijing, Sinopharm/Wuhan, Sinovac, ZF2001",http://www.nhc.gov.cn/jkj/s7915/202112/bf39106662c840faa848a217ecf1bf00.shtml,2823418000,,,
China,2021-12-31,"CanSino, Sinopharm/Beijing, Sinopharm/Wuhan, Sinovac, ZF2001",http://www.nhc.gov.cn/jkj/s7915/202201/ca4bcad1630242aba6b6c9cd9e26de0a.shtml,2835332000,,,
China,2022-01-01,"CanSino, Sinopharm/Beijing, Sinopharm/Wuhan, Sinovac, ZF2001",http://www.nhc.gov.cn/jkj/s7915/202201/5d0572a3b92e4cc093f01c26ce9bdcb3.shtml,2841269000,,,
China,2022-01-02,"CanSino, Sinopharm/Beijing, Sinopharm/Wuhan, Sinovac, ZF2001",http://www.nhc.gov.cn/jkj/s7915/202201/48ae26522c1f449c93b17069ac989c2a.shtml,2847898000,,,
China,2022-01-03,"CanSino, Sinopharm/Beijing, Sinopharm/Wuhan, Sinovac, ZF2001",http://www.nhc.gov.cn/jkj/s7915/202201/681409df76514c809a08c255e6a042ff.shtml,2855225000,,,
China,2022-01-04,"CanSino, Sinopharm/Beijing, Sinopharm/Wuhan, Sinovac, ZF2001",http://www.nhc.gov.cn/jkj/s7915/202201/4c9e0a3aac7e429faa544bd698bd1cea.shtml,2863561000,,,
China,2022-01-05,"CanSino, Sinopharm/Beijing, Sinopharm/Wuhan, Sinovac, ZF2001",http://www.nhc.gov.cn/jkj/s7915/202201/12ed35e8f95f47058a2826ad1a123760.shtml,2872017000,,,
China,2022-01-06,"CanSino, Sinopharm/Beijing, Sinopharm/Wuhan, Sinovac, ZF2001",http://www.nhc.gov.cn/jkj/s7915/202201/f907621192b4441f89d684f66c9d3e86.shtml,2879993000,,1213000000,331000000
China,2022-01-07,"CanSino, Sinopharm/Beijing, Sinopharm/Wuhan, Sinovac, ZF2001",http://www.nhc.gov.cn/xcs/s3574/202201/4a4c7b6faa5149c3b4b950af35715824.shtml,2887772000,1262264000,1215878000,
China,2022-01-08,"CanSino, Sinopharm/Beijing, Sinopharm/Wuhan, Sinovac, ZF2001",http://www.nhc.gov.cn/jkj/s7915/202201/41fe6208e852432f94aa59381c6b83bd.shtml,2894178000,,,
China,2022-01-09,"CanSino, Sinopharm/Beijing, Sinopharm/Wuhan, Sinovac, ZF2001",http://www.nhc.gov.cn/jkj/s7915/202201/81a3b6dbe8924060b3598ba7194d750d.shtml,2899557000,,,
China,2022-01-10,"CanSino, Sinopharm/Beijing, Sinopharm/Wuhan, Sinovac, ZF2001",http://www.nhc.gov.cn/jkj/s7915/202201/66a1e6d75ed84248949187951461b8ec.shtml,2905638000,,,
China,2022-01-11,"CanSino, Sinopharm/Beijing, Sinopharm/Wuhan, Sinovac, ZF2001",http://www.nhc.gov.cn/jkj/s7915/202201/a03f0dea03f247089ea9273fcf686b1a.shtml,2912178000,,,
China,2022-01-12,"CanSino, Sinopharm/Beijing, Sinopharm/Wuhan, Sinovac, ZF2001",http://www.nhc.gov.cn/jkj/s7915/202201/35b5348b0ebd4ceea1dd998876496e97.shtml,2918249000,,,
China,2022-01-13,"CanSino, Sinopharm/Beijing, Sinopharm/Wuhan, Sinovac, ZF2001",http://www.nhc.gov.cn/jkj/s7915/202201/dc70eac469d04610968e830a97c63675.shtml,2923698000,,,
China,2022-01-14,"CanSino, Sinopharm/Beijing, Sinopharm/Wuhan, Sinovac, ZF2001",http://www.nhc.gov.cn/xcs/s3574/202201/956b9a4d566546d7966d5cf93641bd2a.shtml,2928981000,1263691000,1220584000,
China,2022-01-15,"CanSino, Sinopharm/Beijing, Sinopharm/Wuhan, Sinovac, ZF2001",http://www.nhc.gov.cn/jkj/s7915/202201/5942e980b1f94feab09674dadee3ecf5.shtml,2933485000,,,
China,2022-01-16,"CanSino, Sinopharm/Beijing, Sinopharm/Wuhan, Sinovac, ZF2001",http://www.nhc.gov.cn/jkj/s7915/202201/b70c608c14fa44879541fe532a7587cf.shtml,2937632000,,,
China,2022-01-17,"CanSino, Sinopharm/Beijing, Sinopharm/Wuhan, Sinovac, ZF2001",http://www.nhc.gov.cn/jkj/s7915/202201/8d493478365041eeb4d66c51bb7941ea.shtml,2942111000,,,
China,2022-01-18,"CanSino, Sinopharm/Beijing, Sinopharm/Wuhan, Sinovac, ZF2001",http://www.nhc.gov.cn/jkj/s7915/202201/43a390868cb84030b24a9af3da1ff448.shtml,2947136000,,,
China,2022-01-19,"CanSino, Sinopharm/Beijing, Sinopharm/Wuhan, Sinovac, ZF2001",http://www.nhc.gov.cn/jkj/s7915/202201/87b647f68b8744cea6c901a964752605.shtml,2951846000,,,
China,2022-01-20,"CanSino, Sinopharm/Beijing, Sinopharm/Wuhan, Sinovac, ZF2001",http://www.nhc.gov.cn/jkj/s7915/202201/f8311b9659414e85b4ef9ac898720673.shtml,2956218000,,,
China,2022-01-21,"CanSino, Sinopharm/Beijing, Sinopharm/Wuhan, Sinovac, ZF2001",http://www.nhc.gov.cn/xcs/s3574/202201/409500ce44a24ce9a6512b1e54d9a8e3.shtml,2960675000,1265034000,1224450000,
China,2022-01-22,"CanSino, Sinopharm/Beijing, Sinopharm/Wuhan, Sinovac, ZF2001",http://www.nhc.gov.cn/jkj/s7915/202201/c9cf46411f724cb9a633a27c521a2283.shtml,2964370000,,,
China,2022-01-23,"CanSino, Sinopharm/Beijing, Sinopharm/Wuhan, Sinovac, ZF2001",http://www.nhc.gov.cn/jkj/s7915/202201/10a28ef9be1e48beaa3202afa43287f2.shtml,2968121000,,,
China,2022-01-24,"CanSino, Sinopharm/Beijing, Sinopharm/Wuhan, Sinovac, ZF2001",http://www.nhc.gov.cn/jkj/s7915/202201/8b2fbd77036b4803bb48779cc4c1e72a.shtml,2973459000,,,
China,2022-01-25,"CanSino, Sinopharm/Beijing, Sinopharm/Wuhan, Sinovac, ZF2001",http://www.nhc.gov.cn/jkj/s7915/202201/a246c8738e9141b2ab10d54e9c8ae126.shtml,2978646000,,,
China,2022-01-26,"CanSino, Sinopharm/Beijing, Sinopharm/Wuhan, Sinovac, ZF2001",http://www.nhc.gov.cn/jkj/s7915/202201/08e7053bbd924ac68f62c95773dfc151.shtml,2984055000,,,
China,2022-01-27,"CanSino, Sinopharm/Beijing, Sinopharm/Wuhan, Sinovac, ZF2001",http://www.nhc.gov.cn/jkj/s7915/202201/3b84e036f4c24615857ec5fdf0967c1e.shtml,2989480000,,,
China,2022-01-28,"CanSino, Sinopharm/Beijing, Sinopharm/Wuhan, Sinovac, ZF2001",http://www.nhc.gov.cn/xcs/s3574/202201/6b8ac0fcb1f74abe901032877a72c839.shtml,2994162000,1266070000,1227387000,
China,2022-01-29,"CanSino, Sinopharm/Beijing, Sinopharm/Wuhan, Sinovac, ZF2001",http://www.nhc.gov.cn/jkj/s7915/202201/0c08abd489d04d8eb9b50d17bb19229c.shtml,2997884000,,,
China,2022-01-30,"CanSino, Sinopharm/Beijing, Sinopharm/Wuhan, Sinovac, ZF2001",http://www.nhc.gov.cn/jkj/s7915/202201/348223221c3b44a29d022bcdaca3ac4c.shtml,3000198000,,,
China,2022-01-31,"CanSino, Sinopharm/Beijing, Sinopharm/Wuhan, Sinovac, ZF2001",http://www.nhc.gov.cn/jkj/s7915/202202/6ad091676c084a9aaa3741217e94c964.shtml,3000532000,,,
China,2022-02-01,"CanSino, Sinopharm/Beijing, Sinopharm/Wuhan, Sinovac, ZF2001",http://www.nhc.gov.cn/jkj/s7915/202202/174768886a414f0baa2a79ae94c56a7e.shtml,3000603000,,,
China,2022-02-02,"CanSino, Sinopharm/Beijing, Sinopharm/Wuhan, Sinovac, ZF2001",http://www.nhc.gov.cn/jkj/s7915/202202/79ad8acd3fa849a18a4ad69a93880b45.shtml,3000893000,,,
China,2022-02-03,"CanSino, Sinopharm/Beijing, Sinopharm/Wuhan, Sinovac, ZF2001",http://www.nhc.gov.cn/jkj/s7915/202202/b7c09bbe69da4fcfa4576fa6874dca99.shtml,3001624000,,,
China,2022-02-04,"CanSino, Sinopharm/Beijing, Sinopharm/Wuhan, Sinovac, ZF2001",http://www.nhc.gov.cn/jkj/s7915/202202/5a56a1e0809a41748d6890f6e9539c18.shtml,3002896000,,,
China,2022-02-05,"CanSino, Sinopharm/Beijing, Sinopharm/Wuhan, Sinovac, ZF2001",http://www.nhc.gov.cn/jkj/s7915/202202/6f73d81cb71d4557a735d291fcf4232c.shtml,3004681000,,,
China,2022-02-06,"CanSino, Sinopharm/Beijing, Sinopharm/Wuhan, Sinovac, ZF2001",http://www.nhc.gov.cn/jkj/s7915/202202/8fdc7d236a4e45029bb54d127af35940.shtml,3006862000,,,
China,2022-02-07,"CanSino, Sinopharm/Beijing, Sinopharm/Wuhan, Sinovac, ZF2001",http://www.nhc.gov.cn/xcs/s3574/202202/88e8d8419cc849838f17a13106464b93.shtml,3010669000,1266426000,1228340000,459843000
China,2022-02-08,"CanSino, Sinopharm/Beijing, Sinopharm/Wuhan, Sinovac, ZF2001",http://www.nhc.gov.cn/jkj/s7915/202202/844e234c140245f396a4f6c720c524fa.shtml,3016150000,,,
China,2022-02-09,"CanSino, Sinopharm/Beijing, Sinopharm/Wuhan, Sinovac, ZF2001",http://www.nhc.gov.cn/jkj/s7915/202202/c683a07208114ddcabfbd385cebd4b69.shtml,3022646000,,,
China,2022-02-10,"CanSino, Sinopharm/Beijing, Sinopharm/Wuhan, Sinovac, ZF2001",http://www.nhc.gov.cn/jkj/s7915/202202/1cb48014b4cd41ff87588ac4d976d955.shtml,3029588000,,,
China,2022-02-11,"CanSino, Sinopharm/Beijing, Sinopharm/Wuhan, Sinovac, ZF2001",http://www.nhc.gov.cn/jkj/s7915/202202/4d3548192ea84f9485aec4b1565c66d4.shtml,3036707000,,,
China,2022-02-12,"CanSino, Sinopharm/Beijing, Sinopharm/Wuhan, Sinovac, ZF2001",http://www.nhc.gov.cn/jkj/s7915/202202/bc40c4306ef4426e9073de9dc936a97c.shtml,3042376000,,,
China,2022-02-13,"CanSino, Sinopharm/Beijing, Sinopharm/Wuhan, Sinovac, ZF2001",http://www.nhc.gov.cn/jkj/s7915/202202/0ce66c7071a247368e014d3afca56a18.shtml,3046687000,,,
China,2022-02-14,"CanSino, Sinopharm/Beijing, Sinopharm/Wuhan, Sinovac, ZF2001",http://www.nhc.gov.cn/jkj/s7915/202202/e419d2282f5743f99e6b004abf432d7b.shtml,3052435000,,,
China,2022-02-15,"CanSino, Sinopharm/Beijing, Sinopharm/Wuhan, Sinovac, ZF2001",http://www.nhc.gov.cn/jkj/s7915/202202/dd81fb1aa3404d42826e72635c95b10b.shtml,3056997000,,,
China,2022-02-16,"CanSino, Sinopharm/Beijing, Sinopharm/Wuhan, Sinovac, ZF2001",http://www.nhc.gov.cn/jkj/s7915/202202/6564cf2132254ab0b1ec82d94e33a4f3.shtml,3063391000,,,
China,2022-02-17,"CanSino, Sinopharm/Beijing, Sinopharm/Wuhan, Sinovac, ZF2001",http://www.nhc.gov.cn/jkj/s7915/202202/91805fa0c30e4627961dfce0c7e2d2eb.shtml,3069619000,,,
China,2022-02-18,"CanSino, Sinopharm/Beijing, Sinopharm/Wuhan, Sinovac, ZF2001",http://www.nhc.gov.cn/xcs/s3574/202202/dcf93cbd72574c5295dcf4a546451064.shtml,3075752000,1268180000,1232543000,
China,2022-02-19,"CanSino, Sinopharm/Beijing, Sinopharm/Wuhan, Sinovac, ZF2001",http://www.nhc.gov.cn/jkj/s7915/202202/dde371bf12ed47beb4bbc3fdcbe179a7.shtml,3080788000,,,
China,2022-02-20,"CanSino, Sinopharm/Beijing, Sinopharm/Wuhan, Sinovac, ZF2001",http://www.nhc.gov.cn/jkj/s7915/202202/09d99074a32b48b997eca7ae6c571253.shtml,3084712000,,,
China,2022-02-21,"CanSino, Sinopharm/Beijing, Sinopharm/Wuhan, Sinovac, ZF2001",http://www.nhc.gov.cn/jkj/s7915/202202/25865d5a079f4fcaa413c2395804fe3f.shtml,3090309000,,,
China,2022-02-22,"CanSino, Sinopharm/Beijing, Sinopharm/Wuhan, Sinovac, ZF2001",http://www.nhc.gov.cn/jkj/s7915/202202/41d5c8e8dc224260a50f23a628d765a5.shtml,3095767000,,,
China,2022-02-23,"CanSino, Sinopharm/Beijing, Sinopharm/Wuhan, Sinovac, ZF2001",http://www.nhc.gov.cn/jkj/s7915/202202/03f98e7cd6c248a1bb536c9780ddadc8.shtml,3101760000,,,
China,2022-02-24,"CanSino, Sinopharm/Beijing, Sinopharm/Wuhan, Sinovac, ZF2001",http://www.nhc.gov.cn/jkj/s7915/202202/185174bf8da4447699ce118b50736cfa.shtml,3108286000,,,
China,2022-02-25,"CanSino, Sinopharm/Beijing, Sinopharm/Wuhan, Sinovac, ZF2001",http://www.nhc.gov.cn/xcs/s3574/202202/8f49f6627a6540ce87511ac708ea7ad9.shtml,3114622000,1269302000,1234540000,554728000
China,2022-02-26,"CanSino, Sinopharm/Beijing, Sinopharm/Wuhan, Sinovac, ZF2001",http://www.nhc.gov.cn/jkj/s7915/202202/87b09a23d5be4a27850b48cae6e45694.shtml,3119664000,,,
China,2022-02-27,"CanSino, Sinopharm/Beijing, Sinopharm/Wuhan, Sinovac, ZF2001",http://www.nhc.gov.cn/jkj/s7915/202202/6066259e4f1c40b3a285ae3c78035784.shtml,3124118000,,,
China,2022-02-28,"CanSino, Sinopharm/Beijing, Sinopharm/Wuhan, Sinovac, ZF2001",http://www.nhc.gov.cn/jkj/s7915/202203/6863dc607b8b4c5c9164daf198bd509e.shtml,3129845000,,,
China,2022-03-01,"CanSino, Sinopharm/Beijing, Sinopharm/Wuhan, Sinovac, ZF2001",http://www.nhc.gov.cn/jkj/s7915/202203/bd7dc1b9d46347bcb354d2849989cb91.shtml,3135598000,,,
China,2022-03-02,"CanSino, Sinopharm/Beijing, Sinopharm/Wuhan, Sinovac, ZF2001",http://www.nhc.gov.cn/jkj/s7915/202203/fd9f79390e4741b39b159a9559d7f72e.shtml,3141473000,,,
China,2022-03-03,"CanSino, Sinopharm/Beijing, Sinopharm/Wuhan, Sinovac, ZF2001",http://www.nhc.gov.cn/jkj/s7915/202203/49113fa4fc364e67a07a9d3a0a9b476c.shtml,3147007000,,,
China,2022-03-04,"CanSino, Sinopharm/Beijing, Sinopharm/Wuhan, Sinovac, ZF2001",http://www.nhc.gov.cn/jkj/s7915/202203/07114fb7a5004436989e8b616128a413.shtml,3152419000,,,
China,2022-03-05,"CanSino, Sinopharm/Beijing, Sinopharm/Wuhan, Sinovac, ZF2001",http://www.nhc.gov.cn/jkj/s7915/202203/51618a50fffb4dd5b40f3e2a656ec0e3.shtml,3156899000,,,
China,2022-03-06,"CanSino, Sinopharm/Beijing, Sinopharm/Wuhan, Sinovac, ZF2001",http://www.nhc.gov.cn/jkj/s7915/202203/fbea6006c7ce463193682d0a26b10669.shtml,3160685000,,,
China,2022-03-07,"CanSino, Sinopharm/Beijing, Sinopharm/Wuhan, Sinovac, ZF2001",http://www.nhc.gov.cn/jkj/s7915/202203/7bdf4d3500f041c1a7ad1606c3f0ea42.shtml,3165486000,,,
China,2022-03-08,"CanSino, Sinopharm/Beijing, Sinopharm/Wuhan, Sinovac, ZF2001",http://www.nhc.gov.cn/jkj/s7915/202203/f285e3af6ca847a7a5fb59ae55fd8c73.shtml,3169916000,,,
China,2022-03-09,"CanSino, Sinopharm/Beijing, Sinopharm/Wuhan, Sinovac, ZF2001",http://www.nhc.gov.cn/jkj/s7915/202203/4cbfde9d2d9d41ae814e1bca7b337a76.shtml,3174984000,,,
China,2022-03-10,"CanSino, Sinopharm/Beijing, Sinopharm/Wuhan, Sinovac, ZF2001",http://www.nhc.gov.cn/jkj/s7915/202203/b13a9dc5eb8b48dbb2340fe4ce598bd8.shtml,3180060000,,,
China,2022-03-11,"CanSino, Sinopharm/Beijing, Sinopharm/Wuhan, Sinovac, ZF2001",http://www.nhc.gov.cn/jkj/s7915/202203/b4e5a46c2b06436581d5c235fbcb9cdc.shtml,3185239000,,,
China,2022-03-12,"CanSino, Sinopharm/Beijing, Sinopharm/Wuhan, Sinovac, ZF2001",http://www.nhc.gov.cn/jkj/s7915/202203/c187f837f34741d4985307c4d3fbb49c.shtml,3189426000,,,
China,2022-03-13,"CanSino, Sinopharm/Beijing, Sinopharm/Wuhan, Sinovac, ZF2001",http://www.nhc.gov.cn/jkj/s7915/202203/945a85f6163d4f258337513c34852e09.shtml,3193236000,,,
China,2022-03-14,"CanSino, Sinopharm/Beijing, Sinopharm/Wuhan, Sinovac, ZF2001",http://www.nhc.gov.cn/xcs/s3574/202203/f305418902d44c9891727115d4440f55.shtml,3198272000,1272537000,1239171000,
China,2022-03-15,"CanSino, Sinopharm/Beijing, Sinopharm/Wuhan, Sinovac, ZF2001",http://www.nhc.gov.cn/jkj/s7915/202203/6362f2487e7f408988cc1bd66a55c7e6.shtml,3203688000,,,
China,2022-03-16,"CanSino, Sinopharm/Beijing, Sinopharm/Wuhan, Sinovac, ZF2001",http://www.nhc.gov.cn/jkj/s7915/202203/76ed4f22334941a089c4ce3524e7fa55.shtml,3209041000,,,
China,2022-03-17,"CanSino, Sinopharm/Beijing, Sinopharm/Wuhan, Sinovac, ZF2001",http://www.nhc.gov.cn/xcs/s3574/202203/82d1b154447644839760bcf25696687f.shtml,3213773000,1273470000,1239570000,644680000
China,2022-03-18,"CanSino, Sinopharm/Beijing, Sinopharm/Wuhan, Sinovac, ZF2001",http://www.nhc.gov.cn/xcs/s3574/202203/a46803bba0964065ac874b6b43da21f5.shtml,3218716000,1273811000,1239706000,649156000
China,2022-03-19,"CanSino, Sinopharm/Beijing, Sinopharm/Wuhan, Sinovac, ZF2001",http://www.nhc.gov.cn/jkj/s7915/202203/beba90ad9594434a89d18115603baca4.shtml,3222868000,,,
China,2022-03-20,"CanSino, Sinopharm/Beijing, Sinopharm/Wuhan, Sinovac, ZF2001",http://www.nhc.gov.cn/jkj/s7915/202203/b7dc68982ef44cf5a11f859cae50d8ea.shtml,3226334000,,,
China,2022-03-21,"CanSino, Sinopharm/Beijing, Sinopharm/Wuhan, Sinovac, ZF2001",http://www.nhc.gov.cn/xcs/s3574/202203/321bbcc05ff548a8bd73d3d31242dc10.shtml,3230367000,1274734000,1240413000,659200000
China,2022-03-22,"CanSino, Sinopharm/Beijing, Sinopharm/Wuhan, Sinovac, ZF2001",http://www.nhc.gov.cn/jkj/s7915/202203/fcfb2a5f659446e19d70644ae8e77311.shtml,3234601000,,,
China,2022-03-23,"CanSino, Sinopharm/Beijing, Sinopharm/Wuhan, Sinovac, ZF2001",http://www.nhc.gov.cn/jkj/s7915/202203/9661d13a892e44b3820f99fc6c81a5d1.shtml,3239170000,,,
China,2022-03-24,"CanSino, Sinopharm/Beijing, Sinopharm/Wuhan, Sinovac, ZF2001",http://www.nhc.gov.cn/xcs/s3574/202203/7ae455e5e5db4512a471ab4f9500e8e7.shtml,3243599000,1275541000,1240777000,671270000
China,2022-03-25,"CanSino, Sinopharm/Beijing, Sinopharm/Wuhan, Sinovac, ZF2001",http://www.nhc.gov.cn/jkj/s7915/202203/0efc26837ba249348cbb29e3cfc6213e.shtml,3247624000,,,
China,2022-03-26,"CanSino, Sinopharm/Beijing, Sinopharm/Wuhan, Sinovac, ZF2001",http://www.nhc.gov.cn/jkj/s7915/202203/2ef60393c7f241b08a147e62501c5680.shtml,3251412000,,,
China,2022-03-27,"CanSino, Sinopharm/Beijing, Sinopharm/Wuhan, Sinovac, ZF2001",http://www.nhc.gov.cn/jkj/s7915/202203/7bd1cdabf9574dc78bcbdf02fe02290b.shtml,3254984000,,,
China,2022-03-28,"CanSino, Sinopharm/Beijing, Sinopharm/Wuhan, Sinovac, ZF2001",http://www.nhc.gov.cn/jkj/s7915/202203/ed9ed42b09e84802a1f264e19577cb44.shtml,3259042000,,,
China,2022-03-29,"CanSino, Sinopharm/Beijing, Sinopharm/Wuhan, Sinovac, ZF2001",http://www.nhc.gov.cn/jkj/s7915/202203/d81d339daf694f97952f10d9d8604143.shtml,3263129000,,,
China,2022-03-30,"CanSino, Sinopharm/Beijing, Sinopharm/Wuhan, Sinovac, ZF2001",http://www.nhc.gov.cn/jkj/s7915/202203/7f4569e348c044f4a0b45ca4c56d28ed.shtml,3267140000,,,
China,2022-03-31,"CanSino, Sinopharm/Beijing, Sinopharm/Wuhan, Sinovac, ZF2001",http://www.nhc.gov.cn/jkj/s7915/202204/2894b2b3db0f4a45aacdc15a3f675639.shtml,3270874000,,,
