location,date,vaccine,source_url,total_vaccinations,people_vaccinated,people_fully_vaccinated,total_boosters
Costa Rica,2020-12-24,Pfizer/BioNTech,https://www.presidencia.go.cr/comunicados/2020/12/55-ticos-recibieron-la-primera-dosis-de-la-vacuna-contra-covid-19-este-24-de-diciembre/,55,55,,
Costa Rica,2021-01-03,Pfizer/BioNTech,https://www.ccss.sa.cr/noticias/servicios_noticia?2-455-personas-iniciaron-nuevo-ano-con-la-primera-dosis-de-la-vacuna-contra-covid-19,2455,2455,,
Costa Rica,2021-01-08,Pfizer/BioNTech,https://www.ccss.sa.cr/noticias/servicios_noticia?9-751-personas-recibieron-primera-dosis-de-vacuna-para-evitar-la-covid19,9751,9751,,
Costa Rica,2021-01-15,Pfizer/BioNTech,https://www.ccss.sa.cr/noticias/servicios_noticia?ccss-registra-24-859-vacunas-contra-la-covid19-aplicadas,24859,24804,55,
Costa Rica,2021-01-18,Pfizer/BioNTech,https://www.larepublica.net/noticia/sube-a-29389-las-dosis-de-vacunas-covid-19-aplicadas-en-costa-rica/,29389,29257,132,
Costa Rica,2021-01-25,Pfizer/BioNTech,https://www.ccss.sa.cr/noticias/servicios_noticia?ccss-ha-colocado-48-128-vacunas-contra-la-covid-19,48128,45707,2421,
Costa Rica,2021-02-01,Pfizer/BioNTech,https://www.swissinfo.ch/spa/coronavirus-costa-rica_costa-rica-ha-aplicado-57.701-vacunas-contra-la-covid-19/46336712,57701,45863,11838,
Costa Rica,2021-02-08,Pfizer/BioNTech,https://twitter.com/CarlosAlvQ/status/1358890771701633025,75113,46750,28363,
Costa Rica,2021-02-15,Pfizer/BioNTech,https://www.ccss.sa.cr/noticias/servicios_noticia?42-mil-costarricenses-completaron-esquema-de-vacunacion-contra-covid&fbclid=IwAR0Dk1K7u-UwcfZ1oubVY3Y3PczK2JorY6ETERZMVXZreXYqnwrI5QYZ6kE,96948,54395,42553,
Costa Rica,2021-02-22,Pfizer/BioNTech,https://www.larepublica.net/noticia/en-costa-rica-ya-se-aplicaron-mas-de-100-mil-vacunas-contra-covid-19,101183,57162,44021,
Costa Rica,2021-03-01,Pfizer/BioNTech,https://www.ccss.sa.cr/noticias/salud_noticia?ccss-registra-149-812-vacunas-aplicadas-contra-la-covid-19&fbclid=IwAR1kpWQVip70s5t3IAXdYdQ0StmIdd5SmVDw5Hsv8yjOHrzndCv95_VwNXc,149812,103695,46117,
Costa Rica,2021-03-05,Pfizer/BioNTech,https://www.ccss.sa.cr/web/coronavirus/vacunacion,193273,142049,51224,
Costa Rica,2021-03-08,Pfizer/BioNTech,https://www.ccss.sa.cr/web/coronavirus/vacunacion,204586,151841,52745,
Costa Rica,2021-03-12,Pfizer/BioNTech,https://www.ccss.sa.cr/web/coronavirus/vacunacion,241724,187826,53898,
Costa Rica,2021-03-15,Pfizer/BioNTech,https://www.ccss.sa.cr/web/coronavirus/vacunacion,248082,190088,57994,
Costa Rica,2021-03-22,Pfizer/BioNTech,https://www.ccss.sa.cr/web/coronavirus/vacunacion,312425,206198,106227,
Costa Rica,2021-03-24,Pfizer/BioNTech,https://www.ccss.sa.cr/web/coronavirus/vacunacion,348037,213404,134633,
Costa Rica,2021-03-29,Pfizer/BioNTech,https://www.ccss.sa.cr/web/coronavirus/vacunacion,384355,224092,160263,
Costa Rica,2021-04-06,Pfizer/BioNTech,https://www.ccss.sa.cr/web/coronavirus/vacunacion,504930,291368,213562,
Costa Rica,2021-04-12,Pfizer/BioNTech,https://www.ccss.sa.cr/web/coronavirus/vacunacion,586799,354291,232508,
Costa Rica,2021-04-19,Pfizer/BioNTech,https://www.ccss.sa.cr/web/coronavirus/vacunacion,698327,450593,247734,
Costa Rica,2021-04-26,"Oxford/AstraZeneca, Pfizer/BioNTech",https://www.ccss.sa.cr/web/coronavirus/vacunacion,818884,538682,280202,
Costa Rica,2021-05-03,"Oxford/AstraZeneca, Pfizer/BioNTech",https://www.ccss.sa.cr/web/coronavirus/vacunacion,950252,605099,345153,
Costa Rica,2021-05-10,"Oxford/AstraZeneca, Pfizer/BioNTech",https://www.ccss.sa.cr/web/coronavirus/vacunacion,1093931,657301,436630,
Costa Rica,2021-05-17,"Oxford/AstraZeneca, Pfizer/BioNTech",https://www.ccss.sa.cr/web/coronavirus/vacunacion,1251900,721882,530018,
Costa Rica,2021-05-24,"Oxford/AstraZeneca, Pfizer/BioNTech",https://www.ccss.sa.cr/web/coronavirus/vacunacion,1457802,867517,590285,
Costa Rica,2021-06-01,"Oxford/AstraZeneca, Pfizer/BioNTech",https://www.ccss.sa.cr/web/coronavirus/vacunacion,1658685,1012339,646346,
Costa Rica,2021-06-07,"Oxford/AstraZeneca, Pfizer/BioNTech",https://www.ccss.sa.cr/web/coronavirus/vacunacion,1906177,1219551,686626,
Costa Rica,2021-06-14,"Oxford/AstraZeneca, Pfizer/BioNTech",https://www.ccss.sa.cr/web/coronavirus/vacunacion,2150520,1409778,740742,
Costa Rica,2021-06-22,"Oxford/AstraZeneca, Pfizer/BioNTech",https://www.ccss.sa.cr/web/coronavirus/vacunacion,2331030,1535967,795063,
Costa Rica,2021-06-28,"Oxford/AstraZeneca, Pfizer/BioNTech",https://www.ccss.sa.cr/web/coronavirus/vacunacion,2440385,1629222,811163,
Costa Rica,2021-07-05,"Oxford/AstraZeneca, Pfizer/BioNTech",https://www.ccss.sa.cr/web/coronavirus/vacunacion,2521795,1704864,816931,
Costa Rica,2021-07-13,"Oxford/AstraZeneca, Pfizer/BioNTech",https://www.ccss.sa.cr/web/coronavirus/vacunacion,2606791,1783949,822842,
Costa Rica,2021-07-19,"Oxford/AstraZeneca, Pfizer/BioNTech",https://www.ccss.sa.cr/web/coronavirus/vacunacion,2812795,1982452,830343,
Costa Rica,2021-07-26,"Oxford/AstraZeneca, Pfizer/BioNTech",https://www.ccss.sa.cr/web/coronavirus/vacunacion,3424278,2573189,851089,
Costa Rica,2021-08-09,"Oxford/AstraZeneca, Pfizer/BioNTech",https://www.ccss.sa.cr/web/coronavirus/vacunacion,3643509,2780658,862851,
Costa Rica,2021-08-16,"Oxford/AstraZeneca, Pfizer/BioNTech",https://www.ccss.sa.cr/web/coronavirus/vacunacion,3848155,2948584,899571,
Costa Rica,2021-08-23,"Oxford/AstraZeneca, Pfizer/BioNTech",https://www.ccss.sa.cr/web/coronavirus/vacunacion,4033022,3029514,1003508,
Costa Rica,2021-08-30,"Oxford/AstraZeneca, Pfizer/BioNTech",https://www.ccss.sa.cr/web/coronavirus/vacunacion,4278505,3059023,1219482,
Costa Rica,2021-09-08,"Oxford/AstraZeneca, Pfizer/BioNTech",https://www.ccss.sa.cr/web/coronavirus/vacunacion,4580610,3071596,1509014,
Costa Rica,2021-09-13,"Oxford/AstraZeneca, Pfizer/BioNTech",https://www.ccss.sa.cr/web/coronavirus/vacunacion,4872085,3144786,1727299,
Costa Rica,2021-09-20,"Oxford/AstraZeneca, Pfizer/BioNTech",https://www.ccss.sa.cr/web/coronavirus/vacunacion,5278407,3274461,2003946,
Costa Rica,2021-09-27,"Oxford/AstraZeneca, Pfizer/BioNTech",https://www.ccss.sa.cr/web/coronavirus/vacunacion,5596495,3407214,2189281,
Costa Rica,2021-10-04,"Oxford/AstraZeneca, Pfizer/BioNTech",https://www.ccss.sa.cr/web/coronavirus/vacunacion,5760293,3470013,2290280,
Costa Rica,2021-10-11,"Oxford/AstraZeneca, Pfizer/BioNTech",https://www.ccss.sa.cr/web/coronavirus/vacunacion,5921089,3525260,2395829,
Costa Rica,2021-10-18,"Oxford/AstraZeneca, Pfizer/BioNTech",https://www.ccss.sa.cr/web/coronavirus/vacunacion,6124445,3597302,2527143,
Costa Rica,2021-11-01,"Oxford/AstraZeneca, Pfizer/BioNTech",https://www.ccss.sa.cr/web/coronavirus/vacunacion,6567309,3751251,2798296,17762
Costa Rica,2021-11-08,"Oxford/AstraZeneca, Pfizer/BioNTech",https://www.ccss.sa.cr/web/coronavirus/vacunacion,6736978,3790500,2922621,23857
Costa Rica,2021-11-15,"Oxford/AstraZeneca, Pfizer/BioNTech",https://www.ccss.sa.cr/web/coronavirus/vacunacion,6878077,3821682,3030603,25792
Costa Rica,2021-11-22,"Oxford/AstraZeneca, Pfizer/BioNTech",https://www.ccss.sa.cr/web/coronavirus/vacunacion,7034279,3860379,3144053,29847
Costa Rica,2021-11-29,"Oxford/AstraZeneca, Pfizer/BioNTech",https://www.ccss.sa.cr/web/coronavirus/vacunacion,7137983,3887480,3215091,35412
Costa Rica,2021-12-06,"Oxford/AstraZeneca, Pfizer/BioNTech",https://www.ccss.sa.cr/web/coronavirus/vacunacion,7222020,3904671,3278289,39060
Costa Rica,2021-12-13,"Oxford/AstraZeneca, Pfizer/BioNTech",https://www.ccss.sa.cr/web/coronavirus/vacunacion,7348965,3922190,3364478,62297
Costa Rica,2021-12-21,"Oxford/AstraZeneca, Pfizer/BioNTech",https://www.ccss.sa.cr/web/coronavirus/vacunacion,7580046,3934813,3444299,200934
Costa Rica,2021-12-27,"Oxford/AstraZeneca, Pfizer/BioNTech",https://www.ccss.sa.cr/web/coronavirus/vacunacion,7756348,3944932,3505176,306240
Costa Rica,2022-01-03,"Oxford/AstraZeneca, Pfizer/BioNTech",https://www.ccss.sa.cr/web/coronavirus/vacunacion,7879899,3953407,3546380,380112
Costa Rica,2022-01-10,"Oxford/AstraZeneca, Pfizer/BioNTech",https://www.ccss.sa.cr/web/coronavirus/vacunacion,8016478,3965650,3590471,460357
Costa Rica,2022-01-17,"Oxford/AstraZeneca, Pfizer/BioNTech",https://www.ccss.sa.cr/web/coronavirus/vacunacion,8145182,3997459,3628935,518788
Costa Rica,2022-01-25,"Oxford/AstraZeneca, Pfizer/BioNTech",https://www.ccss.sa.cr/web/coronavirus/vacunacion,8234302,4028723,3654209,551370
Costa Rica,2022-01-31,"Oxford/AstraZeneca, Pfizer/BioNTech",https://www.ccss.sa.cr/web/coronavirus/vacunacion,8315360,4059598,3676687,579075
Costa Rica,2022-02-07,"Oxford/AstraZeneca, Pfizer/BioNTech",https://www.ccss.sa.cr/web/coronavirus/vacunacion,8418258,4089508,3713796,614954
Costa Rica,2022-02-14,"Oxford/AstraZeneca, Pfizer/BioNTech",https://www.ccss.sa.cr/web/coronavirus/vacunacion,8565613,4119679,3747136,698798
Costa Rica,2022-02-21,"Oxford/AstraZeneca, Pfizer/BioNTech",https://www.ccss.sa.cr/web/coronavirus/vacunacion,8970610,4152664,3787890,1030056
Costa Rica,2022-02-28,"Oxford/AstraZeneca, Pfizer/BioNTech",https://www.ccss.sa.cr/web/coronavirus/vacunacion,9349535,4195968,3827352,1326215
Costa Rica,2022-03-07,"Oxford/AstraZeneca, Pfizer/BioNTech",https://www.ccss.sa.cr/web/coronavirus/vacunacion,9582303,4235270,3859818,1487215
Costa Rica,2022-03-14,"Oxford/AstraZeneca, Pfizer/BioNTech",https://www.ccss.sa.cr/web/coronavirus/vacunacion,9790312,4273569,3892636,1624107
Costa Rica,2022-03-22,"Oxford/AstraZeneca, Pfizer/BioNTech",https://www.ccss.sa.cr/web/coronavirus/vacunacion,10018261,4313391,3937449,1767421
Costa Rica,2022-03-28,"Oxford/AstraZeneca, Pfizer/BioNTech",https://www.ccss.sa.cr/web/coronavirus/vacunacion,10166273,4336171,3971404,1858698
