location,date,vaccine,source_url,total_vaccinations,people_vaccinated,people_fully_vaccinated,total_boosters
Czechia,2020-12-27,Pfizer/BioNTech,https://onemocneni-aktualne.mzcr.cz/covid-19,1287,1287,0,0
Czechia,2020-12-28,Pfizer/BioNTech,https://onemocneni-aktualne.mzcr.cz/covid-19,3590,3590,0,0
Czechia,2020-12-29,Pfizer/BioNTech,https://onemocneni-aktualne.mzcr.cz/covid-19,7063,7062,1,0
Czechia,2020-12-30,Pfizer/BioNTech,https://onemocneni-aktualne.mzcr.cz/covid-19,10580,10579,1,0
Czechia,2020-12-31,Pfizer/BioNTech,https://onemocneni-aktualne.mzcr.cz/covid-19,11891,11890,1,0
Czechia,2021-01-01,"Moderna, Pfizer/BioNTech",https://onemocneni-aktualne.mzcr.cz/covid-19,12160,12159,1,0
Czechia,2021-01-02,"Moderna, Pfizer/BioNTech",https://onemocneni-aktualne.mzcr.cz/covid-19,13444,13442,2,0
Czechia,2021-01-03,"Moderna, Pfizer/BioNTech",https://onemocneni-aktualne.mzcr.cz/covid-19,14371,14369,2,0
Czechia,2021-01-04,"Moderna, Pfizer/BioNTech",https://onemocneni-aktualne.mzcr.cz/covid-19,17982,17980,2,0
Czechia,2021-01-05,"Moderna, Pfizer/BioNTech",https://onemocneni-aktualne.mzcr.cz/covid-19,22509,22506,3,0
Czechia,2021-01-06,"Moderna, Pfizer/BioNTech",https://onemocneni-aktualne.mzcr.cz/covid-19,28357,28353,4,0
Czechia,2021-01-07,"Moderna, Pfizer/BioNTech",https://onemocneni-aktualne.mzcr.cz/covid-19,36356,36352,4,0
Czechia,2021-01-08,"Moderna, Pfizer/BioNTech",https://onemocneni-aktualne.mzcr.cz/covid-19,46409,46404,5,0
Czechia,2021-01-09,"Moderna, Pfizer/BioNTech",https://onemocneni-aktualne.mzcr.cz/covid-19,48439,48432,7,0
Czechia,2021-01-10,"Moderna, Pfizer/BioNTech",https://onemocneni-aktualne.mzcr.cz/covid-19,50212,50203,9,0
Czechia,2021-01-11,"Moderna, Pfizer/BioNTech",https://onemocneni-aktualne.mzcr.cz/covid-19,60070,60059,11,0
Czechia,2021-01-12,"Moderna, Pfizer/BioNTech",https://onemocneni-aktualne.mzcr.cz/covid-19,73528,73515,13,0
Czechia,2021-01-13,"Moderna, Pfizer/BioNTech",https://onemocneni-aktualne.mzcr.cz/covid-19,87075,87062,13,0
Czechia,2021-01-14,"Moderna, Pfizer/BioNTech",https://onemocneni-aktualne.mzcr.cz/covid-19,102332,102315,17,0
Czechia,2021-01-15,"Moderna, Pfizer/BioNTech",https://onemocneni-aktualne.mzcr.cz/covid-19,116355,116337,18,0
Czechia,2021-01-16,"Moderna, Pfizer/BioNTech",https://onemocneni-aktualne.mzcr.cz/covid-19,119763,119741,22,0
Czechia,2021-01-17,"Moderna, Pfizer/BioNTech",https://onemocneni-aktualne.mzcr.cz/covid-19,123020,122362,658,0
Czechia,2021-01-18,"Moderna, Pfizer/BioNTech",https://onemocneni-aktualne.mzcr.cz/covid-19,137341,134856,2485,0
Czechia,2021-01-19,"Moderna, Pfizer/BioNTech",https://onemocneni-aktualne.mzcr.cz/covid-19,152683,147469,5214,0
Czechia,2021-01-20,"Moderna, Pfizer/BioNTech",https://onemocneni-aktualne.mzcr.cz/covid-19,169046,161168,7878,0
Czechia,2021-01-21,"Moderna, Pfizer/BioNTech",https://onemocneni-aktualne.mzcr.cz/covid-19,186443,176823,9620,0
Czechia,2021-01-22,"Moderna, Pfizer/BioNTech",https://onemocneni-aktualne.mzcr.cz/covid-19,202381,191717,10664,0
Czechia,2021-01-23,"Moderna, Pfizer/BioNTech",https://onemocneni-aktualne.mzcr.cz/covid-19,206578,195036,11542,0
Czechia,2021-01-24,"Moderna, Pfizer/BioNTech",https://onemocneni-aktualne.mzcr.cz/covid-19,209705,197292,12413,0
Czechia,2021-01-25,"Moderna, Pfizer/BioNTech",https://onemocneni-aktualne.mzcr.cz/covid-19,222332,206947,15385,0
Czechia,2021-01-26,"Moderna, Pfizer/BioNTech",https://onemocneni-aktualne.mzcr.cz/covid-19,236871,217494,19377,0
Czechia,2021-01-27,"Moderna, Pfizer/BioNTech",https://onemocneni-aktualne.mzcr.cz/covid-19,250438,226526,23912,0
Czechia,2021-01-28,"Moderna, Pfizer/BioNTech",https://onemocneni-aktualne.mzcr.cz/covid-19,263677,233632,30045,0
Czechia,2021-01-29,"Moderna, Pfizer/BioNTech",https://onemocneni-aktualne.mzcr.cz/covid-19,277803,239849,37954,0
Czechia,2021-01-30,"Moderna, Pfizer/BioNTech",https://onemocneni-aktualne.mzcr.cz/covid-19,279632,240590,39042,0
Czechia,2021-01-31,"Moderna, Pfizer/BioNTech",https://onemocneni-aktualne.mzcr.cz/covid-19,281532,241308,40224,0
Czechia,2021-02-01,"Moderna, Pfizer/BioNTech",https://onemocneni-aktualne.mzcr.cz/covid-19,293484,245291,48193,0
Czechia,2021-02-02,"Moderna, Pfizer/BioNTech",https://onemocneni-aktualne.mzcr.cz/covid-19,307877,249444,58433,0
Czechia,2021-02-03,"Moderna, Pfizer/BioNTech",https://onemocneni-aktualne.mzcr.cz/covid-19,323326,253871,69455,0
Czechia,2021-02-04,"Moderna, Pfizer/BioNTech",https://onemocneni-aktualne.mzcr.cz/covid-19,341227,258779,82448,0
Czechia,2021-02-05,"Moderna, Pfizer/BioNTech",https://onemocneni-aktualne.mzcr.cz/covid-19,357378,264255,93123,0
Czechia,2021-02-06,"Moderna, Oxford/AstraZeneca, Pfizer/BioNTech",https://onemocneni-aktualne.mzcr.cz/covid-19,360602,265113,95489,0
Czechia,2021-02-07,"Moderna, Oxford/AstraZeneca, Pfizer/BioNTech",https://onemocneni-aktualne.mzcr.cz/covid-19,363954,265965,97989,0
Czechia,2021-02-08,"Moderna, Oxford/AstraZeneca, Pfizer/BioNTech",https://onemocneni-aktualne.mzcr.cz/covid-19,379479,270060,109419,0
Czechia,2021-02-09,"Moderna, Oxford/AstraZeneca, Pfizer/BioNTech",https://onemocneni-aktualne.mzcr.cz/covid-19,396503,275168,121335,0
Czechia,2021-02-10,"Moderna, Oxford/AstraZeneca, Pfizer/BioNTech",https://onemocneni-aktualne.mzcr.cz/covid-19,415283,280687,134596,0
Czechia,2021-02-11,"Moderna, Oxford/AstraZeneca, Pfizer/BioNTech",https://onemocneni-aktualne.mzcr.cz/covid-19,437846,287030,150816,0
Czechia,2021-02-12,"Moderna, Oxford/AstraZeneca, Pfizer/BioNTech",https://onemocneni-aktualne.mzcr.cz/covid-19,459425,293860,165565,0
Czechia,2021-02-13,"Moderna, Oxford/AstraZeneca, Pfizer/BioNTech",https://onemocneni-aktualne.mzcr.cz/covid-19,464031,295478,168553,0
Czechia,2021-02-14,"Moderna, Oxford/AstraZeneca, Pfizer/BioNTech",https://onemocneni-aktualne.mzcr.cz/covid-19,466423,296484,169939,0
Czechia,2021-02-15,"Moderna, Oxford/AstraZeneca, Pfizer/BioNTech",https://onemocneni-aktualne.mzcr.cz/covid-19,482194,302884,179310,0
Czechia,2021-02-16,"Moderna, Oxford/AstraZeneca, Pfizer/BioNTech",https://onemocneni-aktualne.mzcr.cz/covid-19,499997,311606,188391,0
Czechia,2021-02-17,"Moderna, Oxford/AstraZeneca, Pfizer/BioNTech",https://onemocneni-aktualne.mzcr.cz/covid-19,518011,321309,196702,0
Czechia,2021-02-18,"Moderna, Oxford/AstraZeneca, Pfizer/BioNTech",https://onemocneni-aktualne.mzcr.cz/covid-19,538428,333641,204787,0
Czechia,2021-02-19,"Moderna, Oxford/AstraZeneca, Pfizer/BioNTech",https://onemocneni-aktualne.mzcr.cz/covid-19,557670,345507,212163,0
Czechia,2021-02-20,"Moderna, Oxford/AstraZeneca, Pfizer/BioNTech",https://onemocneni-aktualne.mzcr.cz/covid-19,560866,347517,213349,0
Czechia,2021-02-21,"Moderna, Oxford/AstraZeneca, Pfizer/BioNTech",https://onemocneni-aktualne.mzcr.cz/covid-19,563029,348654,214375,0
Czechia,2021-02-22,"Moderna, Oxford/AstraZeneca, Pfizer/BioNTech",https://onemocneni-aktualne.mzcr.cz/covid-19,579195,358782,220413,0
Czechia,2021-02-23,"Moderna, Oxford/AstraZeneca, Pfizer/BioNTech",https://onemocneni-aktualne.mzcr.cz/covid-19,599151,371747,227404,0
Czechia,2021-02-24,"Moderna, Oxford/AstraZeneca, Pfizer/BioNTech",https://onemocneni-aktualne.mzcr.cz/covid-19,619078,385632,233446,0
Czechia,2021-02-25,"Moderna, Oxford/AstraZeneca, Pfizer/BioNTech",https://onemocneni-aktualne.mzcr.cz/covid-19,642614,403616,238998,0
Czechia,2021-02-26,"Moderna, Oxford/AstraZeneca, Pfizer/BioNTech",https://onemocneni-aktualne.mzcr.cz/covid-19,664158,419798,244360,0
Czechia,2021-02-27,"Moderna, Oxford/AstraZeneca, Pfizer/BioNTech",https://onemocneni-aktualne.mzcr.cz/covid-19,667727,422807,244920,0
Czechia,2021-02-28,"Moderna, Oxford/AstraZeneca, Pfizer/BioNTech",https://onemocneni-aktualne.mzcr.cz/covid-19,670637,425165,245472,0
Czechia,2021-03-01,"Moderna, Oxford/AstraZeneca, Pfizer/BioNTech",https://onemocneni-aktualne.mzcr.cz/covid-19,693688,444766,248922,0
Czechia,2021-03-02,"Moderna, Oxford/AstraZeneca, Pfizer/BioNTech",https://onemocneni-aktualne.mzcr.cz/covid-19,724466,471994,252472,0
Czechia,2021-03-03,"Moderna, Oxford/AstraZeneca, Pfizer/BioNTech",https://onemocneni-aktualne.mzcr.cz/covid-19,759936,502953,256983,0
Czechia,2021-03-04,"Moderna, Oxford/AstraZeneca, Pfizer/BioNTech",https://onemocneni-aktualne.mzcr.cz/covid-19,797918,536244,261674,0
Czechia,2021-03-05,"Johnson&Johnson, Moderna, Oxford/AstraZeneca, Pfizer/BioNTech",https://onemocneni-aktualne.mzcr.cz/covid-19,832190,565089,267103,0
Czechia,2021-03-06,"Johnson&Johnson, Moderna, Oxford/AstraZeneca, Pfizer/BioNTech",https://onemocneni-aktualne.mzcr.cz/covid-19,845209,577249,267969,0
Czechia,2021-03-07,"Johnson&Johnson, Moderna, Oxford/AstraZeneca, Pfizer/BioNTech",https://onemocneni-aktualne.mzcr.cz/covid-19,857599,588798,268812,0
Czechia,2021-03-08,"Johnson&Johnson, Moderna, Oxford/AstraZeneca, Pfizer/BioNTech",https://onemocneni-aktualne.mzcr.cz/covid-19,892209,618548,273675,0
Czechia,2021-03-09,"Johnson&Johnson, Moderna, Oxford/AstraZeneca, Pfizer/BioNTech",https://onemocneni-aktualne.mzcr.cz/covid-19,934966,654919,280063,0
Czechia,2021-03-10,"Johnson&Johnson, Moderna, Oxford/AstraZeneca, Pfizer/BioNTech",https://onemocneni-aktualne.mzcr.cz/covid-19,983262,696257,287024,0
Czechia,2021-03-11,"Johnson&Johnson, Moderna, Oxford/AstraZeneca, Pfizer/BioNTech",https://onemocneni-aktualne.mzcr.cz/covid-19,1036494,741115,295401,0
Czechia,2021-03-12,"Johnson&Johnson, Moderna, Oxford/AstraZeneca, Pfizer/BioNTech",https://onemocneni-aktualne.mzcr.cz/covid-19,1083759,779882,303901,0
Czechia,2021-03-13,"Johnson&Johnson, Moderna, Oxford/AstraZeneca, Pfizer/BioNTech",https://onemocneni-aktualne.mzcr.cz/covid-19,1102182,796992,305216,0
Czechia,2021-03-14,"Johnson&Johnson, Moderna, Oxford/AstraZeneca, Pfizer/BioNTech",https://onemocneni-aktualne.mzcr.cz/covid-19,1115454,809110,306372,0
Czechia,2021-03-15,"Johnson&Johnson, Moderna, Oxford/AstraZeneca, Pfizer/BioNTech",https://onemocneni-aktualne.mzcr.cz/covid-19,1152634,837508,315155,0
Czechia,2021-03-16,"Johnson&Johnson, Moderna, Oxford/AstraZeneca, Pfizer/BioNTech",https://onemocneni-aktualne.mzcr.cz/covid-19,1202067,876406,325693,0
Czechia,2021-03-17,"Johnson&Johnson, Moderna, Oxford/AstraZeneca, Pfizer/BioNTech",https://onemocneni-aktualne.mzcr.cz/covid-19,1250072,913896,336208,0
Czechia,2021-03-18,"Johnson&Johnson, Moderna, Oxford/AstraZeneca, Pfizer/BioNTech",https://onemocneni-aktualne.mzcr.cz/covid-19,1300500,951904,348634,0
Czechia,2021-03-19,"Johnson&Johnson, Moderna, Oxford/AstraZeneca, Pfizer/BioNTech",https://onemocneni-aktualne.mzcr.cz/covid-19,1348635,986425,362249,0
Czechia,2021-03-20,"Johnson&Johnson, Moderna, Oxford/AstraZeneca, Pfizer/BioNTech",https://onemocneni-aktualne.mzcr.cz/covid-19,1365841,1001609,364279,0
Czechia,2021-03-21,"Johnson&Johnson, Moderna, Oxford/AstraZeneca, Pfizer/BioNTech",https://onemocneni-aktualne.mzcr.cz/covid-19,1374844,1009054,365839,0
Czechia,2021-03-22,"Johnson&Johnson, Moderna, Oxford/AstraZeneca, Pfizer/BioNTech",https://onemocneni-aktualne.mzcr.cz/covid-19,1411924,1033633,378343,0
Czechia,2021-03-23,"Johnson&Johnson, Moderna, Oxford/AstraZeneca, Pfizer/BioNTech",https://onemocneni-aktualne.mzcr.cz/covid-19,1451962,1060309,391709,0
Czechia,2021-03-24,"Johnson&Johnson, Moderna, Oxford/AstraZeneca, Pfizer/BioNTech",https://onemocneni-aktualne.mzcr.cz/covid-19,1494599,1087201,407457,0
Czechia,2021-03-25,"Johnson&Johnson, Moderna, Oxford/AstraZeneca, Pfizer/BioNTech",https://onemocneni-aktualne.mzcr.cz/covid-19,1538813,1113560,425313,0
Czechia,2021-03-26,"Johnson&Johnson, Moderna, Oxford/AstraZeneca, Pfizer/BioNTech",https://onemocneni-aktualne.mzcr.cz/covid-19,1581169,1138403,442827,0
Czechia,2021-03-27,"Johnson&Johnson, Moderna, Oxford/AstraZeneca, Pfizer/BioNTech",https://onemocneni-aktualne.mzcr.cz/covid-19,1594474,1146865,447673,0
Czechia,2021-03-28,"Johnson&Johnson, Moderna, Oxford/AstraZeneca, Pfizer/BioNTech",https://onemocneni-aktualne.mzcr.cz/covid-19,1604170,1152413,451821,0
Czechia,2021-03-29,"Johnson&Johnson, Moderna, Oxford/AstraZeneca, Pfizer/BioNTech",https://onemocneni-aktualne.mzcr.cz/covid-19,1644063,1171573,472558,0
Czechia,2021-03-30,"Johnson&Johnson, Moderna, Oxford/AstraZeneca, Pfizer/BioNTech",https://onemocneni-aktualne.mzcr.cz/covid-19,1690956,1196284,494746,0
Czechia,2021-03-31,"Johnson&Johnson, Moderna, Oxford/AstraZeneca, Pfizer/BioNTech",https://onemocneni-aktualne.mzcr.cz/covid-19,1741174,1219440,521816,0
Czechia,2021-04-01,"Johnson&Johnson, Moderna, Oxford/AstraZeneca, Pfizer/BioNTech",https://onemocneni-aktualne.mzcr.cz/covid-19,1798907,1245127,553876,0
Czechia,2021-04-02,"Johnson&Johnson, Moderna, Oxford/AstraZeneca, Pfizer/BioNTech",https://onemocneni-aktualne.mzcr.cz/covid-19,1818670,1252111,566675,0
Czechia,2021-04-03,"Johnson&Johnson, Moderna, Oxford/AstraZeneca, Pfizer/BioNTech",https://onemocneni-aktualne.mzcr.cz/covid-19,1833251,1255763,577607,0
Czechia,2021-04-04,"Johnson&Johnson, Moderna, Oxford/AstraZeneca, Pfizer/BioNTech",https://onemocneni-aktualne.mzcr.cz/covid-19,1844713,1258306,586531,0
Czechia,2021-04-05,"Johnson&Johnson, Moderna, Oxford/AstraZeneca, Pfizer/BioNTech",https://onemocneni-aktualne.mzcr.cz/covid-19,1854339,1260738,593736,0
Czechia,2021-04-06,"Johnson&Johnson, Moderna, Oxford/AstraZeneca, Pfizer/BioNTech",https://onemocneni-aktualne.mzcr.cz/covid-19,1899815,1276955,623011,0
Czechia,2021-04-07,"Johnson&Johnson, Moderna, Oxford/AstraZeneca, Pfizer/BioNTech",https://onemocneni-aktualne.mzcr.cz/covid-19,1945550,1300461,645257,0
Czechia,2021-04-08,"Johnson&Johnson, Moderna, Oxford/AstraZeneca, Pfizer/BioNTech",https://onemocneni-aktualne.mzcr.cz/covid-19,2015388,1339275,676304,0
Czechia,2021-04-09,"Johnson&Johnson, Moderna, Oxford/AstraZeneca, Pfizer/BioNTech",https://onemocneni-aktualne.mzcr.cz/covid-19,2085168,1378875,706504,0
Czechia,2021-04-10,"Johnson&Johnson, Moderna, Oxford/AstraZeneca, Pfizer/BioNTech",https://onemocneni-aktualne.mzcr.cz/covid-19,2116024,1394443,721817,0
Czechia,2021-04-11,"Johnson&Johnson, Moderna, Oxford/AstraZeneca, Pfizer/BioNTech",https://onemocneni-aktualne.mzcr.cz/covid-19,2135864,1404238,731873,0
Czechia,2021-04-12,"Johnson&Johnson, Moderna, Oxford/AstraZeneca, Pfizer/BioNTech",https://onemocneni-aktualne.mzcr.cz/covid-19,2199314,1442561,757019,0
Czechia,2021-04-13,"Johnson&Johnson, Moderna, Oxford/AstraZeneca, Pfizer/BioNTech",https://onemocneni-aktualne.mzcr.cz/covid-19,2261663,1478867,783062,0
Czechia,2021-04-14,"Johnson&Johnson, Moderna, Oxford/AstraZeneca, Pfizer/BioNTech",https://onemocneni-aktualne.mzcr.cz/covid-19,2327928,1517755,810439,0
Czechia,2021-04-15,"Johnson&Johnson, Moderna, Oxford/AstraZeneca, Pfizer/BioNTech",https://onemocneni-aktualne.mzcr.cz/covid-19,2401544,1565590,836220,0
Czechia,2021-04-16,"Johnson&Johnson, Moderna, Oxford/AstraZeneca, Pfizer/BioNTech",https://onemocneni-aktualne.mzcr.cz/covid-19,2471942,1610305,861903,0
Czechia,2021-04-17,"Johnson&Johnson, Moderna, Oxford/AstraZeneca, Pfizer/BioNTech",https://onemocneni-aktualne.mzcr.cz/covid-19,2497696,1627032,870930,0
Czechia,2021-04-18,"Johnson&Johnson, Moderna, Oxford/AstraZeneca, Pfizer/BioNTech",https://onemocneni-aktualne.mzcr.cz/covid-19,2515681,1640031,875916,0
Czechia,2021-04-19,"Johnson&Johnson, Moderna, Oxford/AstraZeneca, Pfizer/BioNTech",https://onemocneni-aktualne.mzcr.cz/covid-19,2575097,1684004,891360,0
Czechia,2021-04-20,"Johnson&Johnson, Moderna, Oxford/AstraZeneca, Pfizer/BioNTech",https://onemocneni-aktualne.mzcr.cz/covid-19,2633574,1726593,907250,0
Czechia,2021-04-21,"Johnson&Johnson, Moderna, Oxford/AstraZeneca, Pfizer/BioNTech",https://onemocneni-aktualne.mzcr.cz/covid-19,2695714,1774364,921619,0
Czechia,2021-04-22,"Johnson&Johnson, Moderna, Oxford/AstraZeneca, Pfizer/BioNTech",https://onemocneni-aktualne.mzcr.cz/covid-19,2767615,1828894,939019,0
Czechia,2021-04-23,"Johnson&Johnson, Moderna, Oxford/AstraZeneca, Pfizer/BioNTech",https://onemocneni-aktualne.mzcr.cz/covid-19,2829476,1878909,951086,0
Czechia,2021-04-24,"Johnson&Johnson, Moderna, Oxford/AstraZeneca, Pfizer/BioNTech",https://onemocneni-aktualne.mzcr.cz/covid-19,2852607,1896787,956353,0
Czechia,2021-04-25,"Johnson&Johnson, Moderna, Oxford/AstraZeneca, Pfizer/BioNTech",https://onemocneni-aktualne.mzcr.cz/covid-19,2871308,1911501,960356,0
Czechia,2021-04-26,"Johnson&Johnson, Moderna, Oxford/AstraZeneca, Pfizer/BioNTech",https://onemocneni-aktualne.mzcr.cz/covid-19,2927951,1961112,967927,0
Czechia,2021-04-27,"Johnson&Johnson, Moderna, Oxford/AstraZeneca, Pfizer/BioNTech",https://onemocneni-aktualne.mzcr.cz/covid-19,2988263,2010102,980180,0
Czechia,2021-04-28,"Johnson&Johnson, Moderna, Oxford/AstraZeneca, Pfizer/BioNTech",https://onemocneni-aktualne.mzcr.cz/covid-19,3059619,2068883,994208,0
Czechia,2021-04-29,"Johnson&Johnson, Moderna, Oxford/AstraZeneca, Pfizer/BioNTech",https://onemocneni-aktualne.mzcr.cz/covid-19,3139558,2134506,1010130,0
Czechia,2021-04-30,"Johnson&Johnson, Moderna, Oxford/AstraZeneca, Pfizer/BioNTech",https://onemocneni-aktualne.mzcr.cz/covid-19,3210388,2196801,1020127,0
Czechia,2021-05-01,"Johnson&Johnson, Moderna, Oxford/AstraZeneca, Pfizer/BioNTech",https://onemocneni-aktualne.mzcr.cz/covid-19,3233134,2216190,1023592,0
Czechia,2021-05-02,"Johnson&Johnson, Moderna, Oxford/AstraZeneca, Pfizer/BioNTech",https://onemocneni-aktualne.mzcr.cz/covid-19,3254339,2235145,1025883,0
Czechia,2021-05-03,"Johnson&Johnson, Moderna, Oxford/AstraZeneca, Pfizer/BioNTech",https://onemocneni-aktualne.mzcr.cz/covid-19,3325579,2302428,1030968,0
Czechia,2021-05-04,"Johnson&Johnson, Moderna, Oxford/AstraZeneca, Pfizer/BioNTech",https://onemocneni-aktualne.mzcr.cz/covid-19,3398949,2368990,1039342,0
Czechia,2021-05-05,"Johnson&Johnson, Moderna, Oxford/AstraZeneca, Pfizer/BioNTech",https://onemocneni-aktualne.mzcr.cz/covid-19,3479636,2442205,1048793,0
Czechia,2021-05-06,"Johnson&Johnson, Moderna, Oxford/AstraZeneca, Pfizer/BioNTech",https://onemocneni-aktualne.mzcr.cz/covid-19,3568870,2522654,1059549,0
Czechia,2021-05-07,"Johnson&Johnson, Moderna, Oxford/AstraZeneca, Pfizer/BioNTech",https://onemocneni-aktualne.mzcr.cz/covid-19,3654423,2599989,1069698,0
Czechia,2021-05-08,"Johnson&Johnson, Moderna, Oxford/AstraZeneca, Pfizer/BioNTech",https://onemocneni-aktualne.mzcr.cz/covid-19,3685604,2629532,1071492,0
Czechia,2021-05-09,"Johnson&Johnson, Moderna, Oxford/AstraZeneca, Pfizer/BioNTech",https://onemocneni-aktualne.mzcr.cz/covid-19,3711055,2653772,1072715,0
Czechia,2021-05-10,"Johnson&Johnson, Moderna, Oxford/AstraZeneca, Pfizer/BioNTech",https://onemocneni-aktualne.mzcr.cz/covid-19,3789423,2726579,1079966,0
Czechia,2021-05-11,"Johnson&Johnson, Moderna, Oxford/AstraZeneca, Pfizer/BioNTech",https://onemocneni-aktualne.mzcr.cz/covid-19,3872595,2802739,1088802,0
Czechia,2021-05-12,"Johnson&Johnson, Moderna, Oxford/AstraZeneca, Pfizer/BioNTech",https://onemocneni-aktualne.mzcr.cz/covid-19,3960099,2882690,1097950,0
Czechia,2021-05-13,"Johnson&Johnson, Moderna, Oxford/AstraZeneca, Pfizer/BioNTech",https://onemocneni-aktualne.mzcr.cz/covid-19,4051834,2966746,1107145,0
Czechia,2021-05-14,"Johnson&Johnson, Moderna, Oxford/AstraZeneca, Pfizer/BioNTech",https://onemocneni-aktualne.mzcr.cz/covid-19,4138100,3046297,1114976,0
Czechia,2021-05-15,"Johnson&Johnson, Moderna, Oxford/AstraZeneca, Pfizer/BioNTech",https://onemocneni-aktualne.mzcr.cz/covid-19,4172275,3078268,1117263,0
Czechia,2021-05-16,"Johnson&Johnson, Moderna, Oxford/AstraZeneca, Pfizer/BioNTech",https://onemocneni-aktualne.mzcr.cz/covid-19,4199362,3104082,1118550,0
Czechia,2021-05-17,"Johnson&Johnson, Moderna, Oxford/AstraZeneca, Pfizer/BioNTech",https://onemocneni-aktualne.mzcr.cz/covid-19,4277781,3176628,1125307,0
Czechia,2021-05-18,"Johnson&Johnson, Moderna, Oxford/AstraZeneca, Pfizer/BioNTech",https://onemocneni-aktualne.mzcr.cz/covid-19,4361894,3248626,1138430,0
Czechia,2021-05-19,"Johnson&Johnson, Moderna, Oxford/AstraZeneca, Pfizer/BioNTech",https://onemocneni-aktualne.mzcr.cz/covid-19,4453336,3326125,1153606,0
Czechia,2021-05-20,"Johnson&Johnson, Moderna, Oxford/AstraZeneca, Pfizer/BioNTech",https://onemocneni-aktualne.mzcr.cz/covid-19,4554270,3401620,1180681,0
Czechia,2021-05-21,"Johnson&Johnson, Moderna, Oxford/AstraZeneca, Pfizer/BioNTech",https://onemocneni-aktualne.mzcr.cz/covid-19,4649509,3470480,1208491,0
Czechia,2021-05-22,"Johnson&Johnson, Moderna, Oxford/AstraZeneca, Pfizer/BioNTech",https://onemocneni-aktualne.mzcr.cz/covid-19,4693030,3502946,1219735,0
Czechia,2021-05-23,"Johnson&Johnson, Moderna, Oxford/AstraZeneca, Pfizer/BioNTech",https://onemocneni-aktualne.mzcr.cz/covid-19,4724506,3525396,1228778,0
Czechia,2021-05-24,"Johnson&Johnson, Moderna, Oxford/AstraZeneca, Pfizer/BioNTech",https://onemocneni-aktualne.mzcr.cz/covid-19,4804121,3572616,1262462,0
Czechia,2021-05-25,"Johnson&Johnson, Moderna, Oxford/AstraZeneca, Pfizer/BioNTech",https://onemocneni-aktualne.mzcr.cz/covid-19,4890105,3624536,1298310,0
Czechia,2021-05-26,"Johnson&Johnson, Moderna, Oxford/AstraZeneca, Pfizer/BioNTech",https://onemocneni-aktualne.mzcr.cz/covid-19,4993526,3692306,1335874,0
Czechia,2021-05-27,"Johnson&Johnson, Moderna, Oxford/AstraZeneca, Pfizer/BioNTech",https://onemocneni-aktualne.mzcr.cz/covid-19,5100221,3753739,1383243,0
Czechia,2021-05-28,"Johnson&Johnson, Moderna, Oxford/AstraZeneca, Pfizer/BioNTech",https://onemocneni-aktualne.mzcr.cz/covid-19,5206473,3815493,1429860,0
Czechia,2021-05-29,"Johnson&Johnson, Moderna, Oxford/AstraZeneca, Pfizer/BioNTech",https://onemocneni-aktualne.mzcr.cz/covid-19,5252745,3844765,1447007,0
Czechia,2021-05-30,"Johnson&Johnson, Moderna, Oxford/AstraZeneca, Pfizer/BioNTech",https://onemocneni-aktualne.mzcr.cz/covid-19,5289611,3867179,1461480,0
Czechia,2021-05-31,"Johnson&Johnson, Moderna, Oxford/AstraZeneca, Pfizer/BioNTech",https://onemocneni-aktualne.mzcr.cz/covid-19,5391040,3922928,1509017,0
Czechia,2021-06-01,"Johnson&Johnson, Moderna, Oxford/AstraZeneca, Pfizer/BioNTech",https://onemocneni-aktualne.mzcr.cz/covid-19,5496756,3982041,1557910,0
Czechia,2021-06-02,"Johnson&Johnson, Moderna, Oxford/AstraZeneca, Pfizer/BioNTech",https://onemocneni-aktualne.mzcr.cz/covid-19,5611311,4045022,1611953,0
Czechia,2021-06-03,"Johnson&Johnson, Moderna, Oxford/AstraZeneca, Pfizer/BioNTech",https://onemocneni-aktualne.mzcr.cz/covid-19,5727022,4103281,1672207,0
Czechia,2021-06-04,"Johnson&Johnson, Moderna, Oxford/AstraZeneca, Pfizer/BioNTech",https://onemocneni-aktualne.mzcr.cz/covid-19,5844356,4166427,1729646,0
Czechia,2021-06-05,"Johnson&Johnson, Moderna, Oxford/AstraZeneca, Pfizer/BioNTech",https://onemocneni-aktualne.mzcr.cz/covid-19,5897341,4200616,1748578,0
Czechia,2021-06-06,"Johnson&Johnson, Moderna, Oxford/AstraZeneca, Pfizer/BioNTech",https://onemocneni-aktualne.mzcr.cz/covid-19,5939394,4227574,1763758,0
Czechia,2021-06-07,"Johnson&Johnson, Moderna, Oxford/AstraZeneca, Pfizer/BioNTech",https://onemocneni-aktualne.mzcr.cz/covid-19,6055625,4291276,1819414,0
Czechia,2021-06-08,"Johnson&Johnson, Moderna, Oxford/AstraZeneca, Pfizer/BioNTech",https://onemocneni-aktualne.mzcr.cz/covid-19,6171624,4355298,1874453,0
Czechia,2021-06-09,"Johnson&Johnson, Moderna, Oxford/AstraZeneca, Pfizer/BioNTech",https://onemocneni-aktualne.mzcr.cz/covid-19,6291906,4414521,1939160,0
Czechia,2021-06-10,"Johnson&Johnson, Moderna, Oxford/AstraZeneca, Pfizer/BioNTech",https://onemocneni-aktualne.mzcr.cz/covid-19,6414005,4468390,2010500,0
Czechia,2021-06-11,"Johnson&Johnson, Moderna, Oxford/AstraZeneca, Pfizer/BioNTech",https://onemocneni-aktualne.mzcr.cz/covid-19,6532858,4520524,2080359,0
Czechia,2021-06-12,"Johnson&Johnson, Moderna, Oxford/AstraZeneca, Pfizer/BioNTech",https://onemocneni-aktualne.mzcr.cz/covid-19,6585637,4552548,2101223,0
Czechia,2021-06-13,"Johnson&Johnson, Moderna, Oxford/AstraZeneca, Pfizer/BioNTech",https://onemocneni-aktualne.mzcr.cz/covid-19,6628070,4576593,2119668,0
Czechia,2021-06-14,"Johnson&Johnson, Moderna, Oxford/AstraZeneca, Pfizer/BioNTech",https://onemocneni-aktualne.mzcr.cz/covid-19,6743176,4619689,2194088,0
Czechia,2021-06-15,"Johnson&Johnson, Moderna, Oxford/AstraZeneca, Pfizer/BioNTech",https://onemocneni-aktualne.mzcr.cz/covid-19,6858092,4664372,2266508,0
Czechia,2021-06-16,"Johnson&Johnson, Moderna, Oxford/AstraZeneca, Pfizer/BioNTech",https://onemocneni-aktualne.mzcr.cz/covid-19,6976630,4707204,2344773,0
Czechia,2021-06-17,"Johnson&Johnson, Moderna, Oxford/AstraZeneca, Pfizer/BioNTech",https://onemocneni-aktualne.mzcr.cz/covid-19,7097001,4746646,2427898,0
Czechia,2021-06-18,"Johnson&Johnson, Moderna, Oxford/AstraZeneca, Pfizer/BioNTech",https://onemocneni-aktualne.mzcr.cz/covid-19,7218000,4789095,2508508,0
Czechia,2021-06-19,"Johnson&Johnson, Moderna, Oxford/AstraZeneca, Pfizer/BioNTech",https://onemocneni-aktualne.mzcr.cz/covid-19,7269120,4810893,2537859,0
Czechia,2021-06-20,"Johnson&Johnson, Moderna, Oxford/AstraZeneca, Pfizer/BioNTech",https://onemocneni-aktualne.mzcr.cz/covid-19,7310375,4828308,2561740,0
Czechia,2021-06-21,"Johnson&Johnson, Moderna, Oxford/AstraZeneca, Pfizer/BioNTech",https://onemocneni-aktualne.mzcr.cz/covid-19,7420091,4860824,2640378,0
Czechia,2021-06-22,"Johnson&Johnson, Moderna, Oxford/AstraZeneca, Pfizer/BioNTech",https://onemocneni-aktualne.mzcr.cz/covid-19,7533804,4893807,2722731,0
Czechia,2021-06-23,"Johnson&Johnson, Moderna, Oxford/AstraZeneca, Pfizer/BioNTech",https://onemocneni-aktualne.mzcr.cz/covid-19,7648994,4925535,2808003,0
Czechia,2021-06-24,"Johnson&Johnson, Moderna, Oxford/AstraZeneca, Pfizer/BioNTech",https://onemocneni-aktualne.mzcr.cz/covid-19,7767125,4955412,2898086,0
Czechia,2021-06-25,"Johnson&Johnson, Moderna, Oxford/AstraZeneca, Pfizer/BioNTech",https://onemocneni-aktualne.mzcr.cz/covid-19,7882776,4986512,2984345,0
Czechia,2021-06-26,"Johnson&Johnson, Moderna, Oxford/AstraZeneca, Pfizer/BioNTech",https://onemocneni-aktualne.mzcr.cz/covid-19,7933537,5002418,3019241,0
Czechia,2021-06-27,"Johnson&Johnson, Moderna, Oxford/AstraZeneca, Pfizer/BioNTech",https://onemocneni-aktualne.mzcr.cz/covid-19,7974205,5016379,3045962,0
Czechia,2021-06-28,"Johnson&Johnson, Moderna, Oxford/AstraZeneca, Pfizer/BioNTech",https://onemocneni-aktualne.mzcr.cz/covid-19,8086610,5044802,3131203,0
Czechia,2021-06-29,"Johnson&Johnson, Moderna, Oxford/AstraZeneca, Pfizer/BioNTech",https://onemocneni-aktualne.mzcr.cz/covid-19,8201025,5074100,3217774,0
Czechia,2021-06-30,"Johnson&Johnson, Moderna, Oxford/AstraZeneca, Pfizer/BioNTech",https://onemocneni-aktualne.mzcr.cz/covid-19,8318238,5101613,3308831,1
Czechia,2021-07-01,"Johnson&Johnson, Moderna, Oxford/AstraZeneca, Pfizer/BioNTech",https://onemocneni-aktualne.mzcr.cz/covid-19,8430582,5125617,3398949,1
Czechia,2021-07-02,"Johnson&Johnson, Moderna, Oxford/AstraZeneca, Pfizer/BioNTech",https://onemocneni-aktualne.mzcr.cz/covid-19,8541569,5152372,3484908,1
Czechia,2021-07-03,"Johnson&Johnson, Moderna, Oxford/AstraZeneca, Pfizer/BioNTech",https://onemocneni-aktualne.mzcr.cz/covid-19,8580229,5159478,3516487,1
Czechia,2021-07-04,"Johnson&Johnson, Moderna, Oxford/AstraZeneca, Pfizer/BioNTech",https://onemocneni-aktualne.mzcr.cz/covid-19,8609638,5167070,3538316,1
Czechia,2021-07-05,"Johnson&Johnson, Moderna, Oxford/AstraZeneca, Pfizer/BioNTech",https://onemocneni-aktualne.mzcr.cz/covid-19,8642456,5174494,3563733,1
Czechia,2021-07-06,"Johnson&Johnson, Moderna, Oxford/AstraZeneca, Pfizer/BioNTech",https://onemocneni-aktualne.mzcr.cz/covid-19,8675635,5179974,3591470,1
Czechia,2021-07-07,"Johnson&Johnson, Moderna, Oxford/AstraZeneca, Pfizer/BioNTech",https://onemocneni-aktualne.mzcr.cz/covid-19,8779494,5205812,3670481,1
Czechia,2021-07-08,"Johnson&Johnson, Moderna, Oxford/AstraZeneca, Pfizer/BioNTech",https://onemocneni-aktualne.mzcr.cz/covid-19,8875155,5232435,3740841,1
Czechia,2021-07-09,"Johnson&Johnson, Moderna, Oxford/AstraZeneca, Pfizer/BioNTech",https://onemocneni-aktualne.mzcr.cz/covid-19,8971019,5260392,3810184,1
Czechia,2021-07-10,"Johnson&Johnson, Moderna, Oxford/AstraZeneca, Pfizer/BioNTech",https://onemocneni-aktualne.mzcr.cz/covid-19,9009061,5269781,3838863,1
Czechia,2021-07-11,"Johnson&Johnson, Moderna, Oxford/AstraZeneca, Pfizer/BioNTech",https://onemocneni-aktualne.mzcr.cz/covid-19,9040466,5278339,3861756,1
Czechia,2021-07-12,"Johnson&Johnson, Moderna, Oxford/AstraZeneca, Pfizer/BioNTech",https://onemocneni-aktualne.mzcr.cz/covid-19,9135785,5305885,3930852,1
Czechia,2021-07-13,"Johnson&Johnson, Moderna, Oxford/AstraZeneca, Pfizer/BioNTech",https://onemocneni-aktualne.mzcr.cz/covid-19,9230056,5332097,4000757,1
Czechia,2021-07-14,"Johnson&Johnson, Moderna, Oxford/AstraZeneca, Pfizer/BioNTech",https://onemocneni-aktualne.mzcr.cz/covid-19,9325920,5357942,4072776,1
Czechia,2021-07-15,"Johnson&Johnson, Moderna, Oxford/AstraZeneca, Pfizer/BioNTech",https://onemocneni-aktualne.mzcr.cz/covid-19,9418812,5387136,4138825,1
Czechia,2021-07-16,"Johnson&Johnson, Moderna, Oxford/AstraZeneca, Pfizer/BioNTech",https://onemocneni-aktualne.mzcr.cz/covid-19,9517035,5415076,4211589,1
Czechia,2021-07-17,"Johnson&Johnson, Moderna, Oxford/AstraZeneca, Pfizer/BioNTech",https://onemocneni-aktualne.mzcr.cz/covid-19,9556815,5423881,4243070,1
Czechia,2021-07-18,"Johnson&Johnson, Moderna, Oxford/AstraZeneca, Pfizer/BioNTech",https://onemocneni-aktualne.mzcr.cz/covid-19,9590737,5432327,4269089,1
Czechia,2021-07-19,"Johnson&Johnson, Moderna, Oxford/AstraZeneca, Pfizer/BioNTech",https://onemocneni-aktualne.mzcr.cz/covid-19,9679689,5455704,4336137,1
Czechia,2021-07-20,"Johnson&Johnson, Moderna, Oxford/AstraZeneca, Pfizer/BioNTech",https://onemocneni-aktualne.mzcr.cz/covid-19,9766268,5477117,4403222,3
Czechia,2021-07-21,"Johnson&Johnson, Moderna, Oxford/AstraZeneca, Pfizer/BioNTech",https://onemocneni-aktualne.mzcr.cz/covid-19,9850378,5500583,4466704,3
Czechia,2021-07-22,"Johnson&Johnson, Moderna, Oxford/AstraZeneca, Pfizer/BioNTech",https://onemocneni-aktualne.mzcr.cz/covid-19,9928362,5522956,4525360,3
Czechia,2021-07-23,"Johnson&Johnson, Moderna, Oxford/AstraZeneca, Pfizer/BioNTech",https://onemocneni-aktualne.mzcr.cz/covid-19,10003264,5546196,4580138,3
Czechia,2021-07-24,"Johnson&Johnson, Moderna, Oxford/AstraZeneca, Pfizer/BioNTech",https://onemocneni-aktualne.mzcr.cz/covid-19,10037105,5553548,4607823,3
Czechia,2021-07-25,"Johnson&Johnson, Moderna, Oxford/AstraZeneca, Pfizer/BioNTech",https://onemocneni-aktualne.mzcr.cz/covid-19,10064731,5560188,4629968,3
Czechia,2021-07-26,"Johnson&Johnson, Moderna, Oxford/AstraZeneca, Pfizer/BioNTech",https://onemocneni-aktualne.mzcr.cz/covid-19,10134338,5583749,4678679,3
Czechia,2021-07-27,"Johnson&Johnson, Moderna, Oxford/AstraZeneca, Pfizer/BioNTech",https://onemocneni-aktualne.mzcr.cz/covid-19,10200474,5606505,4725356,3
Czechia,2021-07-28,"Johnson&Johnson, Moderna, Oxford/AstraZeneca, Pfizer/BioNTech",https://onemocneni-aktualne.mzcr.cz/covid-19,10264043,5627792,4771399,3
Czechia,2021-07-29,"Johnson&Johnson, Moderna, Oxford/AstraZeneca, Pfizer/BioNTech",https://onemocneni-aktualne.mzcr.cz/covid-19,10324069,5649136,4813403,3
Czechia,2021-07-30,"Johnson&Johnson, Moderna, Oxford/AstraZeneca, Pfizer/BioNTech",https://onemocneni-aktualne.mzcr.cz/covid-19,10386631,5672423,4855997,4
Czechia,2021-07-31,"Johnson&Johnson, Moderna, Oxford/AstraZeneca, Pfizer/BioNTech",https://onemocneni-aktualne.mzcr.cz/covid-19,10413581,5681379,4875552,4
Czechia,2021-08-01,"Johnson&Johnson, Moderna, Oxford/AstraZeneca, Pfizer/BioNTech",https://onemocneni-aktualne.mzcr.cz/covid-19,10435166,5688114,4891737,4
Czechia,2021-08-02,"Johnson&Johnson, Moderna, Oxford/AstraZeneca, Pfizer/BioNTech",https://onemocneni-aktualne.mzcr.cz/covid-19,10488949,5706764,4929323,4
Czechia,2021-08-03,"Johnson&Johnson, Moderna, Oxford/AstraZeneca, Pfizer/BioNTech",https://onemocneni-aktualne.mzcr.cz/covid-19,10541513,5724417,4967459,4
Czechia,2021-08-04,"Johnson&Johnson, Moderna, Oxford/AstraZeneca, Pfizer/BioNTech",https://onemocneni-aktualne.mzcr.cz/covid-19,10591455,5740546,5004253,4
Czechia,2021-08-05,"Johnson&Johnson, Moderna, Oxford/AstraZeneca, Pfizer/BioNTech",https://onemocneni-aktualne.mzcr.cz/covid-19,10644964,5756594,5044764,4
Czechia,2021-08-06,"Johnson&Johnson, Moderna, Oxford/AstraZeneca, Pfizer/BioNTech",https://onemocneni-aktualne.mzcr.cz/covid-19,10702014,5773404,5088092,4
Czechia,2021-08-07,"Johnson&Johnson, Moderna, Oxford/AstraZeneca, Pfizer/BioNTech",https://onemocneni-aktualne.mzcr.cz/covid-19,10724396,5779014,5106281,4
Czechia,2021-08-08,"Johnson&Johnson, Moderna, Oxford/AstraZeneca, Pfizer/BioNTech",https://onemocneni-aktualne.mzcr.cz/covid-19,10743452,5783386,5122052,5
Czechia,2021-08-09,"Johnson&Johnson, Moderna, Oxford/AstraZeneca, Pfizer/BioNTech",https://onemocneni-aktualne.mzcr.cz/covid-19,10798954,5796027,5167133,5
Czechia,2021-08-10,"Johnson&Johnson, Moderna, Oxford/AstraZeneca, Pfizer/BioNTech",https://onemocneni-aktualne.mzcr.cz/covid-19,10848197,5807877,5206728,5
Czechia,2021-08-11,"Johnson&Johnson, Moderna, Oxford/AstraZeneca, Pfizer/BioNTech",https://onemocneni-aktualne.mzcr.cz/covid-19,10900498,5819251,5249883,5
Czechia,2021-08-12,"Johnson&Johnson, Moderna, Oxford/AstraZeneca, Pfizer/BioNTech",https://onemocneni-aktualne.mzcr.cz/covid-19,10946592,5830678,5287040,5
Czechia,2021-08-13,"Johnson&Johnson, Moderna, Oxford/AstraZeneca, Pfizer/BioNTech",https://onemocneni-aktualne.mzcr.cz/covid-19,10995488,5841412,5327409,5
Czechia,2021-08-14,"Johnson&Johnson, Moderna, Oxford/AstraZeneca, Pfizer/BioNTech",https://onemocneni-aktualne.mzcr.cz/covid-19,11008488,5844753,5338127,5
Czechia,2021-08-15,"Johnson&Johnson, Moderna, Oxford/AstraZeneca, Pfizer/BioNTech",https://onemocneni-aktualne.mzcr.cz/covid-19,11020848,5847345,5348520,5
Czechia,2021-08-16,"Johnson&Johnson, Moderna, Oxford/AstraZeneca, Pfizer/BioNTech",https://onemocneni-aktualne.mzcr.cz/covid-19,11062842,5857140,5382616,5
Czechia,2021-08-17,"Johnson&Johnson, Moderna, Oxford/AstraZeneca, Pfizer/BioNTech",https://onemocneni-aktualne.mzcr.cz/covid-19,11097584,5866743,5409731,5
Czechia,2021-08-18,"Johnson&Johnson, Moderna, Oxford/AstraZeneca, Pfizer/BioNTech",https://onemocneni-aktualne.mzcr.cz/covid-19,11143749,5876120,5448647,5
Czechia,2021-08-19,"Johnson&Johnson, Moderna, Oxford/AstraZeneca, Pfizer/BioNTech",https://onemocneni-aktualne.mzcr.cz/covid-19,11189336,5885801,5487017,5
Czechia,2021-08-20,"Johnson&Johnson, Moderna, Oxford/AstraZeneca, Pfizer/BioNTech",https://onemocneni-aktualne.mzcr.cz/covid-19,11238305,5897195,5527219,5
Czechia,2021-08-21,"Johnson&Johnson, Moderna, Oxford/AstraZeneca, Pfizer/BioNTech",https://onemocneni-aktualne.mzcr.cz/covid-19,11252899,5899921,5539997,5
Czechia,2021-08-22,"Johnson&Johnson, Moderna, Oxford/AstraZeneca, Pfizer/BioNTech",https://onemocneni-aktualne.mzcr.cz/covid-19,11266428,5902267,5551973,5
Czechia,2021-08-23,"Johnson&Johnson, Moderna, Oxford/AstraZeneca, Pfizer/BioNTech",https://onemocneni-aktualne.mzcr.cz/covid-19,11313733,5912800,5591261,7
Czechia,2021-08-24,"Johnson&Johnson, Moderna, Oxford/AstraZeneca, Pfizer/BioNTech",https://onemocneni-aktualne.mzcr.cz/covid-19,11354629,5922681,5624529,7
Czechia,2021-08-25,"Johnson&Johnson, Moderna, Oxford/AstraZeneca, Pfizer/BioNTech",https://onemocneni-aktualne.mzcr.cz/covid-19,11389713,5931549,5652907,8
Czechia,2021-08-26,"Johnson&Johnson, Moderna, Oxford/AstraZeneca, Pfizer/BioNTech",https://onemocneni-aktualne.mzcr.cz/covid-19,11422500,5940005,5679037,10
Czechia,2021-08-27,"Johnson&Johnson, Moderna, Oxford/AstraZeneca, Pfizer/BioNTech",https://onemocneni-aktualne.mzcr.cz/covid-19,11456607,5950332,5705030,11
Czechia,2021-08-28,"Johnson&Johnson, Moderna, Oxford/AstraZeneca, Pfizer/BioNTech",https://onemocneni-aktualne.mzcr.cz/covid-19,11465696,5953073,5712101,11
Czechia,2021-08-29,"Johnson&Johnson, Moderna, Oxford/AstraZeneca, Pfizer/BioNTech",https://onemocneni-aktualne.mzcr.cz/covid-19,11474007,5955486,5718728,11
Czechia,2021-08-30,"Johnson&Johnson, Moderna, Oxford/AstraZeneca, Pfizer/BioNTech",https://onemocneni-aktualne.mzcr.cz/covid-19,11502731,5964015,5740612,11
Czechia,2021-08-31,"Johnson&Johnson, Moderna, Oxford/AstraZeneca, Pfizer/BioNTech",https://onemocneni-aktualne.mzcr.cz/covid-19,11526778,5971704,5758729,11
Czechia,2021-09-01,"Johnson&Johnson, Moderna, Oxford/AstraZeneca, Pfizer/BioNTech",https://onemocneni-aktualne.mzcr.cz/covid-19,11545383,5977616,5772752,12
Czechia,2021-09-02,"Johnson&Johnson, Moderna, Oxford/AstraZeneca, Pfizer/BioNTech",https://onemocneni-aktualne.mzcr.cz/covid-19,11564769,5984463,5787147,12
Czechia,2021-09-03,"Johnson&Johnson, Moderna, Oxford/AstraZeneca, Pfizer/BioNTech",https://onemocneni-aktualne.mzcr.cz/covid-19,11588103,5994026,5802886,12
Czechia,2021-09-04,"Johnson&Johnson, Moderna, Oxford/AstraZeneca, Pfizer/BioNTech",https://onemocneni-aktualne.mzcr.cz/covid-19,11593111,5996097,5806446,12
Czechia,2021-09-05,"Johnson&Johnson, Moderna, Oxford/AstraZeneca, Pfizer/BioNTech",https://onemocneni-aktualne.mzcr.cz/covid-19,11597474,5998138,5809295,12
Czechia,2021-09-06,"Johnson&Johnson, Moderna, Oxford/AstraZeneca, Pfizer/BioNTech",https://onemocneni-aktualne.mzcr.cz/covid-19,11614845,6004378,5821842,12
Czechia,2021-09-07,"Johnson&Johnson, Moderna, Oxford/AstraZeneca, Pfizer/BioNTech",https://onemocneni-aktualne.mzcr.cz/covid-19,11628833,6008773,5832931,12
Czechia,2021-09-08,"Johnson&Johnson, Moderna, Oxford/AstraZeneca, Pfizer/BioNTech",https://onemocneni-aktualne.mzcr.cz/covid-19,11643124,6014450,5842798,15
Czechia,2021-09-09,"Johnson&Johnson, Moderna, Oxford/AstraZeneca, Pfizer/BioNTech",https://onemocneni-aktualne.mzcr.cz/covid-19,11658326,6021152,5852873,16
Czechia,2021-09-10,"Johnson&Johnson, Moderna, Oxford/AstraZeneca, Pfizer/BioNTech",https://onemocneni-aktualne.mzcr.cz/covid-19,11676669,6028853,5865058,17
Czechia,2021-09-11,"Johnson&Johnson, Moderna, Oxford/AstraZeneca, Pfizer/BioNTech",https://onemocneni-aktualne.mzcr.cz/covid-19,11680410,6030723,5867546,17
Czechia,2021-09-12,"Johnson&Johnson, Moderna, Oxford/AstraZeneca, Pfizer/BioNTech",https://onemocneni-aktualne.mzcr.cz/covid-19,11682720,6031844,5869181,18
Czechia,2021-09-13,"Johnson&Johnson, Moderna, Oxford/AstraZeneca, Pfizer/BioNTech",https://onemocneni-aktualne.mzcr.cz/covid-19,11696992,6037286,5879489,18
Czechia,2021-09-14,"Johnson&Johnson, Moderna, Oxford/AstraZeneca, Pfizer/BioNTech",https://onemocneni-aktualne.mzcr.cz/covid-19,11709976,6042686,5888508,18
Czechia,2021-09-15,"Johnson&Johnson, Moderna, Oxford/AstraZeneca, Pfizer/BioNTech",https://onemocneni-aktualne.mzcr.cz/covid-19,11722406,6047897,5897040,24
Czechia,2021-09-16,"Johnson&Johnson, Moderna, Oxford/AstraZeneca, Pfizer/BioNTech",https://onemocneni-aktualne.mzcr.cz/covid-19,11734489,6053254,5905324,24
Czechia,2021-09-17,"Johnson&Johnson, Moderna, Oxford/AstraZeneca, Pfizer/BioNTech",https://onemocneni-aktualne.mzcr.cz/covid-19,11749532,6059826,5915564,28
Czechia,2021-09-18,"Johnson&Johnson, Moderna, Oxford/AstraZeneca, Pfizer/BioNTech",https://onemocneni-aktualne.mzcr.cz/covid-19,11753074,6061558,5917930,30
Czechia,2021-09-19,"Johnson&Johnson, Moderna, Oxford/AstraZeneca, Pfizer/BioNTech",https://onemocneni-aktualne.mzcr.cz/covid-19,11755194,6062504,5919499,32
Czechia,2021-09-20,"Johnson&Johnson, Moderna, Oxford/AstraZeneca, Pfizer/BioNTech",https://onemocneni-aktualne.mzcr.cz/covid-19,11766767,6066526,5927702,467
Czechia,2021-09-21,"Johnson&Johnson, Moderna, Oxford/AstraZeneca, Pfizer/BioNTech",https://onemocneni-aktualne.mzcr.cz/covid-19,11777871,6070765,5935242,922
Czechia,2021-09-22,"Johnson&Johnson, Moderna, Oxford/AstraZeneca, Pfizer/BioNTech",https://onemocneni-aktualne.mzcr.cz/covid-19,11786942,6074960,5940770,1376
Czechia,2021-09-23,"Johnson&Johnson, Moderna, Oxford/AstraZeneca, Pfizer/BioNTech",https://onemocneni-aktualne.mzcr.cz/covid-19,11797970,6079936,5947187,2386
Czechia,2021-09-24,"Johnson&Johnson, Moderna, Oxford/AstraZeneca, Pfizer/BioNTech",https://onemocneni-aktualne.mzcr.cz/covid-19,11812247,6085697,5956805,2881
Czechia,2021-09-25,"Johnson&Johnson, Moderna, Oxford/AstraZeneca, Pfizer/BioNTech",https://onemocneni-aktualne.mzcr.cz/covid-19,11815293,6087197,5958805,2961
Czechia,2021-09-26,"Johnson&Johnson, Moderna, Oxford/AstraZeneca, Pfizer/BioNTech",https://onemocneni-aktualne.mzcr.cz/covid-19,11817452,6087942,5960446,3034
Czechia,2021-09-27,"Johnson&Johnson, Moderna, Oxford/AstraZeneca, Pfizer/BioNTech",https://onemocneni-aktualne.mzcr.cz/covid-19,11827537,6091827,5966963,3781
Czechia,2021-09-28,"Johnson&Johnson, Moderna, Oxford/AstraZeneca, Pfizer/BioNTech",https://onemocneni-aktualne.mzcr.cz/covid-19,11828418,6092198,5967599,3840
Czechia,2021-09-29,"Johnson&Johnson, Moderna, Oxford/AstraZeneca, Pfizer/BioNTech",https://onemocneni-aktualne.mzcr.cz/covid-19,11839624,6095976,5975064,4857
Czechia,2021-09-30,"Johnson&Johnson, Moderna, Oxford/AstraZeneca, Pfizer/BioNTech",https://onemocneni-aktualne.mzcr.cz/covid-19,11851873,6100491,5982768,6029
Czechia,2021-10-01,"Johnson&Johnson, Moderna, Oxford/AstraZeneca, Pfizer/BioNTech",https://onemocneni-aktualne.mzcr.cz/covid-19,11864929,6104799,5990754,7898
Czechia,2021-10-02,"Johnson&Johnson, Moderna, Oxford/AstraZeneca, Pfizer/BioNTech",https://onemocneni-aktualne.mzcr.cz/covid-19,11867302,6105862,5992301,8003
Czechia,2021-10-03,"Johnson&Johnson, Moderna, Oxford/AstraZeneca, Pfizer/BioNTech",https://onemocneni-aktualne.mzcr.cz/covid-19,11868682,6106587,5993173,8087
Czechia,2021-10-04,"Johnson&Johnson, Moderna, Oxford/AstraZeneca, Pfizer/BioNTech",https://onemocneni-aktualne.mzcr.cz/covid-19,11878240,6109664,5998750,9819
Czechia,2021-10-05,"Johnson&Johnson, Moderna, Oxford/AstraZeneca, Pfizer/BioNTech",https://onemocneni-aktualne.mzcr.cz/covid-19,11887653,6112826,6003835,11957
Czechia,2021-10-06,"Johnson&Johnson, Moderna, Oxford/AstraZeneca, Pfizer/BioNTech",https://onemocneni-aktualne.mzcr.cz/covid-19,11898031,6116346,6009010,14583
Czechia,2021-10-07,"Johnson&Johnson, Moderna, Oxford/AstraZeneca, Pfizer/BioNTech",https://onemocneni-aktualne.mzcr.cz/covid-19,11908034,6119630,6014271,16995
Czechia,2021-10-08,"Johnson&Johnson, Moderna, Oxford/AstraZeneca, Pfizer/BioNTech",https://onemocneni-aktualne.mzcr.cz/covid-19,11922159,6124424,6020916,20933
Czechia,2021-10-09,"Johnson&Johnson, Moderna, Oxford/AstraZeneca, Pfizer/BioNTech",https://onemocneni-aktualne.mzcr.cz/covid-19,11925151,6125668,6022582,21396
Czechia,2021-10-10,"Johnson&Johnson, Moderna, Oxford/AstraZeneca, Pfizer/BioNTech",https://onemocneni-aktualne.mzcr.cz/covid-19,11926912,6126612,6023414,21637
Czechia,2021-10-11,"Johnson&Johnson, Moderna, Oxford/AstraZeneca, Pfizer/BioNTech",https://onemocneni-aktualne.mzcr.cz/covid-19,11936211,6129542,6027830,24303
Czechia,2021-10-12,"Johnson&Johnson, Moderna, Oxford/AstraZeneca, Pfizer/BioNTech",https://onemocneni-aktualne.mzcr.cz/covid-19,11945889,6132478,6031835,27760
Czechia,2021-10-13,"Johnson&Johnson, Moderna, Oxford/AstraZeneca, Pfizer/BioNTech",https://onemocneni-aktualne.mzcr.cz/covid-19,11957088,6136010,6036022,32142
Czechia,2021-10-14,"Johnson&Johnson, Moderna, Oxford/AstraZeneca, Pfizer/BioNTech",https://onemocneni-aktualne.mzcr.cz/covid-19,11969357,6139683,6040973,36924
Czechia,2021-10-15,"Johnson&Johnson, Moderna, Oxford/AstraZeneca, Pfizer/BioNTech",https://onemocneni-aktualne.mzcr.cz/covid-19,11984469,6144911,6047121,42023
Czechia,2021-10-16,"Johnson&Johnson, Moderna, Oxford/AstraZeneca, Pfizer/BioNTech",https://onemocneni-aktualne.mzcr.cz/covid-19,11988016,6146326,6048650,43108
Czechia,2021-10-17,"Johnson&Johnson, Moderna, Oxford/AstraZeneca, Pfizer/BioNTech",https://onemocneni-aktualne.mzcr.cz/covid-19,11990413,6147653,6049705,43671
Czechia,2021-10-18,"Johnson&Johnson, Moderna, Oxford/AstraZeneca, Pfizer/BioNTech",https://onemocneni-aktualne.mzcr.cz/covid-19,12004724,6151766,6053805,50865
Czechia,2021-10-19,"Johnson&Johnson, Moderna, Oxford/AstraZeneca, Pfizer/BioNTech",https://onemocneni-aktualne.mzcr.cz/covid-19,12020359,6155346,6055906,61828
Czechia,2021-10-20,"Johnson&Johnson, Moderna, Oxford/AstraZeneca, Pfizer/BioNTech",https://onemocneni-aktualne.mzcr.cz/covid-19,12043308,6160230,6060366,76847
Czechia,2021-10-21,"Johnson&Johnson, Moderna, Oxford/AstraZeneca, Pfizer/BioNTech",https://onemocneni-aktualne.mzcr.cz/covid-19,12072042,6167997,6065972,94458
Czechia,2021-10-22,"Johnson&Johnson, Moderna, Oxford/AstraZeneca, Pfizer/BioNTech",https://onemocneni-aktualne.mzcr.cz/covid-19,12105042,6178451,6072474,113318
Czechia,2021-10-23,"Johnson&Johnson, Moderna, Oxford/AstraZeneca, Pfizer/BioNTech",https://onemocneni-aktualne.mzcr.cz/covid-19,12113246,6182124,6074681,116991
Czechia,2021-10-24,"Johnson&Johnson, Moderna, Oxford/AstraZeneca, Pfizer/BioNTech",https://onemocneni-aktualne.mzcr.cz/covid-19,12118959,6184809,6076462,119492
Czechia,2021-10-25,"Johnson&Johnson, Moderna, Oxford/AstraZeneca, Pfizer/BioNTech",https://onemocneni-aktualne.mzcr.cz/covid-19,12152007,6195308,6082271,139370
Czechia,2021-10-26,"Johnson&Johnson, Moderna, Oxford/AstraZeneca, Pfizer/BioNTech",https://onemocneni-aktualne.mzcr.cz/covid-19,12188974,6207298,6088822,161897
Czechia,2021-10-27,"Johnson&Johnson, Moderna, Oxford/AstraZeneca, Pfizer/BioNTech",https://onemocneni-aktualne.mzcr.cz/covid-19,12233175,6221907,6096236,188314
Czechia,2021-10-28,"Johnson&Johnson, Moderna, Oxford/AstraZeneca, Pfizer/BioNTech",https://onemocneni-aktualne.mzcr.cz/covid-19,12241325,6225332,6097921,192567
Czechia,2021-10-29,"Johnson&Johnson, Moderna, Oxford/AstraZeneca, Pfizer/BioNTech",https://onemocneni-aktualne.mzcr.cz/covid-19,12278702,6239769,6105909,211661
Czechia,2021-10-30,"Johnson&Johnson, Moderna, Oxford/AstraZeneca, Pfizer/BioNTech",https://onemocneni-aktualne.mzcr.cz/covid-19,12288003,6244298,6108835,215515
Czechia,2021-10-31,"Johnson&Johnson, Moderna, Oxford/AstraZeneca, Pfizer/BioNTech",https://onemocneni-aktualne.mzcr.cz/covid-19,12296288,6248061,6111310,219220
Czechia,2021-11-01,"Johnson&Johnson, Moderna, Oxford/AstraZeneca, Pfizer/BioNTech",https://onemocneni-aktualne.mzcr.cz/covid-19,12336472,6263258,6118995,241180
Czechia,2021-11-02,"Johnson&Johnson, Moderna, Oxford/AstraZeneca, Pfizer/BioNTech",https://onemocneni-aktualne.mzcr.cz/covid-19,12380187,6278710,6126551,266693
Czechia,2021-11-03,"Johnson&Johnson, Moderna, Oxford/AstraZeneca, Pfizer/BioNTech",https://onemocneni-aktualne.mzcr.cz/covid-19,12430786,6295889,6133845,296987
Czechia,2021-11-04,"Johnson&Johnson, Moderna, Oxford/AstraZeneca, Pfizer/BioNTech",https://onemocneni-aktualne.mzcr.cz/covid-19,12483446,6314239,6142017,328176
Czechia,2021-11-05,"Johnson&Johnson, Moderna, Oxford/AstraZeneca, Pfizer/BioNTech",https://onemocneni-aktualne.mzcr.cz/covid-19,12541718,6337038,6153299,359152
Czechia,2021-11-06,"Johnson&Johnson, Moderna, Oxford/AstraZeneca, Pfizer/BioNTech",https://onemocneni-aktualne.mzcr.cz/covid-19,12556054,6343555,6156355,365969
Czechia,2021-11-07,"Johnson&Johnson, Moderna, Oxford/AstraZeneca, Pfizer/BioNTech",https://onemocneni-aktualne.mzcr.cz/covid-19,12565544,6347577,6158791,370637
Czechia,2021-11-08,"Johnson&Johnson, Moderna, Oxford/AstraZeneca, Pfizer/BioNTech",https://onemocneni-aktualne.mzcr.cz/covid-19,12610235,6363845,6166420,395918
Czechia,2021-11-09,"Johnson&Johnson, Moderna, Oxford/AstraZeneca, Pfizer/BioNTech",https://onemocneni-aktualne.mzcr.cz/covid-19,12655893,6378654,6173719,424145
Czechia,2021-11-10,"Johnson&Johnson, Moderna, Oxford/AstraZeneca, Pfizer/BioNTech",https://onemocneni-aktualne.mzcr.cz/covid-19,12703833,6394392,6181105,452916
Czechia,2021-11-11,"Johnson&Johnson, Moderna, Oxford/AstraZeneca, Pfizer/BioNTech",https://onemocneni-aktualne.mzcr.cz/covid-19,12751767,6409863,6190213,480604
Czechia,2021-11-12,"Johnson&Johnson, Moderna, Oxford/AstraZeneca, Pfizer/BioNTech",https://onemocneni-aktualne.mzcr.cz/covid-19,12806237,6429666,6203017,508148
Czechia,2021-11-13,"Johnson&Johnson, Moderna, Oxford/AstraZeneca, Pfizer/BioNTech",https://onemocneni-aktualne.mzcr.cz/covid-19,12819377,6435060,6206891,513895
Czechia,2021-11-14,"Johnson&Johnson, Moderna, Oxford/AstraZeneca, Pfizer/BioNTech",https://onemocneni-aktualne.mzcr.cz/covid-19,12828321,6438954,6209896,517546
Czechia,2021-11-15,"Johnson&Johnson, Moderna, Oxford/AstraZeneca, Pfizer/BioNTech",https://onemocneni-aktualne.mzcr.cz/covid-19,12872370,6454034,6220589,540128
Czechia,2021-11-16,"Johnson&Johnson, Moderna, Oxford/AstraZeneca, Pfizer/BioNTech",https://onemocneni-aktualne.mzcr.cz/covid-19,12924449,6471575,6232569,567226
Czechia,2021-11-17,"Johnson&Johnson, Moderna, Oxford/AstraZeneca, Pfizer/BioNTech",https://onemocneni-aktualne.mzcr.cz/covid-19,12935499,6475816,6236134,571745
Czechia,2021-11-18,"Johnson&Johnson, Moderna, Oxford/AstraZeneca, Pfizer/BioNTech",https://onemocneni-aktualne.mzcr.cz/covid-19,12987372,6495235,6247827,597490
Czechia,2021-11-19,"Johnson&Johnson, Moderna, Oxford/AstraZeneca, Pfizer/BioNTech",https://onemocneni-aktualne.mzcr.cz/covid-19,13048391,6519842,6264798,622986
Czechia,2021-11-20,"Johnson&Johnson, Moderna, Oxford/AstraZeneca, Pfizer/BioNTech",https://onemocneni-aktualne.mzcr.cz/covid-19,13065185,6528421,6269781,628565
Czechia,2021-11-21,"Johnson&Johnson, Moderna, Oxford/AstraZeneca, Pfizer/BioNTech",https://onemocneni-aktualne.mzcr.cz/covid-19,13076944,6535190,6273554,631562
Czechia,2021-11-22,"Johnson&Johnson, Moderna, Oxford/AstraZeneca, Pfizer/BioNTech",https://onemocneni-aktualne.mzcr.cz/covid-19,13127914,6553700,6287669,654191
Czechia,2021-11-23,"Johnson&Johnson, Moderna, Oxford/AstraZeneca, Pfizer/BioNTech",https://onemocneni-aktualne.mzcr.cz/covid-19,13185239,6572766,6300929,682897
Czechia,2021-11-24,"Johnson&Johnson, Moderna, Oxford/AstraZeneca, Pfizer/BioNTech",https://onemocneni-aktualne.mzcr.cz/covid-19,13245565,6591781,6316776,712025
Czechia,2021-11-25,"Johnson&Johnson, Moderna, Oxford/AstraZeneca, Pfizer/BioNTech",https://onemocneni-aktualne.mzcr.cz/covid-19,13309773,6610925,6331810,745539
Czechia,2021-11-26,"Johnson&Johnson, Moderna, Oxford/AstraZeneca, Pfizer/BioNTech",https://onemocneni-aktualne.mzcr.cz/covid-19,13381305,6632579,6350946,780398
Czechia,2021-11-27,"Johnson&Johnson, Moderna, Oxford/AstraZeneca, Pfizer/BioNTech",https://onemocneni-aktualne.mzcr.cz/covid-19,13400759,6640048,6356501,788368
Czechia,2021-11-28,"Johnson&Johnson, Moderna, Oxford/AstraZeneca, Pfizer/BioNTech",https://onemocneni-aktualne.mzcr.cz/covid-19,13413367,6643381,6359636,795376
Czechia,2021-11-29,"Johnson&Johnson, Moderna, Oxford/AstraZeneca, Pfizer/BioNTech",https://onemocneni-aktualne.mzcr.cz/covid-19,13479022,6658590,6373293,834474
Czechia,2021-11-30,"Johnson&Johnson, Moderna, Oxford/AstraZeneca, Pfizer/BioNTech",https://onemocneni-aktualne.mzcr.cz/covid-19,13552818,6671793,6384524,885796
Czechia,2021-12-01,"Johnson&Johnson, Moderna, Oxford/AstraZeneca, Pfizer/BioNTech",https://onemocneni-aktualne.mzcr.cz/covid-19,13641765,6685827,6396979,950043
Czechia,2021-12-02,"Johnson&Johnson, Moderna, Oxford/AstraZeneca, Pfizer/BioNTech",https://onemocneni-aktualne.mzcr.cz/covid-19,13736389,6696466,6409469,1023282
Czechia,2021-12-03,"Johnson&Johnson, Moderna, Oxford/AstraZeneca, Pfizer/BioNTech",https://onemocneni-aktualne.mzcr.cz/covid-19,13835536,6706106,6425046,1099230
Czechia,2021-12-04,"Johnson&Johnson, Moderna, Oxford/AstraZeneca, Pfizer/BioNTech",https://onemocneni-aktualne.mzcr.cz/covid-19,13867923,6708663,6428996,1125760
Czechia,2021-12-05,"Johnson&Johnson, Moderna, Oxford/AstraZeneca, Pfizer/BioNTech",https://onemocneni-aktualne.mzcr.cz/covid-19,13890357,6710024,6431334,1144829
Czechia,2021-12-06,"Johnson&Johnson, Moderna, Oxford/AstraZeneca, Pfizer/BioNTech",https://onemocneni-aktualne.mzcr.cz/covid-19,13975896,6718171,6442864,1211745
Czechia,2021-12-07,"Johnson&Johnson, Moderna, Oxford/AstraZeneca, Pfizer/BioNTech",https://onemocneni-aktualne.mzcr.cz/covid-19,14073038,6726062,6454873,1289902
Czechia,2021-12-08,"Johnson&Johnson, Moderna, Oxford/AstraZeneca, Pfizer/BioNTech",https://onemocneni-aktualne.mzcr.cz/covid-19,14168353,6734306,6460801,1371886
Czechia,2021-12-09,"Johnson&Johnson, Moderna, Oxford/AstraZeneca, Pfizer/BioNTech",https://onemocneni-aktualne.mzcr.cz/covid-19,14268771,6741427,6473620,1452991
Czechia,2021-12-10,"Johnson&Johnson, Moderna, Oxford/AstraZeneca, Pfizer/BioNTech",https://onemocneni-aktualne.mzcr.cz/covid-19,14369220,6748359,6491424,1529542
Czechia,2021-12-11,"Johnson&Johnson, Moderna, Oxford/AstraZeneca, Pfizer/BioNTech",https://onemocneni-aktualne.mzcr.cz/covid-19,14401964,6750018,6496696,1555602
Czechia,2021-12-12,"Johnson&Johnson, Moderna, Oxford/AstraZeneca, Pfizer/BioNTech",https://onemocneni-aktualne.mzcr.cz/covid-19,14423583,6751329,6501129,1571646
Czechia,2021-12-13,"Johnson&Johnson, Moderna, Oxford/AstraZeneca, Pfizer/BioNTech",https://onemocneni-aktualne.mzcr.cz/covid-19,14503568,6757677,6514440,1632358
Czechia,2021-12-14,"Johnson&Johnson, Moderna, Oxford/AstraZeneca, Pfizer/BioNTech",https://onemocneni-aktualne.mzcr.cz/covid-19,14596423,6763888,6528109,1705846
Czechia,2021-12-15,"Johnson&Johnson, Moderna, Oxford/AstraZeneca, Pfizer/BioNTech",https://onemocneni-aktualne.mzcr.cz/covid-19,14689592,6770094,6541710,1779660
Czechia,2021-12-16,"Johnson&Johnson, Moderna, Oxford/AstraZeneca, Pfizer/BioNTech",https://onemocneni-aktualne.mzcr.cz/covid-19,14785858,6777035,6556544,1854598
Czechia,2021-12-17,"Johnson&Johnson, Moderna, Oxford/AstraZeneca, Pfizer/BioNTech",https://onemocneni-aktualne.mzcr.cz/covid-19,14885220,6785400,6573808,1928768
Czechia,2021-12-18,"Johnson&Johnson, Moderna, Oxford/AstraZeneca, Pfizer/BioNTech",https://onemocneni-aktualne.mzcr.cz/covid-19,14918747,6788011,6579260,1954419
Czechia,2021-12-19,"Johnson&Johnson, Moderna, Oxford/AstraZeneca, Pfizer/BioNTech",https://onemocneni-aktualne.mzcr.cz/covid-19,14941082,6789782,6581764,1972569
Czechia,2021-12-20,"Johnson&Johnson, Moderna, Oxford/AstraZeneca, Pfizer/BioNTech",https://onemocneni-aktualne.mzcr.cz/covid-19,15025980,6795637,6595827,2037891
Czechia,2021-12-21,"Johnson&Johnson, Moderna, Oxford/AstraZeneca, Pfizer/BioNTech",https://onemocneni-aktualne.mzcr.cz/covid-19,15113746,6802298,6607822,2107339
Czechia,2021-12-22,"Johnson&Johnson, Moderna, Oxford/AstraZeneca, Pfizer/BioNTech",https://onemocneni-aktualne.mzcr.cz/covid-19,15189477,6807346,6620878,2165216
Czechia,2021-12-23,"Johnson&Johnson, Moderna, Oxford/AstraZeneca, Pfizer/BioNTech",https://onemocneni-aktualne.mzcr.cz/covid-19,15225294,6810220,6626479,2192761
Czechia,2021-12-24,"Johnson&Johnson, Moderna, Oxford/AstraZeneca, Pfizer/BioNTech",https://onemocneni-aktualne.mzcr.cz/covid-19,15225853,6810266,6626580,2193185
Czechia,2021-12-25,"Johnson&Johnson, Moderna, Oxford/AstraZeneca, Pfizer/BioNTech",https://onemocneni-aktualne.mzcr.cz/covid-19,15225886,6810267,6626588,2193209
Czechia,2021-12-26,"Johnson&Johnson, Moderna, Oxford/AstraZeneca, Pfizer/BioNTech",https://onemocneni-aktualne.mzcr.cz/covid-19,15227191,6810369,6626791,2194209
Czechia,2021-12-27,"Johnson&Johnson, Moderna, Oxford/AstraZeneca, Pfizer/BioNTech",https://onemocneni-aktualne.mzcr.cz/covid-19,15290214,6814236,6636534,2243800
Czechia,2021-12-28,"Johnson&Johnson, Moderna, Oxford/AstraZeneca, Pfizer/BioNTech",https://onemocneni-aktualne.mzcr.cz/covid-19,15361787,6819477,6644529,2302319
Czechia,2021-12-29,"Johnson&Johnson, Moderna, Oxford/AstraZeneca, Pfizer/BioNTech",https://onemocneni-aktualne.mzcr.cz/covid-19,15430275,6823758,6652248,2358996
Czechia,2021-12-30,"Johnson&Johnson, Moderna, Oxford/AstraZeneca, Pfizer/BioNTech",https://onemocneni-aktualne.mzcr.cz/covid-19,15483567,6828058,6657680,2402694
Czechia,2021-12-31,"Johnson&Johnson, Moderna, Oxford/AstraZeneca, Pfizer/BioNTech",https://onemocneni-aktualne.mzcr.cz/covid-19,15494526,6828568,6659103,2411750
Czechia,2022-01-01,"Johnson&Johnson, Moderna, Oxford/AstraZeneca, Pfizer/BioNTech",https://onemocneni-aktualne.mzcr.cz/covid-19,15494589,6828574,6659121,2411789
Czechia,2022-01-02,"Johnson&Johnson, Moderna, Oxford/AstraZeneca, Pfizer/BioNTech",https://onemocneni-aktualne.mzcr.cz/covid-19,15509846,6829431,6660498,2424853
Czechia,2022-01-03,"Johnson&Johnson, Moderna, Oxford/AstraZeneca, Pfizer/BioNTech",https://onemocneni-aktualne.mzcr.cz/covid-19,15581906,6833566,6669400,2484085
Czechia,2022-01-04,"Johnson&Johnson, Moderna, Oxford/AstraZeneca, Pfizer/BioNTech",https://onemocneni-aktualne.mzcr.cz/covid-19,15671162,6838652,6677154,2560744
Czechia,2022-01-05,"Johnson&Johnson, Moderna, Oxford/AstraZeneca, Pfizer/BioNTech",https://onemocneni-aktualne.mzcr.cz/covid-19,15765562,6844472,6685124,2641571
Czechia,2022-01-06,"Johnson&Johnson, Moderna, Oxford/AstraZeneca, Pfizer/BioNTech",https://onemocneni-aktualne.mzcr.cz/covid-19,15867493,6851058,6693525,2728688
Czechia,2022-01-07,"Johnson&Johnson, Moderna, Oxford/AstraZeneca, Pfizer/BioNTech",https://onemocneni-aktualne.mzcr.cz/covid-19,15979343,6858934,6703880,2822625
Czechia,2022-01-08,"Johnson&Johnson, Moderna, Oxford/AstraZeneca, Pfizer/BioNTech",https://onemocneni-aktualne.mzcr.cz/covid-19,16013773,6861414,6706663,2851887
Czechia,2022-01-09,"Johnson&Johnson, Moderna, Oxford/AstraZeneca, Pfizer/BioNTech",https://onemocneni-aktualne.mzcr.cz/covid-19,16033750,6862496,6708357,2869158
Czechia,2022-01-10,"Johnson&Johnson, Moderna, Oxford/AstraZeneca, Pfizer/BioNTech",https://onemocneni-aktualne.mzcr.cz/covid-19,16113208,6866994,6714543,2938110
Czechia,2022-01-11,"Johnson&Johnson, Moderna, Oxford/AstraZeneca, Pfizer/BioNTech",https://onemocneni-aktualne.mzcr.cz/covid-19,16201148,6872432,6721297,3014069
Czechia,2022-01-12,"Johnson&Johnson, Moderna, Oxford/AstraZeneca, Pfizer/BioNTech",https://onemocneni-aktualne.mzcr.cz/covid-19,16288291,6878380,6726939,3089799
Czechia,2022-01-13,"Johnson&Johnson, Moderna, Oxford/AstraZeneca, Pfizer/BioNTech",https://onemocneni-aktualne.mzcr.cz/covid-19,16373659,6884264,6731716,3164722
Czechia,2022-01-14,"Johnson&Johnson, Moderna, Oxford/AstraZeneca, Pfizer/BioNTech",https://onemocneni-aktualne.mzcr.cz/covid-19,16466388,6890565,6735348,3247761
Czechia,2022-01-15,"Johnson&Johnson, Moderna, Oxford/AstraZeneca, Pfizer/BioNTech",https://onemocneni-aktualne.mzcr.cz/covid-19,16490873,6891842,6736002,3270415
Czechia,2022-01-16,"Johnson&Johnson, Moderna, Oxford/AstraZeneca, Pfizer/BioNTech",https://onemocneni-aktualne.mzcr.cz/covid-19,16503725,6892529,6736439,3282201
Czechia,2022-01-17,"Johnson&Johnson, Moderna, Oxford/AstraZeneca, Pfizer/BioNTech",https://onemocneni-aktualne.mzcr.cz/covid-19,16557682,6896082,6740395,3328794
Czechia,2022-01-18,"Johnson&Johnson, Moderna, Oxford/AstraZeneca, Pfizer/BioNTech",https://onemocneni-aktualne.mzcr.cz/covid-19,16615431,6899932,6745344,3377873
Czechia,2022-01-19,"Johnson&Johnson, Moderna, Oxford/AstraZeneca, Pfizer/BioNTech",https://onemocneni-aktualne.mzcr.cz/covid-19,16667944,6904001,6749275,3422543
Czechia,2022-01-20,"Johnson&Johnson, Moderna, Oxford/AstraZeneca, Pfizer/BioNTech",https://onemocneni-aktualne.mzcr.cz/covid-19,16722745,6907593,6753728,3469426
Czechia,2022-01-21,"Johnson&Johnson, Moderna, Oxford/AstraZeneca, Pfizer/BioNTech",https://onemocneni-aktualne.mzcr.cz/covid-19,16784567,6911588,6756256,3524895
Czechia,2022-01-22,"Johnson&Johnson, Moderna, Oxford/AstraZeneca, Pfizer/BioNTech",https://onemocneni-aktualne.mzcr.cz/covid-19,16795514,6912367,6756695,3534682
Czechia,2022-01-23,"Johnson&Johnson, Moderna, Oxford/AstraZeneca, Pfizer/BioNTech",https://onemocneni-aktualne.mzcr.cz/covid-19,16802040,6912928,6757329,3540048
Czechia,2022-01-24,"Johnson&Johnson, Moderna, Oxford/AstraZeneca, Pfizer/BioNTech",https://onemocneni-aktualne.mzcr.cz/covid-19,16840113,6915197,6760764,3572518
Czechia,2022-01-25,"Johnson&Johnson, Moderna, Oxford/AstraZeneca, Pfizer/BioNTech",https://onemocneni-aktualne.mzcr.cz/covid-19,16877439,6917551,6764759,3603623
Czechia,2022-01-26,"Johnson&Johnson, Moderna, Oxford/AstraZeneca, Pfizer/BioNTech",https://onemocneni-aktualne.mzcr.cz/covid-19,16917011,6919935,6769324,3636325
Czechia,2022-01-27,"Johnson&Johnson, Moderna, Oxford/AstraZeneca, Pfizer/BioNTech",https://onemocneni-aktualne.mzcr.cz/covid-19,16956861,6922258,6774136,3669125
Czechia,2022-01-28,"Johnson&Johnson, Moderna, Oxford/AstraZeneca, Pfizer/BioNTech",https://onemocneni-aktualne.mzcr.cz/covid-19,17013355,6925169,6780298,3716680
Czechia,2022-01-29,"Johnson&Johnson, Moderna, Oxford/AstraZeneca, Pfizer/BioNTech",https://onemocneni-aktualne.mzcr.cz/covid-19,17025413,6925769,6781949,3726525
Czechia,2022-01-30,"Johnson&Johnson, Moderna, Oxford/AstraZeneca, Pfizer/BioNTech",https://onemocneni-aktualne.mzcr.cz/covid-19,17030228,6925996,6782727,3730366
Czechia,2022-01-31,"Johnson&Johnson, Moderna, Oxford/AstraZeneca, Pfizer/BioNTech",https://onemocneni-aktualne.mzcr.cz/covid-19,17060424,6927537,6786645,3755182
Czechia,2022-02-01,"Johnson&Johnson, Moderna, Oxford/AstraZeneca, Pfizer/BioNTech",https://onemocneni-aktualne.mzcr.cz/covid-19,17086504,6929133,6790677,3775710
Czechia,2022-02-02,"Johnson&Johnson, Moderna, Oxford/AstraZeneca, Pfizer/BioNTech",https://onemocneni-aktualne.mzcr.cz/covid-19,17112736,6930698,6795181,3795929
Czechia,2022-02-03,"Johnson&Johnson, Moderna, Oxford/AstraZeneca, Pfizer/BioNTech",https://onemocneni-aktualne.mzcr.cz/covid-19,17139161,6932070,6799658,3816567
Czechia,2022-02-04,"Johnson&Johnson, Moderna, Oxford/AstraZeneca, Pfizer/BioNTech",https://onemocneni-aktualne.mzcr.cz/covid-19,17175546,6933670,6804773,3846303
Czechia,2022-02-05,"Johnson&Johnson, Moderna, Oxford/AstraZeneca, Pfizer/BioNTech",https://onemocneni-aktualne.mzcr.cz/covid-19,17181213,6933843,6805382,3851202
Czechia,2022-02-06,"Johnson&Johnson, Moderna, Oxford/AstraZeneca, Pfizer/BioNTech",https://onemocneni-aktualne.mzcr.cz/covid-19,17183508,6933939,6805701,3853088
Czechia,2022-02-07,"Johnson&Johnson, Moderna, Oxford/AstraZeneca, Pfizer/BioNTech",https://onemocneni-aktualne.mzcr.cz/covid-19,17199964,6934637,6808910,3865676
Czechia,2022-02-08,"Johnson&Johnson, Moderna, Oxford/AstraZeneca, Pfizer/BioNTech",https://onemocneni-aktualne.mzcr.cz/covid-19,17216002,6935430,6812094,3877781
Czechia,2022-02-09,"Johnson&Johnson, Moderna, Oxford/AstraZeneca, Pfizer/BioNTech",https://onemocneni-aktualne.mzcr.cz/covid-19,17232091,6936255,6815464,3889750
Czechia,2022-02-10,"Johnson&Johnson, Moderna, Oxford/AstraZeneca, Pfizer/BioNTech",https://onemocneni-aktualne.mzcr.cz/covid-19,17248118,6937043,6818588,3901890
Czechia,2022-02-11,"Johnson&Johnson, Moderna, Oxford/AstraZeneca, Pfizer/BioNTech",https://onemocneni-aktualne.mzcr.cz/covid-19,17271864,6937993,6822498,3920823
Czechia,2022-02-12,"Johnson&Johnson, Moderna, Oxford/AstraZeneca, Pfizer/BioNTech",https://onemocneni-aktualne.mzcr.cz/covid-19,17274734,6938103,6822916,3923177
Czechia,2022-02-13,"Johnson&Johnson, Moderna, Oxford/AstraZeneca, Pfizer/BioNTech",https://onemocneni-aktualne.mzcr.cz/covid-19,17276628,6938138,6823353,3924605
Czechia,2022-02-14,"Johnson&Johnson, Moderna, Oxford/AstraZeneca, Pfizer/BioNTech",https://onemocneni-aktualne.mzcr.cz/covid-19,17287245,6938595,6825465,3932683
Czechia,2022-02-15,"Johnson&Johnson, Moderna, Oxford/AstraZeneca, Pfizer/BioNTech",https://onemocneni-aktualne.mzcr.cz/covid-19,17297320,6939145,6827668,3940053
Czechia,2022-02-16,"Johnson&Johnson, Moderna, Oxford/AstraZeneca, Pfizer/BioNTech",https://onemocneni-aktualne.mzcr.cz/covid-19,17307974,6939735,6829765,3948041
Czechia,2022-02-17,"Johnson&Johnson, Moderna, Oxford/AstraZeneca, Pfizer/BioNTech",https://onemocneni-aktualne.mzcr.cz/covid-19,17319229,6940329,6832104,3956386
Czechia,2022-02-18,"Johnson&Johnson, Moderna, Oxford/AstraZeneca, Pfizer/BioNTech",https://onemocneni-aktualne.mzcr.cz/covid-19,17336703,6940969,6835155,3970190
Czechia,2022-02-19,"Johnson&Johnson, Moderna, Oxford/AstraZeneca, Pfizer/BioNTech",https://onemocneni-aktualne.mzcr.cz/covid-19,17339011,6941048,6835436,3972144
Czechia,2022-02-20,"Johnson&Johnson, Moderna, Oxford/AstraZeneca, Pfizer/BioNTech",https://onemocneni-aktualne.mzcr.cz/covid-19,17339931,6941082,6835585,3972885
Czechia,2022-02-21,"Johnson&Johnson, Moderna, Oxford/AstraZeneca, Pfizer/BioNTech",https://onemocneni-aktualne.mzcr.cz/covid-19,17347835,6941443,6837282,3978779
Czechia,2022-02-22,"Johnson&Johnson, Moderna, Oxford/AstraZeneca, Pfizer/BioNTech",https://onemocneni-aktualne.mzcr.cz/covid-19,17355468,6941828,6838958,3984370
Czechia,2022-02-23,"Johnson&Johnson, Moderna, Oxford/AstraZeneca, Pfizer/BioNTech",https://onemocneni-aktualne.mzcr.cz/covid-19,17363287,6942279,6840599,3990137
Czechia,2022-02-24,"Johnson&Johnson, Moderna, Oxford/AstraZeneca, Pfizer/BioNTech",https://onemocneni-aktualne.mzcr.cz/covid-19,17371397,6942686,6842229,3996230
Czechia,2022-02-25,"Johnson&Johnson, Moderna, Oxford/AstraZeneca, Pfizer/BioNTech",https://onemocneni-aktualne.mzcr.cz/covid-19,17385140,6943270,6844311,4007338
Czechia,2022-02-26,"Johnson&Johnson, Moderna, Oxford/AstraZeneca, Pfizer/BioNTech",https://onemocneni-aktualne.mzcr.cz/covid-19,17386988,6943331,6844470,4008971
Czechia,2022-02-27,"Johnson&Johnson, Moderna, Oxford/AstraZeneca, Pfizer/BioNTech",https://onemocneni-aktualne.mzcr.cz/covid-19,17387705,6943361,6844546,4009586
Czechia,2022-02-28,"Johnson&Johnson, Moderna, Oxford/AstraZeneca, Pfizer/BioNTech",https://onemocneni-aktualne.mzcr.cz/covid-19,17393613,6943607,6845515,4014306
Czechia,2022-03-01,"Johnson&Johnson, Moderna, Oxford/AstraZeneca, Pfizer/BioNTech",https://onemocneni-aktualne.mzcr.cz/covid-19,17397592,6943859,6846292,4017279
Czechia,2022-03-02,"Johnson&Johnson, Moderna, Novavax, Oxford/AstraZeneca, Pfizer/BioNTech",https://onemocneni-aktualne.mzcr.cz/covid-19,17402547,6944194,6847199,4021009
Czechia,2022-03-03,"Johnson&Johnson, Moderna, Novavax, Oxford/AstraZeneca, Pfizer/BioNTech",https://onemocneni-aktualne.mzcr.cz/covid-19,17407501,6944523,6848141,4024705
Czechia,2022-03-04,"Johnson&Johnson, Moderna, Novavax, Oxford/AstraZeneca, Pfizer/BioNTech",https://onemocneni-aktualne.mzcr.cz/covid-19,17416527,6945144,6849359,4031924
Czechia,2022-03-05,"Johnson&Johnson, Moderna, Novavax, Oxford/AstraZeneca, Pfizer/BioNTech",https://onemocneni-aktualne.mzcr.cz/covid-19,17417310,6945223,6849450,4032539
Czechia,2022-03-06,"Johnson&Johnson, Moderna, Novavax, Oxford/AstraZeneca, Pfizer/BioNTech",https://onemocneni-aktualne.mzcr.cz/covid-19,17417534,6945234,6849468,4032734
Czechia,2022-03-07,"Johnson&Johnson, Moderna, Novavax, Oxford/AstraZeneca, Pfizer/BioNTech",https://onemocneni-aktualne.mzcr.cz/covid-19,17421119,6945567,6850024,4035461
Czechia,2022-03-08,"Johnson&Johnson, Moderna, Novavax, Oxford/AstraZeneca, Pfizer/BioNTech",https://onemocneni-aktualne.mzcr.cz/covid-19,17424495,6945901,6850566,4037985
Czechia,2022-03-09,"Johnson&Johnson, Moderna, Novavax, Oxford/AstraZeneca, Pfizer/BioNTech",https://onemocneni-aktualne.mzcr.cz/covid-19,17428727,6946283,6851149,4041256
Czechia,2022-03-10,"Johnson&Johnson, Moderna, Novavax, Oxford/AstraZeneca, Pfizer/BioNTech",https://onemocneni-aktualne.mzcr.cz/covid-19,17432877,6946688,6851816,4044343
Czechia,2022-03-11,"Johnson&Johnson, Moderna, Novavax, Oxford/AstraZeneca, Pfizer/BioNTech",https://onemocneni-aktualne.mzcr.cz/covid-19,17440828,6947419,6852724,4050682
Czechia,2022-03-12,"Johnson&Johnson, Moderna, Novavax, Oxford/AstraZeneca, Pfizer/BioNTech",https://onemocneni-aktualne.mzcr.cz/covid-19,17441886,6947487,6852829,4051574
Czechia,2022-03-13,"Johnson&Johnson, Moderna, Novavax, Oxford/AstraZeneca, Pfizer/BioNTech",https://onemocneni-aktualne.mzcr.cz/covid-19,17442103,6947500,6852847,4051761
Czechia,2022-03-14,"Johnson&Johnson, Moderna, Novavax, Oxford/AstraZeneca, Pfizer/BioNTech",https://onemocneni-aktualne.mzcr.cz/covid-19,17445473,6947758,6853220,4054518
Czechia,2022-03-15,"Johnson&Johnson, Moderna, Novavax, Oxford/AstraZeneca, Pfizer/BioNTech",https://onemocneni-aktualne.mzcr.cz/covid-19,17448790,6948036,6853655,4057133
Czechia,2022-03-16,"Johnson&Johnson, Moderna, Novavax, Oxford/AstraZeneca, Pfizer/BioNTech",https://onemocneni-aktualne.mzcr.cz/covid-19,17452529,6948345,6854190,4060043
Czechia,2022-03-17,"Johnson&Johnson, Moderna, Novavax, Oxford/AstraZeneca, Pfizer/BioNTech",https://onemocneni-aktualne.mzcr.cz/covid-19,17456333,6948636,6854621,4063132
Czechia,2022-03-18,"Johnson&Johnson, Moderna, Novavax, Oxford/AstraZeneca, Pfizer/BioNTech",https://onemocneni-aktualne.mzcr.cz/covid-19,17464447,6949318,6855408,4069800
Czechia,2022-03-19,"Johnson&Johnson, Moderna, Novavax, Oxford/AstraZeneca, Pfizer/BioNTech",https://onemocneni-aktualne.mzcr.cz/covid-19,17464996,6949375,6855453,4070247
Czechia,2022-03-20,"Johnson&Johnson, Moderna, Novavax, Oxford/AstraZeneca, Pfizer/BioNTech",https://onemocneni-aktualne.mzcr.cz/covid-19,17465199,6949392,6855465,4070421
Czechia,2022-03-21,"Johnson&Johnson, Moderna, Novavax, Oxford/AstraZeneca, Pfizer/BioNTech",https://onemocneni-aktualne.mzcr.cz/covid-19,17468161,6949576,6855792,4072883
Czechia,2022-03-22,"Johnson&Johnson, Moderna, Novavax, Oxford/AstraZeneca, Pfizer/BioNTech",https://onemocneni-aktualne.mzcr.cz/covid-19,17471030,6949809,6856184,4075137
Czechia,2022-03-23,"Johnson&Johnson, Moderna, Novavax, Oxford/AstraZeneca, Pfizer/BioNTech",https://onemocneni-aktualne.mzcr.cz/covid-19,17474605,6950148,6856617,4077968
Czechia,2022-03-24,"Johnson&Johnson, Moderna, Novavax, Oxford/AstraZeneca, Pfizer/BioNTech",https://onemocneni-aktualne.mzcr.cz/covid-19,17478477,6950450,6857082,4081076
Czechia,2022-03-25,"Johnson&Johnson, Moderna, Novavax, Oxford/AstraZeneca, Pfizer/BioNTech",https://onemocneni-aktualne.mzcr.cz/covid-19,17486267,6950929,6857873,4087621
Czechia,2022-03-26,"Johnson&Johnson, Moderna, Novavax, Oxford/AstraZeneca, Pfizer/BioNTech",https://onemocneni-aktualne.mzcr.cz/covid-19,17486787,6950981,6857950,4088014
Czechia,2022-03-27,"Johnson&Johnson, Moderna, Novavax, Oxford/AstraZeneca, Pfizer/BioNTech",https://onemocneni-aktualne.mzcr.cz/covid-19,17486935,6950997,6857966,4088130
Czechia,2022-03-28,"Johnson&Johnson, Moderna, Novavax, Oxford/AstraZeneca, Pfizer/BioNTech",https://onemocneni-aktualne.mzcr.cz/covid-19,17489736,6951149,6858341,4090420
Czechia,2022-03-29,"Johnson&Johnson, Moderna, Novavax, Oxford/AstraZeneca, Pfizer/BioNTech",https://onemocneni-aktualne.mzcr.cz/covid-19,17492624,6951407,6858741,4092666
Czechia,2022-03-30,"Johnson&Johnson, Moderna, Novavax, Oxford/AstraZeneca, Pfizer/BioNTech",https://onemocneni-aktualne.mzcr.cz/covid-19,17496116,6951704,6859189,4095427
Czechia,2022-03-31,"Johnson&Johnson, Moderna, Novavax, Oxford/AstraZeneca, Pfizer/BioNTech",https://onemocneni-aktualne.mzcr.cz/covid-19,17499917,6951969,6859648,4098510
