location,date,vaccine,source_url,total_vaccinations,people_vaccinated,people_fully_vaccinated,total_boosters
Democratic Republic of Congo,2021-04-18,Oxford/AstraZeneca,https://www.theeastafrican.co.ke/tea/rest-of-africa/drc-to-return-vaccines-3380784,0,0,0,
Democratic Republic of Congo,2021-04-25,Oxford/AstraZeneca,https://www.theeastafrican.co.ke/tea/rest-of-africa/drc-to-return-vaccines-3380784,1700,1700,0,
Democratic Republic of Congo,2021-05-12,Oxford/AstraZeneca,https://covid19.who.int/,8446,8446,0,
Democratic Republic of Congo,2021-05-18,Oxford/AstraZeneca,https://covid19.who.int/,11155,11155,0,
Democratic Republic of Congo,2021-05-21,Oxford/AstraZeneca,https://covid19.who.int/,15436,15436,0,
Democratic Republic of Congo,2021-05-24,Oxford/AstraZeneca,https://covid19.who.int/,18204,18204,0,
Democratic Republic of Congo,2021-05-26,Oxford/AstraZeneca,https://covid19.who.int/,19597,19597,0,
Democratic Republic of Congo,2021-05-31,Oxford/AstraZeneca,https://covid19.who.int/,23197,23197,0,
Democratic Republic of Congo,2021-06-28,Oxford/AstraZeneca,https://covid19.who.int/,59443,,,
Democratic Republic of Congo,2021-07-05,Oxford/AstraZeneca,https://covid19.who.int/,65567,,,
Democratic Republic of Congo,2021-07-12,Oxford/AstraZeneca,https://covid19.who.int/,73764,,,
Democratic Republic of Congo,2021-07-19,Oxford/AstraZeneca,https://covid19.who.int/,79237,76724,2513,
Democratic Republic of Congo,2021-07-24,Oxford/AstraZeneca,https://covid19.who.int/,81384,78871,2513,
Democratic Republic of Congo,2021-08-03,Oxford/AstraZeneca,https://covid19.who.int/,86170,81910,4260,
Democratic Republic of Congo,2021-08-09,Oxford/AstraZeneca,https://covid19.who.int/,86244,81984,4260,
Democratic Republic of Congo,2021-08-20,Oxford/AstraZeneca,https://covid19.who.int/,86914,82017,4897,
Democratic Republic of Congo,2021-08-23,Oxford/AstraZeneca,https://covid19.who.int/,87910,82039,5871,
Democratic Republic of Congo,2021-08-27,Oxford/AstraZeneca,https://covid19.who.int/,93140,82562,11156,
Democratic Republic of Congo,2021-08-31,Oxford/AstraZeneca,https://covid19.who.int/,97818,83081,14737,
Democratic Republic of Congo,2021-09-05,Oxford/AstraZeneca,https://covid19.who.int/,111142,83667,18047,
Democratic Republic of Congo,2021-09-11,Oxford/AstraZeneca,https://covid19.who.int/,120062,85182,25452,
Democratic Republic of Congo,2021-09-20,Oxford/AstraZeneca,https://covid19.who.int/,130482,,33718,
Democratic Republic of Congo,2021-09-22,Oxford/AstraZeneca,https://covid19.who.int/,134860,,,
Democratic Republic of Congo,2021-09-24,Oxford/AstraZeneca,https://covid19.who.int/,134945,,,
Democratic Republic of Congo,2021-09-30,Oxford/AstraZeneca,https://covid19.who.int/,136094,99839,36255,
Democratic Republic of Congo,2021-10-08,Oxford/AstraZeneca,https://covid19.who.int/,140254,102610,,
Democratic Republic of Congo,2021-10-19,Oxford/AstraZeneca,https://covid19.who.int/,144980,108291,36689,
Democratic Republic of Congo,2021-10-25,Oxford/AstraZeneca,https://covid19.who.int/,147734,109579,38155,
Democratic Republic of Congo,2021-10-29,Oxford/AstraZeneca,https://covid19.who.int/,148684,110521,38163,
Democratic Republic of Congo,2021-11-03,Oxford/AstraZeneca,https://covid19.who.int/,151795,112529,39351,
Democratic Republic of Congo,2021-11-09,Oxford/AstraZeneca,https://covid19.who.int/,153616,113921,39780,
Democratic Republic of Congo,2021-11-11,Oxford/AstraZeneca,https://covid19.who.int/,161762,118759,44789,
Democratic Republic of Congo,2021-11-16,Oxford/AstraZeneca,https://covid19.who.int/,166388,120818,45570,
Democratic Republic of Congo,2021-11-22,Oxford/AstraZeneca,https://covid19.who.int/,167791,124424,46256,
Democratic Republic of Congo,2021-11-24,Oxford/AstraZeneca,https://covid19.who.int/,186749,137606,53013,
Democratic Republic of Congo,2021-11-29,Oxford/AstraZeneca,https://covid19.who.int/,193416,142913,56167,
Democratic Republic of Congo,2021-12-01,Oxford/AstraZeneca,https://covid19.who.int/,196510,145382,57268,
Democratic Republic of Congo,2021-12-07,Oxford/AstraZeneca,https://covid19.who.int/,219768,162994,68345,
Democratic Republic of Congo,2021-12-10,Oxford/AstraZeneca,https://covid19.who.int/,246840,186741,76888,
Democratic Republic of Congo,2021-12-14,Oxford/AstraZeneca,https://covid19.who.int/,256561,195619,83718,
Democratic Republic of Congo,2021-12-16,Oxford/AstraZeneca,https://covid19.who.int/,263991,202178,85665,
Democratic Republic of Congo,2021-12-22,Oxford/AstraZeneca,https://covid19.who.int/,282310,217382,97680,
Democratic Republic of Congo,2021-12-28,Oxford/AstraZeneca,https://covid19.who.int/,291286,226134,105945,
Democratic Republic of Congo,2021-12-29,Oxford/AstraZeneca,https://covid19.who.int/,333589,257013,117844,
Democratic Republic of Congo,2022-01-05,Oxford/AstraZeneca,https://covid19.who.int/,340509,270263,131316,
Democratic Republic of Congo,2022-01-13,Oxford/AstraZeneca,https://covid19.who.int/,386592,307807,160327,
Democratic Republic of Congo,2022-01-20,Oxford/AstraZeneca,https://covid19.who.int/,393656,314160,166385,
Democratic Republic of Congo,2022-01-27,Oxford/AstraZeneca,https://covid19.who.int/,457160,371176,209949,
Democratic Republic of Congo,2022-01-29,Oxford/AstraZeneca,https://covid19.who.int/,468253,372564,211035,
Democratic Republic of Congo,2022-02-09,Oxford/AstraZeneca,https://covid19.who.int/,528485,440134,253900,
Democratic Republic of Congo,2022-02-15,Oxford/AstraZeneca,https://covid19.who.int/,695945,606108,339384,
Democratic Republic of Congo,2022-02-17,Oxford/AstraZeneca,https://africacdc.org/covid-19-vaccination/,,,,0
Democratic Republic of Congo,2022-02-22,Oxford/AstraZeneca,https://covid19.who.int/,795810,703306,420737,
Democratic Republic of Congo,2022-02-28,Oxford/AstraZeneca,https://covid19.who.int/,850731,754459,442965,
Democratic Republic of Congo,2022-03-24,Oxford/AstraZeneca,https://covid19.who.int/,964948,853971,519397,0
