location,date,vaccine,source_url,total_vaccinations,people_vaccinated,people_fully_vaccinated,total_boosters
Ecuador,2021-01-20,Pfizer/BioNTech,https://github.com/andrab/ecuacovid,17,17,0,0
Ecuador,2021-01-21,Pfizer/BioNTech,https://github.com/andrab/ecuacovid,3008,3008,0,0
Ecuador,2021-01-22,Pfizer/BioNTech,https://github.com/andrab/ecuacovid,3811,3811,0,0
Ecuador,2021-01-23,Pfizer/BioNTech,https://github.com/andrab/ecuacovid,3848,3848,0,0
Ecuador,2021-01-24,Pfizer/BioNTech,https://github.com/andrab/ecuacovid,3848,3848,0,0
Ecuador,2021-01-25,Pfizer/BioNTech,https://github.com/andrab/ecuacovid,5116,5116,0,0
Ecuador,2021-01-26,Pfizer/BioNTech,https://github.com/andrab/ecuacovid,5876,5876,0,0
Ecuador,2021-01-27,Pfizer/BioNTech,https://github.com/andrab/ecuacovid,6580,6580,0,0
Ecuador,2021-01-28,Pfizer/BioNTech,https://github.com/andrab/ecuacovid,6802,6802,0,0
Ecuador,2021-01-29,Pfizer/BioNTech,https://github.com/andrab/ecuacovid,7091,7091,0,0
Ecuador,2021-01-30,Pfizer/BioNTech,https://github.com/andrab/ecuacovid,7091,7091,0,0
Ecuador,2021-01-31,Pfizer/BioNTech,https://github.com/andrab/ecuacovid,7133,7133,0,0
Ecuador,2021-02-01,Pfizer/BioNTech,https://github.com/andrab/ecuacovid,8521,8521,0,0
Ecuador,2021-02-02,Pfizer/BioNTech,https://github.com/andrab/ecuacovid,9722,9722,0,0
Ecuador,2021-02-03,Pfizer/BioNTech,https://github.com/andrab/ecuacovid,12358,12357,1,0
Ecuador,2021-02-04,Pfizer/BioNTech,https://github.com/andrab/ecuacovid,12467,12425,42,0
Ecuador,2021-02-05,Pfizer/BioNTech,https://github.com/andrab/ecuacovid,12470,12428,42,0
Ecuador,2021-02-06,Pfizer/BioNTech,https://github.com/andrab/ecuacovid,12471,12429,42,0
Ecuador,2021-02-07,Pfizer/BioNTech,https://github.com/andrab/ecuacovid,12471,12429,42,0
Ecuador,2021-02-08,Pfizer/BioNTech,https://github.com/andrab/ecuacovid,12473,12431,42,0
Ecuador,2021-02-09,Pfizer/BioNTech,https://github.com/andrab/ecuacovid,12473,12431,42,0
Ecuador,2021-02-10,Pfizer/BioNTech,https://github.com/andrab/ecuacovid,12478,12431,47,0
Ecuador,2021-02-11,Pfizer/BioNTech,https://github.com/andrab/ecuacovid,14004,12466,1538,0
Ecuador,2021-02-12,Pfizer/BioNTech,https://github.com/andrab/ecuacovid,14423,12483,1940,0
Ecuador,2021-02-13,Pfizer/BioNTech,https://github.com/andrab/ecuacovid,14464,12487,1977,0
Ecuador,2021-02-14,Pfizer/BioNTech,https://github.com/andrab/ecuacovid,14464,12487,1977,0
Ecuador,2021-02-15,Pfizer/BioNTech,https://github.com/andrab/ecuacovid,14465,12488,1977,0
Ecuador,2021-02-16,Pfizer/BioNTech,https://github.com/andrab/ecuacovid,14465,12488,1977,0
Ecuador,2021-02-17,Pfizer/BioNTech,https://github.com/andrab/ecuacovid,14542,12491,2051,0
Ecuador,2021-02-18,Pfizer/BioNTech,https://github.com/andrab/ecuacovid,38171,34661,3510,0
Ecuador,2021-02-19,Pfizer/BioNTech,https://github.com/andrab/ecuacovid,43474,39607,3867,0
Ecuador,2021-02-20,Pfizer/BioNTech,https://github.com/andrab/ecuacovid,43475,39607,3868,0
Ecuador,2021-02-21,Pfizer/BioNTech,https://github.com/andrab/ecuacovid,45352,41483,3869,0
Ecuador,2021-02-22,Pfizer/BioNTech,https://github.com/andrab/ecuacovid,47115,43101,4014,0
Ecuador,2021-02-23,Pfizer/BioNTech,https://github.com/andrab/ecuacovid,47127,43112,4015,0
Ecuador,2021-02-24,Pfizer/BioNTech,https://github.com/andrab/ecuacovid,47576,43136,4440,0
Ecuador,2021-02-25,Pfizer/BioNTech,https://github.com/andrab/ecuacovid,65737,59989,5748,0
Ecuador,2021-02-26,Pfizer/BioNTech,https://github.com/andrab/ecuacovid,76446,69907,6539,0
Ecuador,2021-02-27,Pfizer/BioNTech,https://github.com/andrab/ecuacovid,76543,70000,6543,0
Ecuador,2021-02-28,Pfizer/BioNTech,https://github.com/andrab/ecuacovid,76547,70004,6543,0
Ecuador,2021-03-01,Pfizer/BioNTech,https://github.com/andrab/ecuacovid,77022,70478,6544,0
Ecuador,2021-03-02,Pfizer/BioNTech,https://github.com/andrab/ecuacovid,77044,70499,6545,0
Ecuador,2021-03-03,Pfizer/BioNTech,https://github.com/andrab/ecuacovid,77070,70525,6545,0
Ecuador,2021-03-04,Pfizer/BioNTech,https://github.com/andrab/ecuacovid,106482,99847,6635,0
Ecuador,2021-03-05,Pfizer/BioNTech,https://github.com/andrab/ecuacovid,126359,119709,6650,0
Ecuador,2021-03-06,"Pfizer/BioNTech, Sinovac",https://github.com/andrab/ecuacovid,130324,123672,6652,0
Ecuador,2021-03-07,"Pfizer/BioNTech, Sinovac",https://github.com/andrab/ecuacovid,130497,123845,6652,0
Ecuador,2021-03-08,"Pfizer/BioNTech, Sinovac",https://github.com/andrab/ecuacovid,135112,128460,6652,0
Ecuador,2021-03-09,"Pfizer/BioNTech, Sinovac",https://github.com/andrab/ecuacovid,136816,130164,6652,0
Ecuador,2021-03-10,"Pfizer/BioNTech, Sinovac",https://github.com/andrab/ecuacovid,137601,130773,6828,0
Ecuador,2021-03-11,"Pfizer/BioNTech, Sinovac",https://github.com/andrab/ecuacovid,172799,160339,12460,0
Ecuador,2021-03-12,"Pfizer/BioNTech, Sinovac",https://github.com/andrab/ecuacovid,223571,204385,19186,0
Ecuador,2021-03-13,"Pfizer/BioNTech, Sinovac",https://github.com/andrab/ecuacovid,240343,220452,19891,0
Ecuador,2021-03-14,"Pfizer/BioNTech, Sinovac",https://github.com/andrab/ecuacovid,241088,221190,19898,0
Ecuador,2021-03-15,"Pfizer/BioNTech, Sinovac",https://github.com/andrab/ecuacovid,252743,231703,21040,0
Ecuador,2021-03-16,"Pfizer/BioNTech, Sinovac",https://github.com/andrab/ecuacovid,260745,239702,21043,0
Ecuador,2021-03-17,"Oxford/AstraZeneca, Pfizer/BioNTech, Sinovac",https://github.com/andrab/ecuacovid,266917,245860,21057,0
Ecuador,2021-03-18,"Oxford/AstraZeneca, Pfizer/BioNTech, Sinovac",https://github.com/andrab/ecuacovid,275562,249118,26444,0
Ecuador,2021-03-19,"Oxford/AstraZeneca, Pfizer/BioNTech, Sinovac",https://github.com/andrab/ecuacovid,284270,252474,31796,0
Ecuador,2021-03-20,"Oxford/AstraZeneca, Pfizer/BioNTech, Sinovac",https://github.com/andrab/ecuacovid,293239,257550,35689,0
Ecuador,2021-03-21,"Oxford/AstraZeneca, Pfizer/BioNTech, Sinovac",https://github.com/andrab/ecuacovid,295201,259507,35694,0
Ecuador,2021-03-22,"Oxford/AstraZeneca, Pfizer/BioNTech, Sinovac",https://github.com/andrab/ecuacovid,337625,301190,36435,0
Ecuador,2021-03-23,"Oxford/AstraZeneca, Pfizer/BioNTech, Sinovac",https://github.com/andrab/ecuacovid,361050,324321,36729,0
Ecuador,2021-03-24,"Oxford/AstraZeneca, Pfizer/BioNTech, Sinovac",https://github.com/andrab/ecuacovid,370634,333815,36819,0
Ecuador,2021-03-25,"Oxford/AstraZeneca, Pfizer/BioNTech, Sinovac",https://github.com/andrab/ecuacovid,391970,344556,47414,0
Ecuador,2021-03-26,"Oxford/AstraZeneca, Pfizer/BioNTech, Sinovac",https://github.com/andrab/ecuacovid,416617,356221,60396,0
Ecuador,2021-03-27,"Oxford/AstraZeneca, Pfizer/BioNTech, Sinovac",https://github.com/andrab/ecuacovid,423066,360721,62345,0
Ecuador,2021-03-28,"Oxford/AstraZeneca, Pfizer/BioNTech, Sinovac",https://github.com/andrab/ecuacovid,423400,361055,62345,0
Ecuador,2021-03-29,"Oxford/AstraZeneca, Pfizer/BioNTech, Sinovac",https://github.com/andrab/ecuacovid,444516,379843,64673,0
Ecuador,2021-03-30,"Oxford/AstraZeneca, Pfizer/BioNTech, Sinovac",https://github.com/andrab/ecuacovid,456084,388223,67861,0
Ecuador,2021-03-31,"Oxford/AstraZeneca, Pfizer/BioNTech, Sinovac",https://github.com/andrab/ecuacovid,468665,400735,67930,0
Ecuador,2021-04-01,"Oxford/AstraZeneca, Pfizer/BioNTech, Sinovac",https://github.com/andrab/ecuacovid,501924,424106,77818,0
Ecuador,2021-04-02,"Oxford/AstraZeneca, Pfizer/BioNTech, Sinovac",https://github.com/andrab/ecuacovid,515673,430113,85560,0
Ecuador,2021-04-03,"Oxford/AstraZeneca, Pfizer/BioNTech, Sinovac",https://github.com/andrab/ecuacovid,523160,435892,87268,0
Ecuador,2021-04-04,"Oxford/AstraZeneca, Pfizer/BioNTech, Sinovac",https://github.com/andrab/ecuacovid,526160,438701,87459,0
Ecuador,2021-04-05,"Oxford/AstraZeneca, Pfizer/BioNTech, Sinovac",https://github.com/andrab/ecuacovid,575435,471370,104065,0
Ecuador,2021-04-06,"Oxford/AstraZeneca, Pfizer/BioNTech, Sinovac",https://github.com/andrab/ecuacovid,614709,503590,111119,0
Ecuador,2021-04-07,"Oxford/AstraZeneca, Pfizer/BioNTech, Sinovac",https://github.com/andrab/ecuacovid,659274,543878,115396,0
Ecuador,2021-04-08,"Oxford/AstraZeneca, Pfizer/BioNTech, Sinovac",https://github.com/andrab/ecuacovid,675855,553900,121955,0
Ecuador,2021-04-09,"Oxford/AstraZeneca, Pfizer/BioNTech, Sinovac",https://github.com/andrab/ecuacovid,686073,560689,125384,0
Ecuador,2021-04-10,"Oxford/AstraZeneca, Pfizer/BioNTech, Sinovac",https://github.com/andrab/ecuacovid,689028,561873,127155,0
Ecuador,2021-04-11,"Oxford/AstraZeneca, Pfizer/BioNTech, Sinovac",https://github.com/andrab/ecuacovid,689046,561882,127164,0
Ecuador,2021-04-12,"Oxford/AstraZeneca, Pfizer/BioNTech, Sinovac",https://github.com/andrab/ecuacovid,697927,562745,135182,0
Ecuador,2021-04-13,"Oxford/AstraZeneca, Pfizer/BioNTech, Sinovac",https://github.com/andrab/ecuacovid,747359,603632,143727,0
Ecuador,2021-04-14,"Oxford/AstraZeneca, Pfizer/BioNTech, Sinovac",https://github.com/andrab/ecuacovid,780395,632527,147868,0
Ecuador,2021-04-15,"Oxford/AstraZeneca, Pfizer/BioNTech, Sinovac",https://github.com/andrab/ecuacovid,817655,661453,156202,0
Ecuador,2021-04-16,"Oxford/AstraZeneca, Pfizer/BioNTech, Sinovac",https://github.com/andrab/ecuacovid,861457,690331,171126,0
Ecuador,2021-04-17,"Oxford/AstraZeneca, Pfizer/BioNTech, Sinovac",https://github.com/andrab/ecuacovid,907358,731470,175888,0
Ecuador,2021-04-18,"Oxford/AstraZeneca, Pfizer/BioNTech, Sinovac",https://github.com/andrab/ecuacovid,910226,734040,176186,0
Ecuador,2021-04-19,"Oxford/AstraZeneca, Pfizer/BioNTech, Sinovac",https://github.com/andrab/ecuacovid,951497,770219,181278,0
Ecuador,2021-04-20,"Oxford/AstraZeneca, Pfizer/BioNTech, Sinovac",https://github.com/andrab/ecuacovid,999929,814385,185544,0
Ecuador,2021-04-21,"Oxford/AstraZeneca, Pfizer/BioNTech, Sinovac",https://github.com/andrab/ecuacovid,1060366,868444,191922,0
Ecuador,2021-04-22,"Oxford/AstraZeneca, Pfizer/BioNTech, Sinovac",https://github.com/andrab/ecuacovid,1109869,914921,194948,0
Ecuador,2021-04-23,"Oxford/AstraZeneca, Pfizer/BioNTech, Sinovac",https://github.com/andrab/ecuacovid,1168656,964925,203731,0
Ecuador,2021-04-24,"Oxford/AstraZeneca, Pfizer/BioNTech, Sinovac",https://github.com/andrab/ecuacovid,1191264,982882,208382,0
Ecuador,2021-04-25,"Oxford/AstraZeneca, Pfizer/BioNTech, Sinovac",https://github.com/andrab/ecuacovid,1199225,990526,208699,0
Ecuador,2021-04-26,"Oxford/AstraZeneca, Pfizer/BioNTech, Sinovac",https://github.com/andrab/ecuacovid,1246077,1026736,219341,0
Ecuador,2021-04-27,"Oxford/AstraZeneca, Pfizer/BioNTech, Sinovac",https://github.com/andrab/ecuacovid,1308278,1078158,230120,0
Ecuador,2021-04-28,"Oxford/AstraZeneca, Pfizer/BioNTech, Sinovac",https://github.com/andrab/ecuacovid,1363307,1124648,238659,0
Ecuador,2021-04-29,"Oxford/AstraZeneca, Pfizer/BioNTech, Sinovac",https://github.com/andrab/ecuacovid,1433868,1193052,240816,0
Ecuador,2021-04-30,"Oxford/AstraZeneca, Pfizer/BioNTech, Sinovac",https://github.com/andrab/ecuacovid,1502538,1249905,252633,0
Ecuador,2021-05-01,"Oxford/AstraZeneca, Pfizer/BioNTech, Sinovac",https://github.com/andrab/ecuacovid,1556520,1300075,256445,0
Ecuador,2021-05-02,"Oxford/AstraZeneca, Pfizer/BioNTech, Sinovac",https://github.com/andrab/ecuacovid,1596900,1339627,257273,0
Ecuador,2021-05-03,"Oxford/AstraZeneca, Pfizer/BioNTech, Sinovac",https://github.com/andrab/ecuacovid,1647111,1386261,260850,0
Ecuador,2021-05-04,"Oxford/AstraZeneca, Pfizer/BioNTech, Sinovac",https://github.com/andrab/ecuacovid,1687002,1419009,267993,0
Ecuador,2021-05-05,"Oxford/AstraZeneca, Pfizer/BioNTech, Sinovac",https://github.com/andrab/ecuacovid,1738447,1461243,277204,0
Ecuador,2021-05-06,"Oxford/AstraZeneca, Pfizer/BioNTech, Sinovac",https://github.com/andrab/ecuacovid,1796351,1508443,287908,0
Ecuador,2021-05-07,"Oxford/AstraZeneca, Pfizer/BioNTech, Sinovac",https://github.com/andrab/ecuacovid,1842927,1548985,293942,0
Ecuador,2021-05-08,"Oxford/AstraZeneca, Pfizer/BioNTech, Sinovac",https://github.com/andrab/ecuacovid,1860145,1564336,295809,0
Ecuador,2021-05-09,"Oxford/AstraZeneca, Pfizer/BioNTech, Sinovac",https://github.com/andrab/ecuacovid,1865874,1569600,296274,0
Ecuador,2021-05-10,"Oxford/AstraZeneca, Pfizer/BioNTech, Sinovac",https://github.com/andrab/ecuacovid,1896817,1597119,299698,0
Ecuador,2021-05-11,"Oxford/AstraZeneca, Pfizer/BioNTech, Sinovac",https://github.com/andrab/ecuacovid,1933955,1622752,311203,0
Ecuador,2021-05-12,"Oxford/AstraZeneca, Pfizer/BioNTech, Sinovac",https://github.com/andrab/ecuacovid,1974582,1641434,333148,0
Ecuador,2021-05-13,"Oxford/AstraZeneca, Pfizer/BioNTech, Sinovac",https://github.com/andrab/ecuacovid,2020226,1664813,355413,0
Ecuador,2021-05-14,"Oxford/AstraZeneca, Pfizer/BioNTech, Sinovac",https://github.com/andrab/ecuacovid,2082123,1707046,375077,0
Ecuador,2021-05-15,"Oxford/AstraZeneca, Pfizer/BioNTech, Sinovac",https://github.com/andrab/ecuacovid,2122051,1725030,397021,0
Ecuador,2021-05-16,"Oxford/AstraZeneca, Pfizer/BioNTech, Sinovac",https://github.com/andrab/ecuacovid,2143795,1740198,403597,0
Ecuador,2021-05-17,"Oxford/AstraZeneca, Pfizer/BioNTech, Sinovac",https://github.com/andrab/ecuacovid,2191821,1767464,424357,0
Ecuador,2021-05-18,"Oxford/AstraZeneca, Pfizer/BioNTech, Sinovac",https://github.com/andrab/ecuacovid,2235470,1786544,448926,0
Ecuador,2021-05-19,"Oxford/AstraZeneca, Pfizer/BioNTech, Sinovac",https://github.com/andrab/ecuacovid,2284827,1807824,477003,0
Ecuador,2021-05-20,"Oxford/AstraZeneca, Pfizer/BioNTech, Sinovac",https://github.com/andrab/ecuacovid,2362288,1852555,509733,0
Ecuador,2021-05-21,"Oxford/AstraZeneca, Pfizer/BioNTech, Sinovac",https://github.com/andrab/ecuacovid,2447111,1897451,549660,0
Ecuador,2021-05-22,"Oxford/AstraZeneca, Pfizer/BioNTech, Sinovac",https://github.com/andrab/ecuacovid,2504778,1935689,569089,0
Ecuador,2021-05-23,"Oxford/AstraZeneca, Pfizer/BioNTech, Sinovac",https://github.com/andrab/ecuacovid,2595609,2018957,576652,0
Ecuador,2021-05-24,"Oxford/AstraZeneca, Pfizer/BioNTech, Sinovac",https://github.com/andrab/ecuacovid,2598792,2019883,578909,0
Ecuador,2021-05-25,"Oxford/AstraZeneca, Pfizer/BioNTech, Sinovac",https://github.com/andrab/ecuacovid,2605308,2025253,580055,0
Ecuador,2021-05-26,"Oxford/AstraZeneca, Pfizer/BioNTech, Sinovac",https://github.com/andrab/ecuacovid,2663829,2031190,632639,0
Ecuador,2021-05-27,"Oxford/AstraZeneca, Pfizer/BioNTech, Sinovac",https://github.com/andrab/ecuacovid,2724637,2033340,691297,0
Ecuador,2021-05-28,"Oxford/AstraZeneca, Pfizer/BioNTech, Sinovac",https://github.com/andrab/ecuacovid,2779707,2045995,733712,0
Ecuador,2021-05-29,"Oxford/AstraZeneca, Pfizer/BioNTech, Sinovac",https://github.com/andrab/ecuacovid,2816614,2062863,753751,0
Ecuador,2021-05-30,"Oxford/AstraZeneca, Pfizer/BioNTech, Sinovac",https://github.com/andrab/ecuacovid,2837640,2076035,761605,0
Ecuador,2021-05-31,"Oxford/AstraZeneca, Pfizer/BioNTech, Sinovac",https://github.com/andrab/ecuacovid,2896575,2101930,794645,0
Ecuador,2021-06-01,"Oxford/AstraZeneca, Pfizer/BioNTech, Sinovac",https://github.com/andrab/ecuacovid,2947090,2127085,820005,0
Ecuador,2021-06-02,"Oxford/AstraZeneca, Pfizer/BioNTech, Sinovac",https://github.com/andrab/ecuacovid,3004736,2157118,847618,0
Ecuador,2021-06-03,"Oxford/AstraZeneca, Pfizer/BioNTech, Sinovac",https://github.com/andrab/ecuacovid,3084635,2207972,876663,0
Ecuador,2021-06-04,"Oxford/AstraZeneca, Pfizer/BioNTech, Sinovac",https://github.com/andrab/ecuacovid,3177601,2264304,913297,0
Ecuador,2021-06-05,"Oxford/AstraZeneca, Pfizer/BioNTech, Sinovac",https://github.com/andrab/ecuacovid,3224184,2293215,930969,0
Ecuador,2021-06-06,"Oxford/AstraZeneca, Pfizer/BioNTech, Sinovac",https://github.com/andrab/ecuacovid,3254855,2312566,942289,0
Ecuador,2021-06-07,"Oxford/AstraZeneca, Pfizer/BioNTech, Sinovac",https://github.com/andrab/ecuacovid,3314550,2354049,960501,0
Ecuador,2021-06-08,"Oxford/AstraZeneca, Pfizer/BioNTech, Sinovac",https://github.com/andrab/ecuacovid,3376069,2396948,979121,0
Ecuador,2021-06-09,"Oxford/AstraZeneca, Pfizer/BioNTech, Sinovac",https://github.com/andrab/ecuacovid,3436306,2435210,1001096,0
Ecuador,2021-06-10,"Oxford/AstraZeneca, Pfizer/BioNTech, Sinovac",https://github.com/andrab/ecuacovid,3507059,2472499,1034560,0
Ecuador,2021-06-11,"Oxford/AstraZeneca, Pfizer/BioNTech, Sinovac",https://github.com/andrab/ecuacovid,3592782,2513790,1078992,0
Ecuador,2021-06-12,"Oxford/AstraZeneca, Pfizer/BioNTech, Sinovac",https://github.com/andrab/ecuacovid,3642516,2539644,1102872,0
Ecuador,2021-06-13,"Oxford/AstraZeneca, Pfizer/BioNTech, Sinovac",https://github.com/andrab/ecuacovid,3678225,2562513,1115712,0
Ecuador,2021-06-14,"Oxford/AstraZeneca, Pfizer/BioNTech, Sinovac",https://github.com/andrab/ecuacovid,3734231,2601633,1132598,0
Ecuador,2021-06-15,"Oxford/AstraZeneca, Pfizer/BioNTech, Sinovac",https://github.com/andrab/ecuacovid,3803098,2651770,1151328,0
Ecuador,2021-06-16,"Oxford/AstraZeneca, Pfizer/BioNTech, Sinovac",https://github.com/andrab/ecuacovid,3897170,2712169,1185001,0
Ecuador,2021-06-17,"Oxford/AstraZeneca, Pfizer/BioNTech, Sinovac",https://github.com/andrab/ecuacovid,4001683,2771694,1229989,0
Ecuador,2021-06-18,"Oxford/AstraZeneca, Pfizer/BioNTech, Sinovac",https://github.com/andrab/ecuacovid,4093937,2834826,1259111,0
Ecuador,2021-06-19,"Oxford/AstraZeneca, Pfizer/BioNTech, Sinovac",https://github.com/andrab/ecuacovid,4148333,2878004,1270329,0
Ecuador,2021-06-20,"Oxford/AstraZeneca, Pfizer/BioNTech, Sinovac",https://github.com/andrab/ecuacovid,4165258,2891272,1273986,0
Ecuador,2021-06-21,"Oxford/AstraZeneca, Pfizer/BioNTech, Sinovac",https://github.com/andrab/ecuacovid,4232430,2944399,1288031,0
Ecuador,2021-06-22,"Oxford/AstraZeneca, Pfizer/BioNTech, Sinovac",https://github.com/andrab/ecuacovid,4301388,3000143,1301245,0
Ecuador,2021-06-23,"Oxford/AstraZeneca, Pfizer/BioNTech, Sinovac",https://github.com/andrab/ecuacovid,4375876,3057705,1318171,0
Ecuador,2021-06-24,"Oxford/AstraZeneca, Pfizer/BioNTech, Sinovac",https://github.com/andrab/ecuacovid,4460390,3113935,1346455,0
Ecuador,2021-06-25,"Oxford/AstraZeneca, Pfizer/BioNTech, Sinovac",https://github.com/andrab/ecuacovid,4530177,3167620,1362557,0
Ecuador,2021-06-26,"Oxford/AstraZeneca, Pfizer/BioNTech, Sinovac",https://github.com/andrab/ecuacovid,4585010,3205607,1379403,0
Ecuador,2021-06-27,"Oxford/AstraZeneca, Pfizer/BioNTech, Sinovac",https://github.com/andrab/ecuacovid,4607065,3219417,1387648,0
Ecuador,2021-06-28,"Oxford/AstraZeneca, Pfizer/BioNTech, Sinovac",https://github.com/andrab/ecuacovid,4676242,3267172,1409070,0
Ecuador,2021-06-29,"Oxford/AstraZeneca, Pfizer/BioNTech, Sinovac",https://github.com/andrab/ecuacovid,4740784,3315019,1425765,0
Ecuador,2021-06-30,"Oxford/AstraZeneca, Pfizer/BioNTech, Sinovac",https://github.com/andrab/ecuacovid,4821053,3369155,1451898,0
Ecuador,2021-07-01,"Oxford/AstraZeneca, Pfizer/BioNTech, Sinovac",https://github.com/andrab/ecuacovid,4917896,3421867,1496029,0
Ecuador,2021-07-02,"Oxford/AstraZeneca, Pfizer/BioNTech, Sinovac",https://github.com/andrab/ecuacovid,5022743,3481980,1540763,0
Ecuador,2021-07-03,"Oxford/AstraZeneca, Pfizer/BioNTech, Sinovac",https://github.com/andrab/ecuacovid,5111729,3544647,1567082,0
Ecuador,2021-07-04,"Oxford/AstraZeneca, Pfizer/BioNTech, Sinovac",https://github.com/andrab/ecuacovid,5168963,3583704,1585259,0
Ecuador,2021-07-05,"Oxford/AstraZeneca, Pfizer/BioNTech, Sinovac",https://github.com/andrab/ecuacovid,5316957,3695238,1621719,0
Ecuador,2021-07-06,"Oxford/AstraZeneca, Pfizer/BioNTech, Sinovac",https://github.com/andrab/ecuacovid,5496098,3834564,1661534,0
Ecuador,2021-07-07,"Oxford/AstraZeneca, Pfizer/BioNTech, Sinovac",https://github.com/andrab/ecuacovid,5694159,3997643,1696516,0
Ecuador,2021-07-08,"Oxford/AstraZeneca, Pfizer/BioNTech, Sinovac",https://github.com/andrab/ecuacovid,5925143,4191204,1733939,0
Ecuador,2021-07-09,"Oxford/AstraZeneca, Pfizer/BioNTech, Sinovac",https://github.com/andrab/ecuacovid,6196053,4424085,1771968,0
Ecuador,2021-07-10,"Oxford/AstraZeneca, Pfizer/BioNTech, Sinovac",https://github.com/andrab/ecuacovid,6448672,4657329,1791343,0
Ecuador,2021-07-11,"Oxford/AstraZeneca, Pfizer/BioNTech, Sinovac",https://github.com/andrab/ecuacovid,6638944,4834608,1804336,0
Ecuador,2021-07-12,"Oxford/AstraZeneca, Pfizer/BioNTech, Sinovac",https://github.com/andrab/ecuacovid,6920076,5088128,1831948,0
Ecuador,2021-07-13,"Oxford/AstraZeneca, Pfizer/BioNTech, Sinovac",https://github.com/andrab/ecuacovid,7272818,5409502,1863316,0
Ecuador,2021-07-14,"Oxford/AstraZeneca, Pfizer/BioNTech, Sinovac",https://github.com/andrab/ecuacovid,7674482,5780354,1894128,0
Ecuador,2021-07-15,"Oxford/AstraZeneca, Pfizer/BioNTech, Sinovac",https://github.com/andrab/ecuacovid,8104268,6185969,1918299,0
Ecuador,2021-07-16,"Oxford/AstraZeneca, Pfizer/BioNTech, Sinovac",https://github.com/andrab/ecuacovid,8517766,6569164,1948602,0
Ecuador,2021-07-17,"Oxford/AstraZeneca, Pfizer/BioNTech, Sinovac",https://github.com/andrab/ecuacovid,8827187,6858675,1968512,0
Ecuador,2021-07-18,"Oxford/AstraZeneca, Pfizer/BioNTech, Sinovac",https://github.com/andrab/ecuacovid,9081816,7098633,1983183,0
Ecuador,2021-07-19,"Oxford/AstraZeneca, Pfizer/BioNTech, Sinovac",https://github.com/andrab/ecuacovid,9402922,7400080,2002842,0
Ecuador,2021-07-20,"Oxford/AstraZeneca, Pfizer/BioNTech, Sinovac",https://github.com/andrab/ecuacovid,9716252,7693781,2022471,0
Ecuador,2021-07-21,"Oxford/AstraZeneca, Pfizer/BioNTech, Sinovac",https://github.com/andrab/ecuacovid,9994076,7954844,2039232,0
Ecuador,2021-07-22,"Oxford/AstraZeneca, Pfizer/BioNTech, Sinovac",https://github.com/andrab/ecuacovid,10253844,8186138,2067706,0
Ecuador,2021-07-23,"Oxford/AstraZeneca, Pfizer/BioNTech, Sinovac",https://github.com/andrab/ecuacovid,10505799,8408870,2096929,0
Ecuador,2021-07-24,"Oxford/AstraZeneca, Pfizer/BioNTech, Sinovac",https://github.com/andrab/ecuacovid,10701718,8585908,2115810,0
Ecuador,2021-07-25,"Oxford/AstraZeneca, Pfizer/BioNTech, Sinovac",https://github.com/andrab/ecuacovid,10842201,8714585,2127616,0
Ecuador,2021-07-26,"Oxford/AstraZeneca, Pfizer/BioNTech, Sinovac",https://github.com/andrab/ecuacovid,11022262,8854376,2167886,0
Ecuador,2021-07-27,"Oxford/AstraZeneca, Pfizer/BioNTech, Sinovac",https://github.com/andrab/ecuacovid,11285941,9058601,2227340,0
Ecuador,2021-07-28,"Oxford/AstraZeneca, Pfizer/BioNTech, Sinovac",https://github.com/andrab/ecuacovid,11590422,9285899,2304523,0
Ecuador,2021-07-29,"Oxford/AstraZeneca, Pfizer/BioNTech, Sinovac",https://github.com/andrab/ecuacovid,11908158,9543339,2364819,0
Ecuador,2021-07-30,"Oxford/AstraZeneca, Pfizer/BioNTech, Sinovac",https://github.com/andrab/ecuacovid,12233843,9812429,2421414,0
Ecuador,2021-07-31,"Oxford/AstraZeneca, Pfizer/BioNTech, Sinovac",https://github.com/andrab/ecuacovid,12477610,10013732,2463878,0
Ecuador,2021-08-01,"Oxford/AstraZeneca, Pfizer/BioNTech, Sinovac",https://github.com/andrab/ecuacovid,12641423,10130519,2510904,0
Ecuador,2021-08-02,"Oxford/AstraZeneca, Pfizer/BioNTech, Sinovac",https://github.com/andrab/ecuacovid,12838802,10225907,2612934,0
Ecuador,2021-08-03,"CanSino, Oxford/AstraZeneca, Pfizer/BioNTech, Sinovac",https://github.com/andrab/ecuacovid,13053708,10317605,2736142,0
Ecuador,2021-08-04,"CanSino, Oxford/AstraZeneca, Pfizer/BioNTech, Sinovac",https://github.com/andrab/ecuacovid,13271582,10396699,2874922,0
Ecuador,2021-08-05,"CanSino, Oxford/AstraZeneca, Pfizer/BioNTech, Sinovac",https://github.com/andrab/ecuacovid,13500986,10463859,3037168,0
Ecuador,2021-08-06,"CanSino, Oxford/AstraZeneca, Pfizer/BioNTech, Sinovac",https://github.com/andrab/ecuacovid,13755490,10516985,3238546,0
Ecuador,2021-08-07,"CanSino, Oxford/AstraZeneca, Pfizer/BioNTech, Sinovac",https://github.com/andrab/ecuacovid,13992854,10563220,3429675,0
Ecuador,2021-08-08,"CanSino, Oxford/AstraZeneca, Pfizer/BioNTech, Sinovac",https://github.com/andrab/ecuacovid,14199861,10605030,3594872,0
Ecuador,2021-08-09,"CanSino, Oxford/AstraZeneca, Pfizer/BioNTech, Sinovac",https://github.com/andrab/ecuacovid,14204382,10605501,3598922,0
Ecuador,2021-08-10,"CanSino, Oxford/AstraZeneca, Pfizer/BioNTech, Sinovac",https://github.com/andrab/ecuacovid,14583416,10608516,3974941,0
Ecuador,2021-08-11,"CanSino, Oxford/AstraZeneca, Pfizer/BioNTech, Sinovac",https://github.com/andrab/ecuacovid,14919957,10610994,4309296,0
Ecuador,2021-08-12,"CanSino, Oxford/AstraZeneca, Pfizer/BioNTech, Sinovac",https://github.com/andrab/ecuacovid,15191063,10612935,4578818,0
Ecuador,2021-08-13,"CanSino, Oxford/AstraZeneca, Pfizer/BioNTech, Sinovac",https://github.com/andrab/ecuacovid,15390151,10615611,4776537,0
Ecuador,2021-08-14,"CanSino, Oxford/AstraZeneca, Pfizer/BioNTech, Sinovac",https://github.com/andrab/ecuacovid,15493907,10616571,4879776,0
Ecuador,2021-08-15,"CanSino, Oxford/AstraZeneca, Pfizer/BioNTech, Sinovac",https://github.com/andrab/ecuacovid,15559087,10617261,4944406,0
Ecuador,2021-08-16,"CanSino, Oxford/AstraZeneca, Pfizer/BioNTech, Sinovac",https://github.com/andrab/ecuacovid,15936119,10619135,5320762,0
Ecuador,2021-08-17,"CanSino, Oxford/AstraZeneca, Pfizer/BioNTech, Sinovac",https://github.com/andrab/ecuacovid,16344434,10624503,5728292,0
Ecuador,2021-08-18,"CanSino, Oxford/AstraZeneca, Pfizer/BioNTech, Sinovac",https://github.com/andrab/ecuacovid,16728651,10632145,6111379,0
Ecuador,2021-08-19,"CanSino, Oxford/AstraZeneca, Pfizer/BioNTech, Sinovac",https://github.com/andrab/ecuacovid,17054462,10639941,6435968,0
Ecuador,2021-08-20,"CanSino, Oxford/AstraZeneca, Pfizer/BioNTech, Sinovac",https://github.com/andrab/ecuacovid,17330176,10646425,6710639,0
Ecuador,2021-08-21,"CanSino, Oxford/AstraZeneca, Pfizer/BioNTech, Sinovac",https://github.com/andrab/ecuacovid,17521749,10653892,6901692,0
Ecuador,2021-08-22,"CanSino, Oxford/AstraZeneca, Pfizer/BioNTech, Sinovac",https://github.com/andrab/ecuacovid,17653393,10659805,7032989,0
Ecuador,2021-08-23,"CanSino, Oxford/AstraZeneca, Pfizer/BioNTech, Sinovac",https://github.com/andrab/ecuacovid,17844396,10670150,7223294,0
Ecuador,2021-08-24,"CanSino, Oxford/AstraZeneca, Pfizer/BioNTech, Sinovac",https://github.com/andrab/ecuacovid,18071537,10687641,7448932,0
Ecuador,2021-08-25,"CanSino, Oxford/AstraZeneca, Pfizer/BioNTech, Sinovac",https://github.com/andrab/ecuacovid,18301258,10706903,7673265,0
Ecuador,2021-08-26,"CanSino, Oxford/AstraZeneca, Pfizer/BioNTech, Sinovac",https://github.com/andrab/ecuacovid,18548846,10726520,7919350,0
Ecuador,2021-08-27,"CanSino, Oxford/AstraZeneca, Pfizer/BioNTech, Sinovac",https://github.com/andrab/ecuacovid,18814454,10746271,8183354,0
Ecuador,2021-08-28,"CanSino, Oxford/AstraZeneca, Pfizer/BioNTech, Sinovac",https://github.com/andrab/ecuacovid,19000304,10760514,8368150,0
Ecuador,2021-08-29,"CanSino, Oxford/AstraZeneca, Pfizer/BioNTech, Sinovac",https://github.com/andrab/ecuacovid,19115351,10772784,8481218,0
Ecuador,2021-08-30,"CanSino, Oxford/AstraZeneca, Pfizer/BioNTech, Sinovac",https://github.com/andrab/ecuacovid,19296406,10794687,8659927,0
Ecuador,2021-08-31,"CanSino, Oxford/AstraZeneca, Pfizer/BioNTech, Sinovac",https://github.com/andrab/ecuacovid,19456354,10817074,8817252,0
Ecuador,2021-09-08,"CanSino, Oxford/AstraZeneca, Pfizer/BioNTech, Sinovac",https://github.com/andrab/ecuacovid,20067875,10822280,9530623,0
Ecuador,2021-09-09,"CanSino, Oxford/AstraZeneca, Pfizer/BioNTech, Sinovac",https://github.com/andrab/ecuacovid,20121822,10838560,9577621,0
Ecuador,2021-09-10,"CanSino, Oxford/AstraZeneca, Pfizer/BioNTech, Sinovac",https://github.com/andrab/ecuacovid,20177462,10855329,9626101,0
Ecuador,2021-09-11,"CanSino, Oxford/AstraZeneca, Pfizer/BioNTech, Sinovac",https://github.com/andrab/ecuacovid,20188740,10858515,9635837,0
Ecuador,2021-09-12,"CanSino, Oxford/AstraZeneca, Pfizer/BioNTech, Sinovac",https://github.com/andrab/ecuacovid,20194499,10860128,9640749,0
Ecuador,2021-09-13,"CanSino, Oxford/AstraZeneca, Pfizer/BioNTech, Sinovac",https://github.com/andrab/ecuacovid,20251072,10893166,9670730,0
Ecuador,2021-09-14,"CanSino, Oxford/AstraZeneca, Pfizer/BioNTech, Sinovac",https://github.com/andrab/ecuacovid,20318065,10935808,9702280,0
Ecuador,2021-09-15,"CanSino, Oxford/AstraZeneca, Pfizer/BioNTech, Sinovac",https://github.com/andrab/ecuacovid,20392844,10987141,9732661,0
Ecuador,2021-09-20,"CanSino, Oxford/AstraZeneca, Pfizer/BioNTech, Sinovac",https://github.com/andrab/ecuacovid,20452529,10999841,9797946,0
Ecuador,2021-09-21,"CanSino, Oxford/AstraZeneca, Pfizer/BioNTech, Sinovac",https://github.com/andrab/ecuacovid,20515688,11047509,9816586,0
Ecuador,2021-09-22,"CanSino, Oxford/AstraZeneca, Pfizer/BioNTech, Sinovac",https://github.com/andrab/ecuacovid,20532260,11050419,9833158,0
Ecuador,2021-09-23,"CanSino, Oxford/AstraZeneca, Pfizer/BioNTech, Sinovac",https://github.com/andrab/ecuacovid,20571335,11077714,9847355,0
Ecuador,2021-09-24,"CanSino, Oxford/AstraZeneca, Pfizer/BioNTech, Sinovac",https://github.com/andrab/ecuacovid,20611185,11103923,9864816,0
Ecuador,2021-09-25,"CanSino, Oxford/AstraZeneca, Pfizer/BioNTech, Sinovac",https://github.com/andrab/ecuacovid,20616156,11107266,9867095,0
Ecuador,2021-09-26,"CanSino, Oxford/AstraZeneca, Pfizer/BioNTech, Sinovac",https://github.com/andrab/ecuacovid,20617749,11108116,9867974,0
Ecuador,2021-09-27,"CanSino, Oxford/AstraZeneca, Pfizer/BioNTech, Sinovac",https://github.com/andrab/ecuacovid,20666054,11146137,9881500,0
Ecuador,2021-09-28,"CanSino, Oxford/AstraZeneca, Pfizer/BioNTech, Sinovac",https://github.com/andrab/ecuacovid,20773286,11244528,9893962,0
Ecuador,2021-09-29,"CanSino, Oxford/AstraZeneca, Pfizer/BioNTech, Sinovac",https://github.com/andrab/ecuacovid,20841350,11303434,9907288,0
Ecuador,2021-09-30,"CanSino, Oxford/AstraZeneca, Pfizer/BioNTech, Sinovac",https://github.com/andrab/ecuacovid,20896804,11350433,9918613,0
Ecuador,2021-10-01,"CanSino, Oxford/AstraZeneca, Pfizer/BioNTech, Sinovac",https://github.com/andrab/ecuacovid,20976539,11418793,9933423,0
Ecuador,2021-10-02,"CanSino, Oxford/AstraZeneca, Pfizer/BioNTech, Sinovac",https://github.com/andrab/ecuacovid,20981535,11422887,9934736,0
Ecuador,2021-10-03,"CanSino, Oxford/AstraZeneca, Pfizer/BioNTech, Sinovac",https://github.com/andrab/ecuacovid,20983147,11424056,9935352,0
Ecuador,2021-10-04,"CanSino, Oxford/AstraZeneca, Pfizer/BioNTech, Sinovac",https://github.com/andrab/ecuacovid,21022027,11453882,9947067,0
Ecuador,2021-10-05,"CanSino, Oxford/AstraZeneca, Pfizer/BioNTech, Sinovac",https://github.com/andrab/ecuacovid,21066403,11489289,9958765,0
Ecuador,2021-10-06,"CanSino, Oxford/AstraZeneca, Pfizer/BioNTech, Sinovac",https://github.com/andrab/ecuacovid,21112861,11527736,9969316,0
Ecuador,2021-10-07,"CanSino, Oxford/AstraZeneca, Pfizer/BioNTech, Sinovac",https://github.com/andrab/ecuacovid,21155212,11563516,9978130,0
Ecuador,2021-10-08,"CanSino, Oxford/AstraZeneca, Pfizer/BioNTech, Sinovac",https://github.com/andrab/ecuacovid,21163540,11566614,9984036,0
Ecuador,2021-10-09,"CanSino, Oxford/AstraZeneca, Pfizer/BioNTech, Sinovac",https://github.com/andrab/ecuacovid,21164423,11567189,9984510,0
Ecuador,2021-10-10,"CanSino, Oxford/AstraZeneca, Pfizer/BioNTech, Sinovac",https://github.com/andrab/ecuacovid,21165186,11567583,9984970,0
Ecuador,2021-10-11,"CanSino, Oxford/AstraZeneca, Pfizer/BioNTech, Sinovac",https://github.com/andrab/ecuacovid,21208003,11598188,9999427,0
Ecuador,2021-10-12,"CanSino, Oxford/AstraZeneca, Pfizer/BioNTech, Sinovac",https://github.com/andrab/ecuacovid,21254562,11635235,10010755,0
Ecuador,2021-10-13,"CanSino, Oxford/AstraZeneca, Pfizer/BioNTech, Sinovac",https://github.com/andrab/ecuacovid,21298743,11671714,10020281,0
Ecuador,2021-10-14,"CanSino, Oxford/AstraZeneca, Pfizer/BioNTech, Sinovac",https://github.com/andrab/ecuacovid,21346159,11708111,10032731,0
Ecuador,2021-10-15,"CanSino, Oxford/AstraZeneca, Pfizer/BioNTech, Sinovac",https://github.com/andrab/ecuacovid,21396466,11742466,10050416,0
Ecuador,2021-10-16,"CanSino, Oxford/AstraZeneca, Pfizer/BioNTech, Sinovac",https://github.com/andrab/ecuacovid,21405209,11748955,10052820,0
Ecuador,2021-10-17,"CanSino, Oxford/AstraZeneca, Pfizer/BioNTech, Sinovac",https://github.com/andrab/ecuacovid,21410061,11752748,10053955,0
Ecuador,2021-10-18,"CanSino, Oxford/AstraZeneca, Pfizer/BioNTech, Sinovac",https://github.com/andrab/ecuacovid,21448846,11774844,10071705,0
Ecuador,2021-10-19,"CanSino, Oxford/AstraZeneca, Pfizer/BioNTech, Sinovac",https://github.com/andrab/ecuacovid,21492532,11800967,10090387,0
Ecuador,2021-10-20,"CanSino, Oxford/AstraZeneca, Pfizer/BioNTech, Sinovac",https://github.com/andrab/ecuacovid,21690036,11967286,10115426,6215
Ecuador,2021-10-21,"CanSino, Oxford/AstraZeneca, Pfizer/BioNTech, Sinovac",https://github.com/andrab/ecuacovid,21827147,12078296,10138971,9847
Ecuador,2021-10-22,"CanSino, Oxford/AstraZeneca, Pfizer/BioNTech, Sinovac",https://github.com/andrab/ecuacovid,21956630,12176500,10165274,16048
Ecuador,2021-10-23,"CanSino, Oxford/AstraZeneca, Pfizer/BioNTech, Sinovac",https://github.com/andrab/ecuacovid,21973130,12186611,10170050,17934
Ecuador,2021-10-24,"CanSino, Oxford/AstraZeneca, Pfizer/BioNTech, Sinovac",https://github.com/andrab/ecuacovid,21979057,12190340,10171512,18772
Ecuador,2021-10-25,"CanSino, Oxford/AstraZeneca, Pfizer/BioNTech, Sinovac",https://github.com/andrab/ecuacovid,22091381,12274051,10197348,22787
Ecuador,2021-10-26,"CanSino, Oxford/AstraZeneca, Pfizer/BioNTech, Sinovac",https://github.com/andrab/ecuacovid,22219102,12365104,10226320,31525
Ecuador,2021-10-27,"CanSino, Oxford/AstraZeneca, Pfizer/BioNTech, Sinovac",https://github.com/andrab/ecuacovid,22347638,12456155,10253022,43382
Ecuador,2021-10-28,"CanSino, Oxford/AstraZeneca, Pfizer/BioNTech, Sinovac",https://github.com/andrab/ecuacovid,22475765,12548312,10281989,51578
Ecuador,2021-10-29,"CanSino, Oxford/AstraZeneca, Pfizer/BioNTech, Sinovac",https://github.com/andrab/ecuacovid,22586066,12626054,10309703,57455
Ecuador,2021-10-30,"CanSino, Oxford/AstraZeneca, Pfizer/BioNTech, Sinovac",https://github.com/andrab/ecuacovid,22594076,12629356,10313723,58332
Ecuador,2021-10-31,"CanSino, Oxford/AstraZeneca, Pfizer/BioNTech, Sinovac",https://github.com/andrab/ecuacovid,22597171,12630462,10315176,58948
Ecuador,2021-11-01,"CanSino, Oxford/AstraZeneca, Pfizer/BioNTech, Sinovac",https://github.com/andrab/ecuacovid,22599848,12631625,10316252,59468
Ecuador,2021-11-02,"CanSino, Oxford/AstraZeneca, Pfizer/BioNTech, Sinovac",https://github.com/andrab/ecuacovid,22602509,12632888,10317108,60099
Ecuador,2021-11-03,"CanSino, Oxford/AstraZeneca, Pfizer/BioNTech, Sinovac",https://github.com/andrab/ecuacovid,22606316,12634513,10318488,60983
Ecuador,2021-11-04,"CanSino, Oxford/AstraZeneca, Pfizer/BioNTech, Sinovac",https://github.com/andrab/ecuacovid,22692858,12686924,10344290,70275
Ecuador,2021-11-05,"CanSino, Oxford/AstraZeneca, Pfizer/BioNTech, Sinovac",https://github.com/andrab/ecuacovid,22796895,12750851,10369725,85973
Ecuador,2021-11-06,"CanSino, Oxford/AstraZeneca, Pfizer/BioNTech, Sinovac",https://github.com/andrab/ecuacovid,22807270,12755174,10373074,88801
Ecuador,2021-11-07,"CanSino, Oxford/AstraZeneca, Pfizer/BioNTech, Sinovac",https://github.com/andrab/ecuacovid,22811457,12756571,10374475,90245
Ecuador,2021-11-08,"CanSino, Oxford/AstraZeneca, Pfizer/BioNTech, Sinovac",https://github.com/andrab/ecuacovid,22905479,12810560,10401261,104664
Ecuador,2021-11-09,"CanSino, Oxford/AstraZeneca, Pfizer/BioNTech, Sinovac",https://github.com/andrab/ecuacovid,23006933,12867716,10433369,117978
Ecuador,2021-11-10,"CanSino, Oxford/AstraZeneca, Pfizer/BioNTech, Sinovac",https://github.com/andrab/ecuacovid,23112847,12925941,10468704,131295
Ecuador,2021-11-11,"CanSino, Oxford/AstraZeneca, Pfizer/BioNTech, Sinovac",https://github.com/andrab/ecuacovid,23217966,12979386,10507548,145145
Ecuador,2021-11-12,"CanSino, Oxford/AstraZeneca, Pfizer/BioNTech, Sinovac",https://github.com/andrab/ecuacovid,23313709,13029056,10540095,159751
Ecuador,2021-11-13,"CanSino, Oxford/AstraZeneca, Pfizer/BioNTech, Sinovac",https://github.com/andrab/ecuacovid,23352185,13055729,10548437,163419
Ecuador,2021-11-14,"CanSino, Oxford/AstraZeneca, Pfizer/BioNTech, Sinovac",https://github.com/andrab/ecuacovid,23372031,13069423,10552429,165699
Ecuador,2021-11-15,"CanSino, Oxford/AstraZeneca, Pfizer/BioNTech, Sinovac",https://github.com/andrab/ecuacovid,23477052,13120241,10590333,183097
Ecuador,2021-11-16,"CanSino, Oxford/AstraZeneca, Pfizer/BioNTech, Sinovac",https://github.com/andrab/ecuacovid,23595418,13178694,10634554,199723
Ecuador,2021-11-17,"CanSino, Oxford/AstraZeneca, Pfizer/BioNTech, Sinovac",https://github.com/andrab/ecuacovid,23729189,13234483,10688744,224409
Ecuador,2021-11-18,"CanSino, Oxford/AstraZeneca, Pfizer/BioNTech, Sinovac",https://github.com/andrab/ecuacovid,23857066,13281796,10749169,245562
Ecuador,2021-11-19,"CanSino, Oxford/AstraZeneca, Pfizer/BioNTech, Sinovac",https://github.com/andrab/ecuacovid,23990152,13336322,10811731,262429
Ecuador,2021-11-20,"CanSino, Oxford/AstraZeneca, Pfizer/BioNTech, Sinovac",https://github.com/andrab/ecuacovid,24048640,13363543,10836015,269861
Ecuador,2021-11-21,"CanSino, Oxford/AstraZeneca, Pfizer/BioNTech, Sinovac",https://github.com/andrab/ecuacovid,24088225,13381327,10852890,275137
Ecuador,2021-11-22,"CanSino, Oxford/AstraZeneca, Pfizer/BioNTech, Sinovac",https://github.com/andrab/ecuacovid,24320682,13477197,10978542,295142
Ecuador,2021-11-23,"CanSino, Oxford/AstraZeneca, Pfizer/BioNTech, Sinovac",https://github.com/andrab/ecuacovid,24463980,13528290,11052308,314608
Ecuador,2021-11-24,"CanSino, Oxford/AstraZeneca, Pfizer/BioNTech, Sinovac",https://github.com/andrab/ecuacovid,24619310,13580391,11140453,330744
Ecuador,2021-11-25,"CanSino, Oxford/AstraZeneca, Pfizer/BioNTech, Sinovac",https://github.com/andrab/ecuacovid,24773514,13632600,11228020,346227
Ecuador,2021-11-26,"CanSino, Oxford/AstraZeneca, Pfizer/BioNTech, Sinovac",https://github.com/andrab/ecuacovid,24916561,13676032,11311710,363351
Ecuador,2021-11-27,"CanSino, Oxford/AstraZeneca, Pfizer/BioNTech, Sinovac",https://github.com/andrab/ecuacovid,24957994,13692546,11328702,371683
Ecuador,2021-11-28,"CanSino, Oxford/AstraZeneca, Pfizer/BioNTech, Sinovac",https://github.com/andrab/ecuacovid,24979864,13700908,11337778,376454
Ecuador,2021-11-29,"CanSino, Oxford/AstraZeneca, Pfizer/BioNTech, Sinovac",https://github.com/andrab/ecuacovid,25093846,13733215,11398382,398798
Ecuador,2021-11-30,"CanSino, Oxford/AstraZeneca, Pfizer/BioNTech, Sinovac",https://github.com/andrab/ecuacovid,25200571,13766680,11451335,420442
Ecuador,2021-12-01,"CanSino, Oxford/AstraZeneca, Pfizer/BioNTech, Sinovac",https://github.com/andrab/ecuacovid,25309620,13796237,11501793,451239
Ecuador,2021-12-02,"CanSino, Oxford/AstraZeneca, Pfizer/BioNTech, Sinovac",https://github.com/andrab/ecuacovid,25432150,13828785,11560519,484744
Ecuador,2021-12-03,"CanSino, Oxford/AstraZeneca, Pfizer/BioNTech, Sinovac",https://github.com/andrab/ecuacovid,25530853,13852920,11608651,513246
Ecuador,2021-12-04,"CanSino, Oxford/AstraZeneca, Pfizer/BioNTech, Sinovac",https://github.com/andrab/ecuacovid,25563245,13860258,11622151,525425
Ecuador,2021-12-05,"CanSino, Oxford/AstraZeneca, Pfizer/BioNTech, Sinovac",https://github.com/andrab/ecuacovid,25580686,13864158,11629093,532414
Ecuador,2021-12-06,"CanSino, Oxford/AstraZeneca, Pfizer/BioNTech, Sinovac",https://github.com/andrab/ecuacovid,25658021,13882102,11663974,558925
Ecuador,2021-12-07,"CanSino, Oxford/AstraZeneca, Pfizer/BioNTech, Sinovac",https://github.com/andrab/ecuacovid,25748271,13899501,11707691,589685
Ecuador,2021-12-08,"CanSino, Oxford/AstraZeneca, Pfizer/BioNTech, Sinovac",https://github.com/andrab/ecuacovid,25842231,13915757,11760574,616034
Ecuador,2021-12-09,"CanSino, Oxford/AstraZeneca, Pfizer/BioNTech, Sinovac",https://github.com/andrab/ecuacovid,25952255,13936959,11825366,641463
Ecuador,2021-12-10,"CanSino, Oxford/AstraZeneca, Pfizer/BioNTech, Sinovac",https://github.com/andrab/ecuacovid,26072484,13960603,11898140,666663
Ecuador,2021-12-11,"CanSino, Oxford/AstraZeneca, Pfizer/BioNTech, Sinovac",https://github.com/andrab/ecuacovid,26125243,13972603,11927573,678926
Ecuador,2021-12-12,"CanSino, Oxford/AstraZeneca, Pfizer/BioNTech, Sinovac",https://github.com/andrab/ecuacovid,26157005,13979769,11943911,687901
Ecuador,2021-12-13,"CanSino, Oxford/AstraZeneca, Pfizer/BioNTech, Sinovac",https://github.com/andrab/ecuacovid,26261183,13997698,12008353,711012
Ecuador,2021-12-14,"CanSino, Oxford/AstraZeneca, Pfizer/BioNTech, Sinovac",https://github.com/andrab/ecuacovid,26362850,14016690,12071652,731529
Ecuador,2021-12-15,"CanSino, Oxford/AstraZeneca, Pfizer/BioNTech, Sinovac",https://github.com/andrab/ecuacovid,26552900,14047121,12164507,800238
Ecuador,2021-12-16,"CanSino, Oxford/AstraZeneca, Pfizer/BioNTech, Sinovac",https://github.com/andrab/ecuacovid,26667732,14067604,12232469,827873
Ecuador,2021-12-17,"CanSino, Oxford/AstraZeneca, Pfizer/BioNTech, Sinovac",https://github.com/andrab/ecuacovid,26765445,14083207,12288447,855034
Ecuador,2021-12-18,"CanSino, Oxford/AstraZeneca, Pfizer/BioNTech, Sinovac",https://github.com/andrab/ecuacovid,26802584,14089507,12307989,866940
Ecuador,2021-12-19,"CanSino, Oxford/AstraZeneca, Pfizer/BioNTech, Sinovac",https://github.com/andrab/ecuacovid,26825886,14094180,12318522,875565
Ecuador,2021-12-20,"CanSino, Oxford/AstraZeneca, Pfizer/BioNTech, Sinovac",https://github.com/andrab/ecuacovid,26917585,14107002,12371926,902174
Ecuador,2021-12-21,"CanSino, Oxford/AstraZeneca, Pfizer/BioNTech, Sinovac",https://github.com/andrab/ecuacovid,27015074,14121500,12431499,926750
Ecuador,2021-12-22,"CanSino, Oxford/AstraZeneca, Pfizer/BioNTech, Sinovac",https://github.com/andrab/ecuacovid,27103281,14134491,12475933,958996
Ecuador,2021-12-23,"CanSino, Oxford/AstraZeneca, Pfizer/BioNTech, Sinovac",https://github.com/andrab/ecuacovid,27184143,14146248,12515350,989899
Ecuador,2021-12-24,"CanSino, Oxford/AstraZeneca, Pfizer/BioNTech, Sinovac",https://github.com/andrab/ecuacovid,27192880,14147785,12519284,993345
Ecuador,2021-12-25,"CanSino, Oxford/AstraZeneca, Pfizer/BioNTech, Sinovac",https://github.com/andrab/ecuacovid,27205912,14150180,12525866,997741
Ecuador,2021-12-26,"CanSino, Oxford/AstraZeneca, Pfizer/BioNTech, Sinovac",https://github.com/andrab/ecuacovid,27213319,14151518,12528460,1001469
Ecuador,2021-12-27,"CanSino, Oxford/AstraZeneca, Pfizer/BioNTech, Sinovac",https://github.com/andrab/ecuacovid,27304608,14167323,12569652,1037664
Ecuador,2021-12-28,"CanSino, Oxford/AstraZeneca, Pfizer/BioNTech, Sinovac",https://github.com/andrab/ecuacovid,27411962,14188494,12619447,1076436
Ecuador,2021-12-29,"CanSino, Oxford/AstraZeneca, Pfizer/BioNTech, Sinovac",https://github.com/andrab/ecuacovid,27501719,14208815,12661253,1106443
Ecuador,2021-12-30,"CanSino, Oxford/AstraZeneca, Pfizer/BioNTech, Sinovac",https://github.com/andrab/ecuacovid,27561198,14223216,12688649,1125868
Ecuador,2021-12-31,"CanSino, Oxford/AstraZeneca, Pfizer/BioNTech, Sinovac",https://github.com/andrab/ecuacovid,27566331,14224604,12690467,1127965
Ecuador,2022-01-01,"CanSino, Oxford/AstraZeneca, Pfizer/BioNTech, Sinovac",https://github.com/andrab/ecuacovid,27567784,14224890,12690811,1128844
Ecuador,2022-01-02,"CanSino, Oxford/AstraZeneca, Pfizer/BioNTech, Sinovac",https://github.com/andrab/ecuacovid,27574142,14226074,12692501,1132538
Ecuador,2022-01-03,"CanSino, Oxford/AstraZeneca, Pfizer/BioNTech, Sinovac",https://github.com/andrab/ecuacovid,27660809,14242950,12717952,1179442
Ecuador,2022-01-04,"CanSino, Oxford/AstraZeneca, Pfizer/BioNTech, Sinovac",https://github.com/andrab/ecuacovid,27770818,14263124,12749476,1240827
Ecuador,2022-01-05,"CanSino, Oxford/AstraZeneca, Pfizer/BioNTech, Sinovac",https://github.com/andrab/ecuacovid,27889104,14285514,12782693,1306812
Ecuador,2022-01-06,"CanSino, Oxford/AstraZeneca, Pfizer/BioNTech, Sinovac",https://github.com/andrab/ecuacovid,28008270,14308445,12817124,1372058
Ecuador,2022-01-07,"CanSino, Oxford/AstraZeneca, Pfizer/BioNTech, Sinovac",https://github.com/andrab/ecuacovid,28127567,14329119,12849242,1441669
Ecuador,2022-01-08,"CanSino, Oxford/AstraZeneca, Pfizer/BioNTech, Sinovac",https://github.com/andrab/ecuacovid,28172752,14336367,12859467,1470293
Ecuador,2022-01-09,"CanSino, Oxford/AstraZeneca, Pfizer/BioNTech, Sinovac",https://github.com/andrab/ecuacovid,28210822,14343201,12867653,1494390
Ecuador,2022-01-10,"CanSino, Oxford/AstraZeneca, Pfizer/BioNTech, Sinovac",https://github.com/andrab/ecuacovid,28348820,14371961,12907842,1567639
Ecuador,2022-01-11,"CanSino, Oxford/AstraZeneca, Pfizer/BioNTech, Sinovac",https://github.com/andrab/ecuacovid,28491355,14402651,12951049,1640440
Ecuador,2022-01-12,"CanSino, Oxford/AstraZeneca, Pfizer/BioNTech, Sinovac",https://github.com/andrab/ecuacovid,28635431,14434196,12992140,1716799
Ecuador,2022-01-13,"CanSino, Oxford/AstraZeneca, Pfizer/BioNTech, Sinovac",https://github.com/andrab/ecuacovid,28766520,14460922,13027708,1789833
Ecuador,2022-01-14,"CanSino, Oxford/AstraZeneca, Pfizer/BioNTech, Sinovac",https://github.com/andrab/ecuacovid,28894911,14485362,13060363,1864833
Ecuador,2022-01-15,"CanSino, Oxford/AstraZeneca, Pfizer/BioNTech, Sinovac",https://github.com/andrab/ecuacovid,28946355,14493488,13072046,1897510
Ecuador,2022-01-16,"CanSino, Oxford/AstraZeneca, Pfizer/BioNTech, Sinovac",https://github.com/andrab/ecuacovid,28986467,14500445,13081297,1922490
Ecuador,2022-01-17,"CanSino, Oxford/AstraZeneca, Pfizer/BioNTech, Sinovac",https://github.com/andrab/ecuacovid,29107463,14525746,13112246,1990717
Ecuador,2022-01-18,"CanSino, Oxford/AstraZeneca, Pfizer/BioNTech, Sinovac",https://github.com/andrab/ecuacovid,29217441,14544501,13137161,2059690
Ecuador,2022-01-19,"CanSino, Oxford/AstraZeneca, Pfizer/BioNTech, Sinovac",https://github.com/andrab/ecuacovid,29311690,14560322,13158219,2118921
Ecuador,2022-01-20,"CanSino, Oxford/AstraZeneca, Pfizer/BioNTech, Sinovac",https://github.com/andrab/ecuacovid,29400794,14574653,13178881,2174845
Ecuador,2022-01-21,"CanSino, Oxford/AstraZeneca, Pfizer/BioNTech, Sinovac",https://github.com/andrab/ecuacovid,29495833,14587541,13198815,2238716
Ecuador,2022-01-22,"CanSino, Oxford/AstraZeneca, Pfizer/BioNTech, Sinovac",https://github.com/andrab/ecuacovid,29542574,14591532,13205184,2275552
Ecuador,2022-01-23,"CanSino, Oxford/AstraZeneca, Pfizer/BioNTech, Sinovac",https://github.com/andrab/ecuacovid,29564789,14593920,13208512,2292525
Ecuador,2022-01-24,"CanSino, Oxford/AstraZeneca, Pfizer/BioNTech, Sinovac",https://github.com/andrab/ecuacovid,29635565,14605522,13225378,2336390
Ecuador,2022-01-25,"CanSino, Oxford/AstraZeneca, Pfizer/BioNTech, Sinovac",https://github.com/andrab/ecuacovid,29706090,14615853,13241574,2381687
Ecuador,2022-01-26,"CanSino, Oxford/AstraZeneca, Pfizer/BioNTech, Sinovac",https://github.com/andrab/ecuacovid,29773279,14625618,13257403,2424415
Ecuador,2022-01-27,"CanSino, Oxford/AstraZeneca, Pfizer/BioNTech, Sinovac",https://github.com/andrab/ecuacovid,29840071,14634169,13272540,2468533
Ecuador,2022-01-28,"CanSino, Oxford/AstraZeneca, Pfizer/BioNTech, Sinovac",https://github.com/andrab/ecuacovid,29911659,14641333,13286510,2520028
Ecuador,2022-01-29,"CanSino, Oxford/AstraZeneca, Pfizer/BioNTech, Sinovac",https://github.com/andrab/ecuacovid,29946237,14643923,13290852,2547956
Ecuador,2022-01-30,"CanSino, Oxford/AstraZeneca, Pfizer/BioNTech, Sinovac",https://github.com/andrab/ecuacovid,29965534,14645580,13293525,2563226
Ecuador,2022-01-31,"CanSino, Oxford/AstraZeneca, Pfizer/BioNTech, Sinovac",https://github.com/andrab/ecuacovid,30028057,14653284,13306352,2606196
Ecuador,2022-02-01,"CanSino, Oxford/AstraZeneca, Pfizer/BioNTech, Sinovac",https://github.com/andrab/ecuacovid,30095861,14660555,13318623,2655334
Ecuador,2022-02-02,"CanSino, Oxford/AstraZeneca, Pfizer/BioNTech, Sinovac",https://github.com/andrab/ecuacovid,30165621,14667297,13330571,2707262
Ecuador,2022-02-03,"CanSino, Oxford/AstraZeneca, Pfizer/BioNTech, Sinovac",https://github.com/andrab/ecuacovid,30237193,14673662,13342785,2761016
Ecuador,2022-02-04,"CanSino, Oxford/AstraZeneca, Pfizer/BioNTech, Sinovac",https://github.com/andrab/ecuacovid,30314487,14679916,13355018,2820600
Ecuador,2022-02-05,"CanSino, Oxford/AstraZeneca, Pfizer/BioNTech, Sinovac",https://github.com/andrab/ecuacovid,30347034,14682053,13359625,2846597
Ecuador,2022-02-06,"CanSino, Oxford/AstraZeneca, Pfizer/BioNTech, Sinovac",https://github.com/andrab/ecuacovid,30372108,14683837,13363222,2866514
Ecuador,2022-02-07,"CanSino, Oxford/AstraZeneca, Pfizer/BioNTech, Sinovac",https://github.com/andrab/ecuacovid,30451413,14690764,13377397,2925629
Ecuador,2022-02-08,"CanSino, Oxford/AstraZeneca, Pfizer/BioNTech, Sinovac",https://github.com/andrab/ecuacovid,30533321,14697376,13391264,2987796
Ecuador,2022-02-09,"CanSino, Oxford/AstraZeneca, Pfizer/BioNTech, Sinovac",https://github.com/andrab/ecuacovid,30616474,14703599,13404880,3051813
Ecuador,2022-02-10,"CanSino, Oxford/AstraZeneca, Pfizer/BioNTech, Sinovac",https://github.com/andrab/ecuacovid,30700295,14709000,13417713,3118069
Ecuador,2022-02-11,"CanSino, Oxford/AstraZeneca, Pfizer/BioNTech, Sinovac",https://github.com/andrab/ecuacovid,30789811,14713898,13428974,3192064
Ecuador,2022-02-12,"CanSino, Oxford/AstraZeneca, Pfizer/BioNTech, Sinovac",https://github.com/andrab/ecuacovid,30829086,14715524,13432666,3226155
Ecuador,2022-02-13,"CanSino, Oxford/AstraZeneca, Pfizer/BioNTech, Sinovac",https://github.com/andrab/ecuacovid,30857342,14716622,13435227,3250859
Ecuador,2022-02-14,"CanSino, Oxford/AstraZeneca, Pfizer/BioNTech, Sinovac",https://github.com/andrab/ecuacovid,30940299,14720847,13445061,3320280
Ecuador,2022-02-15,"CanSino, Oxford/AstraZeneca, Pfizer/BioNTech, Sinovac",https://github.com/andrab/ecuacovid,31037001,14725195,13455304,3402920
Ecuador,2022-02-16,"CanSino, Oxford/AstraZeneca, Pfizer/BioNTech, Sinovac",https://github.com/andrab/ecuacovid,31141956,14729705,13465195,3493933
Ecuador,2022-02-17,"CanSino, Oxford/AstraZeneca, Pfizer/BioNTech, Sinovac",https://github.com/andrab/ecuacovid,31244217,14733827,13474627,3583130
Ecuador,2022-02-18,"CanSino, Oxford/AstraZeneca, Pfizer/BioNTech, Sinovac",https://github.com/andrab/ecuacovid,31359682,14737783,13483719,3685954
Ecuador,2022-02-19,"CanSino, Oxford/AstraZeneca, Pfizer/BioNTech, Sinovac",https://github.com/andrab/ecuacovid,31415784,14739221,13486870,3737592
Ecuador,2022-02-20,"CanSino, Oxford/AstraZeneca, Pfizer/BioNTech, Sinovac",https://github.com/andrab/ecuacovid,31449713,14740119,13488731,3768872
Ecuador,2022-02-21,"CanSino, Oxford/AstraZeneca, Pfizer/BioNTech, Sinovac",https://github.com/andrab/ecuacovid,31557975,14745864,13500734,3859768
Ecuador,2022-02-22,"CanSino, Oxford/AstraZeneca, Pfizer/BioNTech, Sinovac",https://github.com/andrab/ecuacovid,31670480,14753523,13517813,3947920
Ecuador,2022-02-23,"CanSino, Oxford/AstraZeneca, Pfizer/BioNTech, Sinovac",https://github.com/andrab/ecuacovid,31772830,14761254,13535095,4025695
Ecuador,2022-02-24,"CanSino, Oxford/AstraZeneca, Pfizer/BioNTech, Sinovac",https://github.com/andrab/ecuacovid,31865163,14768005,13550482,4096278
Ecuador,2022-02-25,"CanSino, Oxford/AstraZeneca, Pfizer/BioNTech, Sinovac",https://github.com/andrab/ecuacovid,31940171,14772986,13561581,4155506
Ecuador,2022-02-26,"CanSino, Oxford/AstraZeneca, Pfizer/BioNTech, Sinovac",https://github.com/andrab/ecuacovid,31963953,14773737,13563271,4176915
Ecuador,2022-02-27,"CanSino, Oxford/AstraZeneca, Pfizer/BioNTech, Sinovac",https://github.com/andrab/ecuacovid,31975887,14774084,13564008,4187803
Ecuador,2022-02-28,"CanSino, Oxford/AstraZeneca, Pfizer/BioNTech, Sinovac",https://github.com/andrab/ecuacovid,31989116,14774659,13565023,4199479
Ecuador,2022-03-01,"CanSino, Oxford/AstraZeneca, Pfizer/BioNTech, Sinovac",https://github.com/andrab/ecuacovid,31996832,14774852,13565454,4206584
Ecuador,2022-03-02,"CanSino, Oxford/AstraZeneca, Pfizer/BioNTech, Sinovac",https://github.com/andrab/ecuacovid,32059388,14778122,13573417,4258106
Ecuador,2022-03-03,"CanSino, Oxford/AstraZeneca, Pfizer/BioNTech, Sinovac",https://github.com/andrab/ecuacovid,32131368,14782089,13583056,4316743
Ecuador,2022-03-04,"CanSino, Oxford/AstraZeneca, Pfizer/BioNTech, Sinovac",https://github.com/andrab/ecuacovid,32210298,14786115,13592871,4382130
Ecuador,2022-03-05,"CanSino, Oxford/AstraZeneca, Pfizer/BioNTech, Sinovac",https://github.com/andrab/ecuacovid,32244231,14787129,13595355,4412659
Ecuador,2022-03-06,"CanSino, Oxford/AstraZeneca, Pfizer/BioNTech, Sinovac",https://github.com/andrab/ecuacovid,32269789,14787910,13596989,4435855
Ecuador,2022-03-07,"CanSino, Oxford/AstraZeneca, Pfizer/BioNTech, Sinovac",https://github.com/andrab/ecuacovid,32337184,14791669,13605769,4491007
Ecuador,2022-03-08,"CanSino, Oxford/AstraZeneca, Pfizer/BioNTech, Sinovac",https://github.com/andrab/ecuacovid,32402150,14795402,13614537,4543716
Ecuador,2022-03-09,"CanSino, Oxford/AstraZeneca, Pfizer/BioNTech, Sinovac",https://github.com/andrab/ecuacovid,32465596,14798926,13622625,4595796
Ecuador,2022-03-10,"CanSino, Oxford/AstraZeneca, Pfizer/BioNTech, Sinovac",https://github.com/andrab/ecuacovid,32547669,14806118,13640319,4653495
Ecuador,2022-03-11,"CanSino, Oxford/AstraZeneca, Pfizer/BioNTech, Sinovac",https://github.com/andrab/ecuacovid,32609652,14809167,13646969,4706019
Ecuador,2022-03-12,"CanSino, Oxford/AstraZeneca, Pfizer/BioNTech, Sinovac",https://github.com/andrab/ecuacovid,32640891,14810181,13649037,4734218
Ecuador,2022-03-13,"CanSino, Oxford/AstraZeneca, Pfizer/BioNTech, Sinovac",https://github.com/andrab/ecuacovid,32658435,14810687,13650230,4750101
Ecuador,2022-03-14,"CanSino, Oxford/AstraZeneca, Pfizer/BioNTech, Sinovac",https://github.com/andrab/ecuacovid,32710303,14813590,13656578,4792972
Ecuador,2022-03-15,"CanSino, Oxford/AstraZeneca, Pfizer/BioNTech, Sinovac",https://github.com/andrab/ecuacovid,32761565,14816661,13663158,4834824
Ecuador,2022-03-16,"CanSino, Oxford/AstraZeneca, Pfizer/BioNTech, Sinovac",https://github.com/andrab/ecuacovid,32813123,14819542,13669308,4877560
Ecuador,2022-03-17,"CanSino, Oxford/AstraZeneca, Pfizer/BioNTech, Sinovac",https://github.com/andrab/ecuacovid,32868137,14822468,13675442,4923705
Ecuador,2022-03-18,"CanSino, Oxford/AstraZeneca, Pfizer/BioNTech, Sinovac",https://github.com/andrab/ecuacovid,32922242,14825147,13680886,4969852
Ecuador,2022-03-19,"CanSino, Oxford/AstraZeneca, Pfizer/BioNTech, Sinovac",https://github.com/andrab/ecuacovid,32938768,14825781,13682255,4984429
Ecuador,2022-03-20,"CanSino, Oxford/AstraZeneca, Pfizer/BioNTech, Sinovac",https://github.com/andrab/ecuacovid,32965660,14826497,13683759,5009139
Ecuador,2022-03-21,"CanSino, Oxford/AstraZeneca, Pfizer/BioNTech, Sinovac",https://github.com/andrab/ecuacovid,33005014,14828646,13688859,5041457
Ecuador,2022-03-22,"CanSino, Oxford/AstraZeneca, Pfizer/BioNTech, Sinovac",https://github.com/andrab/ecuacovid,33040342,14829339,13691186,5073944
Ecuador,2022-03-23,"CanSino, Oxford/AstraZeneca, Pfizer/BioNTech, Sinovac",https://github.com/andrab/ecuacovid,33080633,14831598,13697506,5105849
Ecuador,2022-03-24,"CanSino, Oxford/AstraZeneca, Pfizer/BioNTech, Sinovac",https://github.com/andrab/ecuacovid,33114842,14833724,13703115,5132502
Ecuador,2022-03-25,"CanSino, Oxford/AstraZeneca, Pfizer/BioNTech, Sinovac",https://github.com/andrab/ecuacovid,33149713,14835664,13708619,5160121
Ecuador,2022-03-26,"CanSino, Oxford/AstraZeneca, Pfizer/BioNTech, Sinovac",https://github.com/andrab/ecuacovid,33165706,14836133,13709968,5174354
Ecuador,2022-03-27,"CanSino, Oxford/AstraZeneca, Pfizer/BioNTech, Sinovac",https://github.com/andrab/ecuacovid,33174440,14836406,13710693,5182118
Ecuador,2022-03-28,"CanSino, Oxford/AstraZeneca, Pfizer/BioNTech, Sinovac",https://github.com/andrab/ecuacovid,33206162,14838375,13715318,5207406
Ecuador,2022-03-29,"CanSino, Oxford/AstraZeneca, Pfizer/BioNTech, Sinovac",https://github.com/andrab/ecuacovid,33236717,14840346,13719727,5231702
