location,date,vaccine,source_url,total_vaccinations,people_vaccinated,people_fully_vaccinated,total_boosters
Equatorial Guinea,2021-03-16,Sinopharm/Beijing,https://guineasalud.org/el-comite-tecnico-nacional-de-vigilancia-y-respuesta-a-la-covid-19-informa-sobre-la-situacion-epidemiologica-del-15-de-febrero-al-15-de-marzo-en-guinea-ecuatorial/,6565,5765,800,
Equatorial Guinea,2021-03-29,Sinopharm/Beijing,https://guineasalud.org/estadisticas/,12155,9748,2407,
Equatorial Guinea,2021-04-01,Sinopharm/Beijing,https://guineasalud.org/estadisticas/,14080,11090,2990,
Equatorial Guinea,2021-04-16,Sinopharm/Beijing,https://guineasalud.org/estadisticas/,32884,27579,5305,
Equatorial Guinea,2021-04-20,Sinopharm/Beijing,https://guineasalud.org/estadisticas/,45441,38024,7417,
Equatorial Guinea,2021-04-22,Sinopharm/Beijing,https://guineasalud.org/estadisticas/,55799,47410,8389,
Equatorial Guinea,2021-04-28,Sinopharm/Beijing,https://guineasalud.org/estadisticas/,75518,64646,10872,
Equatorial Guinea,2021-05-18,Sinopharm/Beijing,https://guineasalud.org/estadisticas/,175770,130641,45129,
Equatorial Guinea,2021-05-22,Sinopharm/Beijing,https://guineasalud.org/estadisticas/,192967,136124,56843,
Equatorial Guinea,2021-05-25,Sinopharm/Beijing,https://guineasalud.org/estadisticas/,206625,142475,64150,
Equatorial Guinea,2021-05-28,Sinopharm/Beijing,https://guineasalud.org/estadisticas/,219677,148079,71598,
Equatorial Guinea,2021-05-31,Sinopharm/Beijing,https://guineasalud.org/estadisticas/,224503,148085,76418,
Equatorial Guinea,2021-06-03,Sinopharm/Beijing,https://guineasalud.org/estadisticas/,236189,148579,87610,
Equatorial Guinea,2021-06-10,Sinopharm/Beijing,https://guineasalud.org/estadisticas/,247228,148579,98649,
Equatorial Guinea,2021-06-12,Sinopharm/Beijing,https://guineasalud.org/estadisticas/,248184,148579,99605,
Equatorial Guinea,2021-06-15,Sinopharm/Beijing,https://guineasalud.org/estadisticas/,255030,148579,106451,
Equatorial Guinea,2021-06-17,Sinopharm/Beijing,https://guineasalud.org/estadisticas/,257146,148579,108567,
Equatorial Guinea,2021-06-23,Sinopharm/Beijing,https://guineasalud.org/estadisticas/,259480,149185,110295,
Equatorial Guinea,2021-06-25,Sinopharm/Beijing,https://guineasalud.org/estadisticas/,260528,149185,111343,
Equatorial Guinea,2021-06-28,Sinopharm/Beijing,https://guineasalud.org/estadisticas/,264853,150363,114490,
Equatorial Guinea,2021-06-30,Sinopharm/Beijing,https://guineasalud.org/estadisticas/,265110,150609,114501,
Equatorial Guinea,2021-07-02,Sinopharm/Beijing,https://guineasalud.org/estadisticas/,269981,,,
Equatorial Guinea,2021-07-05,Sinopharm/Beijing,https://guineasalud.org/estadisticas/,270841,155073,115768,
Equatorial Guinea,2021-07-07,Sinopharm/Beijing,https://guineasalud.org/estadisticas/,277042,160525,116517,
Equatorial Guinea,2021-07-10,Sinopharm/Beijing,https://guineasalud.org/estadisticas/,278952,161870,117082,
Equatorial Guinea,2021-07-13,Sinopharm/Beijing,https://guineasalud.org/estadisticas/,279113,161988,117124,
Equatorial Guinea,2021-07-17,Sinopharm/Beijing,https://guineasalud.org/estadisticas/,288562,170583,117979,
Equatorial Guinea,2021-07-21,Sinopharm/Beijing,https://guineasalud.org/estadisticas/,293702,174001,119701,
Equatorial Guinea,2021-07-24,Sinopharm/Beijing,https://guineasalud.org/estadisticas/,301413,178913,122500,
Equatorial Guinea,2021-07-29,Sinopharm/Beijing,https://guineasalud.org/estadisticas/,306265,179210,127055,
Equatorial Guinea,2021-08-02,Sinopharm/Beijing,https://guineasalud.org/estadisticas/,308858,180420,128438,
Equatorial Guinea,2021-08-04,Sinopharm/Beijing,https://guineasalud.org/estadisticas/,311778,181290,130488,
Equatorial Guinea,2021-08-07,Sinopharm/Beijing,https://guineasalud.org/estadisticas/,314289,182152,132137,
Equatorial Guinea,2021-08-12,Sinopharm/Beijing,https://guineasalud.org/estadisticas/,322447,186356,136091,
Equatorial Guinea,2021-08-16,Sinopharm/Beijing,https://guineasalud.org/estadisticas/,325449,187837,137612,
Equatorial Guinea,2021-08-18,Sinopharm/Beijing,https://guineasalud.org/estadisticas/,329229,189524,139705,
Equatorial Guinea,2021-08-21,Sinopharm/Beijing,https://guineasalud.org/estadisticas/,331807,190481,141326,
Equatorial Guinea,2021-08-24,Sinopharm/Beijing,https://guineasalud.org/estadisticas/,336579,192792,143787,
Equatorial Guinea,2021-08-27,Sinopharm/Beijing,https://guineasalud.org/estadisticas/,345719,197657,148062,
Equatorial Guinea,2021-09-02,Sinopharm/Beijing,https://guineasalud.org/statistiques/?lang=fr,353626,203304,150322,
Equatorial Guinea,2021-09-04,Sinopharm/Beijing,https://guineasalud.org/statistiques/?lang=fr,360446,204222,156224,
Equatorial Guinea,2021-09-08,Sinopharm/Beijing,https://guineasalud.org/estadisticas/,364051,205925,158126,
Equatorial Guinea,2021-09-10,Sinopharm/Beijing,https://guineasalud.org/estadisticas/,366836,207723,159113,
Equatorial Guinea,2021-09-13,Sinopharm/Beijing,https://guineasalud.org/estadisticas/,370163,210358,159805,
Equatorial Guinea,2021-09-20,Sinopharm/Beijing,https://guineasalud.org/estadisticas/,381835,219233,162602,
Equatorial Guinea,2021-09-30,Sinopharm/Beijing,https://guineasalud.org/estadisticas/,397083,225011,167635,
Equatorial Guinea,2021-10-06,Sinopharm/Beijing,https://guineasalud.org/estadisticas/,403814,232116,171698,
Equatorial Guinea,2021-10-09,Sinopharm/Beijing,https://guineasalud.org/estadisticas/,410064,234307,175757,
Equatorial Guinea,2021-10-12,Sinopharm/Beijing,https://guineasalud.org/estadisticas/,414506,236045,178461,
Equatorial Guinea,2021-10-16,Sinopharm/Beijing,https://guineasalud.org/estadisticas/,419386,237751,181635,
Equatorial Guinea,2021-10-19,Sinopharm/Beijing,https://guineasalud.org/estadisticas/,422768,238787,183981,
Equatorial Guinea,2021-10-21,Sinopharm/Beijing,https://guineasalud.org/estadisticas/,424653,239425,185228,
Equatorial Guinea,2021-10-27,Sinopharm/Beijing,https://guineasalud.org/estadisticas/,428106,240376,187730,
Equatorial Guinea,2021-10-29,Sinopharm/Beijing,https://guineasalud.org/estadisticas/,431001,241430,189571,
Equatorial Guinea,2021-10-30,Sinopharm/Beijing,https://guineasalud.org/estadisticas/,431640,241589,190051,
Equatorial Guinea,2021-11-03,Sinopharm/Beijing,https://guineasalud.org/estadisticas/,433182,242220,190962,
Equatorial Guinea,2021-11-06,Sinopharm/Beijing,https://guineasalud.org/estadisticas/,436479,243885,192594,
Equatorial Guinea,2021-11-10,Sinopharm/Beijing,https://guineasalud.org/estadisticas/,438465,244586,193879,
Equatorial Guinea,2021-11-15,Sinopharm/Beijing,https://guineasalud.org/estadisticas/,440310,245628,194682,
Equatorial Guinea,2021-11-17,Sinopharm/Beijing,https://guineasalud.org/estadisticas/,441106,245832,195274,
Equatorial Guinea,2021-11-19,Sinopharm/Beijing,https://guineasalud.org/estadisticas/,442855,246407,196448,
Equatorial Guinea,2021-11-22,Sinopharm/Beijing,https://guineasalud.org/estadisticas/,443135,246519,196616,
Equatorial Guinea,2021-11-25,Sinopharm/Beijing,https://guineasalud.org/estadisticas/,444989,247251,197738,
Equatorial Guinea,2021-11-29,Sinopharm/Beijing,https://guineasalud.org/estadisticas/,445684,247515,198169,
Equatorial Guinea,2021-12-01,Sinopharm/Beijing,https://guineasalud.org/estadisticas/,446624,247933,198691,
Equatorial Guinea,2021-12-14,Sinopharm/Beijing,https://guineasalud.org/estadisticas/,448577,249067,199510,
Equatorial Guinea,2021-12-16,Sinopharm/Beijing,https://guineasalud.org/estadisticas/,452572,249215,203357,
Equatorial Guinea,2021-12-22,Sinopharm/Beijing,https://guineasalud.org/estadisticas/,452666,249276,203390,
Equatorial Guinea,2022-01-08,Sinopharm/Beijing,https://guineasalud.org/estadisticas/,453502,249840,203662,
Equatorial Guinea,2022-01-18,Sinopharm/Beijing,https://guineasalud.org/estadisticas/,455655,251474,204181,
Equatorial Guinea,2022-02-26,Sinopharm/Beijing,https://guineasalud.org/estadisticas/,463549,257526,206023,
Equatorial Guinea,2022-03-05,Sinopharm/Beijing,https://guineasalud.org/estadisticas/,467504,259685,207819,
Equatorial Guinea,2022-03-26,Sinopharm/Beijing,https://guineasalud.org/estadisticas/,473409,262703,210706,
