location,date,vaccine,source_url,total_vaccinations,people_vaccinated,people_fully_vaccinated,total_boosters
Finland,2021-01-03,Pfizer/BioNTech,https://sampo.thl.fi/pivot/prod/en/vaccreg/cov19cov,67,67,0,0
Finland,2021-01-17,Pfizer/BioNTech,https://sampo.thl.fi/pivot/prod/en/vaccreg/cov19cov,62122,62117,5,0
Finland,2021-01-24,Pfizer/BioNTech,https://sampo.thl.fi/pivot/prod/en/vaccreg/cov19cov,120327,115365,4962,0
Finland,2021-01-31,Pfizer/BioNTech,https://sampo.thl.fi/pivot/prod/en/vaccreg/cov19cov,176836,157155,19681,0
Finland,2021-02-07,"Moderna, Oxford/AstraZeneca, Pfizer/BioNTech",https://sampo.thl.fi/pivot/prod/en/vaccreg/cov19cov,232507,179486,53021,0
Finland,2021-02-14,"Moderna, Oxford/AstraZeneca, Pfizer/BioNTech",https://sampo.thl.fi/pivot/prod/en/vaccreg/cov19cov,288776,218872,69904,0
Finland,2021-02-21,"Moderna, Oxford/AstraZeneca, Pfizer/BioNTech",https://sampo.thl.fi/pivot/prod/en/vaccreg/cov19cov,373451,297027,76424,0
Finland,2021-02-28,"Moderna, Oxford/AstraZeneca, Pfizer/BioNTech",https://sampo.thl.fi/pivot/prod/en/vaccreg/cov19cov,476479,391462,85017,0
Finland,2021-03-07,"Moderna, Oxford/AstraZeneca, Pfizer/BioNTech",https://sampo.thl.fi/pivot/prod/en/vaccreg/cov19cov,590421,502136,88285,0
Finland,2021-03-14,"Moderna, Oxford/AstraZeneca, Pfizer/BioNTech",https://sampo.thl.fi/pivot/prod/en/vaccreg/cov19cov,714668,625466,89202,0
Finland,2021-03-21,"Moderna, Oxford/AstraZeneca, Pfizer/BioNTech",https://sampo.thl.fi/pivot/prod/en/vaccreg/cov19cov,842252,751838,90414,0
Finland,2021-03-28,"Moderna, Oxford/AstraZeneca, Pfizer/BioNTech",https://sampo.thl.fi/pivot/prod/en/vaccreg/cov19cov,952777,861351,91426,0
Finland,2021-04-04,"Moderna, Oxford/AstraZeneca, Pfizer/BioNTech",https://sampo.thl.fi/pivot/prod/en/vaccreg/cov19cov,1086457,993721,92736,0
Finland,2021-04-11,"Moderna, Oxford/AstraZeneca, Pfizer/BioNTech",https://sampo.thl.fi/pivot/prod/en/vaccreg/cov19cov,1260283,1161012,99271,0
Finland,2021-04-18,"Moderna, Oxford/AstraZeneca, Pfizer/BioNTech",https://sampo.thl.fi/pivot/prod/en/vaccreg/cov19cov,1495506,1365365,130141,0
Finland,2021-04-25,"Moderna, Oxford/AstraZeneca, Pfizer/BioNTech",https://sampo.thl.fi/pivot/prod/en/vaccreg/cov19cov,1717301,1556841,160460,0
Finland,2021-05-02,"Moderna, Oxford/AstraZeneca, Pfizer/BioNTech",https://sampo.thl.fi/pivot/prod/en/vaccreg/cov19cov,1931781,1753750,178031,0
Finland,2021-05-09,"Moderna, Oxford/AstraZeneca, Pfizer/BioNTech",https://sampo.thl.fi/pivot/prod/en/vaccreg/cov19cov,2176626,1959629,216997,0
Finland,2021-05-16,"Moderna, Oxford/AstraZeneca, Pfizer/BioNTech",https://sampo.thl.fi/pivot/prod/en/vaccreg/cov19cov,2413548,2124585,288963,0
Finland,2021-05-23,"Moderna, Oxford/AstraZeneca, Pfizer/BioNTech",https://sampo.thl.fi/pivot/prod/en/vaccreg/cov19cov,2690452,2305686,384766,0
Finland,2021-05-30,"Moderna, Oxford/AstraZeneca, Pfizer/BioNTech",https://sampo.thl.fi/pivot/prod/en/vaccreg/cov19cov,2964331,2469560,494771,0
Finland,2021-06-06,"Moderna, Oxford/AstraZeneca, Pfizer/BioNTech",https://sampo.thl.fi/pivot/prod/en/vaccreg/cov19cov,3264354,2647566,616788,0
Finland,2021-06-13,"Moderna, Oxford/AstraZeneca, Pfizer/BioNTech",https://sampo.thl.fi/pivot/prod/en/vaccreg/cov19cov,3609576,2867648,741928,0
Finland,2021-06-20,"Moderna, Oxford/AstraZeneca, Pfizer/BioNTech",https://sampo.thl.fi/pivot/prod/en/vaccreg/cov19cov,3954634,3093670,860964,0
Finland,2021-06-27,"Moderna, Oxford/AstraZeneca, Pfizer/BioNTech",https://sampo.thl.fi/pivot/prod/en/vaccreg/cov19cov,4217126,3229102,988024,0
Finland,2021-07-04,"Moderna, Oxford/AstraZeneca, Pfizer/BioNTech",https://sampo.thl.fi/pivot/prod/en/vaccreg/cov19cov,4543218,3380819,1162399,0
Finland,2021-07-11,"Moderna, Oxford/AstraZeneca, Pfizer/BioNTech",https://sampo.thl.fi/pivot/prod/en/vaccreg/cov19cov,4857449,3489315,1368134,0
Finland,2021-07-18,"Moderna, Oxford/AstraZeneca, Pfizer/BioNTech",https://sampo.thl.fi/pivot/prod/en/vaccreg/cov19cov,5127236,3573415,1553821,0
Finland,2021-07-25,"Moderna, Oxford/AstraZeneca, Pfizer/BioNTech",https://sampo.thl.fi/pivot/prod/en/vaccreg/cov19cov,5399940,3639933,1760007,0
Finland,2021-08-01,"Moderna, Oxford/AstraZeneca, Pfizer/BioNTech",https://sampo.thl.fi/pivot/prod/en/vaccreg/cov19cov,5674066,3705161,1968905,0
Finland,2021-08-08,"Moderna, Oxford/AstraZeneca, Pfizer/BioNTech",https://sampo.thl.fi/pivot/prod/en/vaccreg/cov19cov,5938715,3770300,2168415,0
Finland,2021-08-15,"Moderna, Oxford/AstraZeneca, Pfizer/BioNTech",https://sampo.thl.fi/pivot/prod/en/vaccreg/cov19cov,6244758,3860618,2384140,0
Finland,2021-08-22,"Moderna, Oxford/AstraZeneca, Pfizer/BioNTech",https://sampo.thl.fi/pivot/prod/en/vaccreg/cov19cov,6547899,3957036,2590863,0
Finland,2021-08-29,"Moderna, Oxford/AstraZeneca, Pfizer/BioNTech",https://sampo.thl.fi/pivot/prod/en/vaccreg/cov19cov,6802646,4021577,2781069,0
Finland,2021-09-05,"Moderna, Oxford/AstraZeneca, Pfizer/BioNTech",https://sampo.thl.fi/pivot/prod/en/vaccreg/cov19cov,7038469,4058601,2979868,0
Finland,2021-09-12,"Moderna, Oxford/AstraZeneca, Pfizer/BioNTech",https://sampo.thl.fi/pivot/prod/en/vaccreg/cov19cov,7241985,4084907,3157078,0
Finland,2021-09-19,"Moderna, Oxford/AstraZeneca, Pfizer/BioNTech",https://sampo.thl.fi/pivot/prod/en/vaccreg/cov19cov,7389118,4107868,3280042,1208
Finland,2021-09-26,"Moderna, Oxford/AstraZeneca, Pfizer/BioNTech",https://sampo.thl.fi/pivot/prod/en/vaccreg/cov19cov,7549717,4128549,3405089,16079
Finland,2021-10-03,"Moderna, Oxford/AstraZeneca, Pfizer/BioNTech",https://sampo.thl.fi/pivot/prod/en/vaccreg/cov19cov,7708740,4146566,3525971,36203
Finland,2021-10-10,"Moderna, Oxford/AstraZeneca, Pfizer/BioNTech",https://sampo.thl.fi/pivot/prod/en/vaccreg/cov19cov,7847843,4164888,3629180,53775
Finland,2021-10-17,"Moderna, Oxford/AstraZeneca, Pfizer/BioNTech",https://sampo.thl.fi/pivot/prod/en/vaccreg/cov19cov,7983259,4188238,3726322,68699
Finland,2021-10-24,"Moderna, Oxford/AstraZeneca, Pfizer/BioNTech",https://sampo.thl.fi/pivot/prod/en/vaccreg/cov19cov,8095450,4211490,3805065,78895
Finland,2021-10-31,"Moderna, Oxford/AstraZeneca, Pfizer/BioNTech",https://sampo.thl.fi/pivot/prod/en/vaccreg/cov19cov,8212502,4232878,3886870,92754
Finland,2021-11-07,"Moderna, Oxford/AstraZeneca, Pfizer/BioNTech",https://sampo.thl.fi/pivot/prod/en/vaccreg/cov19cov,8300585,4248144,3941128,111313
Finland,2021-11-14,"Moderna, Oxford/AstraZeneca, Pfizer/BioNTech",https://sampo.thl.fi/pivot/prod/en/vaccreg/cov19cov,8387267,4261295,3979574,146398
Finland,2021-11-21,"Moderna, Oxford/AstraZeneca, Pfizer/BioNTech",https://sampo.thl.fi/pivot/prod/en/vaccreg/cov19cov,8484323,4275263,4007283,201777
Finland,2021-11-28,"Moderna, Oxford/AstraZeneca, Pfizer/BioNTech",https://sampo.thl.fi/pivot/prod/en/vaccreg/cov19cov,8602876,,4033830,278724
Finland,2021-12-05,"Moderna, Oxford/AstraZeneca, Pfizer/BioNTech",https://sampo.thl.fi/pivot/prod/en/vaccreg/cov19cov,8758599,,4061340,389243
Finland,2021-12-12,"Moderna, Oxford/AstraZeneca, Pfizer/BioNTech",https://sampo.thl.fi/pivot/prod/en/vaccreg/cov19cov,8944582,,4085397,536446
Finland,2021-12-19,"Moderna, Oxford/AstraZeneca, Pfizer/BioNTech",https://sampo.thl.fi/pivot/prod/en/vaccreg/cov19cov,9228940,,,780314
Finland,2021-12-24,"Moderna, Oxford/AstraZeneca, Pfizer/BioNTech",https://sampo.thl.fi/pivot/prod/en/vaccreg/cov19cov/fact_cov19cov,9432679,,,963903
Finland,2021-12-26,"Moderna, Oxford/AstraZeneca, Pfizer/BioNTech",https://sampo.thl.fi/pivot/prod/en/vaccreg/cov19cov/fact_cov19cov,9434480,,,965405
Finland,2021-12-27,"Moderna, Oxford/AstraZeneca, Pfizer/BioNTech",https://sampo.thl.fi/pivot/prod/en/vaccreg/cov19cov/fact_cov19cov,9436893,,,967668
Finland,2021-12-28,"Moderna, Oxford/AstraZeneca, Pfizer/BioNTech",https://sampo.thl.fi/pivot/prod/en/vaccreg/cov19cov/fact_cov19cov,9489226,,,1015119
Finland,2021-12-30,"Moderna, Oxford/AstraZeneca, Pfizer/BioNTech",https://sampo.thl.fi/pivot/prod/en/vaccreg/cov19cov/fact_cov19cov,9544821,,,1066416
Finland,2021-12-31,"Moderna, Oxford/AstraZeneca, Pfizer/BioNTech",https://sampo.thl.fi/pivot/prod/en/vaccreg/cov19cov/fact_cov19cov,9616819,,,1132671
Finland,2022-01-01,"Moderna, Oxford/AstraZeneca, Pfizer/BioNTech",https://sampo.thl.fi/pivot/prod/en/vaccreg/cov19cov/fact_cov19cov,9705865,,,1215099
Finland,2022-01-03,"Moderna, Oxford/AstraZeneca, Pfizer/BioNTech",https://sampo.thl.fi/pivot/prod/en/vaccreg/cov19cov/fact_cov19cov,9706038,,,1215256
Finland,2022-01-04,"Moderna, Oxford/AstraZeneca, Pfizer/BioNTech",https://sampo.thl.fi/pivot/prod/en/vaccreg/cov19cov/fact_cov19cov,9706280,,,1215479
Finland,2022-01-05,"Moderna, Oxford/AstraZeneca, Pfizer/BioNTech",https://sampo.thl.fi/pivot/prod/en/vaccreg/cov19cov/fact_cov19cov,9720543,,,1228604
Finland,2022-01-06,"Moderna, Oxford/AstraZeneca, Pfizer/BioNTech",https://sampo.thl.fi/pivot/prod/en/vaccreg/cov19cov/fact_cov19cov,9872059,,,1367731
Finland,2022-01-08,"Moderna, Oxford/AstraZeneca, Pfizer/BioNTech",https://sampo.thl.fi/pivot/prod/en/vaccreg/cov19cov/fact_cov19cov,9963908,,,1452393
Finland,2022-01-10,"Moderna, Oxford/AstraZeneca, Pfizer/BioNTech",https://sampo.thl.fi/pivot/prod/en/vaccreg/cov19cov/fact_cov19cov,10090806,,,1570798
Finland,2022-01-12,"Moderna, Oxford/AstraZeneca, Pfizer/BioNTech",https://sampo.thl.fi/pivot/prod/en/vaccreg/cov19cov/fact_cov19cov,10225316,,,1693985
Finland,2022-01-15,"Moderna, Oxford/AstraZeneca, Pfizer/BioNTech",https://sampo.thl.fi/pivot/prod/en/vaccreg/cov19cov/fact_cov19cov,10262739,,,1886418
Finland,2022-01-18,"Moderna, Oxford/AstraZeneca, Pfizer/BioNTech",https://sampo.thl.fi/pivot/prod/en/vaccreg/cov19cov/fact_cov19cov,10342692,4278695,4091936,1972061
Finland,2022-01-19,"Moderna, Oxford/AstraZeneca, Pfizer/BioNTech",https://sampo.thl.fi/pivot/prod/en/vaccreg/cov19cov/fact_cov19cov,10407420,4281356,4095316,2030748
Finland,2022-01-20,"Moderna, Oxford/AstraZeneca, Pfizer/BioNTech",https://sampo.thl.fi/pivot/prod/en/vaccreg/cov19cov/fact_cov19cov,10461909,4282947,4098210,2080752
Finland,2022-01-25,"Moderna, Oxford/AstraZeneca, Pfizer/BioNTech",https://sampo.thl.fi/pivot/prod/en/vaccreg/cov19cov/fact_cov19cov,10693347,4291155,4118068,2284124
Finland,2022-01-26,"Moderna, Oxford/AstraZeneca, Pfizer/BioNTech",https://sampo.thl.fi/pivot/prod/en/vaccreg/cov19cov/fact_cov19cov,10746775,4292744,4121455,2332576
Finland,2022-01-27,"Moderna, Oxford/AstraZeneca, Pfizer/BioNTech",https://sampo.thl.fi/pivot/prod/en/vaccreg/cov19cov/fact_cov19cov,10784471,4293901,4124164,2366406
Finland,2022-01-28,"Moderna, Oxford/AstraZeneca, Pfizer/BioNTech",https://sampo.thl.fi/pivot/prod/en/vaccreg/cov19cov/fact_cov19cov,10823454,4295050,4126922,2401482
Finland,2022-01-29,"Moderna, Oxford/AstraZeneca, Pfizer/BioNTech",https://sampo.thl.fi/pivot/prod/en/vaccreg/cov19cov/fact_cov19cov,10866455,4296615,4130395,2439445
Finland,2022-01-30,"Moderna, Oxford/AstraZeneca, Pfizer/BioNTech",https://sampo.thl.fi/pivot/prod/en/vaccreg/cov19cov/fact_cov19cov,10906050,4297954,4133568,2474528
Finland,2022-01-31,"Moderna, Oxford/AstraZeneca, Pfizer/BioNTech",https://sampo.thl.fi/pivot/prod/en/vaccreg/cov19cov/fact_cov19cov,11008185,4388583,4134366,2485236
Finland,2022-02-01,"Moderna, Oxford/AstraZeneca, Pfizer/BioNTech",https://sampo.thl.fi/pivot/prod/en/vaccreg/cov19cov/fact_cov19cov,11018426,4389916,4135104,2493406
Finland,2022-02-02,"Moderna, Oxford/AstraZeneca, Pfizer/BioNTech",https://sampo.thl.fi/pivot/prod/en/vaccreg/cov19cov/fact_cov19cov,11039379,4391606,4136809,2510964
Finland,2022-02-03,"Moderna, Oxford/AstraZeneca, Pfizer/BioNTech",https://sampo.thl.fi/pivot/prod/en/vaccreg/cov19cov/fact_cov19cov,11063093,4393244,4138743,2531106
Finland,2022-02-04,"Moderna, Oxford/AstraZeneca, Pfizer/BioNTech",https://sampo.thl.fi/pivot/prod/en/vaccreg/cov19cov/fact_cov19cov,11178975,4431379,4175001,2572595
Finland,2022-02-05,"Moderna, Oxford/AstraZeneca, Pfizer/BioNTech",https://sampo.thl.fi/pivot/prod/en/vaccreg/cov19cov/fact_cov19cov,11218208,4433853,4177949,2606406
Finland,2022-02-07,"Moderna, Oxford/AstraZeneca, Pfizer/BioNTech",https://sampo.thl.fi/pivot/prod/en/vaccreg/cov19cov/fact_cov19cov,11238270,4436846,4179356,2622068
Finland,2022-02-08,"Moderna, Oxford/AstraZeneca, Pfizer/BioNTech",https://sampo.thl.fi/pivot/prod/en/vaccreg/cov19cov/fact_cov19cov,11293027,4457240,4198193,2637594
Finland,2022-02-09,"Moderna, Oxford/AstraZeneca, Pfizer/BioNTech",https://sampo.thl.fi/pivot/prod/en/vaccreg/cov19cov/fact_cov19cov,11309855,4458538,4199540,2651777
Finland,2022-02-10,"Moderna, Oxford/AstraZeneca, Pfizer/BioNTech",https://sampo.thl.fi/pivot/prod/en/vaccreg/cov19cov/fact_cov19cov,11325151,,4201193,2664224
Finland,2022-02-11,"Moderna, Oxford/AstraZeneca, Pfizer/BioNTech",https://sampo.thl.fi/pivot/prod/en/vaccreg/cov19cov/fact_cov19cov,11340617,,4202929,2676743
Finland,2022-02-12,"Moderna, Oxford/AstraZeneca, Pfizer/BioNTech",https://sampo.thl.fi/pivot/prod/en/vaccreg/cov19cov/fact_cov19cov,11355567,,4204677,2686516
Finland,2022-02-13,"Moderna, Oxford/AstraZeneca, Pfizer/BioNTech",https://sampo.thl.fi/pivot/prod/en/vaccreg/cov19cov/fact_cov19cov,11367650,,4205912,2696702
Finland,2022-02-14,"Moderna, Oxford/AstraZeneca, Pfizer/BioNTech",https://sampo.thl.fi/pivot/prod/en/vaccreg/cov19cov/fact_cov19cov,11370512,,4206680,2698409
Finland,2022-02-15,"Moderna, Oxford/AstraZeneca, Pfizer/BioNTech",https://sampo.thl.fi/pivot/prod/en/vaccreg/cov19cov/fact_cov19cov,11371462,,4206834,2699117
Finland,2022-02-16,"Moderna, Oxford/AstraZeneca, Pfizer/BioNTech",https://sampo.thl.fi/pivot/prod/en/vaccreg/cov19cov/fact_cov19cov,11382504,,4209310,2706990
Finland,2022-02-17,"Moderna, Oxford/AstraZeneca, Pfizer/BioNTech",https://sampo.thl.fi/pivot/prod/en/vaccreg/cov19cov/fact_cov19cov,11394702,,4211395,2716495
Finland,2022-02-18,"Moderna, Oxford/AstraZeneca, Pfizer/BioNTech",https://sampo.thl.fi/pivot/prod/en/vaccreg/cov19cov/fact_cov19cov,11405540,,4213817,2724372
Finland,2022-02-19,"Moderna, Oxford/AstraZeneca, Pfizer/BioNTech",https://sampo.thl.fi/pivot/prod/en/vaccreg/cov19cov/fact_cov19cov,11413675,,4215305,2730555
Finland,2022-02-20,"Moderna, Oxford/AstraZeneca, Pfizer/BioNTech",https://sampo.thl.fi/pivot/prod/en/vaccreg/cov19cov/fact_cov19cov,11422142,,4217223,2736618
Finland,2022-02-21,"Moderna, Oxford/AstraZeneca, Pfizer/BioNTech",https://sampo.thl.fi/pivot/prod/en/vaccreg/cov19cov/fact_cov19cov,11424413,,4218028,2737821
Finland,2022-02-22,"Moderna, Oxford/AstraZeneca, Pfizer/BioNTech",https://sampo.thl.fi/pivot/prod/en/vaccreg/cov19cov/fact_cov19cov,11425721,,4218475,2738580
Finland,2022-02-23,"Moderna, Oxford/AstraZeneca, Pfizer/BioNTech",https://sampo.thl.fi/pivot/prod/en/vaccreg/cov19cov/fact_cov19cov,11433226,,4220275,2743910
Finland,2022-02-24,"Moderna, Oxford/AstraZeneca, Pfizer/BioNTech",https://sampo.thl.fi/pivot/prod/en/vaccreg/cov19cov/fact_cov19cov,11439651,,4222103,2748169
Finland,2022-02-28,"Moderna, Oxford/AstraZeneca, Pfizer/BioNTech",https://sampo.thl.fi/pivot/prod/en/vaccreg/cov19cov/fact_cov19cov,11443055,,4222243,2764344
Finland,2022-03-01,"Moderna, Oxford/AstraZeneca, Pfizer/BioNTech",https://sampo.thl.fi/pivot/prod/en/vaccreg/cov19cov/fact_cov19cov,11444253,,4222852,2764874
Finland,2022-03-02,"Moderna, Oxford/AstraZeneca, Pfizer/BioNTech",https://sampo.thl.fi/pivot/prod/en/vaccreg/cov19cov/fact_cov19cov,11450857,,4225745,2768308
Finland,2022-03-03,"Moderna, Oxford/AstraZeneca, Pfizer/BioNTech",https://sampo.thl.fi/pivot/prod/en/vaccreg/cov19cov/fact_cov19cov,11456491,,4228053,2771392
Finland,2022-03-04,"Moderna, Oxford/AstraZeneca, Pfizer/BioNTech",https://sampo.thl.fi/pivot/prod/en/vaccreg/cov19cov/fact_cov19cov,11461524,,4231437,2772975
Finland,2022-03-06,"Moderna, Oxford/AstraZeneca, Pfizer/BioNTech",https://sampo.thl.fi/pivot/prod/en/vaccreg/cov19cov/fact_cov19cov,11479743,4459152,4235949,2784642
Finland,2022-03-07,"Moderna, Oxford/AstraZeneca, Pfizer/BioNTech",https://sampo.thl.fi/pivot/prod/en/vaccreg/cov19cov/fact_cov19cov,11481480,4459276,4237004,2785200
Finland,2022-03-08,"Moderna, Oxford/AstraZeneca, Pfizer/BioNTech",https://sampo.thl.fi/pivot/prod/en/vaccreg/cov19cov/fact_cov19cov,11482486,4459330,4237644,2785512
Finland,2022-03-09,"Moderna, Oxford/AstraZeneca, Pfizer/BioNTech",https://sampo.thl.fi/pivot/prod/en/vaccreg/cov19cov/fact_cov19cov,11488408,4459574,4239876,2788958
Finland,2022-03-16,"Moderna, Oxford/AstraZeneca, Pfizer/BioNTech",https://sampo.thl.fi/pivot/prod/en/vaccreg/cov19cov/fact_cov19cov,11615848,4499620,4287316,2828912
Finland,2022-03-23,"Moderna, Oxford/AstraZeneca, Pfizer/BioNTech",https://sampo.thl.fi/pivot/prod/en/vaccreg/cov19cov/fact_cov19cov,11658258,4504279,4302905,2851074
Finland,2022-03-29,"Moderna, Oxford/AstraZeneca, Pfizer/BioNTech",https://sampo.thl.fi/pivot/prod/en/vaccreg/cov19cov/fact_cov19cov,11679339,4505614,4308827,2864898
