location,date,vaccine,source_url,total_vaccinations,people_vaccinated,people_fully_vaccinated,total_boosters
Guatemala,2021-02-25,Moderna,https://www.prensalibre.com/guatemala/comunitario/primeras-vacunas-contra-el-coronavirus-donadas-por-israel-llegan-a-guatemala-breaking/,0,0,0,
Guatemala,2021-02-27,Moderna,https://tablerocovid.mspas.gob.gt/,2224,2224,0,
Guatemala,2021-03-01,Moderna,https://gtmvigilanciacovid.shinyapps.io/3869aac0fb95d6baf2c80f19f2da5f98,2427,2427,0,
Guatemala,2021-03-11,"Moderna, Oxford/AstraZeneca",https://gtmvigilanciacovid.shinyapps.io/3869aac0fb95d6baf2c80f19f2da5f98,19947,19947,0,
Guatemala,2021-03-12,"Moderna, Oxford/AstraZeneca",https://gtmvigilanciacovid.shinyapps.io/3869aac0fb95d6baf2c80f19f2da5f98,28534,28534,0,
Guatemala,2021-03-13,"Moderna, Oxford/AstraZeneca",https://gtmvigilanciacovid.shinyapps.io/3869aac0fb95d6baf2c80f19f2da5f98,30890,30890,0,
Guatemala,2021-03-14,"Moderna, Oxford/AstraZeneca",https://gtmvigilanciacovid.shinyapps.io/3869aac0fb95d6baf2c80f19f2da5f98,34217,34217,0,
Guatemala,2021-03-15,"Moderna, Oxford/AstraZeneca",https://gtmvigilanciacovid.shinyapps.io/3869aac0fb95d6baf2c80f19f2da5f98,42330,42330,0,
Guatemala,2021-03-16,"Moderna, Oxford/AstraZeneca",https://gtmvigilanciacovid.shinyapps.io/3869aac0fb95d6baf2c80f19f2da5f98,48130,48130,0,
Guatemala,2021-03-17,"Moderna, Oxford/AstraZeneca",https://gtmvigilanciacovid.shinyapps.io/3869aac0fb95d6baf2c80f19f2da5f98,55060,55060,0,
Guatemala,2021-03-18,"Moderna, Oxford/AstraZeneca",https://gtmvigilanciacovid.shinyapps.io/3869aac0fb95d6baf2c80f19f2da5f98,60182,60182,0,
Guatemala,2021-03-19,"Moderna, Oxford/AstraZeneca",https://gtmvigilanciacovid.shinyapps.io/3869aac0fb95d6baf2c80f19f2da5f98,66399,66399,0,
Guatemala,2021-03-20,"Moderna, Oxford/AstraZeneca",https://gtmvigilanciacovid.shinyapps.io/3869aac0fb95d6baf2c80f19f2da5f98,68852,68852,0,
Guatemala,2021-03-21,"Moderna, Oxford/AstraZeneca",https://gtmvigilanciacovid.shinyapps.io/3869aac0fb95d6baf2c80f19f2da5f98,69266,69266,0,
Guatemala,2021-03-22,"Moderna, Oxford/AstraZeneca",https://gtmvigilanciacovid.shinyapps.io/3869aac0fb95d6baf2c80f19f2da5f98,72405,72405,0,
Guatemala,2021-03-23,"Moderna, Oxford/AstraZeneca",https://gtmvigilanciacovid.shinyapps.io/3869aac0fb95d6baf2c80f19f2da5f98,78350,78350,0,
Guatemala,2021-03-24,"Moderna, Oxford/AstraZeneca",https://gtmvigilanciacovid.shinyapps.io/3869aac0fb95d6baf2c80f19f2da5f98,83076,83076,0,
Guatemala,2021-03-25,"Moderna, Oxford/AstraZeneca",https://gtmvigilanciacovid.shinyapps.io/3869aac0fb95d6baf2c80f19f2da5f98,88694,88694,0,
Guatemala,2021-03-26,"Moderna, Oxford/AstraZeneca",https://gtmvigilanciacovid.shinyapps.io/3869aac0fb95d6baf2c80f19f2da5f98,91918,91918,0,
Guatemala,2021-03-27,"Moderna, Oxford/AstraZeneca",https://gtmvigilanciacovid.shinyapps.io/3869aac0fb95d6baf2c80f19f2da5f98,93601,93231,370,
Guatemala,2021-03-28,"Moderna, Oxford/AstraZeneca",https://gtmvigilanciacovid.shinyapps.io/3869aac0fb95d6baf2c80f19f2da5f98,94272,93902,370,
Guatemala,2021-03-29,"Moderna, Oxford/AstraZeneca",https://gtmvigilanciacovid.shinyapps.io/3869aac0fb95d6baf2c80f19f2da5f98,98920,98402,518,
Guatemala,2021-03-30,"Moderna, Oxford/AstraZeneca",https://gtmvigilanciacovid.shinyapps.io/3869aac0fb95d6baf2c80f19f2da5f98,104919,103959,960,
Guatemala,2021-03-31,"Moderna, Oxford/AstraZeneca",https://gtmvigilanciacovid.shinyapps.io/3869aac0fb95d6baf2c80f19f2da5f98,108165,106973,1192,
Guatemala,2021-04-01,"Moderna, Oxford/AstraZeneca",https://gtmvigilanciacovid.shinyapps.io/3869aac0fb95d6baf2c80f19f2da5f98,110438,109246,1192,
Guatemala,2021-04-02,"Moderna, Oxford/AstraZeneca",https://gtmvigilanciacovid.shinyapps.io/3869aac0fb95d6baf2c80f19f2da5f98,112751,111559,1192,
Guatemala,2021-04-03,"Moderna, Oxford/AstraZeneca",https://gtmvigilanciacovid.shinyapps.io/3869aac0fb95d6baf2c80f19f2da5f98,114511,113319,1192,
Guatemala,2021-04-04,"Moderna, Oxford/AstraZeneca",https://gtmvigilanciacovid.shinyapps.io/3869aac0fb95d6baf2c80f19f2da5f98,116221,115029,1192,
Guatemala,2021-04-05,"Moderna, Oxford/AstraZeneca",https://gtmvigilanciacovid.shinyapps.io/3869aac0fb95d6baf2c80f19f2da5f98,119558,118325,1233,
Guatemala,2021-04-06,"Moderna, Oxford/AstraZeneca",https://gtmvigilanciacovid.shinyapps.io/3869aac0fb95d6baf2c80f19f2da5f98,123473,121848,1625,
Guatemala,2021-04-07,"Moderna, Oxford/AstraZeneca",https://gtmvigilanciacovid.shinyapps.io/3869aac0fb95d6baf2c80f19f2da5f98,127945,126320,1625,
Guatemala,2021-04-08,"Moderna, Oxford/AstraZeneca",https://gtmvigilanciacovid.shinyapps.io/3869aac0fb95d6baf2c80f19f2da5f98,132611,130985,1626,
Guatemala,2021-04-09,"Moderna, Oxford/AstraZeneca",https://gtmvigilanciacovid.shinyapps.io/3869aac0fb95d6baf2c80f19f2da5f98,137716,136077,1639,
Guatemala,2021-04-10,"Moderna, Oxford/AstraZeneca",https://gtmvigilanciacovid.shinyapps.io/3869aac0fb95d6baf2c80f19f2da5f98,139010,137371,1639,
Guatemala,2021-04-11,"Moderna, Oxford/AstraZeneca",https://gtmvigilanciacovid.shinyapps.io/3869aac0fb95d6baf2c80f19f2da5f98,139490,137851,1639,
Guatemala,2021-04-12,"Moderna, Oxford/AstraZeneca",https://gtmvigilanciacovid.shinyapps.io/3869aac0fb95d6baf2c80f19f2da5f98,143488,141766,1722,
Guatemala,2021-04-13,"Moderna, Oxford/AstraZeneca",https://gtmvigilanciacovid.shinyapps.io/3869aac0fb95d6baf2c80f19f2da5f98,147614,145795,1819,
Guatemala,2021-04-14,"Moderna, Oxford/AstraZeneca",https://gtmvigilanciacovid.shinyapps.io/3869aac0fb95d6baf2c80f19f2da5f98,150898,149078,1820,
Guatemala,2021-04-15,"Moderna, Oxford/AstraZeneca",https://gtmvigilanciacovid.shinyapps.io/3869aac0fb95d6baf2c80f19f2da5f98,154556,152733,1823,
Guatemala,2021-04-16,"Moderna, Oxford/AstraZeneca",https://gtmvigilanciacovid.shinyapps.io/3869aac0fb95d6baf2c80f19f2da5f98,157745,155919,1826,
Guatemala,2021-04-17,"Moderna, Oxford/AstraZeneca",https://gtmvigilanciacovid.shinyapps.io/3869aac0fb95d6baf2c80f19f2da5f98,157799,155973,1826,
Guatemala,2021-04-18,"Moderna, Oxford/AstraZeneca",https://gtmvigilanciacovid.shinyapps.io/3869aac0fb95d6baf2c80f19f2da5f98,157800,155974,1826,
Guatemala,2021-04-19,"Moderna, Oxford/AstraZeneca",https://gtmvigilanciacovid.shinyapps.io/3869aac0fb95d6baf2c80f19f2da5f98,158918,157092,1826,
Guatemala,2021-04-20,"Moderna, Oxford/AstraZeneca",https://gtmvigilanciacovid.shinyapps.io/3869aac0fb95d6baf2c80f19f2da5f98,160370,158543,1827,
Guatemala,2021-04-21,"Moderna, Oxford/AstraZeneca",https://gtmvigilanciacovid.shinyapps.io/3869aac0fb95d6baf2c80f19f2da5f98,162110,160282,1828,
Guatemala,2021-04-22,"Moderna, Oxford/AstraZeneca",https://gtmvigilanciacovid.shinyapps.io/3869aac0fb95d6baf2c80f19f2da5f98,163438,161608,1830,
Guatemala,2021-04-23,"Moderna, Oxford/AstraZeneca",https://gtmvigilanciacovid.shinyapps.io/3869aac0fb95d6baf2c80f19f2da5f98,165271,163431,1840,
Guatemala,2021-04-26,"Moderna, Oxford/AstraZeneca",https://gtmvigilanciacovid.shinyapps.io/3869aac0fb95d6baf2c80f19f2da5f98,166209,164368,1841,
Guatemala,2021-04-27,"Moderna, Oxford/AstraZeneca",https://gtmvigilanciacovid.shinyapps.io/3869aac0fb95d6baf2c80f19f2da5f98,167447,165549,1898,
Guatemala,2021-04-28,"Moderna, Oxford/AstraZeneca",https://gtmvigilanciacovid.shinyapps.io/3869aac0fb95d6baf2c80f19f2da5f98,168367,166469,1898,
Guatemala,2021-04-29,"Moderna, Oxford/AstraZeneca",https://gtmvigilanciacovid.shinyapps.io/3869aac0fb95d6baf2c80f19f2da5f98,170109,168211,1898,
Guatemala,2021-04-30,"Moderna, Oxford/AstraZeneca",https://gtmvigilanciacovid.shinyapps.io/3869aac0fb95d6baf2c80f19f2da5f98,170833,168935,1898,
Guatemala,2021-05-01,"Moderna, Oxford/AstraZeneca",https://gtmvigilanciacovid.shinyapps.io/3869aac0fb95d6baf2c80f19f2da5f98,171267,169369,1898,
Guatemala,2021-05-02,"Moderna, Oxford/AstraZeneca",https://gtmvigilanciacovid.shinyapps.io/3869aac0fb95d6baf2c80f19f2da5f98,171695,169797,1898,
Guatemala,2021-05-03,"Moderna, Oxford/AstraZeneca",https://gtmvigilanciacovid.shinyapps.io/3869aac0fb95d6baf2c80f19f2da5f98,172490,170591,1899,
Guatemala,2021-05-04,"Moderna, Oxford/AstraZeneca",https://gtmvigilanciacovid.shinyapps.io/3869aac0fb95d6baf2c80f19f2da5f98,176102,174152,1950,
Guatemala,2021-05-05,"Moderna, Oxford/AstraZeneca",https://gtmvigilanciacovid.shinyapps.io/3869aac0fb95d6baf2c80f19f2da5f98,182332,180072,2260,
Guatemala,2021-05-06,"Moderna, Oxford/AstraZeneca",https://gtmvigilanciacovid.shinyapps.io/3869aac0fb95d6baf2c80f19f2da5f98,191128,188671,2457,
Guatemala,2021-05-07,"Moderna, Oxford/AstraZeneca",https://gtmvigilanciacovid.shinyapps.io/3869aac0fb95d6baf2c80f19f2da5f98,204328,201836,2492,
Guatemala,2021-05-08,"Moderna, Oxford/AstraZeneca",https://gtmvigilanciacovid.shinyapps.io/3869aac0fb95d6baf2c80f19f2da5f98,206951,204459,2492,
Guatemala,2021-05-10,"Moderna, Oxford/AstraZeneca",https://gtmvigilanciacovid.shinyapps.io/3869aac0fb95d6baf2c80f19f2da5f98,217348,214830,2518,
Guatemala,2021-05-11,"Moderna, Oxford/AstraZeneca",https://gtmvigilanciacovid.shinyapps.io/3869aac0fb95d6baf2c80f19f2da5f98,232949,230431,2518,
Guatemala,2021-05-12,"Moderna, Oxford/AstraZeneca",https://gtmvigilanciacovid.shinyapps.io/3869aac0fb95d6baf2c80f19f2da5f98,245772,243251,2521,
Guatemala,2021-05-13,"Moderna, Oxford/AstraZeneca",https://gtmvigilanciacovid.shinyapps.io/3869aac0fb95d6baf2c80f19f2da5f98,259768,257247,2521,
Guatemala,2021-05-14,"Moderna, Oxford/AstraZeneca",https://gtmvigilanciacovid.shinyapps.io/3869aac0fb95d6baf2c80f19f2da5f98,274434,271912,2522,
Guatemala,2021-05-15,"Moderna, Oxford/AstraZeneca",https://gtmvigilanciacovid.shinyapps.io/3869aac0fb95d6baf2c80f19f2da5f98,276843,274321,2522,
Guatemala,2021-05-16,"Moderna, Oxford/AstraZeneca",https://gtmvigilanciacovid.shinyapps.io/3869aac0fb95d6baf2c80f19f2da5f98,279902,277380,2522,
Guatemala,2021-05-17,"Moderna, Oxford/AstraZeneca",https://gtmvigilanciacovid.shinyapps.io/3869aac0fb95d6baf2c80f19f2da5f98,293643,291108,2535,
Guatemala,2021-05-18,"Moderna, Oxford/AstraZeneca",https://gtmvigilanciacovid.shinyapps.io/3869aac0fb95d6baf2c80f19f2da5f98,308299,305764,2535,
Guatemala,2021-05-19,"Moderna, Oxford/AstraZeneca",https://gtmvigilanciacovid.shinyapps.io/3869aac0fb95d6baf2c80f19f2da5f98,323720,321185,2535,
Guatemala,2021-05-20,"Moderna, Oxford/AstraZeneca",https://gtmvigilanciacovid.shinyapps.io/3869aac0fb95d6baf2c80f19f2da5f98,337356,334821,2535,
Guatemala,2021-05-21,"Moderna, Oxford/AstraZeneca",https://gtmvigilanciacovid.shinyapps.io/3869aac0fb95d6baf2c80f19f2da5f98,350418,347883,2535,
Guatemala,2021-05-22,"Moderna, Oxford/AstraZeneca",https://gtmvigilanciacovid.shinyapps.io/3869aac0fb95d6baf2c80f19f2da5f98,352111,349576,2535,
Guatemala,2021-05-23,"Moderna, Oxford/AstraZeneca",https://gtmvigilanciacovid.shinyapps.io/3869aac0fb95d6baf2c80f19f2da5f98,352941,350406,2535,
Guatemala,2021-05-24,"Moderna, Oxford/AstraZeneca",https://gtmvigilanciacovid.shinyapps.io/3869aac0fb95d6baf2c80f19f2da5f98,363400,360865,2535,
Guatemala,2021-05-25,"Moderna, Oxford/AstraZeneca",https://gtmvigilanciacovid.shinyapps.io/3869aac0fb95d6baf2c80f19f2da5f98,409532,374708,34824,
Guatemala,2021-05-26,"Moderna, Oxford/AstraZeneca",https://gtmvigilanciacovid.shinyapps.io/3869aac0fb95d6baf2c80f19f2da5f98,429959,385620,44339,
Guatemala,2021-05-27,"Moderna, Oxford/AstraZeneca",https://gtmvigilanciacovid.shinyapps.io/3869aac0fb95d6baf2c80f19f2da5f98,452100,397545,54555,
Guatemala,2021-05-28,"Moderna, Oxford/AstraZeneca",https://gtmvigilanciacovid.shinyapps.io/3869aac0fb95d6baf2c80f19f2da5f98,478753,414035,64718,
Guatemala,2021-05-29,"Moderna, Oxford/AstraZeneca",https://gtmvigilanciacovid.shinyapps.io/3869aac0fb95d6baf2c80f19f2da5f98,485004,418060,66944,
Guatemala,2021-05-30,"Moderna, Oxford/AstraZeneca",https://gtmvigilanciacovid.shinyapps.io/3869aac0fb95d6baf2c80f19f2da5f98,488129,419903,68226,
Guatemala,2021-05-31,"Moderna, Oxford/AstraZeneca",https://gtmvigilanciacovid.shinyapps.io/3869aac0fb95d6baf2c80f19f2da5f98,514240,436067,78173,
Guatemala,2021-06-01,"Moderna, Oxford/AstraZeneca",https://gtmvigilanciacovid.shinyapps.io/3869aac0fb95d6baf2c80f19f2da5f98,540944,452036,88908,
Guatemala,2021-06-02,"Moderna, Oxford/AstraZeneca",https://gtmvigilanciacovid.shinyapps.io/3869aac0fb95d6baf2c80f19f2da5f98,561976,464587,97389,
Guatemala,2021-06-03,"Moderna, Oxford/AstraZeneca",https://gtmvigilanciacovid.shinyapps.io/3869aac0fb95d6baf2c80f19f2da5f98,580186,476769,103417,
Guatemala,2021-06-04,"Moderna, Oxford/AstraZeneca",https://gtmvigilanciacovid.shinyapps.io/3869aac0fb95d6baf2c80f19f2da5f98,594780,485681,109099,
Guatemala,2021-06-05,"Moderna, Oxford/AstraZeneca",https://gtmvigilanciacovid.shinyapps.io/3869aac0fb95d6baf2c80f19f2da5f98,595590,486162,109428,
Guatemala,2021-06-06,"Moderna, Oxford/AstraZeneca",https://gtmvigilanciacovid.shinyapps.io/3869aac0fb95d6baf2c80f19f2da5f98,596858,486822,110036,
Guatemala,2021-06-07,"Moderna, Oxford/AstraZeneca",https://gtmvigilanciacovid.shinyapps.io/3869aac0fb95d6baf2c80f19f2da5f98,607689,492410,115279,
Guatemala,2021-06-08,"Moderna, Oxford/AstraZeneca",https://gtmvigilanciacovid.shinyapps.io/3869aac0fb95d6baf2c80f19f2da5f98,620011,499403,120608,
Guatemala,2021-06-09,"Moderna, Oxford/AstraZeneca",https://gtmvigilanciacovid.shinyapps.io/3869aac0fb95d6baf2c80f19f2da5f98,632992,507540,125452,
Guatemala,2021-06-10,"Moderna, Oxford/AstraZeneca",https://gtmvigilanciacovid.shinyapps.io/3869aac0fb95d6baf2c80f19f2da5f98,647339,517630,129709,
Guatemala,2021-06-11,"Moderna, Oxford/AstraZeneca",https://gtmvigilanciacovid.shinyapps.io/3869aac0fb95d6baf2c80f19f2da5f98,661648,528318,133330,
Guatemala,2021-06-12,"Moderna, Oxford/AstraZeneca",https://gtmvigilanciacovid.shinyapps.io/3869aac0fb95d6baf2c80f19f2da5f98,664722,531121,133601,
Guatemala,2021-06-13,"Moderna, Oxford/AstraZeneca",https://gtmvigilanciacovid.shinyapps.io/3869aac0fb95d6baf2c80f19f2da5f98,667044,533175,133869,
Guatemala,2021-06-14,"Moderna, Oxford/AstraZeneca",https://gtmvigilanciacovid.shinyapps.io/3869aac0fb95d6baf2c80f19f2da5f98,683752,547657,136095,
Guatemala,2021-06-15,"Moderna, Oxford/AstraZeneca",https://gtmvigilanciacovid.shinyapps.io/3869aac0fb95d6baf2c80f19f2da5f98,712099,573680,138419,
Guatemala,2021-06-16,"Moderna, Oxford/AstraZeneca",https://gtmvigilanciacovid.shinyapps.io/3869aac0fb95d6baf2c80f19f2da5f98,745323,604173,141150,
Guatemala,2021-06-17,"Moderna, Oxford/AstraZeneca",https://gtmvigilanciacovid.shinyapps.io/3869aac0fb95d6baf2c80f19f2da5f98,775390,631298,144092,
Guatemala,2021-06-18,"Moderna, Oxford/AstraZeneca",https://gtmvigilanciacovid.shinyapps.io/3869aac0fb95d6baf2c80f19f2da5f98,805585,658434,147151,
Guatemala,2021-06-19,"Moderna, Oxford/AstraZeneca",https://gtmvigilanciacovid.shinyapps.io/3869aac0fb95d6baf2c80f19f2da5f98,808754,661474,147280,
Guatemala,2021-06-20,"Moderna, Oxford/AstraZeneca",https://gtmvigilanciacovid.shinyapps.io/3869aac0fb95d6baf2c80f19f2da5f98,813278,665871,147407,
Guatemala,2021-06-21,"Moderna, Oxford/AstraZeneca",https://gtmvigilanciacovid.shinyapps.io/3869aac0fb95d6baf2c80f19f2da5f98,836639,686920,149719,
Guatemala,2021-06-22,"Moderna, Oxford/AstraZeneca",https://gtmvigilanciacovid.shinyapps.io/3869aac0fb95d6baf2c80f19f2da5f98,859739,707948,151791,
Guatemala,2021-06-23,"Moderna, Oxford/AstraZeneca",https://gtmvigilanciacovid.shinyapps.io/3869aac0fb95d6baf2c80f19f2da5f98,880570,727397,153173,
Guatemala,2021-06-24,"Moderna, Oxford/AstraZeneca",https://gtmvigilanciacovid.shinyapps.io/3869aac0fb95d6baf2c80f19f2da5f98,900370,745182,155188,
Guatemala,2021-06-25,"Moderna, Oxford/AstraZeneca",https://gtmvigilanciacovid.shinyapps.io/3869aac0fb95d6baf2c80f19f2da5f98,918047,760474,157573,
Guatemala,2021-06-26,"Moderna, Oxford/AstraZeneca",https://gtmvigilanciacovid.shinyapps.io/3869aac0fb95d6baf2c80f19f2da5f98,920215,762497,157718,
Guatemala,2021-06-27,"Moderna, Oxford/AstraZeneca",https://gtmvigilanciacovid.shinyapps.io/3869aac0fb95d6baf2c80f19f2da5f98,922560,764745,157815,
Guatemala,2021-06-28,"Moderna, Oxford/AstraZeneca",https://gtmvigilanciacovid.shinyapps.io/3869aac0fb95d6baf2c80f19f2da5f98,925387,767392,157995,
Guatemala,2021-06-29,"Moderna, Oxford/AstraZeneca",https://gtmvigilanciacovid.shinyapps.io/3869aac0fb95d6baf2c80f19f2da5f98,938005,778519,159486,
Guatemala,2021-06-30,"Moderna, Oxford/AstraZeneca",https://gtmvigilanciacovid.shinyapps.io/3869aac0fb95d6baf2c80f19f2da5f98,948878,788440,160438,
Guatemala,2021-07-01,"Moderna, Oxford/AstraZeneca",https://gtmvigilanciacovid.shinyapps.io/3869aac0fb95d6baf2c80f19f2da5f98,957886,796497,161389,
Guatemala,2021-07-03,"Moderna, Oxford/AstraZeneca",https://gtmvigilanciacovid.shinyapps.io/3869aac0fb95d6baf2c80f19f2da5f98,968734,805372,163362,
Guatemala,2021-07-04,"Moderna, Oxford/AstraZeneca",https://gtmvigilanciacovid.shinyapps.io/3869aac0fb95d6baf2c80f19f2da5f98,970183,806729,163454,
Guatemala,2021-07-05,"Moderna, Oxford/AstraZeneca",https://gtmvigilanciacovid.shinyapps.io/3869aac0fb95d6baf2c80f19f2da5f98,980255,813743,166512,
Guatemala,2021-07-06,"Moderna, Oxford/AstraZeneca",https://gtmvigilanciacovid.shinyapps.io/3869aac0fb95d6baf2c80f19f2da5f98,992483,822074,170409,
Guatemala,2021-07-07,"Moderna, Oxford/AstraZeneca",https://gtmvigilanciacovid.shinyapps.io/3869aac0fb95d6baf2c80f19f2da5f98,1002959,827180,175779,
Guatemala,2021-07-08,"Moderna, Oxford/AstraZeneca",https://gtmvigilanciacovid.shinyapps.io/3869aac0fb95d6baf2c80f19f2da5f98,1014644,833152,181492,
Guatemala,2021-07-09,"Moderna, Oxford/AstraZeneca",https://gtmvigilanciacovid.shinyapps.io/3869aac0fb95d6baf2c80f19f2da5f98,1028399,840367,188032,
Guatemala,2021-07-11,"Moderna, Oxford/AstraZeneca",https://gtmvigilanciacovid.shinyapps.io/3869aac0fb95d6baf2c80f19f2da5f98,1034310,844228,190082,
Guatemala,2021-07-12,"Moderna, Oxford/AstraZeneca",https://gtmvigilanciacovid.shinyapps.io/3869aac0fb95d6baf2c80f19f2da5f98,1051395,852968,198427,
Guatemala,2021-07-13,"Moderna, Oxford/AstraZeneca",https://gtmvigilanciacovid.shinyapps.io/3869aac0fb95d6baf2c80f19f2da5f98,1092916,878966,213950,
Guatemala,2021-07-14,"Moderna, Oxford/AstraZeneca",https://gtmvigilanciacovid.shinyapps.io/3869aac0fb95d6baf2c80f19f2da5f98,1146477,917645,228832,
Guatemala,2021-07-15,"Moderna, Oxford/AstraZeneca",https://gtmvigilanciacovid.shinyapps.io/3869aac0fb95d6baf2c80f19f2da5f98,1202164,960345,241819,
Guatemala,2021-07-16,"Moderna, Oxford/AstraZeneca",https://gtmvigilanciacovid.shinyapps.io/3869aac0fb95d6baf2c80f19f2da5f98,1259164,1004437,254727,
Guatemala,2021-07-17,"Moderna, Oxford/AstraZeneca",https://gtmvigilanciacovid.shinyapps.io/3869aac0fb95d6baf2c80f19f2da5f98,1274825,1017540,257285,
Guatemala,2021-07-18,"Moderna, Oxford/AstraZeneca",https://gtmvigilanciacovid.shinyapps.io/3869aac0fb95d6baf2c80f19f2da5f98,1288797,1030094,258703,
Guatemala,2021-07-20,"Moderna, Oxford/AstraZeneca",https://gtmvigilanciacovid.shinyapps.io/3869aac0fb95d6baf2c80f19f2da5f98,1396843,1118717,278126,
Guatemala,2021-07-21,"Moderna, Oxford/AstraZeneca",https://gtmvigilanciacovid.shinyapps.io/3869aac0fb95d6baf2c80f19f2da5f98,1462767,1176331,286436,
Guatemala,2021-07-22,"Moderna, Oxford/AstraZeneca",https://gtmvigilanciacovid.shinyapps.io/3869aac0fb95d6baf2c80f19f2da5f98,1531709,1238799,292910,
Guatemala,2021-07-23,"Moderna, Oxford/AstraZeneca",https://gtmvigilanciacovid.shinyapps.io/3869aac0fb95d6baf2c80f19f2da5f98,1664494,1363387,301107,
Guatemala,2021-07-24,"Moderna, Oxford/AstraZeneca",https://gtmvigilanciacovid.shinyapps.io/3869aac0fb95d6baf2c80f19f2da5f98,1700692,1398128,302564,
Guatemala,2021-07-25,"Moderna, Oxford/AstraZeneca",https://gtmvigilanciacovid.shinyapps.io/3869aac0fb95d6baf2c80f19f2da5f98,1726905,1423602,303303,
Guatemala,2021-07-26,"Moderna, Oxford/AstraZeneca",https://gtmvigilanciacovid.shinyapps.io/3869aac0fb95d6baf2c80f19f2da5f98,1798598,1489259,309339,
Guatemala,2021-07-27,"Moderna, Oxford/AstraZeneca",https://gtmvigilanciacovid.shinyapps.io/3869aac0fb95d6baf2c80f19f2da5f98,1877250,1561791,315459,
Guatemala,2021-07-28,"Moderna, Oxford/AstraZeneca",https://gtmvigilanciacovid.shinyapps.io/3869aac0fb95d6baf2c80f19f2da5f98,1950167,1628458,321709,
Guatemala,2021-07-29,"Moderna, Oxford/AstraZeneca",https://gtmvigilanciacovid.shinyapps.io/3869aac0fb95d6baf2c80f19f2da5f98,2028885,1701925,326960,
Guatemala,2021-07-30,"Moderna, Oxford/AstraZeneca",https://gtmvigilanciacovid.shinyapps.io/3869aac0fb95d6baf2c80f19f2da5f98,2108172,1774324,333848,
Guatemala,2021-07-31,"Moderna, Oxford/AstraZeneca",https://gtmvigilanciacovid.shinyapps.io/3869aac0fb95d6baf2c80f19f2da5f98,2160074,1824440,335634,
Guatemala,2021-08-01,"Moderna, Oxford/AstraZeneca",https://gtmvigilanciacovid.shinyapps.io/3869aac0fb95d6baf2c80f19f2da5f98,2208301,1870179,338122,
Guatemala,2021-08-02,"Moderna, Oxford/AstraZeneca",https://gtmvigilanciacovid.shinyapps.io/3869aac0fb95d6baf2c80f19f2da5f98,2285975,1939952,346023,
Guatemala,2021-08-03,"Moderna, Oxford/AstraZeneca",https://gtmvigilanciacovid.shinyapps.io/3869aac0fb95d6baf2c80f19f2da5f98,2376520,2025946,350574,
Guatemala,2021-08-04,"Moderna, Oxford/AstraZeneca",https://gtmvigilanciacovid.shinyapps.io/3869aac0fb95d6baf2c80f19f2da5f98,2475160,2119064,356096,
Guatemala,2021-08-05,"Moderna, Oxford/AstraZeneca",https://gtmvigilanciacovid.shinyapps.io/3869aac0fb95d6baf2c80f19f2da5f98,2557374,2195910,361464,
Guatemala,2021-08-06,"Moderna, Oxford/AstraZeneca",https://gtmvigilanciacovid.shinyapps.io/3869aac0fb95d6baf2c80f19f2da5f98,2631804,2261229,370575,
Guatemala,2021-08-07,"Moderna, Oxford/AstraZeneca",https://gtmvigilanciacovid.shinyapps.io/3869aac0fb95d6baf2c80f19f2da5f98,2673011,2299761,373250,
Guatemala,2021-08-08,"Moderna, Oxford/AstraZeneca",https://gtmvigilanciacovid.shinyapps.io/3869aac0fb95d6baf2c80f19f2da5f98,2698865,2323055,375810,
Guatemala,2021-08-09,"Moderna, Oxford/AstraZeneca",https://gtmvigilanciacovid.shinyapps.io/3869aac0fb95d6baf2c80f19f2da5f98,2777441,2389325,388116,
Guatemala,2021-08-10,"Moderna, Oxford/AstraZeneca",https://gtmvigilanciacovid.shinyapps.io/3869aac0fb95d6baf2c80f19f2da5f98,2867290,2462592,404698,
Guatemala,2021-08-12,"Moderna, Oxford/AstraZeneca",https://gtmvigilanciacovid.shinyapps.io/3869aac0fb95d6baf2c80f19f2da5f98,3066401,2597559,468842,
Guatemala,2021-08-13,"Moderna, Oxford/AstraZeneca",https://gtmvigilanciacovid.shinyapps.io/3869aac0fb95d6baf2c80f19f2da5f98,3177622,2663369,514253,
Guatemala,2021-08-14,"Moderna, Oxford/AstraZeneca",https://gtmvigilanciacovid.shinyapps.io/3869aac0fb95d6baf2c80f19f2da5f98,3222455,2694803,527652,
Guatemala,2021-08-15,"Moderna, Oxford/AstraZeneca",https://gtmvigilanciacovid.shinyapps.io/3869aac0fb95d6baf2c80f19f2da5f98,3249244,2713722,535522,
Guatemala,2021-08-16,"Moderna, Oxford/AstraZeneca",https://gtmvigilanciacovid.shinyapps.io/3869aac0fb95d6baf2c80f19f2da5f98,3315819,2748064,567755,
Guatemala,2021-08-17,"Moderna, Oxford/AstraZeneca",https://gtmvigilanciacovid.shinyapps.io/3869aac0fb95d6baf2c80f19f2da5f98,3423977,2809079,614898,
Guatemala,2021-08-18,"Moderna, Oxford/AstraZeneca",https://gtmvigilanciacovid.shinyapps.io/3869aac0fb95d6baf2c80f19f2da5f98,3528413,2859182,669231,
Guatemala,2021-08-19,"Moderna, Oxford/AstraZeneca",https://gtmvigilanciacovid.shinyapps.io/3869aac0fb95d6baf2c80f19f2da5f98,3635762,2906652,729110,
Guatemala,2021-08-20,"Moderna, Oxford/AstraZeneca",https://gtmvigilanciacovid.shinyapps.io/3869aac0fb95d6baf2c80f19f2da5f98,3747055,2952076,794979,
Guatemala,2021-08-21,"Moderna, Oxford/AstraZeneca",https://gtmvigilanciacovid.shinyapps.io/3869aac0fb95d6baf2c80f19f2da5f98,3790899,2977295,813604,
Guatemala,2021-08-22,"Moderna, Oxford/AstraZeneca",https://gtmvigilanciacovid.shinyapps.io/3869aac0fb95d6baf2c80f19f2da5f98,3824281,2997560,826721,
Guatemala,2021-08-23,"Moderna, Oxford/AstraZeneca",https://gtmvigilanciacovid.shinyapps.io/3869aac0fb95d6baf2c80f19f2da5f98,3919668,3040716,878952,
Guatemala,2021-08-24,"Moderna, Oxford/AstraZeneca",https://gtmvigilanciacovid.shinyapps.io/3869aac0fb95d6baf2c80f19f2da5f98,4027957,3095055,932902,
Guatemala,2021-08-25,"Moderna, Oxford/AstraZeneca",https://gtmvigilanciacovid.shinyapps.io/3869aac0fb95d6baf2c80f19f2da5f98,4124813,3142517,982296,
Guatemala,2021-08-26,"Moderna, Oxford/AstraZeneca",https://gtmvigilanciacovid.shinyapps.io/3869aac0fb95d6baf2c80f19f2da5f98,4224046,3187866,1036180,
Guatemala,2021-08-27,"Moderna, Oxford/AstraZeneca",https://gtmvigilanciacovid.shinyapps.io/3869aac0fb95d6baf2c80f19f2da5f98,4332914,3232000,1100914,
Guatemala,2021-08-28,"Moderna, Oxford/AstraZeneca",https://gtmvigilanciacovid.shinyapps.io/3869aac0fb95d6baf2c80f19f2da5f98,4383318,3257037,1126281,
Guatemala,2021-08-29,"Moderna, Oxford/AstraZeneca",https://gtmvigilanciacovid.shinyapps.io/3869aac0fb95d6baf2c80f19f2da5f98,4416495,3273717,1142778,
Guatemala,2021-08-30,"Moderna, Oxford/AstraZeneca",https://gtmvigilanciacovid.shinyapps.io/3869aac0fb95d6baf2c80f19f2da5f98,4508175,3310257,1197918,
Guatemala,2021-08-31,"Moderna, Oxford/AstraZeneca",https://gtmvigilanciacovid.shinyapps.io/3869aac0fb95d6baf2c80f19f2da5f98,4607145,3352959,1254186,
Guatemala,2021-09-01,"Moderna, Oxford/AstraZeneca",https://gtmvigilanciacovid.shinyapps.io/3869aac0fb95d6baf2c80f19f2da5f98,4699503,3389993,1309510,
Guatemala,2021-09-02,"Moderna, Oxford/AstraZeneca",https://gtmvigilanciacovid.shinyapps.io/3869aac0fb95d6baf2c80f19f2da5f98,4786631,3424395,1362236,
Guatemala,2021-09-03,"Moderna, Oxford/AstraZeneca",https://gtmvigilanciacovid.shinyapps.io/3869aac0fb95d6baf2c80f19f2da5f98,4859452,3450238,1409214,
Guatemala,2021-09-04,"Moderna, Oxford/AstraZeneca",https://gtmvigilanciacovid.shinyapps.io/3869aac0fb95d6baf2c80f19f2da5f98,4905431,3469812,1435619,
Guatemala,2021-09-05,"Moderna, Oxford/AstraZeneca",https://gtmvigilanciacovid.shinyapps.io/3869aac0fb95d6baf2c80f19f2da5f98,4937573,3485247,1452326,
Guatemala,2021-09-09,"Moderna, Oxford/AstraZeneca",https://gtmvigilanciacovid.shinyapps.io/3869aac0fb95d6baf2c80f19f2da5f98,5334183,3655878,1678305,
Guatemala,2021-09-10,"Moderna, Oxford/AstraZeneca",https://gtmvigilanciacovid.shinyapps.io/3869aac0fb95d6baf2c80f19f2da5f98,5455282,3712647,1742635,
Guatemala,2021-09-11,"Moderna, Oxford/AstraZeneca",https://gtmvigilanciacovid.shinyapps.io/3869aac0fb95d6baf2c80f19f2da5f98,5524648,3754114,1770534,
Guatemala,2021-09-12,"Moderna, Oxford/AstraZeneca",https://gtmvigilanciacovid.shinyapps.io/3869aac0fb95d6baf2c80f19f2da5f98,5589348,3804269,1785079,
Guatemala,2021-09-13,"Moderna, Oxford/AstraZeneca",https://gtmvigilanciacovid.shinyapps.io/3869aac0fb95d6baf2c80f19f2da5f98,5700915,3867349,1833566,
Guatemala,2021-09-14,"Moderna, Oxford/AstraZeneca",https://gtmvigilanciacovid.shinyapps.io/3869aac0fb95d6baf2c80f19f2da5f98,5812857,3931445,1881412,
Guatemala,2021-09-15,"Moderna, Oxford/AstraZeneca",https://gtmvigilanciacovid.shinyapps.io/3869aac0fb95d6baf2c80f19f2da5f98,5862778,3963266,1899512,
Guatemala,2021-09-16,"Moderna, Oxford/AstraZeneca",https://gtmvigilanciacovid.shinyapps.io/3869aac0fb95d6baf2c80f19f2da5f98,5964194,4017554,1946640,
Guatemala,2021-09-17,"Moderna, Oxford/AstraZeneca",https://gtmvigilanciacovid.shinyapps.io/3869aac0fb95d6baf2c80f19f2da5f98,6070294,4073891,1996403,
Guatemala,2021-09-18,"Moderna, Oxford/AstraZeneca",https://gtmvigilanciacovid.shinyapps.io/3869aac0fb95d6baf2c80f19f2da5f98,6118069,4098782,2019287,
Guatemala,2021-09-19,"Moderna, Oxford/AstraZeneca",https://gtmvigilanciacovid.shinyapps.io/3869aac0fb95d6baf2c80f19f2da5f98,6148726,4116940,2031786,
Guatemala,2021-09-20,"Moderna, Oxford/AstraZeneca",https://gtmvigilanciacovid.shinyapps.io/3869aac0fb95d6baf2c80f19f2da5f98,6243535,4167136,2076399,
Guatemala,2021-09-21,"Moderna, Oxford/AstraZeneca",https://gtmvigilanciacovid.shinyapps.io/3869aac0fb95d6baf2c80f19f2da5f98,6335998,4215713,2120285,
Guatemala,2021-09-22,"Moderna, Oxford/AstraZeneca",https://gtmvigilanciacovid.shinyapps.io/3869aac0fb95d6baf2c80f19f2da5f98,6424045,4260633,2163412,
Guatemala,2021-09-23,"Moderna, Oxford/AstraZeneca",https://gtmvigilanciacovid.shinyapps.io/3869aac0fb95d6baf2c80f19f2da5f98,6511719,4303946,2207773,
Guatemala,2021-09-24,"Moderna, Oxford/AstraZeneca",https://gtmvigilanciacovid.shinyapps.io/3869aac0fb95d6baf2c80f19f2da5f98,6607982,4348674,2259308,
Guatemala,2021-09-25,"Moderna, Oxford/AstraZeneca",https://gtmvigilanciacovid.shinyapps.io/3869aac0fb95d6baf2c80f19f2da5f98,6653056,4369671,2283385,
Guatemala,2021-09-26,"Moderna, Oxford/AstraZeneca",https://gtmvigilanciacovid.shinyapps.io/3869aac0fb95d6baf2c80f19f2da5f98,6682813,4383577,2299236,
Guatemala,2021-09-27,"Moderna, Oxford/AstraZeneca",https://gtmvigilanciacovid.shinyapps.io/3869aac0fb95d6baf2c80f19f2da5f98,6757605,4418433,2339172,
Guatemala,2021-09-28,"Moderna, Oxford/AstraZeneca",https://gtmvigilanciacovid.shinyapps.io/3869aac0fb95d6baf2c80f19f2da5f98,6834159,4455369,2378790,
Guatemala,2021-09-29,"Moderna, Oxford/AstraZeneca",https://gtmvigilanciacovid.shinyapps.io/3869aac0fb95d6baf2c80f19f2da5f98,6904008,4489053,2414955,
Guatemala,2021-09-30,"Moderna, Oxford/AstraZeneca",https://gtmvigilanciacovid.shinyapps.io/3869aac0fb95d6baf2c80f19f2da5f98,6977782,4522494,2455288,
Guatemala,2021-10-01,"Moderna, Oxford/AstraZeneca",https://gtmvigilanciacovid.shinyapps.io/3869aac0fb95d6baf2c80f19f2da5f98,7057840,4557123,2500717,
Guatemala,2021-10-02,"Moderna, Oxford/AstraZeneca",https://gtmvigilanciacovid.shinyapps.io/3869aac0fb95d6baf2c80f19f2da5f98,7100558,4576144,2524414,
Guatemala,2021-10-03,"Moderna, Oxford/AstraZeneca",https://gtmvigilanciacovid.shinyapps.io/3869aac0fb95d6baf2c80f19f2da5f98,7133392,4592074,2541318,
Guatemala,2021-10-04,"Moderna, Oxford/AstraZeneca",https://gtmvigilanciacovid.shinyapps.io/3869aac0fb95d6baf2c80f19f2da5f98,7213436,4631637,2581799,
Guatemala,2021-10-05,"Moderna, Oxford/AstraZeneca",https://gtmvigilanciacovid.shinyapps.io/3869aac0fb95d6baf2c80f19f2da5f98,7302717,4676499,2626218,
Guatemala,2021-10-06,"Moderna, Oxford/AstraZeneca",https://gtmvigilanciacovid.shinyapps.io/3869aac0fb95d6baf2c80f19f2da5f98,7392283,4722177,2670106,
Guatemala,2021-10-07,"Moderna, Oxford/AstraZeneca",https://gtmvigilanciacovid.shinyapps.io/3869aac0fb95d6baf2c80f19f2da5f98,7478725,4763912,2714813,
Guatemala,2021-10-08,"Moderna, Oxford/AstraZeneca",https://gtmvigilanciacovid.shinyapps.io/3869aac0fb95d6baf2c80f19f2da5f98,7573644,4805693,2767951,
Guatemala,2021-10-09,"Moderna, Oxford/AstraZeneca",https://gtmvigilanciacovid.shinyapps.io/3869aac0fb95d6baf2c80f19f2da5f98,7618658,4827678,2790980,
Guatemala,2021-10-10,"Moderna, Oxford/AstraZeneca",https://gtmvigilanciacovid.shinyapps.io/3869aac0fb95d6baf2c80f19f2da5f98,7650606,4844170,2806436,
Guatemala,2021-10-11,"Moderna, Oxford/AstraZeneca",https://gtmvigilanciacovid.shinyapps.io/3869aac0fb95d6baf2c80f19f2da5f98,7728550,4883066,2845484,
Guatemala,2021-10-12,"Moderna, Oxford/AstraZeneca",https://gtmvigilanciacovid.shinyapps.io/3869aac0fb95d6baf2c80f19f2da5f98,7809902,4926983,2882919,
Guatemala,2021-10-13,"Moderna, Oxford/AstraZeneca",https://gtmvigilanciacovid.shinyapps.io/3869aac0fb95d6baf2c80f19f2da5f98,7881191,4966834,2914357,
Guatemala,2021-10-14,"Moderna, Oxford/AstraZeneca",https://gtmvigilanciacovid.shinyapps.io/3869aac0fb95d6baf2c80f19f2da5f98,7944209,4999319,2944890,
Guatemala,2021-10-15,"Moderna, Oxford/AstraZeneca",https://gtmvigilanciacovid.shinyapps.io/3869aac0fb95d6baf2c80f19f2da5f98,8010612,5034882,2975730,
Guatemala,2021-10-16,"Moderna, Oxford/AstraZeneca",https://gtmvigilanciacovid.shinyapps.io/3869aac0fb95d6baf2c80f19f2da5f98,8036610,5047669,2988941,
Guatemala,2021-10-17,"Moderna, Oxford/AstraZeneca",https://gtmvigilanciacovid.shinyapps.io/3869aac0fb95d6baf2c80f19f2da5f98,8054936,5056498,2998438,
Guatemala,2021-10-18,"Moderna, Oxford/AstraZeneca",https://gtmvigilanciacovid.shinyapps.io/3869aac0fb95d6baf2c80f19f2da5f98,8113337,5086999,3026338,
Guatemala,2021-10-19,"Moderna, Oxford/AstraZeneca",https://gtmvigilanciacovid.shinyapps.io/3869aac0fb95d6baf2c80f19f2da5f98,8167013,5114385,3052628,
Guatemala,2021-10-20,"Moderna, Oxford/AstraZeneca",https://gtmvigilanciacovid.shinyapps.io/3869aac0fb95d6baf2c80f19f2da5f98,8193031,5127386,3065645,
Guatemala,2021-10-21,"Moderna, Oxford/AstraZeneca",https://gtmvigilanciacovid.shinyapps.io/3869aac0fb95d6baf2c80f19f2da5f98,8244177,5154425,3089752,
Guatemala,2021-10-22,"Moderna, Oxford/AstraZeneca",https://gtmvigilanciacovid.shinyapps.io/3869aac0fb95d6baf2c80f19f2da5f98,8295369,5179616,3115753,
Guatemala,2021-10-23,"Moderna, Oxford/AstraZeneca",https://gtmvigilanciacovid.shinyapps.io/3869aac0fb95d6baf2c80f19f2da5f98,8316740,5189377,3127363,
Guatemala,2021-10-24,"Moderna, Oxford/AstraZeneca",https://gtmvigilanciacovid.shinyapps.io/3869aac0fb95d6baf2c80f19f2da5f98,8329583,5195331,3134252,
Guatemala,2021-10-25,"Moderna, Oxford/AstraZeneca",https://gtmvigilanciacovid.shinyapps.io/3869aac0fb95d6baf2c80f19f2da5f98,8376696,5218647,3158049,
Guatemala,2021-10-26,"Moderna, Oxford/AstraZeneca",https://gtmvigilanciacovid.shinyapps.io/3869aac0fb95d6baf2c80f19f2da5f98,8423218,5242813,3180405,
Guatemala,2021-10-27,"Moderna, Oxford/AstraZeneca",https://gtmvigilanciacovid.shinyapps.io/3869aac0fb95d6baf2c80f19f2da5f98,8469554,5266407,3203147,
Guatemala,2021-10-28,"Moderna, Oxford/AstraZeneca",https://gtmvigilanciacovid.shinyapps.io/3869aac0fb95d6baf2c80f19f2da5f98,8513344,5289609,3223735,
Guatemala,2021-10-29,"Moderna, Oxford/AstraZeneca",https://gtmvigilanciacovid.shinyapps.io/3869aac0fb95d6baf2c80f19f2da5f98,8563828,5315627,3248201,
Guatemala,2021-10-30,"Moderna, Oxford/AstraZeneca",https://gtmvigilanciacovid.shinyapps.io/3869aac0fb95d6baf2c80f19f2da5f98,8583003,5324634,3258369,
Guatemala,2021-10-31,"Moderna, Oxford/AstraZeneca",https://gtmvigilanciacovid.shinyapps.io/3869aac0fb95d6baf2c80f19f2da5f98,8596046,5331029,3265017,
Guatemala,2021-11-01,"Moderna, Oxford/AstraZeneca",https://gtmvigilanciacovid.shinyapps.io/3869aac0fb95d6baf2c80f19f2da5f98,8602132,5333906,3268226,
Guatemala,2021-11-02,"Moderna, Oxford/AstraZeneca",https://gtmvigilanciacovid.shinyapps.io/3869aac0fb95d6baf2c80f19f2da5f98,8638956,5352092,3286864,
Guatemala,2021-11-03,"Moderna, Oxford/AstraZeneca",https://gtmvigilanciacovid.shinyapps.io/3869aac0fb95d6baf2c80f19f2da5f98,8686555,5374574,3311981,
Guatemala,2021-11-04,"Moderna, Oxford/AstraZeneca",https://gtmvigilanciacovid.shinyapps.io/3869aac0fb95d6baf2c80f19f2da5f98,8734119,5394431,3339688,
Guatemala,2021-11-05,"Moderna, Oxford/AstraZeneca",https://gtmvigilanciacovid.shinyapps.io/3869aac0fb95d6baf2c80f19f2da5f98,8787762,5416288,3371474,
Guatemala,2021-11-06,"Moderna, Oxford/AstraZeneca",https://gtmvigilanciacovid.shinyapps.io/3869aac0fb95d6baf2c80f19f2da5f98,8810088,5423686,3386402,
Guatemala,2021-11-07,"Moderna, Oxford/AstraZeneca",https://gtmvigilanciacovid.shinyapps.io/3869aac0fb95d6baf2c80f19f2da5f98,8825957,5428399,3397558,
Guatemala,2021-11-08,"Moderna, Oxford/AstraZeneca",https://gtmvigilanciacovid.shinyapps.io/3869aac0fb95d6baf2c80f19f2da5f98,8884315,5450635,3433680,
Guatemala,2021-11-09,"Moderna, Oxford/AstraZeneca",https://gtmvigilanciacovid.shinyapps.io/3869aac0fb95d6baf2c80f19f2da5f98,8943271,5473684,3469587,
Guatemala,2021-11-10,"Moderna, Oxford/AstraZeneca",https://gtmvigilanciacovid.shinyapps.io/3869aac0fb95d6baf2c80f19f2da5f98,9000182,5497001,3503181,
Guatemala,2021-11-11,"Moderna, Oxford/AstraZeneca",https://gtmvigilanciacovid.shinyapps.io/3869aac0fb95d6baf2c80f19f2da5f98,9059336,5520839,3538497,
Guatemala,2021-11-12,"Moderna, Oxford/AstraZeneca",https://gtmvigilanciacovid.shinyapps.io/3869aac0fb95d6baf2c80f19f2da5f98,9124208,5546644,3577564,
Guatemala,2021-11-13,"Moderna, Oxford/AstraZeneca",https://gtmvigilanciacovid.shinyapps.io/3869aac0fb95d6baf2c80f19f2da5f98,9152370,5558781,3593589,
Guatemala,2021-11-14,"Moderna, Oxford/AstraZeneca",https://gtmvigilanciacovid.shinyapps.io/3869aac0fb95d6baf2c80f19f2da5f98,9174307,5568125,3606182,
Guatemala,2021-11-15,"Moderna, Oxford/AstraZeneca",https://gtmvigilanciacovid.shinyapps.io/3869aac0fb95d6baf2c80f19f2da5f98,9236146,5590955,3645191,
Guatemala,2021-11-16,"Moderna, Oxford/AstraZeneca",https://gtmvigilanciacovid.shinyapps.io/3869aac0fb95d6baf2c80f19f2da5f98,9292724,5612334,3680390,
Guatemala,2021-11-17,"Moderna, Oxford/AstraZeneca",https://gtmvigilanciacovid.shinyapps.io/3869aac0fb95d6baf2c80f19f2da5f98,9353918,5637669,3716249,
Guatemala,2021-11-18,"Moderna, Oxford/AstraZeneca",https://gtmvigilanciacovid.shinyapps.io/3869aac0fb95d6baf2c80f19f2da5f98,9406306,5658249,3748057,
Guatemala,2021-11-19,"Moderna, Oxford/AstraZeneca",https://gtmvigilanciacovid.shinyapps.io/3869aac0fb95d6baf2c80f19f2da5f98,9469775,5683520,3786255,
Guatemala,2021-11-20,"Moderna, Oxford/AstraZeneca",https://gtmvigilanciacovid.shinyapps.io/3869aac0fb95d6baf2c80f19f2da5f98,9511940,5706207,3805733,
Guatemala,2021-11-21,"Moderna, Oxford/AstraZeneca",https://gtmvigilanciacovid.shinyapps.io/3869aac0fb95d6baf2c80f19f2da5f98,9550884,5729433,3821451,
Guatemala,2021-11-22,"Moderna, Oxford/AstraZeneca",https://gtmvigilanciacovid.shinyapps.io/3869aac0fb95d6baf2c80f19f2da5f98,9619772,5761647,3858125,
Guatemala,2021-11-23,"Moderna, Oxford/AstraZeneca",https://gtmvigilanciacovid.shinyapps.io/3869aac0fb95d6baf2c80f19f2da5f98,9692583,5798003,3894580,
Guatemala,2021-11-24,"Moderna, Oxford/AstraZeneca",https://gtmvigilanciacovid.shinyapps.io/3869aac0fb95d6baf2c80f19f2da5f98,9766742,5837334,3929408,
Guatemala,2021-11-25,"Moderna, Oxford/AstraZeneca",https://gtmvigilanciacovid.shinyapps.io/3869aac0fb95d6baf2c80f19f2da5f98,9839426,5876618,3962808,
Guatemala,2021-11-26,"Moderna, Oxford/AstraZeneca",https://gtmvigilanciacovid.shinyapps.io/3869aac0fb95d6baf2c80f19f2da5f98,9880710,5899133,3981577,
Guatemala,2021-11-27,"Moderna, Oxford/AstraZeneca",https://gtmvigilanciacovid.shinyapps.io/3869aac0fb95d6baf2c80f19f2da5f98,9909441,5912669,3996772,
Guatemala,2021-11-28,"Moderna, Oxford/AstraZeneca",https://gtmvigilanciacovid.shinyapps.io/3869aac0fb95d6baf2c80f19f2da5f98,9932189,5923272,4008917,
Guatemala,2021-11-29,"Moderna, Oxford/AstraZeneca",https://gtmvigilanciacovid.shinyapps.io/3869aac0fb95d6baf2c80f19f2da5f98,10001156,5957797,4043359,
Guatemala,2021-11-30,"Moderna, Oxford/AstraZeneca",https://gtmvigilanciacovid.shinyapps.io/3869aac0fb95d6baf2c80f19f2da5f98,10070646,5993236,4077410,
Guatemala,2021-12-01,"Moderna, Oxford/AstraZeneca",https://gtmvigilanciacovid.shinyapps.io/3869aac0fb95d6baf2c80f19f2da5f98,10129197,6023553,4105644,
Guatemala,2021-12-02,"Moderna, Oxford/AstraZeneca",https://gtmvigilanciacovid.shinyapps.io/3869aac0fb95d6baf2c80f19f2da5f98,10188787,6054099,4134688,
Guatemala,2021-12-03,"Moderna, Oxford/AstraZeneca",https://gtmvigilanciacovid.shinyapps.io/3869aac0fb95d6baf2c80f19f2da5f98,10243999,6080534,4163465,
Guatemala,2021-12-04,"Moderna, Oxford/AstraZeneca",https://gtmvigilanciacovid.shinyapps.io/3869aac0fb95d6baf2c80f19f2da5f98,10266743,6090684,4176059,
Guatemala,2021-12-05,"Moderna, Oxford/AstraZeneca",https://gtmvigilanciacovid.shinyapps.io/3869aac0fb95d6baf2c80f19f2da5f98,10283642,6098045,4185597,
Guatemala,2021-12-06,"Moderna, Oxford/AstraZeneca",https://gtmvigilanciacovid.shinyapps.io/3869aac0fb95d6baf2c80f19f2da5f98,10339182,6126188,4212994,
Guatemala,2021-12-07,"Moderna, Oxford/AstraZeneca",https://gtmvigilanciacovid.shinyapps.io/3869aac0fb95d6baf2c80f19f2da5f98,10398522,6155598,4242924,
Guatemala,2021-12-08,"Moderna, Oxford/AstraZeneca",https://gtmvigilanciacovid.shinyapps.io/3869aac0fb95d6baf2c80f19f2da5f98,10449382,6181690,4267692,
Guatemala,2021-12-09,"Moderna, Oxford/AstraZeneca",https://gtmvigilanciacovid.shinyapps.io/3869aac0fb95d6baf2c80f19f2da5f98,10502979,6208598,4294381,
Guatemala,2021-12-10,"Moderna, Oxford/AstraZeneca",https://gtmvigilanciacovid.shinyapps.io/3869aac0fb95d6baf2c80f19f2da5f98,10553291,6233673,4319618,
Guatemala,2021-12-11,"Moderna, Oxford/AstraZeneca",https://gtmvigilanciacovid.shinyapps.io/3869aac0fb95d6baf2c80f19f2da5f98,10573206,6242145,4331061,
Guatemala,2021-12-12,"Moderna, Oxford/AstraZeneca",https://gtmvigilanciacovid.shinyapps.io/3869aac0fb95d6baf2c80f19f2da5f98,10586654,6248164,4338490,
Guatemala,2021-12-13,"Moderna, Oxford/AstraZeneca",https://gtmvigilanciacovid.shinyapps.io/3869aac0fb95d6baf2c80f19f2da5f98,10634416,6269844,4364572,
Guatemala,2021-12-14,"Moderna, Oxford/AstraZeneca",https://gtmvigilanciacovid.shinyapps.io/3869aac0fb95d6baf2c80f19f2da5f98,10682603,6293148,4389455,
Guatemala,2021-12-15,"Moderna, Oxford/AstraZeneca",https://gtmvigilanciacovid.shinyapps.io/3869aac0fb95d6baf2c80f19f2da5f98,10734808,6318501,4416307,
Guatemala,2021-12-16,"Moderna, Oxford/AstraZeneca",https://gtmvigilanciacovid.shinyapps.io/3869aac0fb95d6baf2c80f19f2da5f98,10787179,6345369,4441810,
Guatemala,2021-12-17,"Moderna, Oxford/AstraZeneca",https://gtmvigilanciacovid.shinyapps.io/3869aac0fb95d6baf2c80f19f2da5f98,10835316,6370482,4464834,
Guatemala,2021-12-18,"Moderna, Oxford/AstraZeneca",https://gtmvigilanciacovid.shinyapps.io/3869aac0fb95d6baf2c80f19f2da5f98,10857262,6380600,4476662,
Guatemala,2021-12-19,"Moderna, Oxford/AstraZeneca",https://gtmvigilanciacovid.shinyapps.io/3869aac0fb95d6baf2c80f19f2da5f98,10876243,6388361,4487882,
Guatemala,2021-12-20,"Moderna, Oxford/AstraZeneca",https://gtmvigilanciacovid.shinyapps.io/3869aac0fb95d6baf2c80f19f2da5f98,10996848,6414606,4518222,64020
Guatemala,2021-12-21,"Moderna, Oxford/AstraZeneca",https://gtmvigilanciacovid.shinyapps.io/3869aac0fb95d6baf2c80f19f2da5f98,11060563,6443003,4547831,69729
Guatemala,2021-12-22,"Moderna, Oxford/AstraZeneca",https://gtmvigilanciacovid.shinyapps.io/3869aac0fb95d6baf2c80f19f2da5f98,11109992,6465447,4574814,69731
Guatemala,2021-12-23,"Moderna, Oxford/AstraZeneca",https://gtmvigilanciacovid.shinyapps.io/3869aac0fb95d6baf2c80f19f2da5f98,11133533,6472688,4585730,75115
Guatemala,2021-12-24,"Moderna, Oxford/AstraZeneca",https://gtmvigilanciacovid.shinyapps.io/3869aac0fb95d6baf2c80f19f2da5f98,11136611,6474155,4587219,75237
Guatemala,2021-12-25,"Moderna, Oxford/AstraZeneca",https://gtmvigilanciacovid.shinyapps.io/3869aac0fb95d6baf2c80f19f2da5f98,11138321,6474957,4587993,75371
Guatemala,2021-12-26,"Moderna, Oxford/AstraZeneca",https://gtmvigilanciacovid.shinyapps.io/3869aac0fb95d6baf2c80f19f2da5f98,11145170,6477798,4591132,76240
Guatemala,2021-12-27,"Moderna, Oxford/AstraZeneca",https://gtmvigilanciacovid.shinyapps.io/3869aac0fb95d6baf2c80f19f2da5f98,11195184,6496038,4619695,79451
Guatemala,2021-12-28,"Moderna, Oxford/AstraZeneca",https://gtmvigilanciacovid.shinyapps.io/3869aac0fb95d6baf2c80f19f2da5f98,11247608,6514292,4650673,82643
Guatemala,2021-12-29,"Moderna, Oxford/AstraZeneca",https://gtmvigilanciacovid.shinyapps.io/3869aac0fb95d6baf2c80f19f2da5f98,11290266,6528647,4675568,86051
Guatemala,2021-12-30,"Moderna, Oxford/AstraZeneca",https://gtmvigilanciacovid.shinyapps.io/3869aac0fb95d6baf2c80f19f2da5f98,11307681,6534128,4685345,88208
Guatemala,2021-12-31,"Moderna, Oxford/AstraZeneca",https://gtmvigilanciacovid.shinyapps.io/3869aac0fb95d6baf2c80f19f2da5f98,11310579,6535250,4686883,88446
Guatemala,2022-01-01,"Moderna, Oxford/AstraZeneca",https://gtmvigilanciacovid.shinyapps.io/3869aac0fb95d6baf2c80f19f2da5f98,11311681,6535628,4687453,88600
Guatemala,2022-01-02,"Moderna, Oxford/AstraZeneca",https://gtmvigilanciacovid.shinyapps.io/3869aac0fb95d6baf2c80f19f2da5f98,11315836,6537045,4689645,89146
Guatemala,2022-01-03,"Moderna, Oxford/AstraZeneca",https://gtmvigilanciacovid.shinyapps.io/3869aac0fb95d6baf2c80f19f2da5f98,11350169,6549544,4709302,91323
Guatemala,2022-01-04,"Moderna, Oxford/AstraZeneca",https://gtmvigilanciacovid.shinyapps.io/3869aac0fb95d6baf2c80f19f2da5f98,11394232,6564847,4734710,94675
Guatemala,2022-01-05,"Moderna, Oxford/AstraZeneca",https://gtmvigilanciacovid.shinyapps.io/3869aac0fb95d6baf2c80f19f2da5f98,11438709,6577239,4758615,102855
Guatemala,2022-01-06,"Moderna, Oxford/AstraZeneca",https://gtmvigilanciacovid.shinyapps.io/3869aac0fb95d6baf2c80f19f2da5f98,11517446,6593293,4783330,140823
Guatemala,2022-01-07,"Moderna, Oxford/AstraZeneca",https://gtmvigilanciacovid.shinyapps.io/3869aac0fb95d6baf2c80f19f2da5f98,11620036,6609697,4810512,199827
Guatemala,2022-01-08,"Moderna, Oxford/AstraZeneca",https://gtmvigilanciacovid.shinyapps.io/3869aac0fb95d6baf2c80f19f2da5f98,11682768,6618214,4825871,238683
Guatemala,2022-01-09,"Moderna, Oxford/AstraZeneca",https://gtmvigilanciacovid.shinyapps.io/3869aac0fb95d6baf2c80f19f2da5f98,11754011,6627695,4842567,283749
Guatemala,2022-01-10,"Moderna, Oxford/AstraZeneca",https://gtmvigilanciacovid.shinyapps.io/3869aac0fb95d6baf2c80f19f2da5f98,11854725,6645061,4869309,340355
Guatemala,2022-01-11,"Moderna, Oxford/AstraZeneca",https://gtmvigilanciacovid.shinyapps.io/3869aac0fb95d6baf2c80f19f2da5f98,11960896,6660202,4895028,405666
Guatemala,2022-01-12,"Moderna, Oxford/AstraZeneca",https://gtmvigilanciacovid.shinyapps.io/3869aac0fb95d6baf2c80f19f2da5f98,12072818,6677785,4922902,472131
Guatemala,2022-01-13,"Moderna, Oxford/AstraZeneca",https://gtmvigilanciacovid.shinyapps.io/3869aac0fb95d6baf2c80f19f2da5f98,12180181,6692717,4947799,539665
Guatemala,2022-01-14,"Moderna, Oxford/AstraZeneca",https://gtmvigilanciacovid.shinyapps.io/3869aac0fb95d6baf2c80f19f2da5f98,12288429,6708674,4973675,606080
Guatemala,2022-01-15,"Moderna, Oxford/AstraZeneca",https://gtmvigilanciacovid.shinyapps.io/3869aac0fb95d6baf2c80f19f2da5f98,12338759,6715115,4984861,638783
Guatemala,2022-01-16,"Moderna, Oxford/AstraZeneca",https://gtmvigilanciacovid.shinyapps.io/3869aac0fb95d6baf2c80f19f2da5f98,12398482,6724566,4999809,674107
Guatemala,2022-01-17,"Moderna, Oxford/AstraZeneca",https://gtmvigilanciacovid.shinyapps.io/3869aac0fb95d6baf2c80f19f2da5f98,12501559,6743207,5027004,731348
Guatemala,2022-01-18,"Moderna, Oxford/AstraZeneca",https://gtmvigilanciacovid.shinyapps.io/3869aac0fb95d6baf2c80f19f2da5f98,12610630,6765227,5055904,789499
Guatemala,2022-01-19,"Moderna, Oxford/AstraZeneca",https://gtmvigilanciacovid.shinyapps.io/3869aac0fb95d6baf2c80f19f2da5f98,12709408,6785147,5084306,839955
Guatemala,2022-01-20,"Moderna, Oxford/AstraZeneca",https://gtmvigilanciacovid.shinyapps.io/3869aac0fb95d6baf2c80f19f2da5f98,12802759,6804276,5110610,887873
Guatemala,2022-01-21,"Moderna, Oxford/AstraZeneca",https://gtmvigilanciacovid.shinyapps.io/3869aac0fb95d6baf2c80f19f2da5f98,12898674,6821249,5136970,940455
Guatemala,2022-01-22,"Moderna, Oxford/AstraZeneca",https://gtmvigilanciacovid.shinyapps.io/3869aac0fb95d6baf2c80f19f2da5f98,12943087,6828087,5149683,965317
Guatemala,2022-01-23,"Moderna, Oxford/AstraZeneca",https://gtmvigilanciacovid.shinyapps.io/3869aac0fb95d6baf2c80f19f2da5f98,12971548,6833355,5157424,980769
Guatemala,2022-01-24,"Moderna, Oxford/AstraZeneca",https://gtmvigilanciacovid.shinyapps.io/3869aac0fb95d6baf2c80f19f2da5f98,13043629,6847489,5177496,1018644
Guatemala,2022-01-25,"Moderna, Oxford/AstraZeneca",https://gtmvigilanciacovid.shinyapps.io/3869aac0fb95d6baf2c80f19f2da5f98,13112475,6860712,5196578,1055185
Guatemala,2022-01-26,"Moderna, Oxford/AstraZeneca",https://gtmvigilanciacovid.shinyapps.io/3869aac0fb95d6baf2c80f19f2da5f98,13179817,6874141,5214653,1091023
Guatemala,2022-01-27,"Moderna, Oxford/AstraZeneca",https://gtmvigilanciacovid.shinyapps.io/3869aac0fb95d6baf2c80f19f2da5f98,13243337,6886121,5231942,1125274
Guatemala,2022-01-28,"Moderna, Oxford/AstraZeneca",https://gtmvigilanciacovid.shinyapps.io/3869aac0fb95d6baf2c80f19f2da5f98,13308240,6897461,5249799,1160980
Guatemala,2022-01-29,"Moderna, Oxford/AstraZeneca",https://gtmvigilanciacovid.shinyapps.io/3869aac0fb95d6baf2c80f19f2da5f98,13339029,6901655,5257307,1180067
Guatemala,2022-01-30,"Moderna, Oxford/AstraZeneca",https://gtmvigilanciacovid.shinyapps.io/3869aac0fb95d6baf2c80f19f2da5f98,13379287,6909197,5268363,1201727
Guatemala,2022-01-31,"Moderna, Oxford/AstraZeneca",https://gtmvigilanciacovid.shinyapps.io/3869aac0fb95d6baf2c80f19f2da5f98,13451175,6925768,5288191,1237216
Guatemala,2022-02-01,"Moderna, Oxford/AstraZeneca",https://gtmvigilanciacovid.shinyapps.io/3869aac0fb95d6baf2c80f19f2da5f98,13489474,6943832,5308426,1237216
Guatemala,2022-02-02,"Moderna, Oxford/AstraZeneca",https://gtmvigilanciacovid.shinyapps.io/3869aac0fb95d6baf2c80f19f2da5f98,13582801,6958594,5324780,1299427
Guatemala,2022-02-03,"Moderna, Oxford/AstraZeneca",https://gtmvigilanciacovid.shinyapps.io/3869aac0fb95d6baf2c80f19f2da5f98,13636210,6971616,5340298,1324296
Guatemala,2022-02-04,"Moderna, Oxford/AstraZeneca",https://gtmvigilanciacovid.shinyapps.io/3869aac0fb95d6baf2c80f19f2da5f98,13694000,6984472,5356532,1352996
Guatemala,2022-02-05,"Moderna, Oxford/AstraZeneca",https://gtmvigilanciacovid.shinyapps.io/3869aac0fb95d6baf2c80f19f2da5f98,13719255,6988385,5363210,1367660
Guatemala,2022-02-06,"Moderna, Oxford/AstraZeneca",https://gtmvigilanciacovid.shinyapps.io/3869aac0fb95d6baf2c80f19f2da5f98,13739382,6992051,5368810,1378521
Guatemala,2022-02-07,"Moderna, Oxford/AstraZeneca",https://gtmvigilanciacovid.shinyapps.io/3869aac0fb95d6baf2c80f19f2da5f98,13792986,7004832,5385961,1402193
Guatemala,2022-02-08,"Moderna, Oxford/AstraZeneca",https://gtmvigilanciacovid.shinyapps.io/3869aac0fb95d6baf2c80f19f2da5f98,13847127,7018136,5401767,1427224
Guatemala,2022-02-09,"Moderna, Oxford/AstraZeneca",https://gtmvigilanciacovid.shinyapps.io/3869aac0fb95d6baf2c80f19f2da5f98,13925751,7043763,5429086,1452902
Guatemala,2022-02-10,"Moderna, Oxford/AstraZeneca",https://gtmvigilanciacovid.shinyapps.io/3869aac0fb95d6baf2c80f19f2da5f98,13954949,7057216,5444830,1452903
Guatemala,2022-02-11,"Moderna, Oxford/AstraZeneca",https://gtmvigilanciacovid.shinyapps.io/3869aac0fb95d6baf2c80f19f2da5f98,14031764,7068134,5460442,1503188
Guatemala,2022-02-12,"Moderna, Oxford/AstraZeneca",https://gtmvigilanciacovid.shinyapps.io/3869aac0fb95d6baf2c80f19f2da5f98,14055883,7072119,5467432,1516332
Guatemala,2022-02-13,"Moderna, Oxford/AstraZeneca",https://gtmvigilanciacovid.shinyapps.io/3869aac0fb95d6baf2c80f19f2da5f98,14071435,7074836,5471976,1524623
Guatemala,2022-02-14,"Moderna, Oxford/AstraZeneca",https://gtmvigilanciacovid.shinyapps.io/3869aac0fb95d6baf2c80f19f2da5f98,14114594,7084985,5485032,1544577
Guatemala,2022-02-15,"Moderna, Oxford/AstraZeneca",https://gtmvigilanciacovid.shinyapps.io/3869aac0fb95d6baf2c80f19f2da5f98,14162640,7096019,5499833,1566788
Guatemala,2022-02-18,"Moderna, Oxford/AstraZeneca, Pfizer/BioNTech, Sputnik V",https://ais.paho.org/imm/IM_DosisAdmin-Vacunacion.asp,14213083,7108561,5514834,1589688
Guatemala,2022-02-23,"Moderna, Oxford/AstraZeneca, Pfizer/BioNTech, Sputnik V",https://ais.paho.org/imm/IM_DosisAdmin-Vacunacion.asp,14413489,7153348,5573911,1686230
Guatemala,2022-02-25,"Moderna, Oxford/AstraZeneca, Pfizer/BioNTech, Sputnik V",https://ais.paho.org/imm/IM_DosisAdmin-Vacunacion.asp,14535479,7184896,5608096,1742487
Guatemala,2022-03-02,"Moderna, Oxford/AstraZeneca, Pfizer/BioNTech, Sputnik V",https://ais.paho.org/imm/IM_DosisAdmin-Vacunacion.asp,14749970,7234111,5675354,1840505
Guatemala,2022-03-04,"Moderna, Oxford/AstraZeneca, Pfizer/BioNTech, Sputnik V",https://ais.paho.org/imm/IM_DosisAdmin-Vacunacion.asp,14900511,7275131,5716727,1908653
Guatemala,2022-03-09,"Moderna, Oxford/AstraZeneca, Pfizer/BioNTech, Sputnik V",https://ais.paho.org/imm/IM_DosisAdmin-Vacunacion.asp,15014105,7301166,5747658,1965281
Guatemala,2022-03-11,"Moderna, Oxford/AstraZeneca, Pfizer/BioNTech, Sputnik V",https://ais.paho.org/imm/IM_DosisAdmin-Vacunacion.asp,15141507,7332849,5783150,2025508
Guatemala,2022-03-16,"Moderna, Oxford/AstraZeneca, Pfizer/BioNTech, Sputnik V",https://ais.paho.org/imm/IM_DosisAdmin-Vacunacion.asp,15268039,7365864,5815002,2087173
Guatemala,2022-03-18,"Moderna, Oxford/AstraZeneca, Pfizer/BioNTech, Sputnik V",https://ais.paho.org/imm/IM_DosisAdmin-Vacunacion.asp,15383061,7410775,5840510,2131776
Guatemala,2022-03-23,"Moderna, Oxford/AstraZeneca, Pfizer/BioNTech, Sputnik V",https://ais.paho.org/imm/IM_DosisAdmin-Vacunacion.asp,15620340,7506141,5888840,2225359
Guatemala,2022-03-25,"Moderna, Oxford/AstraZeneca, Pfizer/BioNTech, Sputnik V",https://ais.paho.org/imm/IM_DosisAdmin-Vacunacion.asp,15845925,7624143,5929957,2291825
Guatemala,2022-03-30,"Moderna, Oxford/AstraZeneca, Pfizer/BioNTech, Sputnik V",https://ais.paho.org/imm/IM_DosisAdmin-Vacunacion.asp,16120084,7771324,5976601,2372159
