location,date,vaccine,source_url,total_vaccinations,people_vaccinated,people_fully_vaccinated,total_boosters
Hong Kong,2021-02-22,Sinovac,https://data.gov.hk/en-data/dataset/hk-fhb-fhbcovid19-vaccination-rates-over-time-by-age,47,47,0,0
Hong Kong,2021-02-23,Sinovac,https://data.gov.hk/en-data/dataset/hk-fhb-fhbcovid19-vaccination-rates-over-time-by-age,579,579,0,0
Hong Kong,2021-02-26,Sinovac,https://data.gov.hk/en-data/dataset/hk-fhb-fhbcovid19-vaccination-rates-over-time-by-age,6623,6623,0,0
Hong Kong,2021-02-27,Sinovac,https://data.gov.hk/en-data/dataset/hk-fhb-fhbcovid19-vaccination-rates-over-time-by-age,13663,13662,1,0
Hong Kong,2021-02-28,Sinovac,https://data.gov.hk/en-data/dataset/hk-fhb-fhbcovid19-vaccination-rates-over-time-by-age,20678,20677,1,0
Hong Kong,2021-03-01,Sinovac,https://data.gov.hk/en-data/dataset/hk-fhb-fhbcovid19-vaccination-rates-over-time-by-age,27086,27085,1,0
Hong Kong,2021-03-02,Sinovac,https://data.gov.hk/en-data/dataset/hk-fhb-fhbcovid19-vaccination-rates-over-time-by-age,40157,40156,1,0
Hong Kong,2021-03-03,Sinovac,https://data.gov.hk/en-data/dataset/hk-fhb-fhbcovid19-vaccination-rates-over-time-by-age,51825,51822,3,0
Hong Kong,2021-03-04,Sinovac,https://data.gov.hk/en-data/dataset/hk-fhb-fhbcovid19-vaccination-rates-over-time-by-age,62214,62211,3,0
Hong Kong,2021-03-05,Sinovac,https://data.gov.hk/en-data/dataset/hk-fhb-fhbcovid19-vaccination-rates-over-time-by-age,72352,72349,3,0
Hong Kong,2021-03-06,"Pfizer/BioNTech, Sinovac",https://data.gov.hk/en-data/dataset/hk-fhb-fhbcovid19-vaccination-rates-over-time-by-age,84008,84004,4,0
Hong Kong,2021-03-07,"Pfizer/BioNTech, Sinovac",https://data.gov.hk/en-data/dataset/hk-fhb-fhbcovid19-vaccination-rates-over-time-by-age,93000,92995,5,0
Hong Kong,2021-03-08,"Pfizer/BioNTech, Sinovac",https://data.gov.hk/en-data/dataset/hk-fhb-fhbcovid19-vaccination-rates-over-time-by-age,103825,103820,5,0
Hong Kong,2021-03-09,"Pfizer/BioNTech, Sinovac",https://data.gov.hk/en-data/dataset/hk-fhb-fhbcovid19-vaccination-rates-over-time-by-age,113501,113495,6,0
Hong Kong,2021-03-10,"Pfizer/BioNTech, Sinovac",https://data.gov.hk/en-data/dataset/hk-fhb-fhbcovid19-vaccination-rates-over-time-by-age,130523,130516,7,0
Hong Kong,2021-03-11,"Pfizer/BioNTech, Sinovac",https://data.gov.hk/en-data/dataset/hk-fhb-fhbcovid19-vaccination-rates-over-time-by-age,145883,145876,7,0
Hong Kong,2021-03-12,"Pfizer/BioNTech, Sinovac",https://data.gov.hk/en-data/dataset/hk-fhb-fhbcovid19-vaccination-rates-over-time-by-age,162205,162198,7,0
Hong Kong,2021-03-13,"Pfizer/BioNTech, Sinovac",https://data.gov.hk/en-data/dataset/hk-fhb-fhbcovid19-vaccination-rates-over-time-by-age,177086,177078,8,0
Hong Kong,2021-03-14,"Pfizer/BioNTech, Sinovac",https://data.gov.hk/en-data/dataset/hk-fhb-fhbcovid19-vaccination-rates-over-time-by-age,190706,190698,8,0
Hong Kong,2021-03-15,"Pfizer/BioNTech, Sinovac",https://data.gov.hk/en-data/dataset/hk-fhb-fhbcovid19-vaccination-rates-over-time-by-age,206069,206061,8,0
Hong Kong,2021-03-16,"Pfizer/BioNTech, Sinovac",https://data.gov.hk/en-data/dataset/hk-fhb-fhbcovid19-vaccination-rates-over-time-by-age,229396,229388,8,0
Hong Kong,2021-03-17,"Pfizer/BioNTech, Sinovac",https://data.gov.hk/en-data/dataset/hk-fhb-fhbcovid19-vaccination-rates-over-time-by-age,253996,253987,9,0
Hong Kong,2021-03-18,"Pfizer/BioNTech, Sinovac",https://data.gov.hk/en-data/dataset/hk-fhb-fhbcovid19-vaccination-rates-over-time-by-age,276623,276613,10,0
Hong Kong,2021-03-19,"Pfizer/BioNTech, Sinovac",https://data.gov.hk/en-data/dataset/hk-fhb-fhbcovid19-vaccination-rates-over-time-by-age,304227,304217,10,0
Hong Kong,2021-03-20,"Pfizer/BioNTech, Sinovac",https://data.gov.hk/en-data/dataset/hk-fhb-fhbcovid19-vaccination-rates-over-time-by-age,330595,330585,10,0
Hong Kong,2021-03-21,"Pfizer/BioNTech, Sinovac",https://data.gov.hk/en-data/dataset/hk-fhb-fhbcovid19-vaccination-rates-over-time-by-age,354416,354406,10,0
Hong Kong,2021-03-22,"Pfizer/BioNTech, Sinovac",https://data.gov.hk/en-data/dataset/hk-fhb-fhbcovid19-vaccination-rates-over-time-by-age,379671,379618,53,0
Hong Kong,2021-03-23,"Pfizer/BioNTech, Sinovac",https://data.gov.hk/en-data/dataset/hk-fhb-fhbcovid19-vaccination-rates-over-time-by-age,403504,403056,448,0
Hong Kong,2021-03-24,"Pfizer/BioNTech, Sinovac",https://data.gov.hk/en-data/dataset/hk-fhb-fhbcovid19-vaccination-rates-over-time-by-age,413279,412799,480,0
Hong Kong,2021-03-25,"Pfizer/BioNTech, Sinovac",https://data.gov.hk/en-data/dataset/hk-fhb-fhbcovid19-vaccination-rates-over-time-by-age,421499,420991,508,0
Hong Kong,2021-03-26,"Pfizer/BioNTech, Sinovac",https://data.gov.hk/en-data/dataset/hk-fhb-fhbcovid19-vaccination-rates-over-time-by-age,435216,429510,5706,0
Hong Kong,2021-03-27,"Pfizer/BioNTech, Sinovac",https://data.gov.hk/en-data/dataset/hk-fhb-fhbcovid19-vaccination-rates-over-time-by-age,449256,437242,12014,0
Hong Kong,2021-03-28,"Pfizer/BioNTech, Sinovac",https://data.gov.hk/en-data/dataset/hk-fhb-fhbcovid19-vaccination-rates-over-time-by-age,462430,443877,18553,0
Hong Kong,2021-03-29,"Pfizer/BioNTech, Sinovac",https://data.gov.hk/en-data/dataset/hk-fhb-fhbcovid19-vaccination-rates-over-time-by-age,475101,450495,24606,0
Hong Kong,2021-03-30,"Pfizer/BioNTech, Sinovac",https://data.gov.hk/en-data/dataset/hk-fhb-fhbcovid19-vaccination-rates-over-time-by-age,490296,455900,34396,0
Hong Kong,2021-03-31,"Pfizer/BioNTech, Sinovac",https://data.gov.hk/en-data/dataset/hk-fhb-fhbcovid19-vaccination-rates-over-time-by-age,505077,461033,44044,0
Hong Kong,2021-04-01,"Pfizer/BioNTech, Sinovac",https://data.gov.hk/en-data/dataset/hk-fhb-fhbcovid19-vaccination-rates-over-time-by-age,520356,466257,54099,0
Hong Kong,2021-04-02,"Pfizer/BioNTech, Sinovac",https://data.gov.hk/en-data/dataset/hk-fhb-fhbcovid19-vaccination-rates-over-time-by-age,531217,471400,59817,0
Hong Kong,2021-04-03,"Pfizer/BioNTech, Sinovac",https://data.gov.hk/en-data/dataset/hk-fhb-fhbcovid19-vaccination-rates-over-time-by-age,543966,475025,68941,0
Hong Kong,2021-04-04,"Pfizer/BioNTech, Sinovac",https://data.gov.hk/en-data/dataset/hk-fhb-fhbcovid19-vaccination-rates-over-time-by-age,556050,478854,77196,0
Hong Kong,2021-04-05,"Pfizer/BioNTech, Sinovac",https://data.gov.hk/en-data/dataset/hk-fhb-fhbcovid19-vaccination-rates-over-time-by-age,577215,486953,90262,0
Hong Kong,2021-04-06,"Pfizer/BioNTech, Sinovac",https://data.gov.hk/en-data/dataset/hk-fhb-fhbcovid19-vaccination-rates-over-time-by-age,615983,502670,113313,0
Hong Kong,2021-04-07,"Pfizer/BioNTech, Sinovac",https://data.gov.hk/en-data/dataset/hk-fhb-fhbcovid19-vaccination-rates-over-time-by-age,659768,516000,143768,0
Hong Kong,2021-04-08,"Pfizer/BioNTech, Sinovac",https://data.gov.hk/en-data/dataset/hk-fhb-fhbcovid19-vaccination-rates-over-time-by-age,700285,529456,170829,0
Hong Kong,2021-04-09,"Pfizer/BioNTech, Sinovac",https://data.gov.hk/en-data/dataset/hk-fhb-fhbcovid19-vaccination-rates-over-time-by-age,745017,543607,201410,0
Hong Kong,2021-04-10,"Pfizer/BioNTech, Sinovac",https://data.gov.hk/en-data/dataset/hk-fhb-fhbcovid19-vaccination-rates-over-time-by-age,791532,559908,231624,0
Hong Kong,2021-04-11,"Pfizer/BioNTech, Sinovac",https://data.gov.hk/en-data/dataset/hk-fhb-fhbcovid19-vaccination-rates-over-time-by-age,834874,578918,255956,0
Hong Kong,2021-04-12,"Pfizer/BioNTech, Sinovac",https://data.gov.hk/en-data/dataset/hk-fhb-fhbcovid19-vaccination-rates-over-time-by-age,878226,597534,280692,0
Hong Kong,2021-04-13,"Pfizer/BioNTech, Sinovac",https://data.gov.hk/en-data/dataset/hk-fhb-fhbcovid19-vaccination-rates-over-time-by-age,918936,615389,303547,0
Hong Kong,2021-04-14,"Pfizer/BioNTech, Sinovac",https://data.gov.hk/en-data/dataset/hk-fhb-fhbcovid19-vaccination-rates-over-time-by-age,951095,632344,318751,0
Hong Kong,2021-04-15,"Pfizer/BioNTech, Sinovac",https://data.gov.hk/en-data/dataset/hk-fhb-fhbcovid19-vaccination-rates-over-time-by-age,981077,648979,332098,0
Hong Kong,2021-04-16,"Pfizer/BioNTech, Sinovac",https://data.gov.hk/en-data/dataset/hk-fhb-fhbcovid19-vaccination-rates-over-time-by-age,1017832,671865,345967,0
Hong Kong,2021-04-17,"Pfizer/BioNTech, Sinovac",https://data.gov.hk/en-data/dataset/hk-fhb-fhbcovid19-vaccination-rates-over-time-by-age,1057257,697313,359944,0
Hong Kong,2021-04-18,"Pfizer/BioNTech, Sinovac",https://data.gov.hk/en-data/dataset/hk-fhb-fhbcovid19-vaccination-rates-over-time-by-age,1091089,719882,371207,0
Hong Kong,2021-04-19,"Pfizer/BioNTech, Sinovac",https://data.gov.hk/en-data/dataset/hk-fhb-fhbcovid19-vaccination-rates-over-time-by-age,1123561,741371,382190,0
Hong Kong,2021-04-20,"Pfizer/BioNTech, Sinovac",https://data.gov.hk/en-data/dataset/hk-fhb-fhbcovid19-vaccination-rates-over-time-by-age,1149648,758659,390989,0
Hong Kong,2021-04-21,"Pfizer/BioNTech, Sinovac",https://data.gov.hk/en-data/dataset/hk-fhb-fhbcovid19-vaccination-rates-over-time-by-age,1173089,773871,399218,0
Hong Kong,2021-04-22,"Pfizer/BioNTech, Sinovac",https://data.gov.hk/en-data/dataset/hk-fhb-fhbcovid19-vaccination-rates-over-time-by-age,1196639,789263,407376,0
Hong Kong,2021-04-23,"Pfizer/BioNTech, Sinovac",https://data.gov.hk/en-data/dataset/hk-fhb-fhbcovid19-vaccination-rates-over-time-by-age,1222871,806710,416161,0
Hong Kong,2021-04-24,"Pfizer/BioNTech, Sinovac",https://data.gov.hk/en-data/dataset/hk-fhb-fhbcovid19-vaccination-rates-over-time-by-age,1253059,828239,424820,0
Hong Kong,2021-04-25,"Pfizer/BioNTech, Sinovac",https://data.gov.hk/en-data/dataset/hk-fhb-fhbcovid19-vaccination-rates-over-time-by-age,1275170,842662,432508,0
Hong Kong,2021-04-26,"Pfizer/BioNTech, Sinovac",https://data.gov.hk/en-data/dataset/hk-fhb-fhbcovid19-vaccination-rates-over-time-by-age,1302192,859919,442273,0
Hong Kong,2021-04-27,"Pfizer/BioNTech, Sinovac",https://data.gov.hk/en-data/dataset/hk-fhb-fhbcovid19-vaccination-rates-over-time-by-age,1326861,872363,454497,1
Hong Kong,2021-04-28,"Pfizer/BioNTech, Sinovac",https://data.gov.hk/en-data/dataset/hk-fhb-fhbcovid19-vaccination-rates-over-time-by-age,1351745,884151,467593,1
Hong Kong,2021-04-29,"Pfizer/BioNTech, Sinovac",https://data.gov.hk/en-data/dataset/hk-fhb-fhbcovid19-vaccination-rates-over-time-by-age,1377500,896992,480507,1
Hong Kong,2021-04-30,"Pfizer/BioNTech, Sinovac",https://data.gov.hk/en-data/dataset/hk-fhb-fhbcovid19-vaccination-rates-over-time-by-age,1413772,916299,497472,1
Hong Kong,2021-05-01,"Pfizer/BioNTech, Sinovac",https://data.gov.hk/en-data/dataset/hk-fhb-fhbcovid19-vaccination-rates-over-time-by-age,1454412,936378,518033,1
Hong Kong,2021-05-02,"Pfizer/BioNTech, Sinovac",https://data.gov.hk/en-data/dataset/hk-fhb-fhbcovid19-vaccination-rates-over-time-by-age,1491930,952128,539801,1
Hong Kong,2021-05-03,"Pfizer/BioNTech, Sinovac",https://data.gov.hk/en-data/dataset/hk-fhb-fhbcovid19-vaccination-rates-over-time-by-age,1529653,971918,557734,1
Hong Kong,2021-05-04,"Pfizer/BioNTech, Sinovac",https://data.gov.hk/en-data/dataset/hk-fhb-fhbcovid19-vaccination-rates-over-time-by-age,1562836,989749,573086,1
Hong Kong,2021-05-05,"Pfizer/BioNTech, Sinovac",https://data.gov.hk/en-data/dataset/hk-fhb-fhbcovid19-vaccination-rates-over-time-by-age,1593612,1005409,588202,1
Hong Kong,2021-05-06,"Pfizer/BioNTech, Sinovac",https://data.gov.hk/en-data/dataset/hk-fhb-fhbcovid19-vaccination-rates-over-time-by-age,1624052,1021205,602846,1
Hong Kong,2021-05-07,"Pfizer/BioNTech, Sinovac",https://data.gov.hk/en-data/dataset/hk-fhb-fhbcovid19-vaccination-rates-over-time-by-age,1662360,1038349,624010,1
Hong Kong,2021-05-08,"Pfizer/BioNTech, Sinovac",https://data.gov.hk/en-data/dataset/hk-fhb-fhbcovid19-vaccination-rates-over-time-by-age,1704449,1055502,648946,1
Hong Kong,2021-05-09,"Pfizer/BioNTech, Sinovac",https://data.gov.hk/en-data/dataset/hk-fhb-fhbcovid19-vaccination-rates-over-time-by-age,1741668,1071443,670224,1
Hong Kong,2021-05-10,"Pfizer/BioNTech, Sinovac",https://data.gov.hk/en-data/dataset/hk-fhb-fhbcovid19-vaccination-rates-over-time-by-age,1776556,1087186,689369,1
Hong Kong,2021-05-11,"Pfizer/BioNTech, Sinovac",https://data.gov.hk/en-data/dataset/hk-fhb-fhbcovid19-vaccination-rates-over-time-by-age,1805067,1100410,704656,1
Hong Kong,2021-05-12,"Pfizer/BioNTech, Sinovac",https://data.gov.hk/en-data/dataset/hk-fhb-fhbcovid19-vaccination-rates-over-time-by-age,1830856,1112077,718778,1
Hong Kong,2021-05-13,"Pfizer/BioNTech, Sinovac",https://data.gov.hk/en-data/dataset/hk-fhb-fhbcovid19-vaccination-rates-over-time-by-age,1856634,1123379,733254,1
Hong Kong,2021-05-14,"Pfizer/BioNTech, Sinovac",https://data.gov.hk/en-data/dataset/hk-fhb-fhbcovid19-vaccination-rates-over-time-by-age,1888617,1138054,750562,1
Hong Kong,2021-05-15,"Pfizer/BioNTech, Sinovac",https://data.gov.hk/en-data/dataset/hk-fhb-fhbcovid19-vaccination-rates-over-time-by-age,1926249,1153957,772291,1
Hong Kong,2021-05-16,"Pfizer/BioNTech, Sinovac",https://data.gov.hk/en-data/dataset/hk-fhb-fhbcovid19-vaccination-rates-over-time-by-age,1955078,1167853,787224,1
Hong Kong,2021-05-17,"Pfizer/BioNTech, Sinovac",https://data.gov.hk/en-data/dataset/hk-fhb-fhbcovid19-vaccination-rates-over-time-by-age,1984332,1180430,803901,1
Hong Kong,2021-05-18,"Pfizer/BioNTech, Sinovac",https://data.gov.hk/en-data/dataset/hk-fhb-fhbcovid19-vaccination-rates-over-time-by-age,2010374,1193621,816752,1
Hong Kong,2021-05-19,"Pfizer/BioNTech, Sinovac",https://data.gov.hk/en-data/dataset/hk-fhb-fhbcovid19-vaccination-rates-over-time-by-age,2026541,1202364,824176,1
Hong Kong,2021-05-20,"Pfizer/BioNTech, Sinovac",https://data.gov.hk/en-data/dataset/hk-fhb-fhbcovid19-vaccination-rates-over-time-by-age,2050324,1213122,837201,1
Hong Kong,2021-05-21,"Pfizer/BioNTech, Sinovac",https://data.gov.hk/en-data/dataset/hk-fhb-fhbcovid19-vaccination-rates-over-time-by-age,2081168,1227132,854035,1
Hong Kong,2021-05-22,"Pfizer/BioNTech, Sinovac",https://data.gov.hk/en-data/dataset/hk-fhb-fhbcovid19-vaccination-rates-over-time-by-age,2117818,1242990,874827,1
Hong Kong,2021-05-23,"Pfizer/BioNTech, Sinovac",https://data.gov.hk/en-data/dataset/hk-fhb-fhbcovid19-vaccination-rates-over-time-by-age,2146653,1254797,891855,1
Hong Kong,2021-05-24,"Pfizer/BioNTech, Sinovac",https://data.gov.hk/en-data/dataset/hk-fhb-fhbcovid19-vaccination-rates-over-time-by-age,2175033,1267446,907586,1
Hong Kong,2021-05-25,"Pfizer/BioNTech, Sinovac",https://data.gov.hk/en-data/dataset/hk-fhb-fhbcovid19-vaccination-rates-over-time-by-age,2200093,1278565,921527,1
Hong Kong,2021-05-26,"Pfizer/BioNTech, Sinovac",https://data.gov.hk/en-data/dataset/hk-fhb-fhbcovid19-vaccination-rates-over-time-by-age,2224170,1289776,934393,1
Hong Kong,2021-05-27,"Pfizer/BioNTech, Sinovac",https://data.gov.hk/en-data/dataset/hk-fhb-fhbcovid19-vaccination-rates-over-time-by-age,2250314,1302549,947764,1
Hong Kong,2021-05-28,"Pfizer/BioNTech, Sinovac",https://data.gov.hk/en-data/dataset/hk-fhb-fhbcovid19-vaccination-rates-over-time-by-age,2286312,1319748,966563,1
Hong Kong,2021-05-29,"Pfizer/BioNTech, Sinovac",https://data.gov.hk/en-data/dataset/hk-fhb-fhbcovid19-vaccination-rates-over-time-by-age,2328853,1342204,986648,1
Hong Kong,2021-05-30,"Pfizer/BioNTech, Sinovac",https://data.gov.hk/en-data/dataset/hk-fhb-fhbcovid19-vaccination-rates-over-time-by-age,2364029,1359357,1004671,1
Hong Kong,2021-05-31,"Pfizer/BioNTech, Sinovac",https://data.gov.hk/en-data/dataset/hk-fhb-fhbcovid19-vaccination-rates-over-time-by-age,2400498,1379463,1021034,1
Hong Kong,2021-06-01,"Pfizer/BioNTech, Sinovac",https://data.gov.hk/en-data/dataset/hk-fhb-fhbcovid19-vaccination-rates-over-time-by-age,2434063,1399313,1034749,1
Hong Kong,2021-06-02,"Pfizer/BioNTech, Sinovac",https://data.gov.hk/en-data/dataset/hk-fhb-fhbcovid19-vaccination-rates-over-time-by-age,2466563,1419112,1047450,1
Hong Kong,2021-06-03,"Pfizer/BioNTech, Sinovac",https://data.gov.hk/en-data/dataset/hk-fhb-fhbcovid19-vaccination-rates-over-time-by-age,2502781,1442974,1059805,2
Hong Kong,2021-06-04,"Pfizer/BioNTech, Sinovac",https://data.gov.hk/en-data/dataset/hk-fhb-fhbcovid19-vaccination-rates-over-time-by-age,2547732,1472118,1075612,2
Hong Kong,2021-06-05,"Pfizer/BioNTech, Sinovac",https://data.gov.hk/en-data/dataset/hk-fhb-fhbcovid19-vaccination-rates-over-time-by-age,2598249,1503582,1094665,2
Hong Kong,2021-06-06,"Pfizer/BioNTech, Sinovac",https://data.gov.hk/en-data/dataset/hk-fhb-fhbcovid19-vaccination-rates-over-time-by-age,2637585,1528135,1109448,2
Hong Kong,2021-06-07,"Pfizer/BioNTech, Sinovac",https://data.gov.hk/en-data/dataset/hk-fhb-fhbcovid19-vaccination-rates-over-time-by-age,2679737,1557570,1122165,2
Hong Kong,2021-06-08,"Pfizer/BioNTech, Sinovac",https://data.gov.hk/en-data/dataset/hk-fhb-fhbcovid19-vaccination-rates-over-time-by-age,2716217,1583986,1132229,2
Hong Kong,2021-06-09,"Pfizer/BioNTech, Sinovac",https://data.gov.hk/en-data/dataset/hk-fhb-fhbcovid19-vaccination-rates-over-time-by-age,2749082,1608451,1140629,2
Hong Kong,2021-06-10,"Pfizer/BioNTech, Sinovac",https://data.gov.hk/en-data/dataset/hk-fhb-fhbcovid19-vaccination-rates-over-time-by-age,2787314,1636533,1150779,2
Hong Kong,2021-06-11,"Pfizer/BioNTech, Sinovac",https://data.gov.hk/en-data/dataset/hk-fhb-fhbcovid19-vaccination-rates-over-time-by-age,2837748,1671942,1165804,2
Hong Kong,2021-06-12,"Pfizer/BioNTech, Sinovac",https://data.gov.hk/en-data/dataset/hk-fhb-fhbcovid19-vaccination-rates-over-time-by-age,2891892,1708044,1183846,2
Hong Kong,2021-06-13,"Pfizer/BioNTech, Sinovac",https://data.gov.hk/en-data/dataset/hk-fhb-fhbcovid19-vaccination-rates-over-time-by-age,2934392,1738133,1196257,2
Hong Kong,2021-06-14,"Pfizer/BioNTech, Sinovac",https://data.gov.hk/en-data/dataset/hk-fhb-fhbcovid19-vaccination-rates-over-time-by-age,2964881,1761612,1203267,2
Hong Kong,2021-06-15,"Pfizer/BioNTech, Sinovac",https://data.gov.hk/en-data/dataset/hk-fhb-fhbcovid19-vaccination-rates-over-time-by-age,3006402,1790781,1215619,2
Hong Kong,2021-06-16,"Pfizer/BioNTech, Sinovac",https://data.gov.hk/en-data/dataset/hk-fhb-fhbcovid19-vaccination-rates-over-time-by-age,3041861,1817970,1223889,2
Hong Kong,2021-06-17,"Pfizer/BioNTech, Sinovac",https://data.gov.hk/en-data/dataset/hk-fhb-fhbcovid19-vaccination-rates-over-time-by-age,3080764,1847205,1233557,2
Hong Kong,2021-06-18,"Pfizer/BioNTech, Sinovac",https://data.gov.hk/en-data/dataset/hk-fhb-fhbcovid19-vaccination-rates-over-time-by-age,3131094,1883037,1248055,2
Hong Kong,2021-06-19,"Pfizer/BioNTech, Sinovac",https://data.gov.hk/en-data/dataset/hk-fhb-fhbcovid19-vaccination-rates-over-time-by-age,3182707,1916392,1266313,2
Hong Kong,2021-06-20,"Pfizer/BioNTech, Sinovac",https://data.gov.hk/en-data/dataset/hk-fhb-fhbcovid19-vaccination-rates-over-time-by-age,3220666,1940449,1280215,2
Hong Kong,2021-06-21,"Pfizer/BioNTech, Sinovac",https://data.gov.hk/en-data/dataset/hk-fhb-fhbcovid19-vaccination-rates-over-time-by-age,3266669,1970946,1295721,2
Hong Kong,2021-06-22,"Pfizer/BioNTech, Sinovac",https://data.gov.hk/en-data/dataset/hk-fhb-fhbcovid19-vaccination-rates-over-time-by-age,3307667,1998749,1308916,2
Hong Kong,2021-06-23,"Pfizer/BioNTech, Sinovac",https://data.gov.hk/en-data/dataset/hk-fhb-fhbcovid19-vaccination-rates-over-time-by-age,3348351,2026228,1322121,2
Hong Kong,2021-06-24,"Pfizer/BioNTech, Sinovac",https://data.gov.hk/en-data/dataset/hk-fhb-fhbcovid19-vaccination-rates-over-time-by-age,3394774,2056875,1337897,2
Hong Kong,2021-06-25,"Pfizer/BioNTech, Sinovac",https://data.gov.hk/en-data/dataset/hk-fhb-fhbcovid19-vaccination-rates-over-time-by-age,3452716,2092306,1360408,2
Hong Kong,2021-06-26,"Pfizer/BioNTech, Sinovac",https://data.gov.hk/en-data/dataset/hk-fhb-fhbcovid19-vaccination-rates-over-time-by-age,3511275,2122636,1388637,2
Hong Kong,2021-06-27,"Pfizer/BioNTech, Sinovac",https://data.gov.hk/en-data/dataset/hk-fhb-fhbcovid19-vaccination-rates-over-time-by-age,3561480,2150348,1411130,2
Hong Kong,2021-06-28,"Pfizer/BioNTech, Sinovac",https://data.gov.hk/en-data/dataset/hk-fhb-fhbcovid19-vaccination-rates-over-time-by-age,3613026,2179672,1433352,2
Hong Kong,2021-06-29,"Pfizer/BioNTech, Sinovac",https://data.gov.hk/en-data/dataset/hk-fhb-fhbcovid19-vaccination-rates-over-time-by-age,3669095,2212471,1456622,2
Hong Kong,2021-06-30,"Pfizer/BioNTech, Sinovac",https://data.gov.hk/en-data/dataset/hk-fhb-fhbcovid19-vaccination-rates-over-time-by-age,3729359,2249115,1480242,2
Hong Kong,2021-07-01,"Pfizer/BioNTech, Sinovac",https://data.gov.hk/en-data/dataset/hk-fhb-fhbcovid19-vaccination-rates-over-time-by-age,3777010,2281824,1495184,2
Hong Kong,2021-07-02,"Pfizer/BioNTech, Sinovac",https://data.gov.hk/en-data/dataset/hk-fhb-fhbcovid19-vaccination-rates-over-time-by-age,3847125,2316459,1530664,2
Hong Kong,2021-07-03,"Pfizer/BioNTech, Sinovac",https://data.gov.hk/en-data/dataset/hk-fhb-fhbcovid19-vaccination-rates-over-time-by-age,3908848,2343632,1565214,2
Hong Kong,2021-07-04,"Pfizer/BioNTech, Sinovac",https://data.gov.hk/en-data/dataset/hk-fhb-fhbcovid19-vaccination-rates-over-time-by-age,3961796,2370459,1591335,2
Hong Kong,2021-07-05,"Pfizer/BioNTech, Sinovac",https://data.gov.hk/en-data/dataset/hk-fhb-fhbcovid19-vaccination-rates-over-time-by-age,4026439,2406869,1619568,2
Hong Kong,2021-07-06,"Pfizer/BioNTech, Sinovac",https://data.gov.hk/en-data/dataset/hk-fhb-fhbcovid19-vaccination-rates-over-time-by-age,4086296,2440848,1645446,2
Hong Kong,2021-07-07,"Pfizer/BioNTech, Sinovac",https://data.gov.hk/en-data/dataset/hk-fhb-fhbcovid19-vaccination-rates-over-time-by-age,4143570,2473933,1669635,2
Hong Kong,2021-07-08,"Pfizer/BioNTech, Sinovac",https://data.gov.hk/en-data/dataset/hk-fhb-fhbcovid19-vaccination-rates-over-time-by-age,4207322,2509282,1698038,2
Hong Kong,2021-07-09,"Pfizer/BioNTech, Sinovac",https://data.gov.hk/en-data/dataset/hk-fhb-fhbcovid19-vaccination-rates-over-time-by-age,4277570,2541869,1735699,2
Hong Kong,2021-07-10,"Pfizer/BioNTech, Sinovac",https://data.gov.hk/en-data/dataset/hk-fhb-fhbcovid19-vaccination-rates-over-time-by-age,4341714,2565238,1776474,2
Hong Kong,2021-07-11,"Pfizer/BioNTech, Sinovac",https://data.gov.hk/en-data/dataset/hk-fhb-fhbcovid19-vaccination-rates-over-time-by-age,4396754,2591801,1804951,2
Hong Kong,2021-07-12,"Pfizer/BioNTech, Sinovac",https://data.gov.hk/en-data/dataset/hk-fhb-fhbcovid19-vaccination-rates-over-time-by-age,4458515,2628682,1829831,2
Hong Kong,2021-07-13,"Pfizer/BioNTech, Sinovac",https://data.gov.hk/en-data/dataset/hk-fhb-fhbcovid19-vaccination-rates-over-time-by-age,4518307,2664676,1853629,2
Hong Kong,2021-07-14,"Pfizer/BioNTech, Sinovac",https://data.gov.hk/en-data/dataset/hk-fhb-fhbcovid19-vaccination-rates-over-time-by-age,4575608,2698586,1877020,2
Hong Kong,2021-07-15,"Pfizer/BioNTech, Sinovac",https://data.gov.hk/en-data/dataset/hk-fhb-fhbcovid19-vaccination-rates-over-time-by-age,4638976,2731367,1907607,2
Hong Kong,2021-07-16,"Pfizer/BioNTech, Sinovac",https://data.gov.hk/en-data/dataset/hk-fhb-fhbcovid19-vaccination-rates-over-time-by-age,4707964,2763645,1944314,5
Hong Kong,2021-07-17,"Pfizer/BioNTech, Sinovac",https://data.gov.hk/en-data/dataset/hk-fhb-fhbcovid19-vaccination-rates-over-time-by-age,4771417,2790269,1981143,5
Hong Kong,2021-07-18,"Pfizer/BioNTech, Sinovac",https://data.gov.hk/en-data/dataset/hk-fhb-fhbcovid19-vaccination-rates-over-time-by-age,4826736,2816962,2009769,5
Hong Kong,2021-07-19,"Pfizer/BioNTech, Sinovac",https://data.gov.hk/en-data/dataset/hk-fhb-fhbcovid19-vaccination-rates-over-time-by-age,4891885,2853371,2038509,5
Hong Kong,2021-07-20,"Pfizer/BioNTech, Sinovac",https://data.gov.hk/en-data/dataset/hk-fhb-fhbcovid19-vaccination-rates-over-time-by-age,4953585,2888087,2065493,5
Hong Kong,2021-07-21,"Pfizer/BioNTech, Sinovac",https://data.gov.hk/en-data/dataset/hk-fhb-fhbcovid19-vaccination-rates-over-time-by-age,5014401,2922564,2091832,5
Hong Kong,2021-07-22,"Pfizer/BioNTech, Sinovac",https://data.gov.hk/en-data/dataset/hk-fhb-fhbcovid19-vaccination-rates-over-time-by-age,5078666,2955700,2122961,5
Hong Kong,2021-07-23,"Pfizer/BioNTech, Sinovac",https://data.gov.hk/en-data/dataset/hk-fhb-fhbcovid19-vaccination-rates-over-time-by-age,5149449,2982578,2166865,6
Hong Kong,2021-07-24,"Pfizer/BioNTech, Sinovac",https://data.gov.hk/en-data/dataset/hk-fhb-fhbcovid19-vaccination-rates-over-time-by-age,5213995,3006604,2207385,6
Hong Kong,2021-07-25,"Pfizer/BioNTech, Sinovac",https://data.gov.hk/en-data/dataset/hk-fhb-fhbcovid19-vaccination-rates-over-time-by-age,5270010,3032081,2237915,14
Hong Kong,2021-07-26,"Pfizer/BioNTech, Sinovac",https://data.gov.hk/en-data/dataset/hk-fhb-fhbcovid19-vaccination-rates-over-time-by-age,5336727,3065050,2271663,14
Hong Kong,2021-07-27,"Pfizer/BioNTech, Sinovac",https://data.gov.hk/en-data/dataset/hk-fhb-fhbcovid19-vaccination-rates-over-time-by-age,5401608,3099593,2302001,14
Hong Kong,2021-07-28,"Pfizer/BioNTech, Sinovac",https://data.gov.hk/en-data/dataset/hk-fhb-fhbcovid19-vaccination-rates-over-time-by-age,5464826,3132538,2332274,14
Hong Kong,2021-07-29,"Pfizer/BioNTech, Sinovac",https://data.gov.hk/en-data/dataset/hk-fhb-fhbcovid19-vaccination-rates-over-time-by-age,5527909,3165673,2362222,14
Hong Kong,2021-07-30,"Pfizer/BioNTech, Sinovac",https://data.gov.hk/en-data/dataset/hk-fhb-fhbcovid19-vaccination-rates-over-time-by-age,5598205,3197358,2400833,14
Hong Kong,2021-07-31,"Pfizer/BioNTech, Sinovac",https://data.gov.hk/en-data/dataset/hk-fhb-fhbcovid19-vaccination-rates-over-time-by-age,5663232,3227305,2435913,14
Hong Kong,2021-08-01,"Pfizer/BioNTech, Sinovac",https://data.gov.hk/en-data/dataset/hk-fhb-fhbcovid19-vaccination-rates-over-time-by-age,5719028,3256011,2462996,21
Hong Kong,2021-08-02,"Pfizer/BioNTech, Sinovac",https://data.gov.hk/en-data/dataset/hk-fhb-fhbcovid19-vaccination-rates-over-time-by-age,5788075,3292488,2495566,21
Hong Kong,2021-08-03,"Pfizer/BioNTech, Sinovac",https://data.gov.hk/en-data/dataset/hk-fhb-fhbcovid19-vaccination-rates-over-time-by-age,5856993,3330845,2526127,21
Hong Kong,2021-08-04,"Pfizer/BioNTech, Sinovac",https://data.gov.hk/en-data/dataset/hk-fhb-fhbcovid19-vaccination-rates-over-time-by-age,5922425,3366053,2556351,21
Hong Kong,2021-08-05,"Pfizer/BioNTech, Sinovac",https://data.gov.hk/en-data/dataset/hk-fhb-fhbcovid19-vaccination-rates-over-time-by-age,5989619,3401465,2588132,22
Hong Kong,2021-08-06,"Pfizer/BioNTech, Sinovac",https://data.gov.hk/en-data/dataset/hk-fhb-fhbcovid19-vaccination-rates-over-time-by-age,6060148,3434162,2625964,22
Hong Kong,2021-08-07,"Pfizer/BioNTech, Sinovac",https://data.gov.hk/en-data/dataset/hk-fhb-fhbcovid19-vaccination-rates-over-time-by-age,6124757,3463796,2660939,22
Hong Kong,2021-08-08,"Pfizer/BioNTech, Sinovac",https://data.gov.hk/en-data/dataset/hk-fhb-fhbcovid19-vaccination-rates-over-time-by-age,6180140,3493855,2686260,25
Hong Kong,2021-08-09,"Pfizer/BioNTech, Sinovac",https://data.gov.hk/en-data/dataset/hk-fhb-fhbcovid19-vaccination-rates-over-time-by-age,6248852,3528688,2720139,25
Hong Kong,2021-08-10,"Pfizer/BioNTech, Sinovac",https://data.gov.hk/en-data/dataset/hk-fhb-fhbcovid19-vaccination-rates-over-time-by-age,6315673,3565452,2750196,25
Hong Kong,2021-08-11,"Pfizer/BioNTech, Sinovac",https://data.gov.hk/en-data/dataset/hk-fhb-fhbcovid19-vaccination-rates-over-time-by-age,6381165,3601594,2779545,26
Hong Kong,2021-08-12,"Pfizer/BioNTech, Sinovac",https://data.gov.hk/en-data/dataset/hk-fhb-fhbcovid19-vaccination-rates-over-time-by-age,6447153,3634742,2812385,26
Hong Kong,2021-08-13,"Pfizer/BioNTech, Sinovac",https://data.gov.hk/en-data/dataset/hk-fhb-fhbcovid19-vaccination-rates-over-time-by-age,6515670,3668256,2847388,26
Hong Kong,2021-08-14,"Pfizer/BioNTech, Sinovac",https://data.gov.hk/en-data/dataset/hk-fhb-fhbcovid19-vaccination-rates-over-time-by-age,6579741,3698663,2881051,27
Hong Kong,2021-08-15,"Pfizer/BioNTech, Sinovac",https://data.gov.hk/en-data/dataset/hk-fhb-fhbcovid19-vaccination-rates-over-time-by-age,6635089,3728271,2906791,27
Hong Kong,2021-08-16,"Pfizer/BioNTech, Sinovac",https://data.gov.hk/en-data/dataset/hk-fhb-fhbcovid19-vaccination-rates-over-time-by-age,6700124,3763687,2936410,27
Hong Kong,2021-08-17,"Pfizer/BioNTech, Sinovac",https://data.gov.hk/en-data/dataset/hk-fhb-fhbcovid19-vaccination-rates-over-time-by-age,6761557,3797449,2964080,28
Hong Kong,2021-08-18,"Pfizer/BioNTech, Sinovac",https://data.gov.hk/en-data/dataset/hk-fhb-fhbcovid19-vaccination-rates-over-time-by-age,6821602,3829780,2991763,59
Hong Kong,2021-08-19,"Pfizer/BioNTech, Sinovac",https://data.gov.hk/en-data/dataset/hk-fhb-fhbcovid19-vaccination-rates-over-time-by-age,6881243,3858522,3022662,59
Hong Kong,2021-08-20,"Pfizer/BioNTech, Sinovac",https://data.gov.hk/en-data/dataset/hk-fhb-fhbcovid19-vaccination-rates-over-time-by-age,6944320,3884789,3059472,59
Hong Kong,2021-08-21,"Pfizer/BioNTech, Sinovac",https://data.gov.hk/en-data/dataset/hk-fhb-fhbcovid19-vaccination-rates-over-time-by-age,7003970,3906947,3096961,62
Hong Kong,2021-08-22,"Pfizer/BioNTech, Sinovac",https://data.gov.hk/en-data/dataset/hk-fhb-fhbcovid19-vaccination-rates-over-time-by-age,7054269,3928931,3125235,103
Hong Kong,2021-08-23,"Pfizer/BioNTech, Sinovac",https://data.gov.hk/en-data/dataset/hk-fhb-fhbcovid19-vaccination-rates-over-time-by-age,7114113,3955950,3158060,103
Hong Kong,2021-08-24,"Pfizer/BioNTech, Sinovac",https://data.gov.hk/en-data/dataset/hk-fhb-fhbcovid19-vaccination-rates-over-time-by-age,7171112,3983163,3187821,128
Hong Kong,2021-08-25,"Pfizer/BioNTech, Sinovac",https://data.gov.hk/en-data/dataset/hk-fhb-fhbcovid19-vaccination-rates-over-time-by-age,7227464,4008165,3219171,128
Hong Kong,2021-08-26,"Pfizer/BioNTech, Sinovac",https://data.gov.hk/en-data/dataset/hk-fhb-fhbcovid19-vaccination-rates-over-time-by-age,7288154,4031831,3256195,128
Hong Kong,2021-08-27,"Pfizer/BioNTech, Sinovac",https://data.gov.hk/en-data/dataset/hk-fhb-fhbcovid19-vaccination-rates-over-time-by-age,7351246,4055598,3295520,128
Hong Kong,2021-08-28,"Pfizer/BioNTech, Sinovac",https://data.gov.hk/en-data/dataset/hk-fhb-fhbcovid19-vaccination-rates-over-time-by-age,7412121,4077666,3334327,128
Hong Kong,2021-08-29,"Pfizer/BioNTech, Sinovac",https://data.gov.hk/en-data/dataset/hk-fhb-fhbcovid19-vaccination-rates-over-time-by-age,7463251,4096411,3366679,161
Hong Kong,2021-08-30,"Pfizer/BioNTech, Sinovac",https://data.gov.hk/en-data/dataset/hk-fhb-fhbcovid19-vaccination-rates-over-time-by-age,7527194,4119746,3407287,161
Hong Kong,2021-08-31,"Pfizer/BioNTech, Sinovac",https://data.gov.hk/en-data/dataset/hk-fhb-fhbcovid19-vaccination-rates-over-time-by-age,7588570,4140009,3448400,161
Hong Kong,2021-09-01,"Pfizer/BioNTech, Sinovac",https://data.gov.hk/en-data/dataset/hk-fhb-fhbcovid19-vaccination-rates-over-time-by-age,7637899,4162062,3475676,161
Hong Kong,2021-09-02,"Pfizer/BioNTech, Sinovac",https://data.gov.hk/en-data/dataset/hk-fhb-fhbcovid19-vaccination-rates-over-time-by-age,7685716,4182831,3502724,161
Hong Kong,2021-09-03,"Pfizer/BioNTech, Sinovac",https://data.gov.hk/en-data/dataset/hk-fhb-fhbcovid19-vaccination-rates-over-time-by-age,7741939,4205288,3536490,161
Hong Kong,2021-09-04,"Pfizer/BioNTech, Sinovac",https://data.gov.hk/en-data/dataset/hk-fhb-fhbcovid19-vaccination-rates-over-time-by-age,7799206,4228221,3570818,167
Hong Kong,2021-09-05,"Pfizer/BioNTech, Sinovac",https://data.gov.hk/en-data/dataset/hk-fhb-fhbcovid19-vaccination-rates-over-time-by-age,7842499,4244783,3597522,194
Hong Kong,2021-09-06,"Pfizer/BioNTech, Sinovac",https://data.gov.hk/en-data/dataset/hk-fhb-fhbcovid19-vaccination-rates-over-time-by-age,7887820,4260239,3627387,194
Hong Kong,2021-09-07,"Pfizer/BioNTech, Sinovac",https://data.gov.hk/en-data/dataset/hk-fhb-fhbcovid19-vaccination-rates-over-time-by-age,7927884,4272807,3654883,194
Hong Kong,2021-09-08,"Pfizer/BioNTech, Sinovac",https://data.gov.hk/en-data/dataset/hk-fhb-fhbcovid19-vaccination-rates-over-time-by-age,7967836,4284879,3682763,194
Hong Kong,2021-09-09,"Pfizer/BioNTech, Sinovac",https://data.gov.hk/en-data/dataset/hk-fhb-fhbcovid19-vaccination-rates-over-time-by-age,8010667,4298289,3712184,194
Hong Kong,2021-09-10,"Pfizer/BioNTech, Sinovac",https://data.gov.hk/en-data/dataset/hk-fhb-fhbcovid19-vaccination-rates-over-time-by-age,8062277,4313600,3748483,194
Hong Kong,2021-09-11,"Pfizer/BioNTech, Sinovac",https://data.gov.hk/en-data/dataset/hk-fhb-fhbcovid19-vaccination-rates-over-time-by-age,8115812,4330015,3785603,194
Hong Kong,2021-09-12,"Pfizer/BioNTech, Sinovac",https://data.gov.hk/en-data/dataset/hk-fhb-fhbcovid19-vaccination-rates-over-time-by-age,8152070,4340296,3811580,194
Hong Kong,2021-09-13,"Pfizer/BioNTech, Sinovac",https://data.gov.hk/en-data/dataset/hk-fhb-fhbcovid19-vaccination-rates-over-time-by-age,8188356,4350817,3837345,194
Hong Kong,2021-09-14,"Pfizer/BioNTech, Sinovac",https://data.gov.hk/en-data/dataset/hk-fhb-fhbcovid19-vaccination-rates-over-time-by-age,8218220,4359034,3858992,194
Hong Kong,2021-09-15,"Pfizer/BioNTech, Sinovac",https://data.gov.hk/en-data/dataset/hk-fhb-fhbcovid19-vaccination-rates-over-time-by-age,8247844,4367341,3880309,194
Hong Kong,2021-09-16,"Pfizer/BioNTech, Sinovac",https://data.gov.hk/en-data/dataset/hk-fhb-fhbcovid19-vaccination-rates-over-time-by-age,8278728,4376103,3902392,233
Hong Kong,2021-09-17,"Pfizer/BioNTech, Sinovac",https://data.gov.hk/en-data/dataset/hk-fhb-fhbcovid19-vaccination-rates-over-time-by-age,8316378,4387286,3928845,247
Hong Kong,2021-09-18,"Pfizer/BioNTech, Sinovac",https://data.gov.hk/en-data/dataset/hk-fhb-fhbcovid19-vaccination-rates-over-time-by-age,8356892,4398806,3957837,249
Hong Kong,2021-09-19,"Pfizer/BioNTech, Sinovac",https://data.gov.hk/en-data/dataset/hk-fhb-fhbcovid19-vaccination-rates-over-time-by-age,8380417,4405085,3975060,272
Hong Kong,2021-09-20,"Pfizer/BioNTech, Sinovac",https://data.gov.hk/en-data/dataset/hk-fhb-fhbcovid19-vaccination-rates-over-time-by-age,8405402,4412550,3992580,272
Hong Kong,2021-09-21,"Pfizer/BioNTech, Sinovac",https://data.gov.hk/en-data/dataset/hk-fhb-fhbcovid19-vaccination-rates-over-time-by-age,8424022,4418103,4005636,283
Hong Kong,2021-09-22,"Pfizer/BioNTech, Sinovac",https://data.gov.hk/en-data/dataset/hk-fhb-fhbcovid19-vaccination-rates-over-time-by-age,8440583,4422261,4018039,283
Hong Kong,2021-09-23,"Pfizer/BioNTech, Sinovac",https://data.gov.hk/en-data/dataset/hk-fhb-fhbcovid19-vaccination-rates-over-time-by-age,8474394,4430344,4043767,283
Hong Kong,2021-09-24,"Pfizer/BioNTech, Sinovac",https://data.gov.hk/en-data/dataset/hk-fhb-fhbcovid19-vaccination-rates-over-time-by-age,8511706,4441334,4070089,283
Hong Kong,2021-09-25,"Pfizer/BioNTech, Sinovac",https://data.gov.hk/en-data/dataset/hk-fhb-fhbcovid19-vaccination-rates-over-time-by-age,8550807,4451434,4099090,283
Hong Kong,2021-09-26,"Pfizer/BioNTech, Sinovac",https://data.gov.hk/en-data/dataset/hk-fhb-fhbcovid19-vaccination-rates-over-time-by-age,8574455,4457358,4116814,283
Hong Kong,2021-09-27,"Pfizer/BioNTech, Sinovac",https://data.gov.hk/en-data/dataset/hk-fhb-fhbcovid19-vaccination-rates-over-time-by-age,8601205,4465785,4135129,291
Hong Kong,2021-09-28,"Pfizer/BioNTech, Sinovac",https://data.gov.hk/en-data/dataset/hk-fhb-fhbcovid19-vaccination-rates-over-time-by-age,8623148,4472858,4149997,293
Hong Kong,2021-09-29,"Pfizer/BioNTech, Sinovac",https://data.gov.hk/en-data/dataset/hk-fhb-fhbcovid19-vaccination-rates-over-time-by-age,8646781,4480644,4165844,293
Hong Kong,2021-09-30,"Pfizer/BioNTech, Sinovac",https://data.gov.hk/en-data/dataset/hk-fhb-fhbcovid19-vaccination-rates-over-time-by-age,8677074,4492536,4184245,293
Hong Kong,2021-10-01,"Pfizer/BioNTech, Sinovac",https://data.gov.hk/en-data/dataset/hk-fhb-fhbcovid19-vaccination-rates-over-time-by-age,8692668,4497999,4194376,293
Hong Kong,2021-10-02,"Pfizer/BioNTech, Sinovac",https://data.gov.hk/en-data/dataset/hk-fhb-fhbcovid19-vaccination-rates-over-time-by-age,8715331,4503605,4211433,293
Hong Kong,2021-10-03,"Pfizer/BioNTech, Sinovac",https://data.gov.hk/en-data/dataset/hk-fhb-fhbcovid19-vaccination-rates-over-time-by-age,8728085,4507012,4220780,293
Hong Kong,2021-10-04,"Pfizer/BioNTech, Sinovac",https://data.gov.hk/en-data/dataset/hk-fhb-fhbcovid19-vaccination-rates-over-time-by-age,8745797,4512433,4233071,293
Hong Kong,2021-10-05,"Pfizer/BioNTech, Sinovac",https://data.gov.hk/en-data/dataset/hk-fhb-fhbcovid19-vaccination-rates-over-time-by-age,8759823,4517589,4241941,293
Hong Kong,2021-10-06,"Pfizer/BioNTech, Sinovac",https://data.gov.hk/en-data/dataset/hk-fhb-fhbcovid19-vaccination-rates-over-time-by-age,8772393,4521929,4250171,293
Hong Kong,2021-10-07,"Pfizer/BioNTech, Sinovac",https://data.gov.hk/en-data/dataset/hk-fhb-fhbcovid19-vaccination-rates-over-time-by-age,8786343,4526630,4259420,293
Hong Kong,2021-10-08,"Pfizer/BioNTech, Sinovac",https://data.gov.hk/en-data/dataset/hk-fhb-fhbcovid19-vaccination-rates-over-time-by-age,8801712,4531059,4270360,293
Hong Kong,2021-10-09,"Pfizer/BioNTech, Sinovac",https://data.gov.hk/en-data/dataset/hk-fhb-fhbcovid19-vaccination-rates-over-time-by-age,8801781,4531085,4270403,293
Hong Kong,2021-10-10,"Pfizer/BioNTech, Sinovac",https://data.gov.hk/en-data/dataset/hk-fhb-fhbcovid19-vaccination-rates-over-time-by-age,8820340,4535340,4284656,344
Hong Kong,2021-10-11,"Pfizer/BioNTech, Sinovac",https://data.gov.hk/en-data/dataset/hk-fhb-fhbcovid19-vaccination-rates-over-time-by-age,8835784,4540822,4294618,344
Hong Kong,2021-10-12,"Pfizer/BioNTech, Sinovac",https://data.gov.hk/en-data/dataset/hk-fhb-fhbcovid19-vaccination-rates-over-time-by-age,8844296,4543649,4300303,344
Hong Kong,2021-10-14,"Pfizer/BioNTech, Sinovac",https://data.gov.hk/en-data/dataset/hk-fhb-fhbcovid19-vaccination-rates-over-time-by-age,8855880,4547025,4308511,344
Hong Kong,2021-10-15,"Pfizer/BioNTech, Sinovac",https://data.gov.hk/en-data/dataset/hk-fhb-fhbcovid19-vaccination-rates-over-time-by-age,8875374,4552570,4322459,345
Hong Kong,2021-10-16,"Pfizer/BioNTech, Sinovac",https://data.gov.hk/en-data/dataset/hk-fhb-fhbcovid19-vaccination-rates-over-time-by-age,8893886,4558727,4334814,345
Hong Kong,2021-10-17,"Pfizer/BioNTech, Sinovac",https://data.gov.hk/en-data/dataset/hk-fhb-fhbcovid19-vaccination-rates-over-time-by-age,8902068,4561316,4340407,345
Hong Kong,2021-10-18,"Pfizer/BioNTech, Sinovac",https://data.gov.hk/en-data/dataset/hk-fhb-fhbcovid19-vaccination-rates-over-time-by-age,8914353,4565957,4348042,354
Hong Kong,2021-10-19,"Pfizer/BioNTech, Sinovac",https://data.gov.hk/en-data/dataset/hk-fhb-fhbcovid19-vaccination-rates-over-time-by-age,8923721,4569988,4353365,368
Hong Kong,2021-10-20,"Pfizer/BioNTech, Sinovac",https://data.gov.hk/en-data/dataset/hk-fhb-fhbcovid19-vaccination-rates-over-time-by-age,8931877,4573459,4358038,380
Hong Kong,2021-10-21,"Pfizer/BioNTech, Sinovac",https://data.gov.hk/en-data/dataset/hk-fhb-fhbcovid19-vaccination-rates-over-time-by-age,8943377,4577549,4365434,394
Hong Kong,2021-10-22,"Pfizer/BioNTech, Sinovac",https://data.gov.hk/en-data/dataset/hk-fhb-fhbcovid19-vaccination-rates-over-time-by-age,8958394,4583169,4374828,397
Hong Kong,2021-10-23,"Pfizer/BioNTech, Sinovac",https://data.gov.hk/en-data/dataset/hk-fhb-fhbcovid19-vaccination-rates-over-time-by-age,8972494,4587695,4384395,404
Hong Kong,2021-10-24,"Pfizer/BioNTech, Sinovac",https://data.gov.hk/en-data/dataset/hk-fhb-fhbcovid19-vaccination-rates-over-time-by-age,8979445,4590151,4388869,425
Hong Kong,2021-10-25,"Pfizer/BioNTech, Sinovac",https://data.gov.hk/en-data/dataset/hk-fhb-fhbcovid19-vaccination-rates-over-time-by-age,8990429,4594013,4395884,532
Hong Kong,2021-10-26,"Pfizer/BioNTech, Sinovac",https://data.gov.hk/en-data/dataset/hk-fhb-fhbcovid19-vaccination-rates-over-time-by-age,9000068,4597450,4402057,561
Hong Kong,2021-10-27,"Pfizer/BioNTech, Sinovac",https://data.gov.hk/en-data/dataset/hk-fhb-fhbcovid19-vaccination-rates-over-time-by-age,9008655,4601050,4407025,580
Hong Kong,2021-10-28,"Pfizer/BioNTech, Sinovac",https://data.gov.hk/en-data/dataset/hk-fhb-fhbcovid19-vaccination-rates-over-time-by-age,9018556,4604950,4412920,686
Hong Kong,2021-10-29,"Pfizer/BioNTech, Sinovac",https://data.gov.hk/en-data/dataset/hk-fhb-fhbcovid19-vaccination-rates-over-time-by-age,9028480,4610001,4417785,694
Hong Kong,2021-10-30,"Pfizer/BioNTech, Sinovac",https://data.gov.hk/en-data/dataset/hk-fhb-fhbcovid19-vaccination-rates-over-time-by-age,9037548,4614923,4421916,709
Hong Kong,2021-10-31,"Pfizer/BioNTech, Sinovac",https://data.gov.hk/en-data/dataset/hk-fhb-fhbcovid19-vaccination-rates-over-time-by-age,9043850,4617670,4425469,711
Hong Kong,2021-11-01,"Pfizer/BioNTech, Sinovac",https://data.gov.hk/en-data/dataset/hk-fhb-fhbcovid19-vaccination-rates-over-time-by-age,9052268,4621560,4429975,733
Hong Kong,2021-11-02,"Pfizer/BioNTech, Sinovac",https://data.gov.hk/en-data/dataset/hk-fhb-fhbcovid19-vaccination-rates-over-time-by-age,9059813,4625508,4433555,750
Hong Kong,2021-11-03,"Pfizer/BioNTech, Sinovac",https://data.gov.hk/en-data/dataset/hk-fhb-fhbcovid19-vaccination-rates-over-time-by-age,9062612,4626906,4434956,750
Hong Kong,2021-11-04,"Pfizer/BioNTech, Sinovac",https://data.gov.hk/en-data/dataset/hk-fhb-fhbcovid19-vaccination-rates-over-time-by-age,9071157,4631409,4438977,771
Hong Kong,2021-11-05,"Pfizer/BioNTech, Sinovac",https://data.gov.hk/en-data/dataset/hk-fhb-fhbcovid19-vaccination-rates-over-time-by-age,9080840,4636523,4443536,781
Hong Kong,2021-11-06,"Pfizer/BioNTech, Sinovac",https://data.gov.hk/en-data/dataset/hk-fhb-fhbcovid19-vaccination-rates-over-time-by-age,9091437,4642201,4448452,784
Hong Kong,2021-11-07,"Pfizer/BioNTech, Sinovac",https://data.gov.hk/en-data/dataset/hk-fhb-fhbcovid19-vaccination-rates-over-time-by-age,9097758,4645446,4451528,784
Hong Kong,2021-11-08,"Pfizer/BioNTech, Sinovac",https://data.gov.hk/en-data/dataset/hk-fhb-fhbcovid19-vaccination-rates-over-time-by-age,9106268,4649552,4455913,803
Hong Kong,2021-11-09,"Pfizer/BioNTech, Sinovac",https://data.gov.hk/en-data/dataset/hk-fhb-fhbcovid19-vaccination-rates-over-time-by-age,9113438,4653399,4459219,820
Hong Kong,2021-11-10,"Pfizer/BioNTech, Sinovac",https://data.gov.hk/en-data/dataset/hk-fhb-fhbcovid19-vaccination-rates-over-time-by-age,9115362,4654697,4459845,820
Hong Kong,2021-11-11,"Pfizer/BioNTech, Sinovac",https://data.gov.hk/en-data/dataset/hk-fhb-fhbcovid19-vaccination-rates-over-time-by-age,9139708,4658845,4463172,17691
Hong Kong,2021-11-12,"Pfizer/BioNTech, Sinovac",https://data.gov.hk/en-data/dataset/hk-fhb-fhbcovid19-vaccination-rates-over-time-by-age,9159582,4664338,4467456,27788
Hong Kong,2021-11-13,"Pfizer/BioNTech, Sinovac",https://data.gov.hk/en-data/dataset/hk-fhb-fhbcovid19-vaccination-rates-over-time-by-age,9180445,4670019,4472911,37515
Hong Kong,2021-11-14,"Pfizer/BioNTech, Sinovac",https://data.gov.hk/en-data/dataset/hk-fhb-fhbcovid19-vaccination-rates-over-time-by-age,9192253,4673350,4475574,43329
Hong Kong,2021-11-15,"Pfizer/BioNTech, Sinovac",https://data.gov.hk/en-data/dataset/hk-fhb-fhbcovid19-vaccination-rates-over-time-by-age,9207336,4677600,4479279,50457
Hong Kong,2021-11-16,"Pfizer/BioNTech, Sinovac",https://data.gov.hk/en-data/dataset/hk-fhb-fhbcovid19-vaccination-rates-over-time-by-age,9221277,4681878,4482735,56664
Hong Kong,2021-11-17,"Pfizer/BioNTech, Sinovac",https://data.gov.hk/en-data/dataset/hk-fhb-fhbcovid19-vaccination-rates-over-time-by-age,9225418,4683284,4484069,58065
Hong Kong,2021-11-18,"Pfizer/BioNTech, Sinovac",https://data.gov.hk/en-data/dataset/hk-fhb-fhbcovid19-vaccination-rates-over-time-by-age,9242103,4688711,4488766,64626
Hong Kong,2021-11-19,"Pfizer/BioNTech, Sinovac",https://data.gov.hk/en-data/dataset/hk-fhb-fhbcovid19-vaccination-rates-over-time-by-age,9258752,4694559,4493463,70730
Hong Kong,2021-11-20,"Pfizer/BioNTech, Sinovac",https://data.gov.hk/en-data/dataset/hk-fhb-fhbcovid19-vaccination-rates-over-time-by-age,9276396,4701142,4498341,76913
Hong Kong,2021-11-21,"Pfizer/BioNTech, Sinovac",https://data.gov.hk/en-data/dataset/hk-fhb-fhbcovid19-vaccination-rates-over-time-by-age,9287139,4704867,4501149,81123
Hong Kong,2021-11-22,"Pfizer/BioNTech, Sinovac",https://data.gov.hk/en-data/dataset/hk-fhb-fhbcovid19-vaccination-rates-over-time-by-age,9301594,4709345,4504855,87394
Hong Kong,2021-11-23,"Pfizer/BioNTech, Sinovac",https://data.gov.hk/en-data/dataset/hk-fhb-fhbcovid19-vaccination-rates-over-time-by-age,9318687,4713446,4508390,96851
Hong Kong,2021-11-24,"Pfizer/BioNTech, Sinovac",https://data.gov.hk/en-data/dataset/hk-fhb-fhbcovid19-vaccination-rates-over-time-by-age,9324201,4715015,4509695,99491
Hong Kong,2021-11-25,"Pfizer/BioNTech, Sinovac",https://data.gov.hk/en-data/dataset/hk-fhb-fhbcovid19-vaccination-rates-over-time-by-age,9346090,4720750,4513922,111418
Hong Kong,2021-11-26,"Pfizer/BioNTech, Sinovac",https://data.gov.hk/en-data/dataset/hk-fhb-fhbcovid19-vaccination-rates-over-time-by-age,9368325,4727495,4518303,122527
Hong Kong,2021-11-27,"Pfizer/BioNTech, Sinovac",https://data.gov.hk/en-data/dataset/hk-fhb-fhbcovid19-vaccination-rates-over-time-by-age,9394997,4735845,4523649,135503
Hong Kong,2021-11-28,"Pfizer/BioNTech, Sinovac",https://data.gov.hk/en-data/dataset/hk-fhb-fhbcovid19-vaccination-rates-over-time-by-age,9414674,4741519,4526847,146308
Hong Kong,2021-11-29,"Pfizer/BioNTech, Sinovac",https://data.gov.hk/en-data/dataset/hk-fhb-fhbcovid19-vaccination-rates-over-time-by-age,9436450,4748671,4530775,157004
Hong Kong,2021-11-30,"Pfizer/BioNTech, Sinovac",https://data.gov.hk/en-data/dataset/hk-fhb-fhbcovid19-vaccination-rates-over-time-by-age,9457727,4756164,4534514,167049
Hong Kong,2021-12-01,"Pfizer/BioNTech, Sinovac",https://data.gov.hk/en-data/dataset/hk-fhb-fhbcovid19-vaccination-rates-over-time-by-age,9463662,4758233,4535852,169577
Hong Kong,2021-12-02,"Pfizer/BioNTech, Sinovac",https://data.gov.hk/en-data/dataset/hk-fhb-fhbcovid19-vaccination-rates-over-time-by-age,9482946,4763351,4539685,179910
Hong Kong,2021-12-03,"Pfizer/BioNTech, Sinovac",https://data.gov.hk/en-data/dataset/hk-fhb-fhbcovid19-vaccination-rates-over-time-by-age,9503460,4769938,4544248,189274
Hong Kong,2021-12-04,"Pfizer/BioNTech, Sinovac",https://data.gov.hk/en-data/dataset/hk-fhb-fhbcovid19-vaccination-rates-over-time-by-age,9525341,4776371,4549395,199575
Hong Kong,2021-12-05,"Pfizer/BioNTech, Sinovac",https://data.gov.hk/en-data/dataset/hk-fhb-fhbcovid19-vaccination-rates-over-time-by-age,9540590,4780310,4552598,207682
Hong Kong,2021-12-06,"Pfizer/BioNTech, Sinovac",https://data.gov.hk/en-data/dataset/hk-fhb-fhbcovid19-vaccination-rates-over-time-by-age,9557534,4785127,4556448,215959
Hong Kong,2021-12-07,"Pfizer/BioNTech, Sinovac",https://data.gov.hk/en-data/dataset/hk-fhb-fhbcovid19-vaccination-rates-over-time-by-age,9573732,4789766,4559893,224073
Hong Kong,2021-12-08,"Pfizer/BioNTech, Sinovac",https://data.gov.hk/en-data/dataset/hk-fhb-fhbcovid19-vaccination-rates-over-time-by-age,9579462,4791872,4561201,226389
Hong Kong,2021-12-09,"Pfizer/BioNTech, Sinovac",https://data.gov.hk/en-data/dataset/hk-fhb-fhbcovid19-vaccination-rates-over-time-by-age,9597227,4796553,4565428,235246
Hong Kong,2021-12-10,"Pfizer/BioNTech, Sinovac",https://data.gov.hk/en-data/dataset/hk-fhb-fhbcovid19-vaccination-rates-over-time-by-age,9615123,4801743,4570300,243080
Hong Kong,2021-12-11,"Pfizer/BioNTech, Sinovac",https://data.gov.hk/en-data/dataset/hk-fhb-fhbcovid19-vaccination-rates-over-time-by-age,9634490,4806882,4575994,251614
Hong Kong,2021-12-12,"Pfizer/BioNTech, Sinovac",https://data.gov.hk/en-data/dataset/hk-fhb-fhbcovid19-vaccination-rates-over-time-by-age,9647849,4809895,4579421,258533
Hong Kong,2021-12-13,"Pfizer/BioNTech, Sinovac",https://data.gov.hk/en-data/dataset/hk-fhb-fhbcovid19-vaccination-rates-over-time-by-age,9663757,4813829,4583388,266540
Hong Kong,2021-12-14,"Pfizer/BioNTech, Sinovac",https://data.gov.hk/en-data/dataset/hk-fhb-fhbcovid19-vaccination-rates-over-time-by-age,9678293,4817412,4586954,273927
Hong Kong,2021-12-15,"Pfizer/BioNTech, Sinovac",https://data.gov.hk/en-data/dataset/hk-fhb-fhbcovid19-vaccination-rates-over-time-by-age,9683765,4819177,4588314,276274
Hong Kong,2021-12-16,"Pfizer/BioNTech, Sinovac",https://data.gov.hk/en-data/dataset/hk-fhb-fhbcovid19-vaccination-rates-over-time-by-age,9701995,4823456,4592974,285565
Hong Kong,2021-12-17,"Pfizer/BioNTech, Sinovac",https://data.gov.hk/en-data/dataset/hk-fhb-fhbcovid19-vaccination-rates-over-time-by-age,9719336,4827772,4598148,293416
Hong Kong,2021-12-18,"Pfizer/BioNTech, Sinovac",https://data.gov.hk/en-data/dataset/hk-fhb-fhbcovid19-vaccination-rates-over-time-by-age,9737917,4831878,4604554,301485
Hong Kong,2021-12-19,"Pfizer/BioNTech, Sinovac",https://data.gov.hk/en-data/dataset/hk-fhb-fhbcovid19-vaccination-rates-over-time-by-age,9751688,4834424,4609144,308120
Hong Kong,2021-12-20,"Pfizer/BioNTech, Sinovac",https://data.gov.hk/en-data/dataset/hk-fhb-fhbcovid19-vaccination-rates-over-time-by-age,9766807,4837679,4614018,315110
Hong Kong,2021-12-21,"Pfizer/BioNTech, Sinovac",https://data.gov.hk/en-data/dataset/hk-fhb-fhbcovid19-vaccination-rates-over-time-by-age,9779304,4840579,4618054,320671
Hong Kong,2021-12-22,"Pfizer/BioNTech, Sinovac",https://data.gov.hk/en-data/dataset/hk-fhb-fhbcovid19-vaccination-rates-over-time-by-age,9785053,4842414,4619788,322851
Hong Kong,2021-12-23,"Pfizer/BioNTech, Sinovac",https://data.gov.hk/en-data/dataset/hk-fhb-fhbcovid19-vaccination-rates-over-time-by-age,9803687,4847384,4624874,331429
Hong Kong,2021-12-24,"Pfizer/BioNTech, Sinovac",https://data.gov.hk/en-data/dataset/hk-fhb-fhbcovid19-vaccination-rates-over-time-by-age,9819050,4851416,4629178,338456
Hong Kong,2021-12-25,"Pfizer/BioNTech, Sinovac",https://data.gov.hk/en-data/dataset/hk-fhb-fhbcovid19-vaccination-rates-over-time-by-age,9832164,4854300,4632858,345006
Hong Kong,2021-12-26,"Pfizer/BioNTech, Sinovac",https://data.gov.hk/en-data/dataset/hk-fhb-fhbcovid19-vaccination-rates-over-time-by-age,9844039,4856664,4636632,350743
Hong Kong,2021-12-27,"Pfizer/BioNTech, Sinovac",https://data.gov.hk/en-data/dataset/hk-fhb-fhbcovid19-vaccination-rates-over-time-by-age,9855686,4858739,4640825,356122
Hong Kong,2021-12-28,"Pfizer/BioNTech, Sinovac",https://data.gov.hk/en-data/dataset/hk-fhb-fhbcovid19-vaccination-rates-over-time-by-age,9878736,4863284,4648974,366478
Hong Kong,2021-12-29,"Pfizer/BioNTech, Sinovac",https://data.gov.hk/en-data/dataset/hk-fhb-fhbcovid19-vaccination-rates-over-time-by-age,9886968,4865656,4651804,369508
Hong Kong,2021-12-30,"Pfizer/BioNTech, Sinovac",https://data.gov.hk/en-data/dataset/hk-fhb-fhbcovid19-vaccination-rates-over-time-by-age,9907421,4871281,4657035,379105
Hong Kong,2021-12-31,"Pfizer/BioNTech, Sinovac",https://data.gov.hk/en-data/dataset/hk-fhb-fhbcovid19-vaccination-rates-over-time-by-age,9925625,4876512,4662025,387088
Hong Kong,2022-01-01,"Pfizer/BioNTech, Sinovac",https://data.gov.hk/en-data/dataset/hk-fhb-fhbcovid19-vaccination-rates-over-time-by-age,9943963,4883651,4665211,395101
Hong Kong,2022-01-02,"Pfizer/BioNTech, Sinovac",https://data.gov.hk/en-data/dataset/hk-fhb-fhbcovid19-vaccination-rates-over-time-by-age,9965870,4891220,4668854,405796
Hong Kong,2022-01-03,"Pfizer/BioNTech, Sinovac",https://data.gov.hk/en-data/dataset/hk-fhb-fhbcovid19-vaccination-rates-over-time-by-age,10004711,4909154,4674168,421389
Hong Kong,2022-01-04,"Pfizer/BioNTech, Sinovac",https://data.gov.hk/en-data/dataset/hk-fhb-fhbcovid19-vaccination-rates-over-time-by-age,10043815,4927343,4678491,437981
Hong Kong,2022-01-05,"Pfizer/BioNTech, Sinovac",https://data.gov.hk/en-data/dataset/hk-fhb-fhbcovid19-vaccination-rates-over-time-by-age,10082454,4945607,4681113,455734
Hong Kong,2022-01-06,"Pfizer/BioNTech, Sinovac",https://data.gov.hk/en-data/dataset/hk-fhb-fhbcovid19-vaccination-rates-over-time-by-age,10123989,4963846,4685756,474387
Hong Kong,2022-01-07,"Pfizer/BioNTech, Sinovac",https://data.gov.hk/en-data/dataset/hk-fhb-fhbcovid19-vaccination-rates-over-time-by-age,10169119,4984708,4690979,493432
Hong Kong,2022-01-08,"Pfizer/BioNTech, Sinovac",https://data.gov.hk/en-data/dataset/hk-fhb-fhbcovid19-vaccination-rates-over-time-by-age,10205807,5001122,4696345,508340
Hong Kong,2022-01-09,"Pfizer/BioNTech, Sinovac",https://data.gov.hk/en-data/dataset/hk-fhb-fhbcovid19-vaccination-rates-over-time-by-age,10233897,5012093,4699274,522530
Hong Kong,2022-01-10,"Pfizer/BioNTech, Sinovac",https://data.gov.hk/en-data/dataset/hk-fhb-fhbcovid19-vaccination-rates-over-time-by-age,10279048,5031965,4703108,543975
Hong Kong,2022-01-11,"Pfizer/BioNTech, Sinovac",https://data.gov.hk/en-data/dataset/hk-fhb-fhbcovid19-vaccination-rates-over-time-by-age,10322514,5051101,4706606,564807
Hong Kong,2022-01-12,"Pfizer/BioNTech, Sinovac",https://data.gov.hk/en-data/dataset/hk-fhb-fhbcovid19-vaccination-rates-over-time-by-age,10363062,5069207,4708843,585012
Hong Kong,2022-01-13,"Pfizer/BioNTech, Sinovac",https://data.gov.hk/en-data/dataset/hk-fhb-fhbcovid19-vaccination-rates-over-time-by-age,10406363,5087090,4712972,606301
Hong Kong,2022-01-14,"Pfizer/BioNTech, Sinovac",https://data.gov.hk/en-data/dataset/hk-fhb-fhbcovid19-vaccination-rates-over-time-by-age,10451055,5107099,4717325,626631
Hong Kong,2022-01-15,"Pfizer/BioNTech, Sinovac",https://data.gov.hk/en-data/dataset/hk-fhb-fhbcovid19-vaccination-rates-over-time-by-age,10486595,5123146,4721529,641920
Hong Kong,2022-01-16,"Pfizer/BioNTech, Sinovac",https://data.gov.hk/en-data/dataset/hk-fhb-fhbcovid19-vaccination-rates-over-time-by-age,10513818,5133229,4724206,656383
Hong Kong,2022-01-17,"Pfizer/BioNTech, Sinovac",https://data.gov.hk/en-data/dataset/hk-fhb-fhbcovid19-vaccination-rates-over-time-by-age,10554637,5150546,4727121,676970
Hong Kong,2022-01-18,"Pfizer/BioNTech, Sinovac",https://data.gov.hk/en-data/dataset/hk-fhb-fhbcovid19-vaccination-rates-over-time-by-age,10593390,5166279,4730285,696826
Hong Kong,2022-01-19,"Pfizer/BioNTech, Sinovac",https://data.gov.hk/en-data/dataset/hk-fhb-fhbcovid19-vaccination-rates-over-time-by-age,10630757,5181830,4732325,716602
Hong Kong,2022-01-20,"Pfizer/BioNTech, Sinovac",https://data.gov.hk/en-data/dataset/hk-fhb-fhbcovid19-vaccination-rates-over-time-by-age,10670741,5197267,4736323,737151
Hong Kong,2022-01-21,"Pfizer/BioNTech, Sinovac",https://data.gov.hk/en-data/dataset/hk-fhb-fhbcovid19-vaccination-rates-over-time-by-age,10718798,5218522,4740876,759400
Hong Kong,2022-01-22,"Pfizer/BioNTech, Sinovac",https://data.gov.hk/en-data/dataset/hk-fhb-fhbcovid19-vaccination-rates-over-time-by-age,10758051,5235238,4746391,776422
Hong Kong,2022-01-23,"Pfizer/BioNTech, Sinovac",https://data.gov.hk/en-data/dataset/hk-fhb-fhbcovid19-vaccination-rates-over-time-by-age,10790030,5246054,4751185,792791
Hong Kong,2022-01-24,"Pfizer/BioNTech, Sinovac",https://data.gov.hk/en-data/dataset/hk-fhb-fhbcovid19-vaccination-rates-over-time-by-age,10837796,5265177,4757149,815470
Hong Kong,2022-01-25,"Pfizer/BioNTech, Sinovac",https://data.gov.hk/en-data/dataset/hk-fhb-fhbcovid19-vaccination-rates-over-time-by-age,10884530,5283581,4764257,836692
Hong Kong,2022-01-26,"Pfizer/BioNTech, Sinovac",https://data.gov.hk/en-data/dataset/hk-fhb-fhbcovid19-vaccination-rates-over-time-by-age,10932006,5300449,4771445,860112
Hong Kong,2022-01-27,"Pfizer/BioNTech, Sinovac",https://data.gov.hk/en-data/dataset/hk-fhb-fhbcovid19-vaccination-rates-over-time-by-age,10981440,5315562,4779507,886371
Hong Kong,2022-01-28,"Pfizer/BioNTech, Sinovac",https://data.gov.hk/en-data/dataset/hk-fhb-fhbcovid19-vaccination-rates-over-time-by-age,11034412,5333175,4789855,911382
Hong Kong,2022-01-29,"Pfizer/BioNTech, Sinovac",https://data.gov.hk/en-data/dataset/hk-fhb-fhbcovid19-vaccination-rates-over-time-by-age,11078826,5347350,4799442,932034
Hong Kong,2022-01-30,"Pfizer/BioNTech, Sinovac",https://data.gov.hk/en-data/dataset/hk-fhb-fhbcovid19-vaccination-rates-over-time-by-age,11115168,5356931,4807008,951229
Hong Kong,2022-01-31,"Pfizer/BioNTech, Sinovac",https://data.gov.hk/en-data/dataset/hk-fhb-fhbcovid19-vaccination-rates-over-time-by-age,11125600,5360895,4810654,954051
Hong Kong,2022-02-01,"Pfizer/BioNTech, Sinovac",https://data.gov.hk/en-data/dataset/hk-fhb-fhbcovid19-vaccination-rates-over-time-by-age,11125685,5360924,4810695,954066
Hong Kong,2022-02-02,"Pfizer/BioNTech, Sinovac",https://data.gov.hk/en-data/dataset/hk-fhb-fhbcovid19-vaccination-rates-over-time-by-age,11126002,5361028,4810852,954122
Hong Kong,2022-02-03,"Pfizer/BioNTech, Sinovac",https://data.gov.hk/en-data/dataset/hk-fhb-fhbcovid19-vaccination-rates-over-time-by-age,11151792,5369617,4812455,969720
Hong Kong,2022-02-04,"Pfizer/BioNTech, Sinovac",https://data.gov.hk/en-data/dataset/hk-fhb-fhbcovid19-vaccination-rates-over-time-by-age,11208487,5384914,4832545,991028
Hong Kong,2022-02-05,"Pfizer/BioNTech, Sinovac",https://data.gov.hk/en-data/dataset/hk-fhb-fhbcovid19-vaccination-rates-over-time-by-age,11257530,5398508,4847746,1011276
Hong Kong,2022-02-06,"Pfizer/BioNTech, Sinovac",https://data.gov.hk/en-data/dataset/hk-fhb-fhbcovid19-vaccination-rates-over-time-by-age,11298126,5408531,4858565,1031030
Hong Kong,2022-02-07,"Pfizer/BioNTech, Sinovac",https://data.gov.hk/en-data/dataset/hk-fhb-fhbcovid19-vaccination-rates-over-time-by-age,11371501,5431426,4879710,1060365
Hong Kong,2022-02-08,"Pfizer/BioNTech, Sinovac",https://data.gov.hk/en-data/dataset/hk-fhb-fhbcovid19-vaccination-rates-over-time-by-age,11450183,5458067,4901233,1090883
Hong Kong,2022-02-09,"Pfizer/BioNTech, Sinovac",https://data.gov.hk/en-data/dataset/hk-fhb-fhbcovid19-vaccination-rates-over-time-by-age,11534996,5495424,4919448,1120124
Hong Kong,2022-02-10,"Pfizer/BioNTech, Sinovac",https://data.gov.hk/en-data/dataset/hk-fhb-fhbcovid19-vaccination-rates-over-time-by-age,11622848,5533547,4938708,1150593
Hong Kong,2022-02-11,"Pfizer/BioNTech, Sinovac",https://data.gov.hk/en-data/dataset/hk-fhb-fhbcovid19-vaccination-rates-over-time-by-age,11716572,5573481,4961508,1181583
Hong Kong,2022-02-12,"Pfizer/BioNTech, Sinovac",https://data.gov.hk/en-data/dataset/hk-fhb-fhbcovid19-vaccination-rates-over-time-by-age,11790007,5601701,4980133,1208173
Hong Kong,2022-02-13,"Pfizer/BioNTech, Sinovac",https://data.gov.hk/en-data/dataset/hk-fhb-fhbcovid19-vaccination-rates-over-time-by-age,11840934,5618166,4990565,1232203
Hong Kong,2022-02-14,"Pfizer/BioNTech, Sinovac",https://data.gov.hk/en-data/dataset/hk-fhb-fhbcovid19-vaccination-rates-over-time-by-age,11930564,5657508,5007215,1265841
Hong Kong,2022-02-15,"Pfizer/BioNTech, Sinovac",https://data.gov.hk/en-data/dataset/hk-fhb-fhbcovid19-vaccination-rates-over-time-by-age,12021823,5697706,5025027,1299090
Hong Kong,2022-02-16,"Pfizer/BioNTech, Sinovac",https://data.gov.hk/en-data/dataset/hk-fhb-fhbcovid19-vaccination-rates-over-time-by-age,12116388,5740379,5042315,1333694
Hong Kong,2022-02-17,"Pfizer/BioNTech, Sinovac",https://data.gov.hk/en-data/dataset/hk-fhb-fhbcovid19-vaccination-rates-over-time-by-age,12210279,5782685,5058746,1368848
Hong Kong,2022-02-18,"Pfizer/BioNTech, Sinovac",https://data.gov.hk/en-data/dataset/hk-fhb-fhbcovid19-vaccination-rates-over-time-by-age,12312300,5827485,5079531,1405284
Hong Kong,2022-02-19,"Pfizer/BioNTech, Sinovac",https://data.gov.hk/en-data/dataset/hk-fhb-fhbcovid19-vaccination-rates-over-time-by-age,12391492,5860226,5098064,1433202
Hong Kong,2022-02-20,"Pfizer/BioNTech, Sinovac",https://data.gov.hk/en-data/dataset/hk-fhb-fhbcovid19-vaccination-rates-over-time-by-age,12445179,5880063,5108070,1457046
Hong Kong,2022-02-21,"Pfizer/BioNTech, Sinovac",https://data.gov.hk/en-data/dataset/hk-fhb-fhbcovid19-vaccination-rates-over-time-by-age,12528196,5917488,5120479,1490229
Hong Kong,2022-02-22,"Pfizer/BioNTech, Sinovac",https://data.gov.hk/en-data/dataset/hk-fhb-fhbcovid19-vaccination-rates-over-time-by-age,12611804,5958506,5131909,1521389
Hong Kong,2022-02-23,"Pfizer/BioNTech, Sinovac",https://data.gov.hk/en-data/dataset/hk-fhb-fhbcovid19-vaccination-rates-over-time-by-age,12701215,6003974,5142086,1555155
Hong Kong,2022-02-24,"Pfizer/BioNTech, Sinovac",https://data.gov.hk/en-data/dataset/hk-fhb-fhbcovid19-vaccination-rates-over-time-by-age,12792302,6046621,5153652,1592029
Hong Kong,2022-02-25,"Pfizer/BioNTech, Sinovac",https://data.gov.hk/en-data/dataset/hk-fhb-fhbcovid19-vaccination-rates-over-time-by-age,12886784,6084333,5169674,1632777
Hong Kong,2022-02-26,"Pfizer/BioNTech, Sinovac",https://data.gov.hk/en-data/dataset/hk-fhb-fhbcovid19-vaccination-rates-over-time-by-age,12968916,6113571,5186510,1668835
Hong Kong,2022-02-27,"Pfizer/BioNTech, Sinovac",https://data.gov.hk/en-data/dataset/hk-fhb-fhbcovid19-vaccination-rates-over-time-by-age,13028862,6133419,5196247,1699196
Hong Kong,2022-02-28,"Pfizer/BioNTech, Sinovac",https://data.gov.hk/en-data/dataset/hk-fhb-fhbcovid19-vaccination-rates-over-time-by-age,13114729,6165364,5207783,1741582
Hong Kong,2022-03-01,"Pfizer/BioNTech, Sinovac",https://data.gov.hk/en-data/dataset/hk-fhb-fhbcovid19-vaccination-rates-over-time-by-age,13193035,6193585,5216747,1782703
Hong Kong,2022-03-02,"Pfizer/BioNTech, Sinovac",https://data.gov.hk/en-data/dataset/hk-fhb-fhbcovid19-vaccination-rates-over-time-by-age,13267729,6219134,5225618,1822977
Hong Kong,2022-03-03,"Pfizer/BioNTech, Sinovac",https://data.gov.hk/en-data/dataset/hk-fhb-fhbcovid19-vaccination-rates-over-time-by-age,13345815,6243049,5235976,1866790
Hong Kong,2022-03-04,"Pfizer/BioNTech, Sinovac",https://data.gov.hk/en-data/dataset/hk-fhb-fhbcovid19-vaccination-rates-over-time-by-age,13429072,6267081,5250307,1911684
Hong Kong,2022-03-05,"Pfizer/BioNTech, Sinovac",https://data.gov.hk/en-data/dataset/hk-fhb-fhbcovid19-vaccination-rates-over-time-by-age,13508976,6289349,5265081,1954546
Hong Kong,2022-03-06,"Pfizer/BioNTech, Sinovac",https://data.gov.hk/en-data/dataset/hk-fhb-fhbcovid19-vaccination-rates-over-time-by-age,13571170,6306397,5274805,1989968
Hong Kong,2022-03-07,"Pfizer/BioNTech, Sinovac",https://data.gov.hk/en-data/dataset/hk-fhb-fhbcovid19-vaccination-rates-over-time-by-age,13654188,6327677,5291004,2035507
Hong Kong,2022-03-08,"Pfizer/BioNTech, Sinovac",https://data.gov.hk/en-data/dataset/hk-fhb-fhbcovid19-vaccination-rates-over-time-by-age,13732347,6346990,5308251,2077106
Hong Kong,2022-03-09,"Pfizer/BioNTech, Sinovac",https://data.gov.hk/en-data/dataset/hk-fhb-fhbcovid19-vaccination-rates-over-time-by-age,13806551,6362671,5328870,2115010
Hong Kong,2022-03-10,"Pfizer/BioNTech, Sinovac",https://data.gov.hk/en-data/dataset/hk-fhb-fhbcovid19-vaccination-rates-over-time-by-age,13883359,6377308,5351385,2154666
Hong Kong,2022-03-11,"Pfizer/BioNTech, Sinovac",https://data.gov.hk/en-data/dataset/hk-fhb-fhbcovid19-vaccination-rates-over-time-by-age,13964068,6390454,5377620,2195994
Hong Kong,2022-03-12,"Pfizer/BioNTech, Sinovac",https://data.gov.hk/en-data/dataset/hk-fhb-fhbcovid19-vaccination-rates-over-time-by-age,14032598,6401927,5398913,2231758
Hong Kong,2022-03-13,"Pfizer/BioNTech, Sinovac",https://data.gov.hk/en-data/dataset/hk-fhb-fhbcovid19-vaccination-rates-over-time-by-age,14084125,6410308,5411004,2262813
Hong Kong,2022-03-14,"Pfizer/BioNTech, Sinovac",https://data.gov.hk/en-data/dataset/hk-fhb-fhbcovid19-vaccination-rates-over-time-by-age,14154899,6421218,5435571,2298110
Hong Kong,2022-03-15,"Pfizer/BioNTech, Sinovac",https://data.gov.hk/en-data/dataset/hk-fhb-fhbcovid19-vaccination-rates-over-time-by-age,14223551,6431294,5461107,2331150
Hong Kong,2022-03-16,"Pfizer/BioNTech, Sinovac",https://data.gov.hk/en-data/dataset/hk-fhb-fhbcovid19-vaccination-rates-over-time-by-age,14289389,6439634,5486660,2363095
Hong Kong,2022-03-17,"Pfizer/BioNTech, Sinovac",https://data.gov.hk/en-data/dataset/hk-fhb-fhbcovid19-vaccination-rates-over-time-by-age,14355919,6447283,5512549,2396087
Hong Kong,2022-03-18,"Pfizer/BioNTech, Sinovac",https://data.gov.hk/en-data/dataset/hk-fhb-fhbcovid19-vaccination-rates-over-time-by-age,14428448,6454841,5543905,2429702
Hong Kong,2022-03-19,"Pfizer/BioNTech, Sinovac",https://data.gov.hk/en-data/dataset/hk-fhb-fhbcovid19-vaccination-rates-over-time-by-age,14489054,6460865,5568475,2459714
Hong Kong,2022-03-20,"Pfizer/BioNTech, Sinovac",https://data.gov.hk/en-data/dataset/hk-fhb-fhbcovid19-vaccination-rates-over-time-by-age,14530830,6464919,5581427,2484484
Hong Kong,2022-03-21,"Pfizer/BioNTech, Sinovac",https://data.gov.hk/en-data/dataset/hk-fhb-fhbcovid19-vaccination-rates-over-time-by-age,14597015,6471494,5606750,2518771
Hong Kong,2022-03-22,"Pfizer/BioNTech, Sinovac",https://data.gov.hk/en-data/dataset/hk-fhb-fhbcovid19-vaccination-rates-over-time-by-age,14660639,6478404,5631163,2551072
Hong Kong,2022-03-23,"Pfizer/BioNTech, Sinovac",https://data.gov.hk/en-data/dataset/hk-fhb-fhbcovid19-vaccination-rates-over-time-by-age,14718990,6484135,5654124,2580731
Hong Kong,2022-03-24,"Pfizer/BioNTech, Sinovac",https://data.gov.hk/en-data/dataset/hk-fhb-fhbcovid19-vaccination-rates-over-time-by-age,14779257,6489327,5677694,2612236
Hong Kong,2022-03-25,"Pfizer/BioNTech, Sinovac",https://data.gov.hk/en-data/dataset/hk-fhb-fhbcovid19-vaccination-rates-over-time-by-age,14846469,6495121,5704900,2646448
Hong Kong,2022-03-26,"Pfizer/BioNTech, Sinovac",https://data.gov.hk/en-data/dataset/hk-fhb-fhbcovid19-vaccination-rates-over-time-by-age,14904754,6499877,5726993,2677884
Hong Kong,2022-03-27,"Pfizer/BioNTech, Sinovac",https://data.gov.hk/en-data/dataset/hk-fhb-fhbcovid19-vaccination-rates-over-time-by-age,14944464,6502770,5739533,2702161
