location,date,vaccine,source_url,total_vaccinations,people_vaccinated,people_fully_vaccinated,total_boosters
Hungary,2020-12-28,Pfizer/BioNTech,https://kormany.hu/hirek/ujabb-helyszineken-folytatodhat-az-egeszsegugyi-dolgozok-oltasa,1094,,,
Hungary,2021-01-18,Pfizer/BioNTech,https://koronavirus.gov.hu/cikkek/573-fovel-emelkedett-beazonositott-fertozottek-szama-es-elhunyt-111-beteg,131332,129689,1643,
Hungary,2021-01-19,Pfizer/BioNTech,https://koronavirus.gov.hu/cikkek/976-fovel-emelkedett-beazonositott-fertozottek-szama-es-elhunyt-95-beteg,133257,130318,2939,
Hungary,2021-01-20,Pfizer/BioNTech,https://koronavirus.gov.hu/cikkek/1-410-fovel-emelkedett-beazonositott-fertozottek-szama-es-elhunyt-98-beteg,138584,134554,4030,
Hungary,2021-01-21,Pfizer/BioNTech,https://koronavirus.gov.hu/cikkek/1-311-fovel-emelkedett-beazonositott-fertozottek-szama-es-elhunyt-98-beteg,144798,138983,5815,
Hungary,2021-01-22,Pfizer/BioNTech,https://koronavirus.gov.hu/cikkek/1344-fovel-emelkedett-beazonositott-fertozottek-szama-es-elhunyt-93-beteg,150128,143184,6944,
Hungary,2021-01-23,Pfizer/BioNTech,https://koronavirus.gov.hu/cikkek/1257-fovel-emelkedett-beazonositott-fertozottek-szama-es-elhunyt-64-beteg,153392,145257,8135,
Hungary,2021-01-24,Pfizer/BioNTech,https://koronavirus.gov.hu/cikkek/844-fovel-emelkedett-beazonositott-fertozottek-szama-es-elhunyt-56-beteg,156098,146695,9403,
Hungary,2021-01-25,Pfizer/BioNTech,https://koronavirus.gov.hu/cikkek/459-fovel-emelkedett-beazonositott-fertozottek-szama-es-elhunyt-89-beteg,162315,149676,12639,
Hungary,2021-01-26,Pfizer/BioNTech,https://koronavirus.gov.hu/cikkek/1004-fovel-emelkedett-beazonositott-fertozottek-szama-es-elhunyt-85-beteg,170476,152704,17772,
Hungary,2021-01-27,Pfizer/BioNTech,https://koronavirus.gov.hu/cikkek/1569-fovel-emelkedett-beazonositott-fertozottek-szama-es-elhunyt-93-beteg,187508,161215,26293,
Hungary,2021-01-28,Pfizer/BioNTech,https://koronavirus.gov.hu/cikkek/1459-fovel-emelkedett-beazonositott-fertozottek-szama-es-elhunyt-83-beteg,213010,175283,37727,
Hungary,2021-01-29,Pfizer/BioNTech,https://koronavirus.gov.hu/cikkek/1370-fovel-emelkedett-beazonositott-fertozottek-szama-es-elhunyt-89-beteg,247889,198283,49606,
Hungary,2021-01-30,Pfizer/BioNTech,https://koronavirus.gov.hu/cikkek/1307-fovel-emelkedett-beazonositott-fertozottek-szama-es-elhunyt-61-beteg,278830,222005,56825,
Hungary,2021-01-31,Pfizer/BioNTech,https://koronavirus.gov.hu/cikkek/1124-fovel-emelkedett-beazonositott-fertozottek-szama-es-elhunyt-54-beteg,299138,237872,61266,
Hungary,2021-02-01,Pfizer/BioNTech,https://koronavirus.gov.hu/cikkek/578-fovel-emelkedett-beazonositott-fertozottek-szama-es-elhunyt-78-beteg,311662,243136,68526,
Hungary,2021-02-02,Pfizer/BioNTech,https://koronavirus.gov.hu/cikkek/1048-fovel-emelkedett-beazonositott-fertozottek-szama-es-elhunyt-83-beteg,322306,247270,75036,
Hungary,2021-02-03,Pfizer/BioNTech,https://koronavirus.gov.hu/cikkek/1652-fovel-emelkedett-beazonositott-fertozottek-szama-es-elhunyt-93-beteg,334130,249687,84452,
Hungary,2021-02-04,Pfizer/BioNTech,https://koronavirus.gov.hu/cikkek/1576-fovel-emelkedett-beazonositott-fertozottek-szama-es-elhunyt-98-beteg,357303,264530,92773,
Hungary,2021-02-05,Pfizer/BioNTech,https://koronavirus.gov.hu/cikkek/1561-fovel-emelkedett-beazonositott-fertozottek-szama-es-elhunyt-96-beteg,381062,279410,101652,
Hungary,2021-02-06,Pfizer/BioNTech,https://koronavirus.gov.hu/cikkek/1-370-fovel-emelkedett-beazonositott-fertozottek-szama-es-elhunyt-64-beteg,391621,286379,105242,
Hungary,2021-02-07,Pfizer/BioNTech,https://koronavirus.gov.hu/cikkek/1-160-fovel-emelkedett-beazonositott-fertozottek-szama-es-elhunyt-65-beteg,396634,289042,107592,
Hungary,2021-02-08,Pfizer/BioNTech,https://koronavirus.gov.hu/cikkek/1079-fovel-emelkedett-beazonositott-fertozottek-szama-es-elhunyt-94-beteg,401791,291396,110395,
Hungary,2021-02-09,Pfizer/BioNTech,https://koronavirus.gov.hu/cikkek/1279-fovel-emelkedett-beazonositott-fertozottek-szama-es-elhunyt-98-beteg,406197,292627,113570,
Hungary,2021-02-10,Pfizer/BioNTech,https://koronavirus.gov.hu/cikkek/1862-fovel-emelkedett-beazonositott-fertozottek-szama-es-elhunyt-97-beteg,411992,294624,117368,
Hungary,2021-02-11,Pfizer/BioNTech,https://koronavirus.gov.hu/cikkek/1860-fovel-emelkedett-beazonositott-fertozottek-szama-es-elhunyt-99-beteg,431097,310448,120649,
Hungary,2021-02-12,Pfizer/BioNTech,https://koronavirus.gov.hu/cikkek/2020-fovel-emelkedett-beazonositott-fertozottek-szama-es-elhunyt-93-beteg,455168,330745,124423,
Hungary,2021-02-13,Pfizer/BioNTech,https://koronavirus.gov.hu/cikkek/1707-fovel-emelkedett-beazonositott-fertozottek-szama-es-elhunyt-70-beteg,463383,335188,128195,
Hungary,2021-02-14,Pfizer/BioNTech,https://koronavirus.gov.hu/cikkek/1337-fovel-emelkedett-beazonositott-fertozottek-szama-es-elhunyt-46-beteg,465636,336297,129339,
Hungary,2021-02-15,Pfizer/BioNTech,https://koronavirus.gov.hu/cikkek/823-fovel-emelkedett-beazonositott-fertozottek-szama-es-elhunyt-85-beteg,473551,341958,131593,
Hungary,2021-02-16,Pfizer/BioNTech,https://koronavirus.gov.hu/cikkek/1548-fovel-emelkedett-beazonositott-fertozottek-szama-es-elhunyt-94-beteg,483751,348927,134824,
Hungary,2021-02-17,Pfizer/BioNTech,https://koronavirus.gov.hu/cikkek/2853-fovel-emelkedett-beazonositott-fertozottek-szama-es-elhunyt-104-beteg,506044,365021,141023,
Hungary,2021-02-18,Pfizer/BioNTech,https://koronavirus.gov.hu/cikkek/3093-fovel-emelkedett-beazonositott-fertozottek-szama-es-elhunyt-110-beteg,544253,391821,152432,
Hungary,2021-02-19,Pfizer/BioNTech,https://koronavirus.gov.hu/cikkek/2995-fovel-emelkedett-beazonositott-fertozottek-szama-es-elhunyt-107-beteg,600048,427309,172739,
Hungary,2021-02-20,Pfizer/BioNTech,https://koronavirus.gov.hu/cikkek/2912-fovel-emelkedett-beazonositott-fertozottek-szama-es-elhunyt-47-beteg,636240,445535,190705,
Hungary,2021-02-21,Pfizer/BioNTech,https://koronavirus.gov.hu/cikkek/2623-fovel-emelkedett-beazonositott-fertozottek-szama-es-elhunyt-48-beteg,654462,453457,201005,
Hungary,2021-02-22,"Moderna, Oxford/AstraZeneca, Pfizer/BioNTech, Sinopharm/Beijing, Sputnik V",https://koronavirus.gov.hu/cikkek/1628-fovel-emelkedett-beazonositott-fertozottek-szama-es-elhunyt-103-beteg,662816,457096,205720,
Hungary,2021-02-23,"Moderna, Oxford/AstraZeneca, Pfizer/BioNTech, Sinopharm/Beijing, Sputnik V",https://koronavirus.gov.hu/cikkek/2855-fovel-emelkedett-beazonositott-fertozottek-szama-es-elhunyt-102-beteg,679850,471004,208846,
Hungary,2021-02-24,"Moderna, Oxford/AstraZeneca, Pfizer/BioNTech, Sinopharm/Beijing, Sputnik V",https://koronavirus.gov.hu/cikkek/4385-fovel-emelkedett-beazonositott-fertozottek-szama-es-elhunyt-120-beteg,719146,508043,211073,
Hungary,2021-02-25,"Moderna, Oxford/AstraZeneca, Pfizer/BioNTech, Sinopharm/Beijing, Sputnik V",https://koronavirus.gov.hu/cikkek/4668-fovel-emelkedett-beazonositott-fertozottek-szama-es-elhunyt-123-beteg,761905,521283,240622,
Hungary,2021-02-26,"Moderna, Oxford/AstraZeneca, Pfizer/BioNTech, Sinopharm/Beijing, Sputnik V",https://koronavirus.gov.hu/cikkek/4948-fovel-emelkedett-beazonositott-fertozottek-szama-es-elhunyt-107-beteg,808008,563601,244407,
Hungary,2021-02-27,"Moderna, Oxford/AstraZeneca, Pfizer/BioNTech, Sinopharm/Beijing, Sputnik V",https://koronavirus.gov.hu/cikkek/4-469-fovel-emelkedett-beazonositott-fertozottek-szama-es-elhunyt-72-beteg,927181,677682,249499,
Hungary,2021-02-28,"Moderna, Oxford/AstraZeneca, Pfizer/BioNTech, Sinopharm/Beijing, Sputnik V",https://koronavirus.gov.hu/cikkek/4326-fovel-emelkedett-beazonositott-fertozottek-szama-es-elhunyt-84-beteg,936938,685247,251691,
Hungary,2021-03-01,"Moderna, Oxford/AstraZeneca, Pfizer/BioNTech, Sinopharm/Beijing, Sputnik V",https://koronavirus.gov.hu/cikkek/tobb-mint-721-ezer-beoltottak-szama-2764-az-uj-fertozott-es-elhunyt-130-beteg,974524,721677,252847,
Hungary,2021-03-02,"Moderna, Oxford/AstraZeneca, Pfizer/BioNTech, Sinopharm/Beijing, Sputnik V",https://koronavirus.gov.hu/cikkek/tobb-mint-758-ezer-beoltottak-szama-4211-az-uj-fertozott-es-elhunyt-136-beteg,1011405,758037,253368,
Hungary,2021-03-03,"Moderna, Oxford/AstraZeneca, Pfizer/BioNTech, Sinopharm/Beijing, Sputnik V",https://koronavirus.gov.hu/cikkek/tobb-mint-785-ezer-beoltottak-szama-6278-az-uj-fertozott-es-elhunyt-152-beteg,1052593,785440,267153,
Hungary,2021-03-04,"Moderna, Oxford/AstraZeneca, Pfizer/BioNTech, Sinopharm/Beijing, Sputnik V",https://koronavirus.gov.hu/cikkek/tobb-mint-862-953-ezer-beoltottak-szama-6369-az-uj-fertozott-es-elhunyt-143-beteg,1142680,862953,279727,
Hungary,2021-03-05,"Moderna, Oxford/AstraZeneca, Pfizer/BioNTech, Sinopharm/Beijing, Sputnik V",https://koronavirus.gov.hu/cikkek/949-497-beoltottak-szama-7269-az-uj-fertozott-es-elhunyt-146-beteg,1254377,949497,304880,
Hungary,2021-03-06,"Moderna, Oxford/AstraZeneca, Pfizer/BioNTech, Sinopharm/Beijing, Sputnik V",https://koronavirus.gov.hu/cikkek/981-401-beoltottak-szama-6201-az-uj-fertozott-es-elhunyt-108-beteg,1288974,981401,307573,
Hungary,2021-03-07,"Moderna, Oxford/AstraZeneca, Pfizer/BioNTech, Sinopharm/Beijing, Sputnik V",https://www.youtube.com/watch?v=KcUesSdS0qs,1310643,1002714,307929,
Hungary,2021-03-08,"Moderna, Oxford/AstraZeneca, Pfizer/BioNTech, Sinopharm/Beijing, Sputnik V",https://koronavirus.gov.hu/cikkek/1-millio-47-ezer-beoltottak-szama-6494-az-uj-fertozott-es-elhunyt-158-beteg,1361530,1047045,314485,
Hungary,2021-03-09,"Moderna, Oxford/AstraZeneca, Pfizer/BioNTech, Sinopharm/Beijing, Sputnik V",https://koronavirus.gov.hu/cikkek/11-millio-beoltottak-szama-5653-az-uj-fertozott-es-elhunyt-179-beteg,1425697,1107791,317906,
Hungary,2021-03-10,"Moderna, Oxford/AstraZeneca, Pfizer/BioNTech, Sinopharm/Beijing, Sputnik V",https://koronavirus.gov.hu/cikkek/1-millio-150-ezer-beoltottak-szama-8312-az-uj-fertozott-es-elhunyt-172-beteg,1476985,1149557,327428,
Hungary,2021-03-11,"Moderna, Oxford/AstraZeneca, Pfizer/BioNTech, Sinopharm/Beijing, Sputnik V",https://koronavirus.gov.hu/cikkek/1-millio-230-ezer-beoltottak-szama-9011-az-uj-fertozott-es-elhunyt-130-beteg,1581521,1229827,351694,
Hungary,2021-03-12,"Moderna, Oxford/AstraZeneca, Pfizer/BioNTech, Sinopharm/Beijing, Sputnik V",https://koronavirus.gov.hu/cikkek/1-millio-293-ezer-beoltottak-szama-9444-az-uj-fertozott-es-elhunyt-163-beteg,1670757,1293414,377343,
Hungary,2021-03-13,"Moderna, Oxford/AstraZeneca, Pfizer/BioNTech, Sinopharm/Beijing, Sputnik V",https://koronavirus.gov.hu/cikkek/1-millio-319-ezer-beoltottak-szama-8863-az-uj-fertozott-es-elhunyt-162-beteg,1711969,1319266,392703,
Hungary,2021-03-14,"Moderna, Oxford/AstraZeneca, Pfizer/BioNTech, Sinopharm/Beijing, Sputnik V",https://koronavirus.gov.hu/cikkek/1-millio-334-ezer-beoltottak-szama-7706-az-uj-fertozott-es-elhunyt-131-beteg,1733557,1334595,398962,
Hungary,2021-03-15,"Moderna, Oxford/AstraZeneca, Pfizer/BioNTech, Sinopharm/Beijing, Sputnik V",https://koronavirus.gov.hu/cikkek/1-millio-347-ezer-beoltottak-szama-4926-az-uj-fertozott-es-elhunyt-143-beteg,1746578,1347073,399505,
Hungary,2021-03-16,"Moderna, Oxford/AstraZeneca, Pfizer/BioNTech, Sinopharm/Beijing, Sputnik V",https://koronavirus.gov.hu/cikkek/1-millio-397-ezer-beoltottak-szama-3456-az-uj-fertozott-es-elhunyt-195-beteg,1804088,1397342,406746,
Hungary,2021-03-17,"Moderna, Oxford/AstraZeneca, Pfizer/BioNTech, Sinopharm/Beijing, Sputnik V",https://koronavirus.gov.hu/cikkek/1-millio-442-ezer-beoltottak-szama-6502-az-uj-fertozott-es-elhunyt-207-beteg,1863621,1441706,421915,
Hungary,2021-03-18,"Moderna, Oxford/AstraZeneca, Pfizer/BioNTech, Sinopharm/Beijing, Sputnik V",https://koronavirus.gov.hu/cikkek/1-millio-478-ezer-beoltottak-szama-10-759-az-uj-fertozott-es-elhunyt-213-beteg,1922005,1477554,444451,
Hungary,2021-03-19,"Moderna, Oxford/AstraZeneca, Pfizer/BioNTech, Sinopharm/Beijing, Sputnik V",https://koronavirus.gov.hu/cikkek/1-millio-520-ezer-beoltottak-szama-11-132-az-uj-fertozott-es-elhunyt-227-beteg,1985993,1520350,465643,
Hungary,2021-03-20,"Moderna, Oxford/AstraZeneca, Pfizer/BioNTech, Sinopharm/Beijing, Sputnik V",https://koronavirus.gov.hu/cikkek/1-millio-563-ezer-beoltottak-szama-10-625-az-uj-fertozott-es-elhunyt-194-beteg,2038133,1563242,474891,
Hungary,2021-03-21,"Moderna, Oxford/AstraZeneca, Pfizer/BioNTech, Sinopharm/Beijing, Sputnik V",https://koronavirus.gov.hu/cikkek/1-millio-590-ezer-beoltottak-szama-9046-az-uj-fertozott-es-elhunyt-189-beteg,2068990,1589601,479389,
Hungary,2021-03-22,"Moderna, Oxford/AstraZeneca, Pfizer/BioNTech, Sinopharm/Beijing, Sputnik V",https://koronavirus.gov.hu/cikkek/1-millio-636-ezer-beoltottak-szama-5481-az-uj-fertozott-es-elhunyt-252-beteg,2118256,1636436,481820,
Hungary,2021-03-23,"Moderna, Oxford/AstraZeneca, Pfizer/BioNTech, Sinopharm/Beijing, Sputnik V",https://koronavirus.gov.hu/cikkek/1-millio-696-ezer-beoltottak-szama-7587-az-uj-fertozott-es-elhunyt-249-beteg,2190630,1696110,494520,
Hungary,2021-03-24,"Moderna, Oxford/AstraZeneca, Pfizer/BioNTech, Sinopharm/Beijing, Sputnik V",https://koronavirus.gov.hu/cikkek/1-millio-747-ezer-beoltottak-szama-9637-az-uj-fertozott-es-elhunyt-272-beteg,2272123,1747519,524604,
Hungary,2021-03-25,"Moderna, Oxford/AstraZeneca, Pfizer/BioNTech, Sinopharm/Beijing, Sputnik V",https://koronavirus.gov.hu/cikkek/1-millio-803-ezer-beoltottak-szama-11-265-az-uj-fertozott-es-elhunyt-275-beteg,2398215,1803553,594662,
Hungary,2021-03-26,"Moderna, Oxford/AstraZeneca, Pfizer/BioNTech, Sinopharm/Beijing, Sputnik V",https://koronavirus.gov.hu/cikkek/1-millio-870-ezer-beoltottak-szama-10-167-az-uj-fertozott-es-elhunyt-253-beteg,2537934,1870631,667303,
Hungary,2021-03-27,"Moderna, Oxford/AstraZeneca, Pfizer/BioNTech, Sinopharm/Beijing, Sputnik V",https://koronavirus.gov.hu/cikkek/1-millio-903-ezer-beoltottak-szama-9082-az-uj-fertozott-es-elhunyt-220-beteg,2589469,1903498,685971,
Hungary,2021-03-28,"Moderna, Oxford/AstraZeneca, Pfizer/BioNTech, Sinopharm/Beijing, Sputnik V",https://koronavirus.gov.hu/cikkek/1-millio-920-ezer-beoltottak-szama-7263-az-uj-fertozott-es-elhunyt-189-beteg,2609739,1920347,689392,
Hungary,2021-03-30,"Moderna, Oxford/AstraZeneca, Pfizer/BioNTech, Sinopharm/Beijing, Sputnik V",https://koronavirus.gov.hu/cikkek/2-millio-11-ezer-beoltott-6700-az-uj-fertozott-elhunyt-302-beteg,2764216,2011029,753187,
Hungary,2021-03-31,"Moderna, Oxford/AstraZeneca, Pfizer/BioNTech, Sinopharm/Beijing, Sputnik V",https://koronavirus.gov.hu/cikkek/2-millio-65-ezer-beoltott-9288-az-uj-fertozott-elhunyt-258-beteg,2853155,2065948,787207,
Hungary,2021-04-01,"Moderna, Oxford/AstraZeneca, Pfizer/BioNTech, Sinopharm/Beijing, Sputnik V",https://koronavirus.gov.hu/cikkek/2-millio-156-ezer-beoltott-9055-az-uj-fertozott-elhunyt-267-beteg,3019875,2156680,863195,
Hungary,2021-04-02,"Moderna, Oxford/AstraZeneca, Pfizer/BioNTech, Sinopharm/Beijing, Sputnik V",https://koronavirus.gov.hu/cikkek/2-millio-236-ezer-beoltott-8637-az-uj-fertozott-elhunyt-242-beteg,3126733,2235731,891002,
Hungary,2021-04-03,"Moderna, Oxford/AstraZeneca, Pfizer/BioNTech, Sinopharm/Beijing, Sputnik V",https://koronavirus.gov.hu/cikkek/2-millio-312-ezer-beoltott-6566-az-uj-fertozott-elhunyt-211-beteg,3217618,2312501,905117,
Hungary,2021-04-04,"Moderna, Oxford/AstraZeneca, Pfizer/BioNTech, Sinopharm/Beijing, Sputnik V",https://koronavirus.gov.hu/cikkek/2-millio-363-ezer-beoltott-3874-az-uj-fertozott-elhunyt-213-beteg,3275851,2362839,913012,
Hungary,2021-04-05,"Moderna, Oxford/AstraZeneca, Pfizer/BioNTech, Sinopharm/Beijing, Sputnik V",https://koronavirus.gov.hu/cikkek/2-millio-432-ezer-beoltott-1890-az-uj-fertozott-elhunyt-170-beteg,3355199,2432313,922886,
Hungary,2021-04-06,"Moderna, Oxford/AstraZeneca, Pfizer/BioNTech, Sinopharm/Beijing, Sputnik V",https://koronavirus.gov.hu/cikkek/2-millio-537-ezer-beoltott-1933-az-uj-fertozott-elhunyt-311-beteg,3542687,2536751,1005936,
Hungary,2021-04-07,"Moderna, Oxford/AstraZeneca, Pfizer/BioNTech, Sinopharm/Beijing, Sputnik V",https://koronavirus.gov.hu/cikkek/2-millio-608-ezer-beoltott-4814-az-uj-fertozott-elhunyt-272-beteg,3686031,2608084,1077947,
Hungary,2021-04-08,"Moderna, Oxford/AstraZeneca, Pfizer/BioNTech, Sinopharm/Beijing, Sputnik V",https://koronavirus.gov.hu/cikkek/2-millio-689-ezer-beoltott-7325-az-uj-fertozott-elhunyt-285-beteg,3815241,2689102,1126139,
Hungary,2021-04-09,"Moderna, Oxford/AstraZeneca, Pfizer/BioNTech, Sinopharm/Beijing, Sputnik V",https://koronavirus.gov.hu/cikkek/2-millio-760-ezer-beoltott-8053-az-uj-fertozott-elhunyt-245-beteg,3932413,2760938,1171475,
Hungary,2021-04-10,"Moderna, Oxford/AstraZeneca, Pfizer/BioNTech, Sinopharm/Beijing, Sputnik V",https://koronavirus.gov.hu/cikkek/2-millio-836-ezer-beoltott-6296-az-uj-fertozott-elhunyt-206-beteg,4033579,2835894,1197685,
Hungary,2021-04-11,"Moderna, Oxford/AstraZeneca, Pfizer/BioNTech, Sinopharm/Beijing, Sputnik V",https://koronavirus.gov.hu/cikkek/2-millio-900-ezer-beoltott-5077-az-uj-fertozott-elhunyt-291-beteg,4117641,2900383,1217258,
Hungary,2021-04-12,"Moderna, Oxford/AstraZeneca, Pfizer/BioNTech, Sinopharm/Beijing, Sputnik V",https://koronavirus.gov.hu/cikkek/2-millio-970-ezer-beoltott-2837-az-uj-fertozott-elhunyt-272-beteg,4220229,2969647,1250582,
Hungary,2021-04-13,"Moderna, Oxford/AstraZeneca, Pfizer/BioNTech, Sinopharm/Beijing, Sputnik V",https://koronavirus.gov.hu/cikkek/3-millio-37-ezer-beoltott-3597-az-uj-fertozott-elhunyt-285-beteg,4327732,3037023,1290709,
Hungary,2021-04-14,"Moderna, Oxford/AstraZeneca, Pfizer/BioNTech, Sinopharm/Beijing, Sputnik V",https://koronavirus.gov.hu/cikkek/3-millio-90-ezer-beoltott-5307-az-uj-fertozott-elhunyt-256-beteg,4416581,3090994,1325587,
Hungary,2021-04-17,"Moderna, Oxford/AstraZeneca, Pfizer/BioNTech, Sinopharm/Beijing, Sputnik V",https://koronavirus.gov.hu/cikkek/3-millio-252-ezer-beoltott-3706-az-uj-fertozott-elhunyt-205-beteg,4638477,3252579,1385898,
Hungary,2021-04-18,"Moderna, Oxford/AstraZeneca, Pfizer/BioNTech, Sinopharm/Beijing, Sputnik V",https://koronavirus.gov.hu/cikkek/3-millio-266-ezer-beoltott-2680-az-uj-fertozott-elhunyt-197-beteg,4657806,3266425,1391381,
Hungary,2021-04-19,"Moderna, Oxford/AstraZeneca, Pfizer/BioNTech, Sinopharm/Beijing, Sputnik V",https://koronavirus.gov.hu/cikkek/3-millio-317-ezer-beoltott-1645-az-uj-fertozott-elhunyt-199-beteg,4717755,3317052,1400703,
Hungary,2021-04-20,"Moderna, Oxford/AstraZeneca, Pfizer/BioNTech, Sinopharm/Beijing, Sputnik V",https://koronavirus.gov.hu/cikkek/3-millio-363-ezer-beoltott-2527-az-uj-fertozott-elhunyt-207-beteg,4788720,3363596,1425124,
Hungary,2021-04-21,"Moderna, Oxford/AstraZeneca, Pfizer/BioNTech, Sinopharm/Beijing, Sputnik V",https://koronavirus.gov.hu/cikkek/3-millio-419-ezer-beoltott-3607-az-uj-fertozott-elhunyt-214-beteg,4872750,3419450,1453300,
Hungary,2021-04-22,"Moderna, Oxford/AstraZeneca, Pfizer/BioNTech, Sinopharm/Beijing, Sputnik V",https://koronavirus.gov.hu/cikkek/3-millio-509-ezer-beoltott-3427-az-uj-fertozott-elhunyt-207-beteg,4999342,3508846,1490478,
Hungary,2021-04-23,"Moderna, Oxford/AstraZeneca, Pfizer/BioNTech, Sinopharm/Beijing, Sputnik V",https://koronavirus.gov.hu/cikkek/3-millio-577-ezer-beoltott-2796-az-uj-fertozott-elhunyt-212-beteg,5129390,3576705,1552685,
Hungary,2021-04-25,"Moderna, Oxford/AstraZeneca, Pfizer/BioNTech, Sinopharm/Beijing, Sputnik V",https://koronavirus.gov.hu/cikkek/3-millio-604-ezer-beoltott-1936-az-uj-fertozott-elhunyt-176-beteg,5268968,3603901,1665067,
Hungary,2021-04-26,"Moderna, Oxford/AstraZeneca, Pfizer/BioNTech, Sinopharm/Beijing, Sputnik V",https://koronavirus.gov.hu/cikkek/3-millio-680-ezer-beoltott-1253-az-uj-fertozott-elhunyt-183-beteg,5391453,3679730,1711723,
Hungary,2021-04-27,"Moderna, Oxford/AstraZeneca, Pfizer/BioNTech, Sinopharm/Beijing, Sputnik V",https://koronavirus.gov.hu/cikkek/3-millio-774-ezer-beoltott-1692-az-uj-fertozott-elhunyt-188-beteg,5548121,3774221,1773900,
Hungary,2021-04-28,"Moderna, Oxford/AstraZeneca, Pfizer/BioNTech, Sinopharm/Beijing, Sputnik V",https://koronavirus.gov.hu/cikkek/3-millio-870-ezer-beoltott-2584-az-uj-fertozott-elhunyt-186-beteg,5692877,3870222,1822655,
Hungary,2021-04-29,"Moderna, Oxford/AstraZeneca, Pfizer/BioNTech, Sinopharm/Beijing, Sputnik V",https://koronavirus.gov.hu/cikkek/3-millio-913-ezer-beoltott-2365-az-uj-fertozott-elhunyt-182-beteg,5794447,3913550,1880897,
Hungary,2021-04-30,"Moderna, Oxford/AstraZeneca, Pfizer/BioNTech, Sinopharm/Beijing, Sputnik V",https://koronavirus.gov.hu/cikkek/4-millio-23-ezer-beoltott-1951-az-uj-fertozott-elhunyt-161-beteg,5971865,4023137,1948728,
Hungary,2021-05-01,"Moderna, Oxford/AstraZeneca, Pfizer/BioNTech, Sinopharm/Beijing, Sputnik V",https://koronavirus.gov.hu/cikkek/4-millio-64-ezer-beoltott-1593-az-uj-fertozott-elhunyt-101-beteg,6080554,4064204,2016350,
Hungary,2021-05-02,"Moderna, Oxford/AstraZeneca, Pfizer/BioNTech, Sinopharm/Beijing, Sputnik V",https://koronavirus.gov.hu/cikkek/4-millio-73-ezer-beoltott-1219-az-uj-fertozott-elhunyt-106-beteg,6150309,4073149,2077160,
Hungary,2021-05-03,"Moderna, Oxford/AstraZeneca, Pfizer/BioNTech, Sinopharm/Beijing, Sputnik V",https://koronavirus.gov.hu/cikkek/4-millio-99-ezer-beoltott-726-az-uj-fertozott-elhunyt-137-beteg,6257132,4099495,2157637,
Hungary,2021-05-04,"Moderna, Oxford/AstraZeneca, Pfizer/BioNTech, Sinopharm/Beijing, Sputnik V",https://koronavirus.gov.hu/cikkek/4-millio-123-ezer-beoltott-1130-az-uj-fertozott-elhunyt-128-beteg,6372472,4123697,2248775,
Hungary,2021-05-05,"Moderna, Oxford/AstraZeneca, Pfizer/BioNTech, Sinopharm/Beijing, Sputnik V",https://koronavirus.gov.hu/cikkek/4-millio-153-ezer-beoltott-1680-az-uj-fertozott-elhunyt-124-beteg,6468466,4153038,2315428,
Hungary,2021-05-06,"Moderna, Oxford/AstraZeneca, Pfizer/BioNTech, Sinopharm/Beijing, Sputnik V",https://koronavirus.gov.hu/cikkek/4-millio-204-ezer-beoltott-1541-az-uj-fertozott-elhunyt-106-beteg,6610557,4203873,2406684,
Hungary,2021-05-07,"Moderna, Oxford/AstraZeneca, Pfizer/BioNTech, Sinopharm/Beijing, Sputnik V",https://koronavirus.gov.hu/cikkek/4-millio-262-ezer-beoltott-1376-az-uj-fertozott-elhunyt-101-beteg,6714425,4261822,2452603,
Hungary,2021-05-08,"Moderna, Oxford/AstraZeneca, Pfizer/BioNTech, Sinopharm/Beijing, Sputnik V",https://koronavirus.gov.hu/cikkek/4-millio-289-ezer-beoltott-1145-az-uj-fertozott-elhunyt-98-beteg,6776759,4288641,2488118,
Hungary,2021-05-09,"Moderna, Oxford/AstraZeneca, Pfizer/BioNTech, Sinopharm/Beijing, Sputnik V",https://koronavirus.gov.hu/cikkek/4-millio-306-ezer-beoltott-677-az-uj-fertozott-elhunyt-91-beteg,6809350,4305775,2503575,
Hungary,2021-05-10,"Moderna, Oxford/AstraZeneca, Pfizer/BioNTech, Sinopharm/Beijing, Sputnik V",https://koronavirus.gov.hu/cikkek/4-millio-346-ezer-beoltott-493-az-uj-fertozott-elhunyt-99-beteg,6876236,4346089,2530147,
Hungary,2021-05-12,"Moderna, Oxford/AstraZeneca, Pfizer/BioNTech, Sinopharm/Beijing, Sputnik V",https://koronavirus.gov.hu/cikkek/4-millio-421-ezer-beoltott-1416-az-uj-fertozott-elhunyt-82-beteg,7005646,4420767,2584879,
Hungary,2021-05-13,"Moderna, Oxford/AstraZeneca, Pfizer/BioNTech, Sinopharm/Beijing, Sputnik V",https://koronavirus.gov.hu/cikkek/4-millio-483-ezer-beoltott-1190-az-uj-fertozott-elhunyt-71-beteg,7110455,4483598,2626857,
Hungary,2021-05-14,"Moderna, Oxford/AstraZeneca, Pfizer/BioNTech, Sinopharm/Beijing, Sputnik V",https://koronavirus.gov.hu/cikkek/4-millio-555-ezer-beoltott-1039-az-uj-fertozott-elhunyt-73-beteg,7211350,4554679,2656671,
Hungary,2021-05-15,"Moderna, Oxford/AstraZeneca, Pfizer/BioNTech, Sinopharm/Beijing, Sputnik V",https://koronavirus.gov.hu/cikkek/4-millio-600-ezer-beoltott-718-az-uj-fertozott-elhunyt-61-beteg,7301801,4600012,2701789,
Hungary,2021-05-16,"Moderna, Oxford/AstraZeneca, Pfizer/BioNTech, Sinopharm/Beijing, Sputnik V",https://koronavirus.gov.hu/cikkek/4-millio-639-ezer-beoltott-426-az-uj-fertozott-elhunyt-38-beteg,7366464,4639299,2727165,
Hungary,2021-05-17,"Moderna, Oxford/AstraZeneca, Pfizer/BioNTech, Sinopharm/Beijing, Sputnik V",https://koronavirus.gov.hu/cikkek/4-millio-715-ezer-beoltott-382-az-uj-fertozott-elhunyt-64-beteg,7464227,4714992,2749235,
Hungary,2021-05-18,"Moderna, Oxford/AstraZeneca, Pfizer/BioNTech, Sinopharm/Beijing, Sputnik V",https://koronavirus.gov.hu/cikkek/4-millio-791-ezer-beoltott-633-az-uj-fertozott-elhunyt-52-beteg,7565412,4790996,2774416,
Hungary,2021-05-19,"Moderna, Oxford/AstraZeneca, Pfizer/BioNTech, Sinopharm/Beijing, Sputnik V",https://koronavirus.gov.hu/cikkek/4-millio-830-ezer-beoltott-780-az-uj-fertozott-elhunyt-51-beteg,7644400,4829595,2814805,
Hungary,2021-05-20,"Moderna, Oxford/AstraZeneca, Pfizer/BioNTech, Sinopharm/Beijing, Sputnik V",https://koronavirus.gov.hu/cikkek/4-millio-899-ezer-beoltott-657-az-uj-fertozott-elhunyt-47-beteg,7785158,4898866,2886292,
Hungary,2021-05-21,"Moderna, Oxford/AstraZeneca, Pfizer/BioNTech, Sinopharm/Beijing, Sputnik V",https://koronavirus.gov.hu/cikkek/4-millio-969-ezer-beoltott-647-az-uj-fertozott-elhunyt-48-beteg,7936671,4969321,2967350,
Hungary,2021-05-22,"Moderna, Oxford/AstraZeneca, Pfizer/BioNTech, Sinopharm/Beijing, Sputnik V",https://koronavirus.gov.hu/cikkek/5-millio-6-ezer-beoltott-416-az-uj-fertozott-elhunyt-44-beteg,8006671,5005682,3000989,
Hungary,2021-05-23,"Moderna, Oxford/AstraZeneca, Pfizer/BioNTech, Sinopharm/Beijing, Sputnik V",https://koronavirus.gov.hu/cikkek/5-millio-23-ezer-beoltott-258-az-uj-fertozott-elhunyt-41-beteg,8035628,5023145,3012484,
Hungary,2021-05-24,"Moderna, Oxford/AstraZeneca, Pfizer/BioNTech, Sinopharm/Beijing, Sputnik V",https://koronavirus.gov.hu/cikkek/5-millio-27-ezer-beoltott-164-az-uj-fertozott-elhunyt-21-beteg,8099469,5026529,3072940,
Hungary,2021-05-25,"Moderna, Oxford/AstraZeneca, Pfizer/BioNTech, Sinopharm/Beijing, Sputnik V",https://koronavirus.gov.hu/cikkek/5-millio-40-ezer-beoltott-213-az-uj-fertozott-elhunyt-41-beteg,8236826,5040222,3196604,
Hungary,2021-05-26,"Moderna, Oxford/AstraZeneca, Pfizer/BioNTech, Sinopharm/Beijing, Sputnik V",https://koronavirus.gov.hu/cikkek/5-millio-56-ezer-beoltott-396-az-uj-fertozott-elhunyt-32-beteg,8384309,5056262,3328047,
Hungary,2021-05-27,"Moderna, Oxford/AstraZeneca, Pfizer/BioNTech, Sinopharm/Beijing, Sputnik V",https://koronavirus.gov.hu/cikkek/5-millio-85-ezer-beoltott-448-az-uj-fertozott-elhunyt-28-beteg,8530199,5084642,3445557,
Hungary,2021-05-28,"Moderna, Oxford/AstraZeneca, Pfizer/BioNTech, Sinopharm/Beijing, Sputnik V",https://koronavirus.gov.hu/cikkek/5-millio-120-ezer-beoltott-465-az-uj-fertozott-elhunyt-27-beteg,8659977,5120109,3539868,
Hungary,2021-05-29,"Moderna, Oxford/AstraZeneca, Pfizer/BioNTech, Sinopharm/Beijing, Sputnik V",https://koronavirus.gov.hu/cikkek/5-millio-137-ezer-beoltott-350-az-uj-fertozott-elhunyt-19-beteg,8719578,5137031,3582547,
Hungary,2021-05-30,"Moderna, Oxford/AstraZeneca, Pfizer/BioNTech, Sinopharm/Beijing, Sputnik V",https://koronavirus.gov.hu/cikkek/5-millio-147-ezer-beoltott-156-az-uj-fertozott-elhunyt-5-beteg,8758639,5146949,3611690,
Hungary,2021-05-31,"Moderna, Oxford/AstraZeneca, Pfizer/BioNTech, Sinopharm/Beijing, Sputnik V",https://koronavirus.gov.hu/cikkek/5-millio-177-ezer-beoltott-174-az-uj-fertozott-elhunyt-28-beteg,8832277,5176630,3655647,
Hungary,2021-06-01,"Moderna, Oxford/AstraZeneca, Pfizer/BioNTech, Sinopharm/Beijing, Sputnik V",https://koronavirus.gov.hu/cikkek/5-millio-207-ezer-beoltott-275-az-uj-fertozott-elhunyt-13-beteg,8901553,5206951,3694602,
Hungary,2021-06-02,"Moderna, Oxford/AstraZeneca, Pfizer/BioNTech, Sinopharm/Beijing, Sputnik V",https://koronavirus.gov.hu/cikkek/5-millio-227-ezer-beoltott-315-az-uj-fertozott-elhunyt-18-beteg,8959570,5227318,3732252,
Hungary,2021-06-03,"Moderna, Oxford/AstraZeneca, Pfizer/BioNTech, Sinopharm/Beijing, Sputnik V",https://koronavirus.gov.hu/cikkek/5-millio-239-ezer-beoltott-269-az-uj-fertozott-elhunyt-26-beteg,9053097,5238903,3814194,
Hungary,2021-06-05,"Moderna, Oxford/AstraZeneca, Pfizer/BioNTech, Sinopharm/Beijing, Sputnik V",https://koronavirus.gov.hu/cikkek/5-millio-260-ezer-beoltott-137-az-uj-fertozott-elhunyt-12-beteg,9249943,5260418,3989525,
Hungary,2021-06-06,"Johnson&Johnson, Moderna, Oxford/AstraZeneca, Pfizer/BioNTech, Sinopharm/Beijing, Sputnik V",https://koronavirus.gov.hu//cikkek/5-millio-262-ezer-beoltott-81-az-uj-fertozott-elhunyt-12-beteg,,5261781,3994595,
Hungary,2021-06-07,"Johnson&Johnson, Moderna, Oxford/AstraZeneca, Pfizer/BioNTech, Sinopharm/Beijing, Sputnik V",https://koronavirus.gov.hu//cikkek/5-millio-279-ezer-beoltott-117-az-uj-fertozott-elhunyt-17-beteg,,5278680,4027056,
Hungary,2021-06-08,"Johnson&Johnson, Moderna, Oxford/AstraZeneca, Pfizer/BioNTech, Sinopharm/Beijing, Sputnik V",https://koronavirus.gov.hu//cikkek/5-millio-297-ezer-beoltott-179-az-uj-fertozott-elhunyt-6-beteg,,5296926,4073520,
Hungary,2021-06-09,"Johnson&Johnson, Moderna, Oxford/AstraZeneca, Pfizer/BioNTech, Sinopharm/Beijing, Sputnik V",https://koronavirus.gov.hu//cikkek/5-millio-311-ezer-beoltott-206-az-uj-fertozott-elhunyt-7-beteg,,5311475,4112876,
Hungary,2021-06-10,"Johnson&Johnson, Moderna, Oxford/AstraZeneca, Pfizer/BioNTech, Sinopharm/Beijing, Sputnik V",https://koronavirus.gov.hu//cikkek/5-millio-325-ezer-beoltott-199-az-uj-fertozott-elhunyt-8-beteg,,5324996,4157681,
Hungary,2021-06-13,"Johnson&Johnson, Moderna, Oxford/AstraZeneca, Pfizer/BioNTech, Sinopharm/Beijing, Sputnik V",https://koronavirus.gov.hu//cikkek/5-millio-342-ezer-beoltott-255-az-uj-fertozott-elhunyt-21-beteg,,5342379,4208619,
Hungary,2021-06-14,"Johnson&Johnson, Moderna, Oxford/AstraZeneca, Pfizer/BioNTech, Sinopharm/Beijing, Sputnik V",https://koronavirus.gov.hu//cikkek/5-millio-352-ezer-beoltott-57-az-uj-fertozott-elhunyt-10-beteg,,5351972,4240264,
Hungary,2021-06-15,"Johnson&Johnson, Moderna, Oxford/AstraZeneca, Pfizer/BioNTech, Sinopharm/Beijing, Sputnik V",https://koronavirus.gov.hu//cikkek/5-millio-363-ezer-beoltott-107-az-uj-fertozott-elhunyt-9-beteg,,5363124,4271990,
Hungary,2021-06-16,"Johnson&Johnson, Moderna, Oxford/AstraZeneca, Pfizer/BioNTech, Sinopharm/Beijing, Sputnik V",https://koronavirus.gov.hu//cikkek/5-millio-376-ezer-beoltott-113-az-uj-fertozott-elhunyt-4-beteg,,5375923,4299073,
Hungary,2021-06-17,"Johnson&Johnson, Moderna, Oxford/AstraZeneca, Pfizer/BioNTech, Sinopharm/Beijing, Sputnik V",https://koronavirus.gov.hu//cikkek/5-millio-389-ezer-beoltott-106-az-uj-fertozott-elhunyt-2-beteg,,5389058,4360313,
Hungary,2021-06-20,"Johnson&Johnson, Moderna, Oxford/AstraZeneca, Pfizer/BioNTech, Sinopharm/Beijing, Sputnik V",https://koronavirus.gov.hu//cikkek/5-millio-411-ezer-beoltott-202-az-uj-fertozott-elhunyt-9-beteg,,5411431,4491113,
Hungary,2021-06-21,"Johnson&Johnson, Moderna, Oxford/AstraZeneca, Pfizer/BioNTech, Sinopharm/Beijing, Sputnik V",https://koronavirus.gov.hu//cikkek/5-millio-421-ezer-beoltott-54-az-uj-fertozott-elhunyt-4-beteg,,5421230,4555029,
Hungary,2021-06-22,"Johnson&Johnson, Moderna, Oxford/AstraZeneca, Pfizer/BioNTech, Sinopharm/Beijing, Sputnik V",https://koronavirus.gov.hu//cikkek/5-millio-432-ezer-beoltott-91-az-uj-fertozott-elhunyt-8-beteg,,5431713,4619877,
Hungary,2021-06-23,"Johnson&Johnson, Moderna, Oxford/AstraZeneca, Pfizer/BioNTech, Sinopharm/Beijing, Sputnik V",https://koronavirus.gov.hu//cikkek/5-millio-445-ezer-beoltott-69-az-uj-fertozott-elhunyt-1-beteg,,5445544,4657776,
Hungary,2021-06-24,"Johnson&Johnson, Moderna, Oxford/AstraZeneca, Pfizer/BioNTech, Sinopharm/Beijing, Sputnik V",https://koronavirus.gov.hu//cikkek/5-millio-455-ezer-beoltott-66-az-uj-fertozott-elhunyt-8-beteg,,5454866,4728655,
Hungary,2021-06-27,"Johnson&Johnson, Moderna, Oxford/AstraZeneca, Pfizer/BioNTech, Sinopharm/Beijing, Sputnik V",https://koronavirus.gov.hu//cikkek/5-millio-468-ezer-beoltott-132-az-uj-fertozott-elhunyt-9-beteg,,5468205,4842148,
Hungary,2021-06-28,"Johnson&Johnson, Moderna, Oxford/AstraZeneca, Pfizer/BioNTech, Sinopharm/Beijing, Sputnik V",https://koronavirus.gov.hu//cikkek/5-millio-477-ezer-beoltott-34-az-uj-fertozott-elhunyt-2-beteg,,5477405,4874076,
Hungary,2021-06-29,"Johnson&Johnson, Moderna, Oxford/AstraZeneca, Pfizer/BioNTech, Sinopharm/Beijing, Sputnik V",https://koronavirus.gov.hu//cikkek/5-millio-486-ezer-beoltott-52-az-uj-fertozott-elhunyt-1-beteg,,5486514,4916927,
Hungary,2021-07-04,"Johnson&Johnson, Moderna, Oxford/AstraZeneca, Pfizer/BioNTech, Sinopharm/Beijing, Sputnik V",https://koronavirus.gov.hu//cikkek/5-millio-507-ezer-beoltott-65-az-uj-fertozott-elhunyt-4-beteg,,5506665,5058824,
Hungary,2021-07-05,"Johnson&Johnson, Moderna, Oxford/AstraZeneca, Pfizer/BioNTech, Sinopharm/Beijing, Sputnik V",https://koronavirus.gov.hu//cikkek/5-millio-513-ezer-beoltott-32-az-uj-fertozott-elhunyt-2-beteg,,5513327,5072024,
Hungary,2021-07-07,"Johnson&Johnson, Moderna, Oxford/AstraZeneca, Pfizer/BioNTech, Sinopharm/Beijing, Sputnik V",https://koronavirus.gov.hu//cikkek/5-millio-524-ezer-beoltott-55-az-uj-fertozott-elhunyt-5-beteg,,5523878,5126330,
Hungary,2021-07-11,"Johnson&Johnson, Moderna, Oxford/AstraZeneca, Pfizer/BioNTech, Sinopharm/Beijing, Sputnik V",https://koronavirus.gov.hu//cikkek/5-millio-538-ezer-beoltott-102-az-uj-fertozott-elhunyt-3-beteg,,5538557,5175503,
Hungary,2021-07-12,"Johnson&Johnson, Moderna, Oxford/AstraZeneca, Pfizer/BioNTech, Sinopharm/Beijing, Sputnik V",https://koronavirus.gov.hu//cikkek/5-millio-543-ezer-beoltott-17-az-uj-fertozott-elhunyt-3-beteg,,5543891,5202925,
Hungary,2021-07-13,"Johnson&Johnson, Moderna, Oxford/AstraZeneca, Pfizer/BioNTech, Sinopharm/Beijing, Sputnik V",https://koronavirus.gov.hu//cikkek/5-millio-548-ezer-beoltott-56-az-uj-fertozott-elhunyt-3-beteg,,5548451,5226741,
Hungary,2021-07-15,"Johnson&Johnson, Moderna, Oxford/AstraZeneca, Pfizer/BioNTech, Sinopharm/Beijing, Sputnik V",https://koronavirus.gov.hu//cikkek/5-millio-559-ezer-beoltott-64-az-uj-fertozott-elhunyt-2-beteg,,5559178,5268814,
Hungary,2021-07-18,"Johnson&Johnson, Moderna, Oxford/AstraZeneca, Pfizer/BioNTech, Sinopharm/Beijing, Sputnik V",https://koronavirus.gov.hu//cikkek/5-millio-569-ezer-beoltott-139-az-uj-fertozott-elhunyt-2-beteg,,5569099,5293132,
Hungary,2021-07-19,"Johnson&Johnson, Moderna, Oxford/AstraZeneca, Pfizer/BioNTech, Sinopharm/Beijing, Sputnik V",https://koronavirus.gov.hu//cikkek/5-millio-573-ezer-beoltott-25-az-uj-fertozott-elhunyt-2-beteg,,5573557,5311557,
Hungary,2021-07-20,"Johnson&Johnson, Moderna, Oxford/AstraZeneca, Pfizer/BioNTech, Sinopharm/Beijing, Sputnik V",https://koronavirus.gov.hu//cikkek/5-millio-578-ezer-beoltott-56-az-uj-fertozott-nincs-ujabb-elhunyt,,5578183,5327325,
Hungary,2021-07-26,"Johnson&Johnson, Moderna, Oxford/AstraZeneca, Pfizer/BioNTech, Sinopharm/Beijing, Sputnik V",https://koronavirus.gov.hu//cikkek/5-millio-601-ezer-beoltott-26-az-uj-fertozott-elhunyt-egy-beteg,,5600959,5390593,
Hungary,2021-07-27,"Johnson&Johnson, Moderna, Oxford/AstraZeneca, Pfizer/BioNTech, Sinopharm/Beijing, Sputnik V",https://koronavirus.gov.hu//cikkek/5-millio-606-ezer-beoltott-74-az-uj-fertozott-elhunyt-4-beteg,,5605713,5405781,
Hungary,2021-07-28,"Johnson&Johnson, Moderna, Oxford/AstraZeneca, Pfizer/BioNTech, Sinopharm/Beijing, Sputnik V",https://koronavirus.gov.hu//cikkek/5-millio-611-ezer-beoltott-65-az-uj-fertozott-nincs-ujabb-elhunyt,,5611260,5418198,
Hungary,2021-07-29,"Johnson&Johnson, Moderna, Oxford/AstraZeneca, Pfizer/BioNTech, Sinopharm/Beijing, Sputnik V",https://koronavirus.gov.hu//cikkek/5-millio-617-ezer-beoltott-64-az-uj-fertozott-elhunyt-egy-beteg,,5617260,5428980,
Hungary,2021-08-01,"Johnson&Johnson, Moderna, Oxford/AstraZeneca, Pfizer/BioNTech, Sinopharm/Beijing, Sputnik V",https://koronavirus.gov.hu//cikkek/5-millio-624-ezer-beoltott-155-az-uj-fertozott-elhunyt-egy-beteg,,5624451,5443749,
Hungary,2021-08-02,"Johnson&Johnson, Moderna, Oxford/AstraZeneca, Pfizer/BioNTech, Sinopharm/Beijing, Sputnik V",https://koronavirus.gov.hu//cikkek/5-millio-628-ezer-beoltott-26-az-uj-fertozott-elhunyt-ket-beteg,,5628383,5453177,
Hungary,2021-08-03,"Johnson&Johnson, Moderna, Oxford/AstraZeneca, Pfizer/BioNTech, Sinopharm/Beijing, Sputnik V",https://koronavirus.gov.hu//cikkek/5-millio-632-ezer-beoltott-59-az-uj-fertozott-elhunyt-harom-beteg,,5632428,5462987,
Hungary,2021-08-04,"Johnson&Johnson, Moderna, Oxford/AstraZeneca, Pfizer/BioNTech, Sinopharm/Beijing, Sputnik V",https://koronavirus.gov.hu//cikkek/5-millio-637-ezer-beoltott-72-az-uj-fertozott-nincs-ujabb-elhunyt,,5636894,5475471,
Hungary,2021-08-05,"Johnson&Johnson, Moderna, Oxford/AstraZeneca, Pfizer/BioNTech, Sinopharm/Beijing, Sputnik V",https://koronavirus.gov.hu//cikkek/5-millio-642-ezer-beoltott-52-az-uj-fertozott-elhunyt-egy-beteg,,5641870,5480218,
Hungary,2021-08-08,"Johnson&Johnson, Moderna, Oxford/AstraZeneca, Pfizer/BioNTech, Sinopharm/Beijing, Sputnik V",https://koronavirus.gov.hu//cikkek/5-millio-649-ezer-beoltott-156-az-uj-fertozott-elhunyt-4-beteg,,5649125,5491387,
Hungary,2021-08-09,"Johnson&Johnson, Moderna, Oxford/AstraZeneca, Pfizer/BioNTech, Sinopharm/Beijing, Sputnik V",https://koronavirus.gov.hu//cikkek/5-millio-654-ezer-beoltott-35-az-uj-fertozott-nincs-ujabb-elhunyt,,5654096,5494110,
Hungary,2021-08-10,"Johnson&Johnson, Moderna, Oxford/AstraZeneca, Pfizer/BioNTech, Sinopharm/Beijing, Sputnik V",https://koronavirus.gov.hu//cikkek/5-millio-659-ezer-beoltott-80-az-uj-fertozott-nincs-ujabb-elhunyt,,5658623,5497599,
Hungary,2021-08-11,"Johnson&Johnson, Moderna, Oxford/AstraZeneca, Pfizer/BioNTech, Sinopharm/Beijing, Sputnik V",https://koronavirus.gov.hu//cikkek/5-millio-664-ezer-beoltott-86-az-uj-fertozott-nincs-ujabb-elhunyt,,5663658,5497940,
Hungary,2021-08-12,"Johnson&Johnson, Moderna, Oxford/AstraZeneca, Pfizer/BioNTech, Sinopharm/Beijing, Sputnik V",https://koronavirus.gov.hu//cikkek/5-millio-669-ezer-beoltott-104-az-uj-fertozott-elhunyt-egy-beteg,,5668993,5498222,
Hungary,2021-08-15,"Johnson&Johnson, Moderna, Oxford/AstraZeneca, Pfizer/BioNTech, Sinopharm/Beijing, Sputnik V",https://koronavirus.gov.hu//cikkek/5-millio-678-ezer-beoltott-188-az-uj-fertozott-elhunyt-3-beteg,,5677606,5500193,
Hungary,2021-08-16,"Johnson&Johnson, Moderna, Oxford/AstraZeneca, Pfizer/BioNTech, Sinopharm/Beijing, Sputnik V",https://koronavirus.gov.hu//cikkek/5-millio-682-ezer-beoltott-45-az-uj-fertozott-elhunyt-egy-beteg,,5681559,5500369,
Hungary,2021-08-17,"Johnson&Johnson, Moderna, Oxford/AstraZeneca, Pfizer/BioNTech, Sinopharm/Beijing, Sputnik V",https://koronavirus.gov.hu//cikkek/5-millio-688-ezer-beoltott-109-az-uj-fertozott-elhunyt-3-beteg,,5687634,5501199,
Hungary,2021-08-18,"Johnson&Johnson, Moderna, Oxford/AstraZeneca, Pfizer/BioNTech, Sinopharm/Beijing, Sputnik V",https://koronavirus.gov.hu//cikkek/5-millio-693-ezer-beoltott-123-az-uj-fertozott-elhunyt-egy-beteg,,5693214,5502086,
Hungary,2021-08-22,"Johnson&Johnson, Moderna, Oxford/AstraZeneca, Pfizer/BioNTech, Sinopharm/Beijing, Sputnik V",https://koronavirus.gov.hu//cikkek/5-millio-699-ezer-beoltott-340-az-uj-fertozott-elhunyt-6-beteg,,5699251,5502546,
Hungary,2021-08-23,"Johnson&Johnson, Moderna, Oxford/AstraZeneca, Pfizer/BioNTech, Sinopharm/Beijing, Sputnik V",https://koronavirus.gov.hu//cikkek/5-millio-704-ezer-beoltott-82-az-uj-fertozott-elhunyt-2-beteg,,5703883,5503365,
Hungary,2021-08-24,"Johnson&Johnson, Moderna, Oxford/AstraZeneca, Pfizer/BioNTech, Sinopharm/Beijing, Sputnik V",https://koronavirus.gov.hu//cikkek/5-millio-709-ezer-beoltott-134-az-uj-fertozott-elhunyt-egy-beteg,,5709197,5504205,
Hungary,2021-08-25,"Johnson&Johnson, Moderna, Oxford/AstraZeneca, Pfizer/BioNTech, Sinopharm/Beijing, Sputnik V",https://koronavirus.gov.hu//cikkek/5-millio-715-ezer-beoltott-180-az-uj-fertozott-elhunyt-egy-beteg,,5715525,5504899,
Hungary,2021-08-26,"Johnson&Johnson, Moderna, Oxford/AstraZeneca, Pfizer/BioNTech, Sinopharm/Beijing, Sputnik V",https://koronavirus.gov.hu//cikkek/5-millio-725-ezer-beoltott-189-az-uj-fertozott-elhunyt-egy-beteg,,5725336,5505341,
Hungary,2021-08-30,"Johnson&Johnson, Moderna, Oxford/AstraZeneca, Pfizer/BioNTech, Sinopharm/Beijing, Sputnik V",https://koronavirus.gov.hu//cikkek/5-millio-755-ezer-beoltott-110-az-uj-fertozott-elhunyt-egy-beteg,,5754566,5507371,
Hungary,2021-08-31,"Johnson&Johnson, Moderna, Oxford/AstraZeneca, Pfizer/BioNTech, Sinopharm/Beijing, Sputnik V",https://koronavirus.gov.hu//cikkek/5-millio-772-ezer-beoltott-194-az-uj-fertozott-elhunyt-egy-beteg,,5772010,5509130,322000
Hungary,2021-09-01,"Johnson&Johnson, Moderna, Oxford/AstraZeneca, Pfizer/BioNTech, Sinopharm/Beijing, Sputnik V",https://koronavirus.gov.hu//cikkek/5-millio-781-ezer-beoltott-262-az-uj-fertozott-elhunyt-egy-beteg,,5781121,5510678,342000
Hungary,2021-09-02,"Johnson&Johnson, Moderna, Oxford/AstraZeneca, Pfizer/BioNTech, Sinopharm/Beijing, Sputnik V",https://koronavirus.gov.hu//cikkek/5-millio-799-ezer-beoltott-247-az-uj-fertozott-elhunyt-egy-beteg,,5799584,5512118,379000
Hungary,2021-09-05,"Johnson&Johnson, Moderna, Oxford/AstraZeneca, Pfizer/BioNTech, Sinopharm/Beijing, Sputnik V",https://koronavirus.gov.hu//cikkek/5-millio-817-ezer-beoltott-648-az-uj-fertozott-elhunyt-9-beteg,,5817481,5519838,404000
Hungary,2021-09-06,"Johnson&Johnson, Moderna, Oxford/AstraZeneca, Pfizer/BioNTech, Sinopharm/Beijing, Sputnik V",https://koronavirus.gov.hu//cikkek/5-millio-821-ezer-beoltott-130-az-uj-fertozott-elhunyt-4-beteg,,5821254,5524203,418000
Hungary,2021-09-07,"Johnson&Johnson, Moderna, Oxford/AstraZeneca, Pfizer/BioNTech, Sinopharm/Beijing, Sputnik V",https://koronavirus.gov.hu//cikkek/5-millio-826-ezer-beoltott-246-az-uj-fertozott-elhunyt-3-beteg,,5825831,5530279,438000
Hungary,2021-09-08,"Johnson&Johnson, Moderna, Oxford/AstraZeneca, Pfizer/BioNTech, Sinopharm/Beijing, Sputnik V",https://koronavirus.gov.hu//cikkek/5-millio-830-ezer-beoltott-345-az-uj-fertozott-elhunyt-3-beteg,,5830217,5535463,461000
Hungary,2021-09-09,"Johnson&Johnson, Moderna, Oxford/AstraZeneca, Pfizer/BioNTech, Sinopharm/Beijing, Sputnik V",https://koronavirus.gov.hu//cikkek/5-millio-835-ezer-beoltott-323-az-uj-fertozott-elhunyt-6-beteg,,5834961,5541598,487000
Hungary,2021-09-12,"Johnson&Johnson, Moderna, Oxford/AstraZeneca, Pfizer/BioNTech, Sinopharm/Beijing, Sputnik V",https://koronavirus.gov.hu//cikkek/5-millio-841-ezer-beoltott-873-az-uj-fertozott-elhunyt-12-beteg,,5840588,5545538,512000
Hungary,2021-09-13,"Johnson&Johnson, Moderna, Oxford/AstraZeneca, Pfizer/BioNTech, Sinopharm/Beijing, Sputnik V",https://koronavirus.gov.hu//cikkek/5-millio-844-ezer-beoltott-246-az-uj-fertozott-elhunyt-4-beteg,,5843502,5549383,525000
Hungary,2021-09-14,"Johnson&Johnson, Moderna, Oxford/AstraZeneca, Pfizer/BioNTech, Sinopharm/Beijing, Sputnik V",https://koronavirus.gov.hu//cikkek/5-millio-847-ezer-beoltott-371-az-uj-fertozott-elhunyt-12-beteg,,5847002,5553346,544000
Hungary,2021-09-15,"Johnson&Johnson, Moderna, Oxford/AstraZeneca, Pfizer/BioNTech, Sinopharm/Beijing, Sputnik V",https://koronavirus.gov.hu//cikkek/5-millio-851-ezer-beoltott-458-az-uj-fertozott-elhunyt-4-beteg,,5850887,5558919,565000
Hungary,2021-09-16,"Johnson&Johnson, Moderna, Oxford/AstraZeneca, Pfizer/BioNTech, Sinopharm/Beijing, Sputnik V",https://koronavirus.gov.hu//cikkek/5-millio-855-ezer-beoltott-479-az-uj-fertozott-elhunyt-5-beteg,,5855039,5564586,590000
Hungary,2021-09-19,"Johnson&Johnson, Moderna, Oxford/AstraZeneca, Pfizer/BioNTech, Sinopharm/Beijing, Sputnik V",https://koronavirus.gov.hu//cikkek/5-millio-860-ezer-beoltott-1072-az-uj-fertozott-elhunyt-13-beteg,,5859814,5571043,612000
Hungary,2021-09-20,"Johnson&Johnson, Moderna, Oxford/AstraZeneca, Pfizer/BioNTech, Sinopharm/Beijing, Sputnik V",https://koronavirus.gov.hu//cikkek/5-millio-862-ezer-beoltott-289-az-uj-fertozott-elhunyt-5-beteg,,5862458,5579231,626000
Hungary,2021-09-21,"Johnson&Johnson, Moderna, Oxford/AstraZeneca, Pfizer/BioNTech, Sinopharm/Beijing, Sputnik V",https://koronavirus.gov.hu//cikkek/5-millio-866-ezer-beoltott-501-az-uj-fertozott-elhunyt-2-beteg,,5865865,5591911,646000
Hungary,2021-09-22,"Johnson&Johnson, Moderna, Oxford/AstraZeneca, Pfizer/BioNTech, Sinopharm/Beijing, Sputnik V",https://koronavirus.gov.hu//cikkek/5-millio-869-ezer-beoltott-526-az-uj-fertozott-elhunyt-2-beteg,,5869259,5600425,667000
Hungary,2021-09-23,"Johnson&Johnson, Moderna, Oxford/AstraZeneca, Pfizer/BioNTech, Sinopharm/Beijing, Sputnik V",https://koronavirus.gov.hu//cikkek/5-millio-874-ezer-beoltott-531-az-uj-fertozott-elhunyt-6-beteg,,5873523,5615273,691000
Hungary,2021-09-26,"Johnson&Johnson, Moderna, Oxford/AstraZeneca, Pfizer/BioNTech, Sinopharm/Beijing, Sputnik V",https://koronavirus.gov.hu//cikkek/5-millio-879-ezer-beoltott-1183-az-uj-fertozott-elhunyt-20-beteg,,5879178,5630587,714000
Hungary,2021-09-27,"Johnson&Johnson, Moderna, Oxford/AstraZeneca, Pfizer/BioNTech, Sinopharm/Beijing, Sputnik V",https://koronavirus.gov.hu//cikkek/5-millio-881-ezer-beoltott-265-az-uj-fertozott-elhunyt-8-beteg,,5881493,5635553,725000
Hungary,2021-09-28,"Johnson&Johnson, Moderna, Oxford/AstraZeneca, Pfizer/BioNTech, Sinopharm/Beijing, Sputnik V",https://koronavirus.gov.hu//cikkek/5-millio-884-ezer-beoltott-546-az-uj-fertozott-elhunyt-6-beteg,12111107,5884183,5640410,742000
Hungary,2021-09-29,"Johnson&Johnson, Moderna, Oxford/AstraZeneca, Pfizer/BioNTech, Sinopharm/Beijing, Sputnik V",https://koronavirus.gov.hu//cikkek/5-millio-888-ezer-beoltott-633-az-uj-fertozott-elhunyt-5-beteg,,5887540,5645518,760000
Hungary,2021-09-30,"Johnson&Johnson, Moderna, Oxford/AstraZeneca, Pfizer/BioNTech, Sinopharm/Beijing, Sputnik V",https://koronavirus.gov.hu//cikkek/5-millio-891-ezer-beoltott-679-az-uj-fertozott-elhunyt-9-beteg,,5891228,5651539,784000
Hungary,2021-10-04,"Johnson&Johnson, Moderna, Oxford/AstraZeneca, Pfizer/BioNTech, Sinopharm/Beijing, Sputnik V",https://koronavirus.gov.hu//cikkek/5-millio-897-ezer-beoltott-294-az-uj-fertozott-elhunyt-16-beteg,,5897432,5661324,816000
Hungary,2021-10-05,"Johnson&Johnson, Moderna, Oxford/AstraZeneca, Pfizer/BioNTech, Sinopharm/Beijing, Sputnik V",https://koronavirus.gov.hu//cikkek/5-millio-900-ezer-beoltott-629-az-uj-fertozott-elhunyt-7-beteg,,5900019,5665141,833000
Hungary,2021-10-06,"Johnson&Johnson, Moderna, Oxford/AstraZeneca, Pfizer/BioNTech, Sinopharm/Beijing, Sputnik V",https://koronavirus.gov.hu//cikkek/5-millio-903-ezer-beoltott-837-az-uj-fertozott-elhunyt-6-beteg,,5902806,5669473,854000
Hungary,2021-10-07,"Johnson&Johnson, Moderna, Oxford/AstraZeneca, Pfizer/BioNTech, Sinopharm/Beijing, Sputnik V",https://koronavirus.gov.hu//cikkek/5-millio-906-ezer-beoltott-774-az-uj-fertozott-elhunyt-16-beteg,,5905837,5674182,877000
Hungary,2021-10-10,"Johnson&Johnson, Moderna, Oxford/AstraZeneca, Pfizer/BioNTech, Sinopharm/Beijing, Sputnik V",https://koronavirus.gov.hu//cikkek/5-millio-910-ezer-beoltott-2046-az-uj-fertozott-elhunyt-28-beteg,,5909819,5679589,898000
Hungary,2021-10-11,"Johnson&Johnson, Moderna, Oxford/AstraZeneca, Pfizer/BioNTech, Sinopharm/Beijing, Sputnik V",https://koronavirus.gov.hu//cikkek/5-millio-912-ezer-beoltott-455-az-uj-fertozott-elhunyt-17-beteg,,5911737,5682396,911000
Hungary,2021-10-12,"Johnson&Johnson, Moderna, Oxford/AstraZeneca, Pfizer/BioNTech, Sinopharm/Beijing, Sputnik V",https://koronavirus.gov.hu//cikkek/5-millio-914-ezer-beoltott-814-az-uj-fertozott-elhunyt-10-beteg,,5913862,5685596,928000
Hungary,2021-10-13,"Johnson&Johnson, Moderna, Oxford/AstraZeneca, Pfizer/BioNTech, Sinopharm/Beijing, Sputnik V",https://koronavirus.gov.hu//cikkek/5-millio-917-ezer-beoltott-1141-az-uj-fertozott-elhunyt-11-beteg,,5916769,5689371,948000
Hungary,2021-10-14,"Johnson&Johnson, Moderna, Oxford/AstraZeneca, Pfizer/BioNTech, Sinopharm/Beijing, Sputnik V",https://koronavirus.gov.hu//cikkek/5-millio-920-ezer-beoltott-1249-az-uj-fertozott-elhunyt-10-beteg,,5919930,5694336,973000
Hungary,2021-10-17,"Johnson&Johnson, Moderna, Oxford/AstraZeneca, Pfizer/BioNTech, Sinopharm/Beijing, Sputnik V",https://koronavirus.gov.hu//cikkek/5-millio-924-ezer-beoltott-3274-az-uj-fertozott-elhunyt-51-beteg,,5924063,5700021,997000
Hungary,2021-10-18,"Johnson&Johnson, Moderna, Oxford/AstraZeneca, Pfizer/BioNTech, Sinopharm/Beijing, Sputnik V",https://koronavirus.gov.hu//cikkek/5-millio-926-ezer-beoltott-859-az-uj-fertozott-elhunyt-16-beteg,12478893,5926446,5703088,1012000
Hungary,2021-10-19,"Johnson&Johnson, Moderna, Oxford/AstraZeneca, Pfizer/BioNTech, Sinopharm/Beijing, Sputnik V",https://koronavirus.gov.hu//cikkek/5-millio-929-ezer-beoltott-1-668-az-uj-fertozott-elhunyt-30-beteg,,5929164,5706773,1033000
Hungary,2021-10-20,"Johnson&Johnson, Moderna, Oxford/AstraZeneca, Pfizer/BioNTech, Sinopharm/Beijing, Sputnik V",https://koronavirus.gov.hu//cikkek/5-millio-932-ezer-beoltott-2361-az-uj-fertozott-elhunyt-20-beteg,,5932239,5710977,1056000
Hungary,2021-10-21,"Johnson&Johnson, Moderna, Oxford/AstraZeneca, Pfizer/BioNTech, Sinopharm/Beijing, Sputnik V",https://koronavirus.gov.hu//cikkek/5-millio-935-ezer-beoltott-2548-az-uj-fertozott-elhunyt-24-beteg,,5935182,5714861,1082000
Hungary,2021-10-24,"Johnson&Johnson, Moderna, Oxford/AstraZeneca, Pfizer/BioNTech, Sinopharm/Beijing, Sputnik V",https://koronavirus.gov.hu//cikkek/5-millio-939-ezer-beoltott-6688-az-uj-fertozott-elhunyt-75-beteg,12596132,5938665,5718873,1104000
Hungary,2021-10-25,"Johnson&Johnson, Moderna, Oxford/AstraZeneca, Pfizer/BioNTech, Sinopharm/Beijing, Sputnik V",https://koronavirus.gov.hu//cikkek/5-millio-941-ezer-beoltott-1701-az-uj-fertozott-elhunyt-44-beteg,,5941073,5721531,1120000
Hungary,2021-10-26,"Johnson&Johnson, Moderna, Oxford/AstraZeneca, Pfizer/BioNTech, Sinopharm/Beijing, Sputnik V",https://koronavirus.gov.hu//cikkek/5-millio-944-ezer-beoltott-3125-az-uj-fertozott-elhunyt-36-beteg,,5943832,5724539,1141000
Hungary,2021-10-27,"Johnson&Johnson, Moderna, Oxford/AstraZeneca, Pfizer/BioNTech, Sinopharm/Beijing, Sputnik V",https://koronavirus.gov.hu//cikkek/5-millio-947-ezer-beoltott-4039-az-uj-fertozott-elhunyt-45-beteg,,5947085,5728025,1164000
Hungary,2021-10-28,"Johnson&Johnson, Moderna, Oxford/AstraZeneca, Pfizer/BioNTech, Sinopharm/Beijing, Sputnik V",https://koronavirus.gov.hu//cikkek/5-millio-950-ezer-beoltott-4041-az-uj-fertozott-elhunyt-37-beteg,,5950259,5731651,1191000
Hungary,2021-10-31,"Johnson&Johnson, Moderna, Oxford/AstraZeneca, Pfizer/BioNTech, Sinopharm/Beijing, Sputnik V",https://koronavirus.gov.hu//cikkek/5-millio-955-ezer-beoltott-11-211-az-uj-fertozott-elhunyt-152-beteg,12744317,5955207,5736378,1221000
Hungary,2021-11-01,"Johnson&Johnson, Moderna, Oxford/AstraZeneca, Pfizer/BioNTech, Sinopharm/Beijing, Sputnik V",https://koronavirus.gov.hu//cikkek/5-millio-955-ezer-beoltott-1867-az-uj-fertozott-elhunyt-39-beteg,,5955250,5736452,1221000
Hungary,2021-11-02,"Johnson&Johnson, Moderna, Oxford/AstraZeneca, Pfizer/BioNTech, Sinopharm/Beijing, Sputnik V",https://koronavirus.gov.hu//cikkek/5-millio-959-ezer-beoltott-2595-az-uj-fertozott-elhunyt-74-beteg,,5958890,5740424,1243000
Hungary,2021-11-03,"Johnson&Johnson, Moderna, Oxford/AstraZeneca, Pfizer/BioNTech, Sinopharm/Beijing, Sputnik V",https://koronavirus.gov.hu//cikkek/5-millio-963-ezer-beoltott-6268-az-uj-fertozott-elhunyt-107-beteg,,5962878,5744219,1274000
Hungary,2021-11-04,"Johnson&Johnson, Moderna, Oxford/AstraZeneca, Pfizer/BioNTech, Sinopharm/Beijing, Sputnik V",https://koronavirus.gov.hu//cikkek/5-millio-968-ezer-beoltott-6804-az-uj-fertozott-elhunyt-83-beteg,,5967747,5748682,1315000
Hungary,2021-11-07,"Johnson&Johnson, Moderna, Oxford/AstraZeneca, Pfizer/BioNTech, Sinopharm/Beijing, Sputnik V",https://koronavirus.gov.hu//cikkek/5-millio-975-ezer-beoltott-17-834-az-uj-fertozott-elhunyt-214-beteg,,5974514,5754475,1369000
Hungary,2021-11-08,"Johnson&Johnson, Moderna, Oxford/AstraZeneca, Pfizer/BioNTech, Sinopharm/Beijing, Sputnik V",https://koronavirus.gov.hu//cikkek/5-millio-978-ezer-beoltott-4588-az-uj-fertozott-elhunyt-123-beteg,12958848,5977908,5757501,1397000
Hungary,2021-11-09,"Johnson&Johnson, Moderna, Oxford/AstraZeneca, Pfizer/BioNTech, Sinopharm/Beijing, Sputnik V",https://koronavirus.gov.hu//cikkek/5-millio-982-ezer-beoltott-8434-az-uj-fertozott-elhunyt-98-beteg,,5981915,5760912,1431000
Hungary,2021-11-10,"Johnson&Johnson, Moderna, Oxford/AstraZeneca, Pfizer/BioNTech, Sinopharm/Beijing, Sputnik V",https://koronavirus.gov.hu//cikkek/5-millio-987-ezer-beoltott-8394-az-uj-fertozott-elhunyt-132-beteg,,5986727,5764573,1475000
Hungary,2021-11-11,"Johnson&Johnson, Moderna, Oxford/AstraZeneca, Pfizer/BioNTech, Sinopharm/Beijing, Sputnik V",https://koronavirus.gov.hu//cikkek/5-millio-992-ezer-beoltott-8370-az-uj-fertozott-elhunyt-116-beteg,,5992142,5768941,1527000
Hungary,2021-11-14,"Johnson&Johnson, Moderna, Oxford/AstraZeneca, Pfizer/BioNTech, Sinopharm/Beijing, Sputnik V",https://koronavirus.gov.hu//cikkek/5-millio-999-ezer-beoltott-21-060-az-uj-fertozott-elhunyt-304-beteg,,5999516,5774158,1594000
Hungary,2021-11-15,"Johnson&Johnson, Moderna, Oxford/AstraZeneca, Pfizer/BioNTech, Sinopharm/Beijing, Sputnik V",https://koronavirus.gov.hu//cikkek/6-millio-3-ezer-beoltott-5323-az-uj-fertozott-elhunyt-165-beteg,13230807,6003414,5777331,1629000
Hungary,2021-11-16,"Johnson&Johnson, Moderna, Oxford/AstraZeneca, Pfizer/BioNTech, Sinopharm/Beijing, Sputnik V",https://koronavirus.gov.hu//cikkek/6-millio-8-ezer-beoltott-10-265-az-uj-fertozott-elhunyt-178-beteg,,6008226,5780925,1668000
Hungary,2021-11-17,"Johnson&Johnson, Moderna, Oxford/AstraZeneca, Pfizer/BioNTech, Sinopharm/Beijing, Sputnik V",https://koronavirus.gov.hu//cikkek/6-millio-13-ezer-beoltott-10-767-az-uj-fertozott-elhunyt-131-beteg,,6013007,5784958,1714000
Hungary,2021-11-18,"Johnson&Johnson, Moderna, Oxford/AstraZeneca, Pfizer/BioNTech, Sinopharm/Beijing, Sputnik V",https://koronavirus.gov.hu//cikkek/6-millio-18-ezer-beoltott-11-289-az-uj-fertozott-elhunyt-135-beteg,,6017807,5788775,1765000
Hungary,2021-11-21,"Johnson&Johnson, Moderna, Oxford/AstraZeneca, Pfizer/BioNTech, Sinopharm/Beijing, Sputnik V",https://koronavirus.gov.hu//cikkek/6-millio-25-ezer-beoltott-27-209-az-uj-fertozott-elhunyt-392-beteg,,6024568,5794499,1834000
Hungary,2021-11-22,"Johnson&Johnson, Moderna, Oxford/AstraZeneca, Pfizer/BioNTech, Sinopharm/Beijing, Sputnik V",https://koronavirus.gov.hu//cikkek/6-millio-43-ezer-beoltott-6518-az-uj-fertozott-elhunyt-171-beteg,13598032,6043116,5801593,1939582
Hungary,2021-11-23,"Johnson&Johnson, Moderna, Oxford/AstraZeneca, Pfizer/BioNTech, Sinopharm/Beijing, Sputnik V",https://koronavirus.gov.hu//cikkek/6-millio-57-ezer-beoltott-12-637-az-uj-fertozott-elhunyt-176-beteg,,6057367,5808536,2043213
Hungary,2021-11-24,"Johnson&Johnson, Moderna, Oxford/AstraZeneca, Pfizer/BioNTech, Sinopharm/Beijing, Sputnik V",https://koronavirus.gov.hu//cikkek/6-millio-72-ezer-beoltott-12-165-az-uj-fertozott-elhunyt-185-beteg,,6072192,5816050,2153117
Hungary,2021-11-25,"Johnson&Johnson, Moderna, Oxford/AstraZeneca, Pfizer/BioNTech, Sinopharm/Beijing, Sputnik V",https://koronavirus.gov.hu//cikkek/6-millio-87-ezer-beoltott-11-871-az-uj-fertozott-elhunyt-162-beteg,,6087474,5823818,2269551
Hungary,2021-11-28,"Johnson&Johnson, Moderna, Oxford/AstraZeneca, Pfizer/BioNTech, Sinopharm/Beijing, Sputnik V",https://koronavirus.gov.hu//cikkek/6-millio-121-ezer-beoltott-27-830-az-uj-fertozott-elhunyt-460-beteg,,6120959,5839078,2477399
Hungary,2021-11-29,"Johnson&Johnson, Moderna, Oxford/AstraZeneca, Pfizer/BioNTech, Sinopharm/Beijing, Sputnik V",https://koronavirus.gov.hu//cikkek/6-millio-126-ezer-beoltott-6390-az-uj-fertozott-elhunyt-195-beteg,14282270,6126420,5842885,2515398
Hungary,2021-11-30,"Johnson&Johnson, Moderna, Oxford/AstraZeneca, Pfizer/BioNTech, Sinopharm/Beijing, Sputnik V",https://koronavirus.gov.hu//cikkek/6-millio-133-ezer-beoltott-11-152-az-uj-fertozott-elhunyt-192-beteg,,6132549,5847405,2559096
Hungary,2021-12-01,"Johnson&Johnson, Moderna, Oxford/AstraZeneca, Pfizer/BioNTech, Sinopharm/Beijing, Sputnik V",https://koronavirus.gov.hu//cikkek/6-millio-139-ezer-beoltott-10-466-az-uj-fertozott-elhunyt-218-beteg,,6138885,5852417,2609385
Hungary,2021-12-02,"Johnson&Johnson, Moderna, Oxford/AstraZeneca, Pfizer/BioNTech, Sinopharm/Beijing, Sputnik V",https://koronavirus.gov.hu//cikkek/6-millio-146-ezer-beoltott-10-143-az-uj-fertozott-elhunyt-191-beteg,,6145984,5858119,2665330
Hungary,2021-12-05,"Johnson&Johnson, Moderna, Oxford/AstraZeneca, Pfizer/BioNTech, Sinopharm/Beijing, Sputnik V",https://koronavirus.gov.hu//cikkek/6-millio-160-ezer-beoltott-22-699-az-uj-fertozott-elhunyt-489-beteg,,6159926,5867068,2765500
Hungary,2021-12-06,"Johnson&Johnson, Moderna, Oxford/AstraZeneca, Pfizer/BioNTech, Sinopharm/Beijing, Sputnik V",https://koronavirus.gov.hu//cikkek/6-millio-163-ezer-beoltott-4311-az-uj-fertozott-elhunyt-224-beteg,,6162758,5870466,2790263
Hungary,2021-12-07,"Johnson&Johnson, Moderna, Oxford/AstraZeneca, Pfizer/BioNTech, Sinopharm/Beijing, Sputnik V",https://koronavirus.gov.hu//cikkek/6-millio-167-ezer-beoltott-6849-az-uj-fertozott-elhunyt-213-beteg,14655778,6166840,5874429,2824464
Hungary,2021-12-08,"Johnson&Johnson, Moderna, Oxford/AstraZeneca, Pfizer/BioNTech, Sinopharm/Beijing, Sputnik V",https://koronavirus.gov.hu//cikkek/6-millio-171-ezer-beoltott-7310-az-uj-fertozott-elhunyt-215-beteg,,6171489,5878951,2864506
Hungary,2021-12-09,"Johnson&Johnson, Moderna, Oxford/AstraZeneca, Pfizer/BioNTech, Sinopharm/Beijing, Sputnik V",https://koronavirus.gov.hu//cikkek/6-millio-176-ezer-beoltott-6884-az-uj-fertozott-elhunyt-166-beteg,,6176567,5883873,2906959
Hungary,2021-12-12,"Johnson&Johnson, Moderna, Oxford/AstraZeneca, Pfizer/BioNTech, Sinopharm/Beijing, Sputnik V",https://koronavirus.gov.hu//cikkek/6-millio-191-ezer-beoltott-16-017-az-uj-fertozott-elhunyt-455-beteg,,6190822,5893531,3005109
Hungary,2021-12-13,"Johnson&Johnson, Moderna, Oxford/AstraZeneca, Pfizer/BioNTech, Sinopharm/Beijing, Sputnik V",https://koronavirus.gov.hu//cikkek/6-millio-192-ezer-beoltott-3575-az-uj-fertozott-elhunyt-195-beteg,,6192253,5900371,3014936
Hungary,2021-12-14,"Johnson&Johnson, Moderna, Oxford/AstraZeneca, Pfizer/BioNTech, Sinopharm/Beijing, Sputnik V",https://koronavirus.gov.hu//cikkek/6-millio-194-ezer-beoltott-5506-az-uj-fertozott-elhunyt-153-beteg,,6194221,5906701,3028149
Hungary,2021-12-15,"Johnson&Johnson, Moderna, Oxford/AstraZeneca, Pfizer/BioNTech, Sinopharm/Beijing, Sputnik V",https://koronavirus.gov.hu//cikkek/6-millio-200-ezer-beoltott-5298-az-uj-fertozott-elhunyt-144-beteg,,6200040,5914603,3043950
Hungary,2021-12-16,"Johnson&Johnson, Moderna, Oxford/AstraZeneca, Pfizer/BioNTech, Sinopharm/Beijing, Sputnik V",https://koronavirus.gov.hu//cikkek/6-millio-208-ezer-beoltott-4977-az-uj-fertozott-elhunyt-154-beteg,,6208430,5923284,3065350
Hungary,2021-12-19,"Johnson&Johnson, Moderna, Oxford/AstraZeneca, Pfizer/BioNTech, Sinopharm/Beijing, Sputnik V",https://koronavirus.gov.hu//cikkek/6-millio-226-ezer-beoltott-10-105-az-uj-fertozott-elhunyt-366-beteg,,6226399,5937305,3104194
Hungary,2021-12-20,"Johnson&Johnson, Moderna, Oxford/AstraZeneca, Pfizer/BioNTech, Sinopharm/Beijing, Sputnik V",https://koronavirus.gov.hu//cikkek/6-millio-232-ezer-beoltott-1985-az-uj-fertozott-elhunyt-132-beteg,15074636,6232575,5945349,3114011
Hungary,2021-12-21,"Johnson&Johnson, Moderna, Oxford/AstraZeneca, Pfizer/BioNTech, Sinopharm/Beijing, Sputnik V",https://koronavirus.gov.hu//cikkek/6-millio-239-ezer-beoltott-3359-az-uj-fertozott-elhunyt-139-beteg,,6239410,5951491,3124497
Hungary,2021-12-22,"Johnson&Johnson, Moderna, Oxford/AstraZeneca, Pfizer/BioNTech, Sinopharm/Beijing, Sputnik V",https://koronavirus.gov.hu//cikkek/6-millio-246-ezer-beoltott-3586-az-uj-fertozott-elhunyt-140-beteg,,6245773,5957571,3136000
Hungary,2021-12-27,"Johnson&Johnson, Moderna, Oxford/AstraZeneca, Pfizer/BioNTech, Sinopharm/Beijing, Sputnik V",https://koronavirus.gov.hu//cikkek/6-millio-253-ezer-beoltott-1370-az-uj-fertozott-es-elhunyt-151-beteg,,6252653,5968354,3153470
Hungary,2021-12-28,"Johnson&Johnson, Moderna, Oxford/AstraZeneca, Pfizer/BioNTech, Sinopharm/Beijing, Sputnik V",https://koronavirus.gov.hu//cikkek/6-millio-258-ezer-beoltott-3005-az-uj-fertozott-es-elhunyt-115-beteg,,6257771,5973555,3161930
Hungary,2021-12-29,"Johnson&Johnson, Moderna, Oxford/AstraZeneca, Pfizer/BioNTech, Sinopharm/Beijing, Sputnik V",https://koronavirus.gov.hu//cikkek/6-millio-263-ezer-beoltott-3361-az-uj-fertozott-es-elhunyt-95-beteg,,6262698,5978673,3170694
Hungary,2021-12-30,"Johnson&Johnson, Moderna, Oxford/AstraZeneca, Pfizer/BioNTech, Sinopharm/Beijing, Sputnik V",https://koronavirus.gov.hu//cikkek/6-millio-266-ezer-beoltott-3360-az-uj-fertozott-es-elhunyt-82-beteg,,6266064,5981569,3176553
Hungary,2022-01-02,"Johnson&Johnson, Moderna, Oxford/AstraZeneca, Pfizer/BioNTech, Sinopharm/Beijing, Sputnik V",https://koronavirus.gov.hu//cikkek/6-millio-266-ezer-beoltott-5865-az-uj-fertozott-es-elhunyt-248-beteg,,6266483,5982104,3178228
Hungary,2022-01-03,"Johnson&Johnson, Moderna, Oxford/AstraZeneca, Pfizer/BioNTech, Sinopharm/Beijing, Sputnik V",https://koronavirus.gov.hu//cikkek/6-millio-268-ezer-beoltott-2429-az-uj-fertozott-es-elhunyt-83-beteg,15219498,6268108,5986342,3184580
Hungary,2022-01-04,"Johnson&Johnson, Moderna, Oxford/AstraZeneca, Pfizer/BioNTech, Sinopharm/Beijing, Sputnik V",https://koronavirus.gov.hu//cikkek/6-millio-270-ezer-beoltott-5270-az-uj-fertozott-es-elhunyt-82-beteg,,6269955,5990568,3191997
Hungary,2022-01-05,"Johnson&Johnson, Moderna, Oxford/AstraZeneca, Pfizer/BioNTech, Sinopharm/Beijing, Sputnik V",https://koronavirus.gov.hu//cikkek/6-millio-273-ezer-beoltott-6454-az-uj-fertozott-es-elhunyt-80-beteg,,6272718,5996472,3198951
Hungary,2022-01-06,"Johnson&Johnson, Moderna, Oxford/AstraZeneca, Pfizer/BioNTech, Sinopharm/Beijing, Sputnik V",https://koronavirus.gov.hu//cikkek/6-millio-278-ezer-beoltott-6524-az-uj-fertozott-es-elhunyt-101-beteg,,6278355,6006178,3217724
Hungary,2022-01-09,"Johnson&Johnson, Moderna, Oxford/AstraZeneca, Pfizer/BioNTech, Sinopharm/Beijing, Sputnik V",https://koronavirus.gov.hu//cikkek/6-millio-293-ezer-beoltott-14-655-az-uj-fertozott-es-elhunyt-167-beteg,,6292759,6027578,3286577
Hungary,2022-01-10,"Johnson&Johnson, Moderna, Oxford/AstraZeneca, Pfizer/BioNTech, Sinopharm/Beijing, Sputnik V",https://koronavirus.gov.hu//cikkek/6-millio-295-ezer-beoltott-3382-az-uj-fertozott-es-elhunyt-69-beteg,15398364,6294707,6033675,3292175
Hungary,2022-01-11,"Johnson&Johnson, Moderna, Oxford/AstraZeneca, Pfizer/BioNTech, Sinopharm/Beijing, Sputnik V",https://koronavirus.gov.hu//cikkek/6-millio-297-ezer-beoltott-7883-az-uj-fertozott-es-elhunyt-67-beteg,,6297101,6039940,3299569
Hungary,2022-01-12,"Johnson&Johnson, Moderna, Oxford/AstraZeneca, Pfizer/BioNTech, Sinopharm/Beijing, Sputnik V",https://koronavirus.gov.hu//cikkek/6-millio-300-ezer-beoltott-9216-az-uj-fertozott-es-elhunyt-81-beteg,,6299590,6045893,3306370
Hungary,2022-01-13,"Johnson&Johnson, Moderna, Oxford/AstraZeneca, Pfizer/BioNTech, Sinopharm/Beijing, Sputnik V",https://koronavirus.gov.hu//cikkek/6-millio-304-ezer-beoltott-8921-az-uj-fertozott-es-elhunyt-73-beteg,,6304323,6050416,3321659
Hungary,2022-01-16,"Johnson&Johnson, Moderna, Oxford/AstraZeneca, Pfizer/BioNTech, Sinopharm/Beijing, Sputnik V",https://koronavirus.gov.hu//cikkek/6-millio-319-ezer-beoltott-21-219-az-uj-fertozott-es-elhunyt-270-beteg,,6319434,6059382,3417089
Hungary,2022-01-17,"Johnson&Johnson, Moderna, Oxford/AstraZeneca, Pfizer/BioNTech, Sinopharm/Beijing, Sputnik V",https://koronavirus.gov.hu//cikkek/6-millio-321-ezer-beoltott-6851-az-uj-fertozott-es-elhunyt-94-beteg,15582861,6321039,6062346,3423900
Hungary,2022-01-18,"Johnson&Johnson, Moderna, Oxford/AstraZeneca, Pfizer/BioNTech, Sinopharm/Beijing, Sputnik V",https://koronavirus.gov.hu//cikkek/6-millio-323-ezer-beoltott-14-890-az-uj-fertozott-es-elhunyt-85-beteg,,6322905,6066056,3430445
Hungary,2022-01-19,"Johnson&Johnson, Moderna, Oxford/AstraZeneca, Pfizer/BioNTech, Sinopharm/Beijing, Sputnik V",https://koronavirus.gov.hu//cikkek/6-millio-325-ezer-beoltott-15-526-az-uj-fertozott-es-elhunyt-71-beteg,,6325143,6069677,3437335
Hungary,2022-01-20,"Johnson&Johnson, Moderna, Oxford/AstraZeneca, Pfizer/BioNTech, Sinopharm/Beijing, Sputnik V",https://koronavirus.gov.hu//cikkek/6-millio-329-ezer-beoltott-15-957-az-uj-fertozott-es-elhunyt-65-beteg,,6329185,6073498,3457497
Hungary,2022-01-23,"Johnson&Johnson, Moderna, Oxford/AstraZeneca, Pfizer/BioNTech, Sinopharm/Beijing, Sputnik V",https://koronavirus.gov.hu//cikkek/6-millio-342-ezer-beoltott-39-928-az-uj-fertozott-es-elhunyt-122-beteg,,6342496,6080592,3554502
Hungary,2022-01-24,"Johnson&Johnson, Moderna, Oxford/AstraZeneca, Pfizer/BioNTech, Sinopharm/Beijing, Sputnik V",https://koronavirus.gov.hu//cikkek/6-millio-344-ezer-beoltott-9717-az-uj-fertozott-es-elhunyt-74-beteg,15760570,6344089,6082196,3560753
Hungary,2022-01-25,"Johnson&Johnson, Moderna, Oxford/AstraZeneca, Pfizer/BioNTech, Sinopharm/Beijing, Sputnik V",https://koronavirus.gov.hu//cikkek/6-millio-346-ezer-beoltott-20-174-az-uj-fertozott-es-elhunyt-69-beteg,,6345766,6083949,3567044
Hungary,2022-01-26,"Johnson&Johnson, Moderna, Oxford/AstraZeneca, Pfizer/BioNTech, Sinopharm/Beijing, Sputnik V",https://koronavirus.gov.hu//cikkek/6-millio-347-ezer-beoltott-19-213-az-uj-fertozott-es-elhunyt-64-beteg,,6347426,6085866,3573570
Hungary,2022-01-27,"Johnson&Johnson, Moderna, Oxford/AstraZeneca, Pfizer/BioNTech, Sinopharm/Beijing, Sputnik V",https://koronavirus.gov.hu//cikkek/6-millio-351-ezer-beoltott-17-869-az-uj-fertozott-es-elhunyt-78-beteg,,6351476,6089784,3594529
Hungary,2022-01-30,"Johnson&Johnson, Moderna, Oxford/AstraZeneca, Pfizer/BioNTech, Sinopharm/Beijing, Sputnik V",https://koronavirus.gov.hu//cikkek/6-millio-363-ezer-beoltott-45-407-az-uj-fertozott-es-elhunyt-176-beteg,,6363112,6101699,3683719
Hungary,2022-01-31,"Johnson&Johnson, Moderna, Oxford/AstraZeneca, Pfizer/BioNTech, Sinopharm/Beijing, Sputnik V",https://koronavirus.gov.hu//cikkek/6-millio-364-ezer-beoltott-9422-az-uj-fertozott-es-elhunyt-66-beteg,15927853,6364167,6103465,3688593
Hungary,2022-02-01,"Johnson&Johnson, Moderna, Oxford/AstraZeneca, Pfizer/BioNTech, Sinopharm/Beijing, Sputnik V",https://koronavirus.gov.hu//cikkek/6-millio-365-ezer-beoltott-19-690-az-uj-fertozott-es-elhunyt-77-beteg,,6365250,6105342,3693859
Hungary,2022-02-02,"Johnson&Johnson, Moderna, Oxford/AstraZeneca, Pfizer/BioNTech, Sinopharm/Beijing, Sputnik V",https://koronavirus.gov.hu//cikkek/6-millio-366-ezer-beoltott-17-894-az-uj-fertozott-es-elhunyt-88-beteg,,6366402,6107843,3700305
Hungary,2022-02-03,"Johnson&Johnson, Moderna, Oxford/AstraZeneca, Pfizer/BioNTech, Sinopharm/Beijing, Sputnik V",https://koronavirus.gov.hu//cikkek/6-millio-369-ezer-beoltott-16-435-az-uj-fertozott-es-elhunyt-105-beteg,,6369089,6111632,3712974
Hungary,2022-02-06,"Johnson&Johnson, Moderna, Oxford/AstraZeneca, Pfizer/BioNTech, Sinopharm/Beijing, Sputnik V",https://koronavirus.gov.hu//cikkek/6-millio-374-ezer-beoltott-33-716-az-uj-fertozott-es-elhunyt-234-beteg,,6374293,6120914,3735329
Hungary,2022-02-07,"Johnson&Johnson, Moderna, Oxford/AstraZeneca, Pfizer/BioNTech, Sinopharm/Beijing, Sputnik V",https://koronavirus.gov.hu//cikkek/6-millio-375-ezer-beoltott-7053-az-uj-fertozott-es-elhunyt-94-beteg,16007106,6375020,6123154,3738393
Hungary,2022-02-08,"Johnson&Johnson, Moderna, Oxford/AstraZeneca, Pfizer/BioNTech, Sinopharm/Beijing, Sputnik V",https://koronavirus.gov.hu//cikkek/6-millio-376-ezer-beoltott-13-932-az-uj-fertozott-es-elhunyt-101-beteg,,6375808,6125019,3741717
Hungary,2022-02-09,"Johnson&Johnson, Moderna, Oxford/AstraZeneca, Pfizer/BioNTech, Sinopharm/Beijing, Sputnik V",https://koronavirus.gov.hu//cikkek/6-millio-377-ezer-beoltott-12-885-az-uj-fertozott-es-elhunyt-99-beteg,,6376902,6127609,3746680
Hungary,2022-02-10,"Johnson&Johnson, Moderna, Oxford/AstraZeneca, Pfizer/BioNTech, Sinopharm/Beijing, Sputnik V",https://koronavirus.gov.hu//cikkek/6-millio-379-ezer-beoltott-11-559-az-uj-fertozott-es-elhunyt-91-beteg,,6379065,6131361,3754698
Hungary,2022-02-14,"Johnson&Johnson, Moderna, Oxford/AstraZeneca, Pfizer/BioNTech, Sinopharm/Beijing, Sputnik V",https://koronavirus.gov.hu//cikkek/6-millio-384-ezer-beoltott-4411-az-uj-fertozott-es-elhunyt-123-beteg,16067110,6383559,6142438,3771453
Hungary,2022-02-15,"Johnson&Johnson, Moderna, Oxford/AstraZeneca, Pfizer/BioNTech, Sinopharm/Beijing, Sputnik V",https://koronavirus.gov.hu//cikkek/6-millio-384-ezer-beoltott-8883-az-uj-fertozott-es-elhunyt-97-beteg,,6384088,6144019,3773694
Hungary,2022-02-16,"Johnson&Johnson, Moderna, Oxford/AstraZeneca, Pfizer/BioNTech, Sinopharm/Beijing, Sputnik V",https://koronavirus.gov.hu//cikkek/6-millio-385-ezer-beoltott-8578-az-uj-fertozott-es-elhunyt-115-beteg,,6384828,6146028,3776200
Hungary,2022-02-17,"Johnson&Johnson, Moderna, Oxford/AstraZeneca, Pfizer/BioNTech, Sinopharm/Beijing, Sputnik V",https://koronavirus.gov.hu//cikkek/6-millio-386-ezer-beoltott-7480-az-uj-fertozott-es-elhunyt-100-beteg,,6386416,6149334,3781740
Hungary,2022-02-20,"Johnson&Johnson, Moderna, Oxford/AstraZeneca, Pfizer/BioNTech, Sinopharm/Beijing, Sputnik V",https://koronavirus.gov.hu//cikkek/6-millio-389-ezer-beoltott-13-261-az-uj-fertozott-es-elhunyt-233-beteg,,6389336,6156649,3791546
Hungary,2022-02-21,"Johnson&Johnson, Moderna, Oxford/AstraZeneca, Pfizer/BioNTech, Sinopharm/Beijing, Sputnik V",https://koronavirus.gov.hu//cikkek/6-millio-390-ezer-beoltott-3193-az-uj-fertozott-es-elhunyt-131-beteg,16109868,6389711,6158184,3792988
Hungary,2022-02-22,"Johnson&Johnson, Moderna, Oxford/AstraZeneca, Pfizer/BioNTech, Sinopharm/Beijing, Sputnik V",https://koronavirus.gov.hu//cikkek/6-millio-390-ezer-beoltott-6286-az-uj-fertozott-es-elhunyt-132-beteg,,6390100,6159543,3794636
Hungary,2022-02-23,"Johnson&Johnson, Moderna, Oxford/AstraZeneca, Pfizer/BioNTech, Sinopharm/Beijing, Sputnik V",https://koronavirus.gov.hu//cikkek/6-millio-391-ezer-beoltott-5512-az-uj-fertozott-es-elhunyt-102-beteg,,6390568,6161000,3796660
Hungary,2022-02-24,"Johnson&Johnson, Moderna, Oxford/AstraZeneca, Pfizer/BioNTech, Sinopharm/Beijing, Sputnik V",https://koronavirus.gov.hu//cikkek/6-millio-392-ezer-beoltott-4498-az-uj-fertozott-es-elhunyt-88-beteg,,6391940,6163700,3801276
Hungary,2022-02-27,"Johnson&Johnson, Moderna, Oxford/AstraZeneca, Pfizer/BioNTech, Sinopharm/Beijing, Sputnik V",https://koronavirus.gov.hu//cikkek/6-millio-394-ezer-beoltott-8370-az-uj-fertozott-es-elhunyt-197-beteg,,6394379,6168926,3809703
Hungary,2022-02-28,"Johnson&Johnson, Moderna, Oxford/AstraZeneca, Pfizer/BioNTech, Sinopharm/Beijing, Sputnik V",https://koronavirus.gov.hu//cikkek/6-millio-395-ezer-beoltott-2037-az-uj-fertozott-es-elhunyt-102-beteg,16143987,6394782,6169995,3810898
Hungary,2022-03-01,"Johnson&Johnson, Moderna, Oxford/AstraZeneca, Pfizer/BioNTech, Sinopharm/Beijing, Sputnik V",https://koronavirus.gov.hu//cikkek/6-millio-395-ezer-beoltott-3539-az-uj-fertozott-es-elhunyt-83-beteg,,6395085,6170630,3811803
Hungary,2022-03-02,"Johnson&Johnson, Moderna, Oxford/AstraZeneca, Pfizer/BioNTech, Sinopharm/Beijing, Sputnik V",https://koronavirus.gov.hu//cikkek/6-millio-396-ezer-beoltott-3862-az-uj-fertozott-es-elhunyt-77-beteg,,6395509,6171552,3813406
Hungary,2022-03-03,"Johnson&Johnson, Moderna, Oxford/AstraZeneca, Pfizer/BioNTech, Sinopharm/Beijing, Sputnik V",https://koronavirus.gov.hu//cikkek/6-millio-396-ezer-beoltott-3064-az-uj-fertozott-es-elhunyt-75-beteg,,6396404,6173237,3816971
Hungary,2022-03-06,"Johnson&Johnson, Moderna, Oxford/AstraZeneca, Pfizer/BioNTech, Sinopharm/Beijing, Sputnik V",https://koronavirus.gov.hu//cikkek/6-millio-397-ezer-beoltott-5852-az-uj-fertozott-es-elhunyt-150-beteg,,6397455,6175674,4046936
Hungary,2022-03-07,"Johnson&Johnson, Moderna, Oxford/AstraZeneca, Pfizer/BioNTech, Sinopharm/Beijing, Sputnik V",https://koronavirus.gov.hu//cikkek/6-millio-398-ezer-beoltott-1387-az-uj-fertozott-es-elhunyt-59-beteg,16163897,6397623,6176191,4048407
Hungary,2022-03-08,"Johnson&Johnson, Moderna, Oxford/AstraZeneca, Pfizer/BioNTech, Sinopharm/Beijing, Sputnik V",https://koronavirus.gov.hu//cikkek/6-millio-398-ezer-beoltott-2632-az-uj-fertozott-es-elhunyt-54-beteg,,6397806,6176649,4050652
Hungary,2022-03-09,"Johnson&Johnson, Moderna, Oxford/AstraZeneca, Pfizer/BioNTech, Sinopharm/Beijing, Sputnik V",https://koronavirus.gov.hu//cikkek/6-millio-398-ezer-beoltott-2377-az-uj-fertozott-es-elhunyt-54-beteg,,6398091,6177402,4053556
Hungary,2022-03-10,"Johnson&Johnson, Moderna, Oxford/AstraZeneca, Pfizer/BioNTech, Sinopharm/Beijing, Sputnik V",https://koronavirus.gov.hu//cikkek/6-millio-399-ezer-beoltott-2068-az-uj-fertozott-es-elhunyt-50-beteg,16171785,6398615,6178638,4059531
Hungary,2022-03-15,"Johnson&Johnson, Moderna, Oxford/AstraZeneca, Pfizer/BioNTech, Sinopharm/Beijing, Sputnik V",https://koronavirus.gov.hu//cikkek/6-millio-399-ezer-beoltott-4902-az-uj-fertozott-es-elhunyt-178-beteg,,6399413,6180406,4066043
Hungary,2022-03-16,"Johnson&Johnson, Moderna, Oxford/AstraZeneca, Pfizer/BioNTech, Sinopharm/Beijing, Sputnik V",https://koronavirus.gov.hu//cikkek/6-millio-400-ezer-beoltott-1503-az-uj-fertozott-es-elhunyt-64-beteg,,6399532,6180867,4067186
Hungary,2022-03-17,"Johnson&Johnson, Moderna, Oxford/AstraZeneca, Pfizer/BioNTech, Sinopharm/Beijing, Sputnik V",https://koronavirus.gov.hu//cikkek/6-millio-400-ezer-beoltott-3322-az-uj-fertozott-es-elhunyt-66-beteg,,6399894,6181814,4070745
Hungary,2022-03-20,"Johnson&Johnson, Moderna, Oxford/AstraZeneca, Pfizer/BioNTech, Sinopharm/Beijing, Sputnik V",https://koronavirus.gov.hu//cikkek/6-millio-401-ezer-beoltott-5839-az-uj-fertozott-es-elhunyt-134-beteg,,6400547,6183247,4077375
Hungary,2022-03-21,"Johnson&Johnson, Moderna, Oxford/AstraZeneca, Pfizer/BioNTech, Sinopharm/Beijing, Sputnik V",https://koronavirus.gov.hu//cikkek/6-millio-401-ezer-beoltott-1495-az-uj-fertozott-es-elhunyt-48-beteg,16429829,6400633,6183487,4078217
Hungary,2022-03-22,"Johnson&Johnson, Moderna, Oxford/AstraZeneca, Pfizer/BioNTech, Sinopharm/Beijing, Sputnik V",https://koronavirus.gov.hu//cikkek/6-millio-401-ezer-beoltott-2845-az-uj-fertozott-es-elhunyt-42-beteg,,6400731,6183761,4079670
Hungary,2022-03-23,"Johnson&Johnson, Moderna, Oxford/AstraZeneca, Pfizer/BioNTech, Sinopharm/Beijing, Sputnik V",https://koronavirus.gov.hu//cikkek/6-millio-401-ezer-beoltott-2651-az-uj-fertozott-es-elhunyt-35-beteg,,6400875,6184076,4081346
Hungary,2022-03-24,"Johnson&Johnson, Moderna, Oxford/AstraZeneca, Pfizer/BioNTech, Sinopharm/Beijing, Sputnik V",https://koronavirus.gov.hu//cikkek/6-millio-401-ezer-beoltott-2439-az-uj-fertozott-es-elhunyt-38-beteg,,6401307,6185041,4087350
Hungary,2022-03-27,"Johnson&Johnson, Moderna, Oxford/AstraZeneca, Pfizer/BioNTech, Sinopharm/Beijing, Sputnik V",https://koronavirus.gov.hu//cikkek/6-millio-402-ezer-beoltott-5223-az-uj-fertozott-es-elhunyt-84-beteg,,6401980,6186269,4097861
Hungary,2022-03-28,"Johnson&Johnson, Moderna, Oxford/AstraZeneca, Pfizer/BioNTech, Sinopharm/Beijing, Sputnik V",https://koronavirus.gov.hu//cikkek/6-millio-402-ezer-beoltott-1730-az-uj-fertozott-es-elhunyt-48-beteg,,6402100,6186486,4098792
Hungary,2022-03-29,"Johnson&Johnson, Moderna, Oxford/AstraZeneca, Pfizer/BioNTech, Sinopharm/Beijing, Sputnik V",https://koronavirus.gov.hu//cikkek/6-millio-402-ezer-beoltott-2906-az-uj-fertozott-es-elhunyt-40-beteg,,6402207,6186672,4100004
Hungary,2022-03-30,"Johnson&Johnson, Moderna, Oxford/AstraZeneca, Pfizer/BioNTech, Sinopharm/Beijing, Sputnik V",https://koronavirus.gov.hu//cikkek/6-millio-402-ezer-beoltott-2654-az-uj-fertozott-es-elhunyt-40-beteg,,6402359,6186939,4101849
Hungary,2022-03-31,"Johnson&Johnson, Moderna, Oxford/AstraZeneca, Pfizer/BioNTech, Sinopharm/Beijing, Sputnik V",https://koronavirus.gov.hu//cikkek/6-millio-403-ezer-beoltott-2327-az-uj-fertozott-es-elhunyt-40-beteg,,6402762,6187600,4107193
