location,date,vaccine,source_url,total_vaccinations,people_vaccinated,people_fully_vaccinated,total_boosters
India,2021-01-15,"Covaxin, Oxford/AstraZeneca",https://twitter.com/MoHFW_INDIA/status/1350459098203004927,0,0,0,
India,2021-01-16,"Covaxin, Oxford/AstraZeneca",https://twitter.com/MoHFW_INDIA/status/1350459098203004928,191181,191181,0,
India,2021-01-17,"Covaxin, Oxford/AstraZeneca",https://twitter.com/MoHFW_INDIA/status/1350815129177260034,224301,224301,0,
India,2021-01-18,"Covaxin, Oxford/AstraZeneca",https://www.mohfw.gov.in/,454049,454049,0,
India,2021-01-19,"Covaxin, Oxford/AstraZeneca",https://www.mohfw.gov.in/,674835,674835,0,
India,2021-01-20,"Covaxin, Oxford/AstraZeneca",https://www.mohfw.gov.in/,806484,806484,0,
India,2021-01-21,"Covaxin, Oxford/AstraZeneca",https://www.mohfw.gov.in/,1043534,1043534,0,
India,2021-01-22,"Covaxin, Oxford/AstraZeneca",https://www.mohfw.gov.in/,1390592,1390592,0,
India,2021-01-23,"Covaxin, Oxford/AstraZeneca",https://www.mohfw.gov.in/,1582201,1582201,0,
India,2021-01-24,"Covaxin, Oxford/AstraZeneca",https://www.mohfw.gov.in/,1615504,1615504,0,
India,2021-01-25,"Covaxin, Oxford/AstraZeneca",https://www.mohfw.gov.in/,2023809,2023809,0,
India,2021-01-26,"Covaxin, Oxford/AstraZeneca",https://www.mohfw.gov.in/,2029480,2029480,0,
India,2021-01-27,"Covaxin, Oxford/AstraZeneca",https://www.mohfw.gov.in/,2355979,2355979,0,
India,2021-01-28,"Covaxin, Oxford/AstraZeneca",https://www.mohfw.gov.in/,2928053,2928053,0,
India,2021-01-29,"Covaxin, Oxford/AstraZeneca",https://www.mohfw.gov.in/,3500027,3500027,0,
India,2021-01-30,"Covaxin, Oxford/AstraZeneca",https://www.mohfw.gov.in/,3744334,3744334,0,
India,2021-01-31,"Covaxin, Oxford/AstraZeneca",https://www.mohfw.gov.in/,3758843,3758843,0,
India,2021-02-01,"Covaxin, Oxford/AstraZeneca",https://www.mohfw.gov.in/,3950156,3950156,0,
India,2021-02-02,"Covaxin, Oxford/AstraZeneca",https://www.mohfw.gov.in/,4138918,4138918,0,
India,2021-02-03,"Covaxin, Oxford/AstraZeneca",https://www.mohfw.gov.in/,4449552,4449552,0,
India,2021-02-04,"Covaxin, Oxford/AstraZeneca",https://www.mohfw.gov.in/,4959445,4959445,0,
India,2021-02-05,"Covaxin, Oxford/AstraZeneca",https://www.mohfw.gov.in/,5416849,5416849,0,
India,2021-02-06,"Covaxin, Oxford/AstraZeneca",https://www.mohfw.gov.in/,5775322,5775322,0,
India,2021-02-07,"Covaxin, Oxford/AstraZeneca",https://www.mohfw.gov.in/,5812362,5812362,0,
India,2021-02-08,"Covaxin, Oxford/AstraZeneca",https://www.mohfw.gov.in/,6259008,6259008,0,
India,2021-02-09,"Covaxin, Oxford/AstraZeneca",https://www.mohfw.gov.in/,6611561,6611561,0,
India,2021-02-10,"Covaxin, Oxford/AstraZeneca",https://www.mohfw.gov.in/,7017114,7017114,0,
India,2021-02-11,"Covaxin, Oxford/AstraZeneca",https://www.mohfw.gov.in/,7505010,7505010,0,
India,2021-02-12,"Covaxin, Oxford/AstraZeneca",https://www.mohfw.gov.in/,7967647,7967647,0,
India,2021-02-13,"Covaxin, Oxford/AstraZeneca",https://pib.gov.in/PressReleseDetailm.aspx?PRID=1697804,8052454,8044786,7668,
India,2021-02-15,"Covaxin, Oxford/AstraZeneca",https://pib.gov.in/PressReleseDetailm.aspx?PRID=1698251,8516771,8418653,98118,
India,2021-02-16,"Covaxin, Oxford/AstraZeneca",https://pib.gov.in/PressReleseDetailm.aspx?PRID=1698525,8857341,8641002,216339,
India,2021-02-17,"Covaxin, Oxford/AstraZeneca",https://pib.gov.in/PressReleseDetailm.aspx?PRID=1698832,9186757,8844641,342116,
India,2021-02-18,"Covaxin, Oxford/AstraZeneca",https://pib.gov.in/PressReleseDetailm.aspx?PRID=1699157,9846523,9381591,464932,
India,2021-02-19,"Covaxin, Oxford/AstraZeneca",https://pib.gov.in/PressReleseDetailm.aspx?PRID=1699476,10449942,9693000,756942,
India,2021-02-20,"Covaxin, Oxford/AstraZeneca",https://pib.gov.in/PressReleseDetailm.aspx?PRID=1699698,10838323,9964383,873940,
India,2021-02-21,"Covaxin, Oxford/AstraZeneca",https://pib.gov.in/PressReleseDetailm.aspx?PRID=1699735,11085173,10124531,960642,
India,2021-02-22,"Covaxin, Oxford/AstraZeneca",https://pib.gov.in/PressReleseDetailm.aspx?PRID=1700035,11424094,10308552,1115542,
India,2021-02-23,"Covaxin, Oxford/AstraZeneca",https://pib.gov.in/PressReleseDetailm.aspx?PRID=1700269,11907392,10585757,1321635,
India,2021-02-24,"Covaxin, Oxford/AstraZeneca",https://pib.gov.in/PressReleseDetailm.aspx?PRID=1700553,12366633,10884879,1481754,
India,2021-02-25,"Covaxin, Oxford/AstraZeneca",https://pib.gov.in/PressReleseDetailm.aspx?PRID=1700888,13067047,11206188,1860859,
India,2021-02-26,"Covaxin, Oxford/AstraZeneca",https://pib.gov.in/PressReleseDetailm.aspx?PRID=1701203,13756940,11552857,2204083,
India,2021-02-27,"Covaxin, Oxford/AstraZeneca",https://pib.gov.in/PressReleseDetailm.aspx?PRID=1701292,14242547,11788669,2453878,
India,2021-02-28,"Covaxin, Oxford/AstraZeneca",https://www.mohfw.gov.in/pdf/CumulativeCovidVaccinationCoverageReportDay43ason28thFebat7am.pdf,14301266,11845075,2456191,
India,2021-03-01,"Covaxin, Oxford/AstraZeneca",http://mohfw.gov.in/pdf/CumulativeCoverageReport2ndMarch2021.pdf,14854136,12256337,2597799,
India,2021-03-02,"Covaxin, Oxford/AstraZeneca",http://mohfw.gov.in/pdf/CumulativeCOVIDVaccinationCoverageReport2March2021.pdf,15620749,12906771,2713978,
India,2021-03-03,"Covaxin, Oxford/AstraZeneca",http://mohfw.gov.in/pdf/CumulativeCoverageReport3rdMarch2021.pdf,16616048,13739121,2876927,
India,2021-03-04,"Covaxin, Oxford/AstraZeneca",http://mohfw.gov.in/pdf/CumulativeCoverageReport4thMarch2021.pdf,18005503,14796835,3208668,
India,2021-03-05,"Covaxin, Oxford/AstraZeneca",http://mohfw.gov.in/pdf/CumulativeCOVIDVaccinationCoverageReport5thMarch2021.pdf,19497704,15996683,3501021,
India,2021-03-06,"Covaxin, Oxford/AstraZeneca",http://mohfw.gov.in/pdf/CumulativeCOVIDVaccinationReport6thMarch2021.pdf,20922344,17168303,3754041,
India,2021-03-07,"Covaxin, Oxford/AstraZeneca",http://mohfw.gov.in/pdf/CumulativeCOVIDVaccinationCoverage7thMarch2021.pdf,20989010,17227903,3761107,
India,2021-03-08,"Covaxin, Oxford/AstraZeneca",http://mohfw.gov.in/pdf/CumulativeCOVIDVaccinationReport8thMarch2021.pdf,23008733,18943283,4065450,
India,2021-03-09,"Covaxin, Oxford/AstraZeneca",http://mohfw.gov.in/pdf/CumulativeCOVIDVaccinationCoverageReport9thMarch2021.pdf,24367906,20004227,4363679,
India,2021-03-10,"Covaxin, Oxford/AstraZeneca",http://mohfw.gov.in/pdf/CumulativeCOVIDVaccinationReport10thMarch2021.pdf,25685011,21034481,4650530,
India,2021-03-11,"Covaxin, Oxford/AstraZeneca",http://mohfw.gov.in/pdf/CumulativeCOVIDvaccinationCoverageReport11thMarch2021.pdf,26164920,21435841,4729079,
India,2021-03-12,"Covaxin, Oxford/AstraZeneca",http://mohfw.gov.in/pdf/CumulativeCOVIDVaccinationCoverageReport12thMarch2021.pdf,28218457,23075504,5142953,
India,2021-03-13,"Covaxin, Oxford/AstraZeneca",http://mohfw.gov.in/pdf/CumulativeCOVIDVaccinationCoverageReport13thMarch2021.pdf,29738409,24307635,5430774,
India,2021-03-14,"Covaxin, Oxford/AstraZeneca",http://mohfw.gov.in/pdf/CumulativeCOVIDvaccinationreport14thMarch2021.pdf,29908038,24452385,5455653,
India,2021-03-15,"Covaxin, Oxford/AstraZeneca",http://mohfw.gov.in/pdf/CumulativeCOVIDVaccinationReport15thMarch2021.pdf,32947432,27079484,5867948,
India,2021-03-16,"Covaxin, Oxford/AstraZeneca",http://mohfw.gov.in/pdf/CumulativeCOVIDVaccinationCoverage16thMarch2021.pdf,35064536,28862037,6202499,
India,2021-03-17,"Covaxin, Oxford/AstraZeneca",http://mohfw.gov.in/pdf/CumulativeCOVIDVaccinationCoverageReport17thMarch2021.pdf,37143255,30600787,6542468,
India,2021-03-18,"Covaxin, Oxford/AstraZeneca",http://mohfw.gov.in/pdf/CumulativeCOVIDVaccinationCoverage18thMarch2021.pdf,39339817,32426230,6913587,
India,2021-03-19,"Covaxin, Oxford/AstraZeneca",http://mohfw.gov.in/pdf/CumulativeCOVIDVaccinationCoverage19thMarch2021.pdf,42063392,34842030,7221362,
India,2021-03-20,"Covaxin, Oxford/AstraZeneca",http://mohfw.gov.in/pdf/CumulativeCOVIDVaccinationCoverageReport20thMarch2021.pdf,44603841,37125187,7478654,
India,2021-03-21,"Covaxin, Oxford/AstraZeneca",http://mohfw.gov.in/pdf/CumulativeCOVIDVaccinationCoverage21stMarch2021.pdf,45065998,37574302,7491696,
India,2021-03-22,"Covaxin, Oxford/AstraZeneca",http://mohfw.gov.in/pdf/CumulativeCOVIDVaccinationCoverageReport22ndMarch2021.pdf,48494594,40631153,7863441,
India,2021-03-23,"Covaxin, Oxford/AstraZeneca",http://mohfw.gov.in/pdf/CumulativeCOVIDVaccinationReport24thMarch2021.pdf,50841286,42731952,8109334,
India,2021-03-24,"Covaxin, Oxford/AstraZeneca",http://mohfw.gov.in/pdf/CumulativeCOVIDVaccinationCoverageReport24thMarch2021.pdf,53145709,44846538,8299171,
India,2021-03-25,"Covaxin, Oxford/AstraZeneca",http://mohfw.gov.in/pdf/CumulativeCOVIDVaccinationCoveragereport25thMarch2021.pdf,55504440,47001472,8502968,
India,2021-03-26,"Covaxin, Oxford/AstraZeneca",http://mohfw.gov.in/pdf/CumulativeCOVIDVaccinationCoveragereport26thMarch2021.pdf,58109773,49426618,8683155,
India,2021-03-27,"Covaxin, Oxford/AstraZeneca",http://mohfw.gov.in/pdf/CumulativeCOVIDVaccinationCoverageReport27thMarch2021.pdf,60269782,51441436,8828346,
India,2021-03-28,"Covaxin, Oxford/AstraZeneca",http://mohfw.gov.in/pdf/CumulativeCOVIDVaccinationReport28thMarch2021.pdf,60530435,51660234,8870201,
India,2021-03-29,"Covaxin, Oxford/AstraZeneca",http://mohfw.gov.in/pdf/CumulativeCOVIDVaccinationcoveragereport29thMarch2021.pdf,61113354,52211398,8901956,
India,2021-03-30,"Covaxin, Oxford/AstraZeneca",http://mohfw.gov.in/pdf/CumulativeCOVIDVaccinationCoverageReport30thMarch2021.pdf,63054353,53989035,9065318,
India,2021-03-31,"Covaxin, Oxford/AstraZeneca",http://mohfw.gov.in/pdf/CumulativeCOVIDVaccinationCoverageReport31stMarch2021.pdf,65117896,55783201,9334695,
India,2021-04-01,"Covaxin, Oxford/AstraZeneca",http://mohfw.gov.in/pdf/CumulativeCOVIDVaccinationReport1stApril2021.pdf,68789138,59148798,9640340,
India,2021-04-02,"Covaxin, Oxford/AstraZeneca",http://mohfw.gov.in/pdf/CumulativeCOVIDVaccinationCOverageREport2ndApril2021.pdf,73054295,63081589,9972706,
India,2021-04-03,"Covaxin, Oxford/AstraZeneca",http://mohfw.gov.in/pdf/CumulativeCOVIDvaccinationcoveragereport3rdApril2021.pdf,75979651,65739470,10240181,
India,2021-04-04,"Covaxin, Oxford/AstraZeneca",http://mohfw.gov.in/pdf/CumulativeCOVIDVaccinationCoverageReport4thApril2021.pdf,79105163,68678838,10426325,
India,2021-04-05,"Covaxin, Oxford/AstraZeneca",http://mohfw.gov.in/pdf/CumulativeCOVIDVaccinationCoverageReport5thApril2021.pdf,83110926,72277309,10833617,
India,2021-04-06,"Covaxin, Oxford/AstraZeneca",http://mohfw.gov.in/pdf/CumulativeCOVIDVaccinationReport6thApril2021.pdf,87077474,75937015,11140459,
India,2021-04-07,"Covaxin, Oxford/AstraZeneca",http://mohfw.gov.in/pdf/CumulativeCOVIDVaccinationCOverageReport7thApril2021.pdf,90198673,78763027,11435646,
India,2021-04-08,"Covaxin, Oxford/AstraZeneca",http://mohfw.gov.in/pdf/CumulativeCOVIDVaccinationCoverageREport8thApril2021.pdf,94334262,82456522,11877740,
India,2021-04-09,"Covaxin, Oxford/AstraZeneca",http://mohfw.gov.in/pdf/CumulativeCOVIDVaccinationCOverageReport9thApril2021.pdf,98075160,85763852,12311308,
India,2021-04-10,"Covaxin, Oxford/AstraZeneca",http://mohfw.gov.in/pdf/CumulativeCOVIDVaccinationCoverageReport10thApril2021.pdf,101595147,88885961,12709186,
India,2021-04-11,"Covaxin, Oxford/AstraZeneca",http://mohfw.gov.in/pdf/CumulativeCOVIDVaccinationCoverageReport11thApril2021.pdf,104528565,91587400,12941165,
India,2021-04-12,"Covaxin, Oxford/AstraZeneca",http://mohfw.gov.in/pdf/CumulativeCOVIDVaccinationCoverageReport12April2021.pdf,108533085,95043039,13490046,
India,2021-04-13,"Covaxin, Oxford/AstraZeneca",https://www.mohfw.gov.in/pdf/CumulativeCOVIDVaccinationCoverageReport13thApril2021.pdf,111179578,97301914,13877664,
India,2021-04-14,"Covaxin, Oxford/AstraZeneca",http://mohfw.gov.in/pdf/CumulativeCOVIDVaccinationCoverageReport14thApril2021.pdf,114493238,100179199,14314039,
India,2021-04-15,"Covaxin, Oxford/AstraZeneca",http://mohfw.gov.in/pdf/CumulativeCOVIDVaccinationCoverageReport15thApril2021.pdf,117223509,102349255,14874254,
India,2021-04-16,"Covaxin, Oxford/AstraZeneca",http://mohfw.gov.in/pdf/CumulativeCOVIDVaccinationCoverageReport16thApril2021.pdf,119937641,104408484,15529157,
India,2021-04-17,"Covaxin, Oxford/AstraZeneca",http://mohfw.gov.in/pdf/CumulativeCOVIDVaccinationCoverageReport17thApril2021.pdf,122622590,106431076,16191514,
India,2021-04-18,"Covaxin, Oxford/AstraZeneca",http://mohfw.gov.in/pdf/CumulativeCOVIDVaccinationCoverageReport18thApril2021.pdf,123852566,107371770,16480796,
India,2021-04-19,"Covaxin, Oxford/AstraZeneca",http://mohfw.gov.in/pdf/CumulativeCOVIDVaccinationCoverageReport19thApril2021.pdf,127129113,109659181,17469932,
India,2021-04-21,"Covaxin, Oxford/AstraZeneca",https://dashboard.cowin.gov.in/,129646105,111673361,17972744,
India,2021-04-22,"Covaxin, Oxford/AstraZeneca",https://dashboard.cowin.gov.in/,132754608,113584269,19170339,
India,2021-04-25,"Covaxin, Oxford/AstraZeneca",https://dashboard.cowin.gov.in/,139185173,117795008,21390165,
India,2021-04-26,"Covaxin, Oxford/AstraZeneca",https://dashboard.cowin.gov.in/,142524947,119886252,22638695,
India,2021-04-27,"Covaxin, Oxford/AstraZeneca",https://dashboard.cowin.gov.in/,144879233,121263287,23615946,
India,2021-04-28,"Covaxin, Oxford/AstraZeneca",https://dashboard.cowin.gov.in/,147053392,122538179,24515213,
India,2021-04-29,"Covaxin, Oxford/AstraZeneca",https://dashboard.cowin.gov.in/,149268772,123811908,25456864,
India,2021-04-30,"Covaxin, Oxford/AstraZeneca",https://dashboard.cowin.gov.in/,151998107,125376952,26621155,
India,2021-05-01,"Covaxin, Oxford/AstraZeneca",https://dashboard.cowin.gov.in/,153626325,126328970,27297355,
India,2021-05-02,"Covaxin, Oxford/AstraZeneca",https://dashboard.cowin.gov.in/,154211511,126704151,27507360,
India,2021-05-03,"Covaxin, Oxford/AstraZeneca",https://dashboard.cowin.gov.in/,156082136,127696675,28385461,
India,2021-05-04,"Covaxin, Oxford/AstraZeneca",https://dashboard.cowin.gov.in/,157750752,128627919,29122833,
India,2021-05-05,"Covaxin, Oxford/AstraZeneca",https://dashboard.cowin.gov.in/,159931238,129730641,30200597,
India,2021-05-06,"Covaxin, Oxford/AstraZeneca",https://dashboard.cowin.gov.in/,162603603,131058890,31544713,
India,2021-05-07,"Covaxin, Oxford/AstraZeneca",https://dashboard.cowin.gov.in/,165190000,132294827,32895173,
India,2021-05-08,"Covaxin, Oxford/AstraZeneca",https://dashboard.cowin.gov.in/,167493857,133366482,34127375,
India,2021-05-09,"Covaxin, Oxford/AstraZeneca",https://dashboard.cowin.gov.in/,168304868,133854676,34450192,
India,2021-05-10,"Covaxin, Oxford/AstraZeneca",https://dashboard.cowin.gov.in/,171098918,135192013,35906905,
India,2021-05-11,"Covaxin, Oxford/AstraZeneca",https://dashboard.cowin.gov.in/,173862643,136557345,37305298,
India,2021-05-12,"Covaxin, Oxford/AstraZeneca",https://dashboard.cowin.gov.in/,176045577,137805245,38240332,
India,2021-05-13,"Covaxin, Oxford/AstraZeneca",https://dashboard.cowin.gov.in/,178361846,139087590,39274256,
India,2021-05-14,"Covaxin, Oxford/AstraZeneca",https://dashboard.cowin.gov.in/,179646413,139861462,39784951,
India,2021-05-15,"Covaxin, Oxford/AstraZeneca",https://dashboard.cowin.gov.in/,181544536,141132112,40412424,
India,2021-05-16,"Covaxin, Oxford/AstraZeneca",https://dashboard.cowin.gov.in/,182251006,141764335,40486671,
India,2021-05-17,"Covaxin, Oxford/AstraZeneca",https://dashboard.cowin.gov.in/,183817204,143090218,40726986,
India,2021-05-18,"Covaxin, Oxford/AstraZeneca",https://dashboard.cowin.gov.in/,185191602,144270200,40921402,
India,2021-05-19,"Covaxin, Oxford/AstraZeneca",https://dashboard.cowin.gov.in/,186410600,145333606,41076994,
India,2021-05-20,"Covaxin, Oxford/AstraZeneca",https://dashboard.cowin.gov.in/,187886885,146624652,41262233,
India,2021-05-22,"Covaxin, Oxford/AstraZeneca",https://dashboard.cowin.gov.in/,190842497,149219616,41622881,
India,2021-05-23,"Covaxin, Oxford/AstraZeneca",https://dashboard.cowin.gov.in/,191719240,150033188,41686052,
India,2021-05-24,"Covaxin, Oxford/AstraZeneca",https://dashboard.cowin.gov.in/,194165711,152301505,41864206,
India,2021-05-25,"Covaxin, Oxford/AstraZeneca",https://dashboard.cowin.gov.in/,195506779,153511379,41995400,
India,2021-05-26,"Covaxin, Oxford/AstraZeneca",https://dashboard.cowin.gov.in/,198425615,156189641,42235974,
India,2021-05-27,"Covaxin, Oxford/AstraZeneca",https://dashboard.cowin.gov.in/,201203166,158783606,42419560,
India,2021-05-28,"Covaxin, Oxford/AstraZeneca",https://dashboard.cowin.gov.in/,203166802,160605562,42561240,
India,2021-05-29,"Covaxin, Oxford/AstraZeneca",https://dashboard.cowin.gov.in/,207088953,164158704,42930249,
India,2021-05-30,"Covaxin, Oxford/AstraZeneca",https://dashboard.cowin.gov.in/,208665123,165598013,43067110,
India,2021-05-31,"Covaxin, Oxford/AstraZeneca",https://dashboard.cowin.gov.in/,210449895,167191085,43258810,
India,2021-06-01,"Covaxin, Oxford/AstraZeneca",https://dashboard.cowin.gov.in/,213135738,169585180,43550558,
India,2021-06-02,"Covaxin, Oxford/AstraZeneca",https://dashboard.cowin.gov.in/,215678166,171866824,43811342,
India,2021-06-03,"Covaxin, Oxford/AstraZeneca",https://dashboard.cowin.gov.in/,218344384,174296917,44047467,
India,2021-06-04,"Covaxin, Oxford/AstraZeneca",https://dashboard.cowin.gov.in/,223607768,179172948,44434820,
India,2021-06-05,"Covaxin, Oxford/AstraZeneca",https://dashboard.cowin.gov.in/,225571144,180972102,44599042,
India,2021-06-06,"Covaxin, Oxford/AstraZeneca",https://dashboard.cowin.gov.in/,228041045,183275704,44765341,
India,2021-06-07,"Covaxin, Oxford/AstraZeneca",https://dashboard.cowin.gov.in/,230490652,185501579,44989073,
India,2021-06-08,"Covaxin, Oxford/AstraZeneca",https://dashboard.cowin.gov.in/,233680929,188363894,45317035,
India,2021-06-09,"Covaxin, Oxford/AstraZeneca",https://dashboard.cowin.gov.in/,236856505,191222380,45634125,
India,2021-06-10,"Covaxin, Oxford/AstraZeneca",https://dashboard.cowin.gov.in/,240281903,194325996,45955907,
India,2021-06-11,"Covaxin, Oxford/AstraZeneca",https://dashboard.cowin.gov.in/,243703242,197415653,46287589,
India,2021-06-12,"Covaxin, Oxford/AstraZeneca",https://dashboard.cowin.gov.in/,246188067,199655293,46532774,
India,2021-06-13,"Covaxin, Oxford/AstraZeneca",https://dashboard.cowin.gov.in/,249430416,202572835,46857581,
India,2021-06-14,"Covaxin, Oxford/AstraZeneca",https://dashboard.cowin.gov.in/,252760364,205571046,47189318,
India,2021-06-15,"Covaxin, Oxford/AstraZeneca",https://dashboard.cowin.gov.in/,255305366,207830971,47474395,
India,2021-06-16,"Covaxin, Oxford/AstraZeneca",https://dashboard.cowin.gov.in/,258325900,210442950,47882950,
India,2021-06-17,"Covaxin, Oxford/AstraZeneca",https://dashboard.cowin.gov.in/,262970250,214553189,48417061,
India,2021-06-18,"Covaxin, Oxford/AstraZeneca",https://dashboard.cowin.gov.in/,266355940,217542993,48812947,
India,2021-06-19,"Covaxin, Oxford/AstraZeneca",https://dashboard.cowin.gov.in/,270908312,221493259,49415053,
India,2021-06-20,"Covaxin, Oxford/AstraZeneca",https://dashboard.cowin.gov.in/,274286599,224541283,49745316,
India,2021-06-21,"Covaxin, Oxford/AstraZeneca",https://dashboard.cowin.gov.in/,283313942,232744813,50569129,
India,2021-06-22,"Covaxin, Oxford/AstraZeneca",https://dashboard.cowin.gov.in/,289855456,238586187,51269269,
India,2021-06-23,"Covaxin, Oxford/AstraZeneca",https://dashboard.cowin.gov.in/,293370338,241720520,51649818,
India,2021-06-24,"Covaxin, Oxford/AstraZeneca",https://dashboard.cowin.gov.in/,300054027,247652194,52401833,
India,2021-06-25,"Covaxin, Oxford/AstraZeneca",https://dashboard.cowin.gov.in/,306661528,253359907,53301621,
India,2021-06-26,"Covaxin, Oxford/AstraZeneca",https://dashboard.cowin.gov.in/,314841384,260253182,54588202,
India,2021-06-27,"Covaxin, Oxford/AstraZeneca",https://dashboard.cowin.gov.in/,318030412,262916313,55114099,
India,2021-06-28,"Covaxin, Oxford/AstraZeneca, Sputnik V",https://dashboard.cowin.gov.in/,321423578,265545768,55877810,
India,2021-06-29,"Covaxin, Oxford/AstraZeneca, Sputnik V",https://dashboard.cowin.gov.in/,327423913,270178001,57245912,
India,2021-06-30,"Covaxin, Oxford/AstraZeneca, Sputnik V",https://dashboard.cowin.gov.in/,329158139,271410023,57748116,
India,2021-07-01,"Covaxin, Oxford/AstraZeneca, Sputnik V",https://dashboard.cowin.gov.in/,334741649,275693081,59048568,
India,2021-07-02,"Covaxin, Oxford/AstraZeneca, Sputnik V",https://dashboard.cowin.gov.in/,335671794,276339011,59332783,
India,2021-07-03,"Covaxin, Oxford/AstraZeneca, Sputnik V",https://dashboard.cowin.gov.in/,344300590,282231365,62069225,
India,2021-07-04,"Covaxin, Oxford/AstraZeneca, Sputnik V",https://dashboard.cowin.gov.in/,347378550,284455266,62923284,
India,2021-07-05,"Covaxin, Oxford/AstraZeneca, Sputnik V",https://dashboard.cowin.gov.in/,351229497,286751758,64477739,
India,2021-07-06,"Covaxin, Oxford/AstraZeneca, Sputnik V",https://dashboard.cowin.gov.in/,354307646,288782557,65525089,
India,2021-07-07,"Covaxin, Oxford/AstraZeneca, Sputnik V",https://dashboard.cowin.gov.in/,358070763,291184757,66886006,
India,2021-07-08,"Covaxin, Oxford/AstraZeneca, Sputnik V",https://www.mohfw.gov.in/,368991222,298678913,70312309,
India,2021-07-10,"Covaxin, Oxford/AstraZeneca, Sputnik V",https://www.mohfw.gov.in/,376032586,303171498,72861088,
India,2021-07-11,"Covaxin, Oxford/AstraZeneca, Sputnik V",https://www.mohfw.gov.in/,377352501,304018852,73333649,
India,2021-07-12,"Covaxin, Oxford/AstraZeneca, Sputnik V",https://www.mohfw.gov.in/,381467646,306612781,74854865,
India,2021-07-13,"Covaxin, Oxford/AstraZeneca, Sputnik V",https://www.mohfw.gov.in/,387697935,311387539,76310396,
India,2021-07-14,"Covaxin, Oxford/AstraZeneca, Sputnik V",https://www.mohfw.gov.in/,391340491,313529502,77810989,
India,2021-07-15,"Covaxin, Oxford/AstraZeneca, Sputnik V",https://www.mohfw.gov.in/,395343767,316116189,79227578,
India,2021-07-16,"Covaxin, Oxford/AstraZeneca, Sputnik V",https://www.mohfw.gov.in/,399695879,318665226,81030653,
India,2021-07-17,"Covaxin, Oxford/AstraZeneca, Sputnik V",https://www.mohfw.gov.in/,404931715,321893762,83037953,
India,2021-07-19,"Covaxin, Oxford/AstraZeneca, Sputnik V",https://www.mohfw.gov.in/,411846401,326392783,85453618,
India,2021-07-20,"Covaxin, Oxford/AstraZeneca, Sputnik V",https://www.mohfw.gov.in/,415472455,328716212,86756243,
India,2021-07-21,"Covaxin, Oxford/AstraZeneca, Sputnik V",https://www.mohfw.gov.in/,417851151,330259212,87591939,
India,2021-07-22,"Covaxin, Oxford/AstraZeneca, Sputnik V",https://www.mohfw.gov.in/,423417030,333945151,89471879,
India,2021-07-23,"Covaxin, Oxford/AstraZeneca, Sputnik V",https://www.mohfw.gov.in/,427882261,336819816,91062445,
India,2021-07-24,"Covaxin, Oxford/AstraZeneca, Sputnik V",https://www.mohfw.gov.in/,433150864,340387695,92763169,
India,2021-07-25,"Covaxin, Oxford/AstraZeneca, Sputnik V",https://www.mohfw.gov.in/,435196001,341802707,93393294,
India,2021-07-26,"Covaxin, Oxford/AstraZeneca, Sputnik V",https://www.mohfw.gov.in/,441912395,346516149,95396246,
India,2021-07-27,"Covaxin, Oxford/AstraZeneca, Sputnik V",https://www.mohfw.gov.in/,446156659,349324061,96832598,
India,2021-07-28,"Covaxin, Oxford/AstraZeneca, Sputnik V",https://www.mohfw.gov.in/,450706257,352545271,98160986,
India,2021-07-29,"Covaxin, Oxford/AstraZeneca, Sputnik V",https://www.mohfw.gov.in/,456033754,356140739,99893015,
India,2021-07-30,"Covaxin, Oxford/AstraZeneca, Sputnik V",https://www.mohfw.gov.in/,461518479,359820313,101698166,
India,2021-08-01,"Covaxin, Oxford/AstraZeneca, Sputnik V",https://www.mohfw.gov.in/,472223639,367994586,104229053,
India,2021-08-03,"Covaxin, Oxford/AstraZeneca, Sputnik V",https://www.mohfw.gov.in/,485286570,378090597,107195973,
India,2021-08-04,"Covaxin, Oxford/AstraZeneca, Sputnik V",https://www.mohfw.gov.in/,489342295,381126275,108216020,
India,2021-08-05,"Covaxin, Oxford/AstraZeneca, Sputnik V",https://www.mohfw.gov.in/,495327595,385631050,109696545,
India,2021-08-06,"Covaxin, Oxford/AstraZeneca, Sputnik V",https://www.mohfw.gov.in/,501009609,390041560,110968049,
India,2021-08-07,"Covaxin, Oxford/AstraZeneca, Sputnik V",https://www.mohfw.gov.in/,506810492,394378151,112432341,
India,2021-08-08,"Covaxin, Oxford/AstraZeneca, Sputnik V",https://www.mohfw.gov.in/,508664759,395667593,112997166,
India,2021-08-09,"Covaxin, Oxford/AstraZeneca, Sputnik V",https://www.mohfw.gov.in/,514500268,400158057,114342211,
India,2021-08-10,"Covaxin, Oxford/AstraZeneca, Sputnik V",https://www.mohfw.gov.in/,519080524,403596088,115484436,
India,2021-08-11,"Covaxin, Oxford/AstraZeneca, Sputnik V",https://www.mohfw.gov.in/,523671019,406980329,116690690,
India,2021-08-13,"Covaxin, Oxford/AstraZeneca, Sputnik V",https://www.mohfw.gov.in/,536189903,416846115,119343788,
India,2021-08-14,"Covaxin, Oxford/AstraZeneca, Sputnik V",https://www.mohfw.gov.in/,543846290,422575401,121270889,
India,2021-08-16,"Covaxin, Oxford/AstraZeneca, Sputnik V",https://dashboard.cowin.gov.in/,550520038,428681772,121838266,
India,2021-08-17,"Covaxin, Oxford/AstraZeneca, Sputnik V",https://dashboard.cowin.gov.in/,556520316,433454974,123065342,
India,2021-08-18,"Covaxin, Oxford/AstraZeneca, Sputnik V",https://dashboard.cowin.gov.in/,562151515,437698591,124452924,
India,2021-08-19,"Covaxin, Oxford/AstraZeneca, Sputnik V",https://dashboard.cowin.gov.in/,566595708,441116044,125479664,
India,2021-08-20,"Covaxin, Oxford/AstraZeneca, Sputnik V",https://dashboard.cowin.gov.in/,573205464,446102199,127103265,
India,2021-08-21,"Covaxin, Oxford/AstraZeneca, Sputnik V",https://dashboard.cowin.gov.in/,576365820,448292884,128072936,
India,2021-08-22,"Covaxin, Oxford/AstraZeneca, Sputnik V",https://dashboard.cowin.gov.in/,580771824,451186857,129584967,
India,2021-08-23,"Covaxin, Oxford/AstraZeneca, Sputnik V",https://dashboard.cowin.gov.in/,582239230,452207578,130031652,
India,2021-08-24,"Covaxin, Oxford/AstraZeneca, Sputnik V",https://dashboard.cowin.gov.in/,588731504,456880623,131850881,
India,2021-08-25,"Covaxin, Oxford/AstraZeneca, Sputnik V",https://dashboard.cowin.gov.in/,597923238,463341344,134581894,
India,2021-08-26,"Covaxin, Oxford/AstraZeneca, Sputnik V",https://dashboard.cowin.gov.in/,604391211,468130627,136260584,
India,2021-08-27,"Covaxin, Oxford/AstraZeneca, Sputnik V",https://dashboard.cowin.gov.in/,615540527,476059071,139481456,
India,2021-08-28,"Covaxin, Oxford/AstraZeneca, Sputnik V",https://dashboard.cowin.gov.in/,625864766,483512657,142352109,
India,2021-08-29,"Covaxin, Oxford/AstraZeneca, Sputnik V",https://dashboard.cowin.gov.in/,632587851,488153607,144434244,
India,2021-08-30,"Covaxin, Oxford/AstraZeneca, Sputnik V",https://dashboard.cowin.gov.in/,639305611,493077195,146228416,
India,2021-08-31,"Covaxin, Oxford/AstraZeneca, Sputnik V",https://dashboard.cowin.gov.in/,644799225,497002083,147797142,
India,2021-09-01,"Covaxin, Oxford/AstraZeneca, Sputnik V",https://dashboard.cowin.gov.in/,661576916,509668131,151908785,
India,2021-09-02,"Covaxin, Oxford/AstraZeneca, Sputnik V",https://dashboard.cowin.gov.in/,669775627,515627968,154147659,
India,2021-09-03,"Covaxin, Oxford/AstraZeneca, Sputnik V",https://dashboard.cowin.gov.in/,675654935,519667854,155987081,
India,2021-09-04,"Covaxin, Oxford/AstraZeneca, Sputnik V",https://dashboard.cowin.gov.in/,677744969,521015869,156729100,
India,2021-09-05,"Covaxin, Oxford/AstraZeneca, Sputnik V",https://dashboard.cowin.gov.in/,684515513,525319361,159196152,
India,2021-09-06,"Covaxin, Oxford/AstraZeneca, Sputnik V",https://dashboard.cowin.gov.in/,688453563,527862293,160591270,
India,2021-09-07,"Covaxin, Oxford/AstraZeneca, Sputnik V",https://dashboard.cowin.gov.in/,699668404,536004002,163664402,
India,2021-09-08,"Covaxin, Oxford/AstraZeneca, Sputnik V",https://dashboard.cowin.gov.in/,710550810,543462433,167088377,
India,2021-09-09,"Covaxin, Oxford/AstraZeneca, Sputnik V",https://dashboard.cowin.gov.in/,720910239,550694661,170215578,
India,2021-09-10,"Covaxin, Oxford/AstraZeneca, Sputnik V",https://dashboard.cowin.gov.in/,724114731,552964723,171150008,
India,2021-09-11,"Covaxin, Oxford/AstraZeneca, Sputnik V",https://dashboard.cowin.gov.in/,733428972,558984568,174444404,
India,2021-09-12,"Covaxin, Oxford/AstraZeneca, Sputnik V",https://dashboard.cowin.gov.in/,740278136,563337272,176940864,
India,2021-09-13,"Covaxin, Oxford/AstraZeneca, Sputnik V",https://dashboard.cowin.gov.in/,750284569,570046655,180237914,
India,2021-09-14,"Covaxin, Oxford/AstraZeneca, Sputnik V",https://dashboard.cowin.gov.in/,752714069,571662310,181051759,
India,2021-09-15,"Covaxin, Oxford/AstraZeneca, Sputnik V",https://dashboard.cowin.gov.in/,761350715,576856263,184494452,
India,2021-09-16,"Covaxin, Oxford/AstraZeneca, Sputnik V",https://dashboard.cowin.gov.in/,771341641,582842108,188499533,
India,2021-09-17,"Covaxin, Oxford/AstraZeneca, Sputnik V",https://dashboard.cowin.gov.in/,777387850,586105233,191282617,
India,2021-09-18,"Covaxin, Oxford/AstraZeneca, Sputnik V",https://dashboard.cowin.gov.in/,796015119,597205296,198809823,
India,2021-09-19,"Covaxin, Oxford/AstraZeneca, Sputnik V",https://dashboard.cowin.gov.in/,804778696,602206789,202571907,
India,2021-09-20,"Covaxin, Oxford/AstraZeneca, Sputnik V",https://dashboard.cowin.gov.in/,812232516,606563237,205669279,
India,2021-09-21,"Covaxin, Oxford/AstraZeneca, Sputnik V",https://dashboard.cowin.gov.in/,821836262,612360533,209475729,
India,2021-09-22,"Covaxin, Oxford/AstraZeneca, Sputnik V",https://dashboard.cowin.gov.in/,827297973,615659928,211638045,
India,2021-09-23,"Covaxin, Oxford/AstraZeneca, Sputnik V",https://dashboard.cowin.gov.in/,837239837,621209052,216030785,
India,2021-09-24,"Covaxin, Oxford/AstraZeneca, Sputnik V",https://dashboard.cowin.gov.in/,847653817,627322598,220331219,
India,2021-09-25,"Covaxin, Oxford/AstraZeneca, Sputnik V",https://dashboard.cowin.gov.in/,852156699,629574531,222582168,
India,2021-09-26,"Covaxin, Oxford/AstraZeneca, Sputnik V",https://dashboard.cowin.gov.in/,855791746,631601656,224190090,
India,2021-09-27,"Covaxin, Oxford/AstraZeneca, Sputnik V",https://dashboard.cowin.gov.in/,868774116,639303166,229470950,
India,2021-09-28,"Covaxin, Oxford/AstraZeneca, Sputnik V",https://dashboard.cowin.gov.in/,873244661,641845931,231398730,
India,2021-09-29,"Covaxin, Oxford/AstraZeneca, Sputnik V",https://dashboard.cowin.gov.in/,879692465,645293313,234399152,
India,2021-09-30,"Covaxin, Oxford/AstraZeneca, Sputnik V",https://dashboard.cowin.gov.in/,886425292,648949043,237476249,
India,2021-10-01,"Covaxin, Oxford/AstraZeneca, Sputnik V",https://dashboard.cowin.gov.in/,893203984,652744197,240459787,
India,2021-10-02,"Covaxin, Oxford/AstraZeneca, Sputnik V",https://dashboard.cowin.gov.in/,901004270,656956299,244047971,
India,2021-10-03,"Covaxin, Oxford/AstraZeneca, Sputnik V",https://dashboard.cowin.gov.in/,906155473,659744381,246411092,
India,2021-10-04,"Covaxin, Oxford/AstraZeneca, Sputnik V",https://dashboard.cowin.gov.in/,911080329,662266667,248813662,
India,2021-10-05,"Covaxin, Oxford/AstraZeneca, Sputnik V",https://dashboard.cowin.gov.in/,918129250,666078231,252051019,
India,2021-10-06,"Covaxin, Oxford/AstraZeneca, Sputnik V",https://dashboard.cowin.gov.in/,923526951,668975929,254551022,
India,2021-10-07,"Covaxin, Oxford/AstraZeneca, Sputnik V",https://dashboard.cowin.gov.in/,927173859,670864526,256309333,
India,2021-10-08,"Covaxin, Oxford/AstraZeneca, Sputnik V",https://dashboard.cowin.gov.in/,935219767,675161305,260058462,
India,2021-10-09,"Covaxin, Oxford/AstraZeneca, Sputnik V",https://dashboard.cowin.gov.in/,943033918,679245181,263788737,
India,2021-10-10,"Covaxin, Oxford/AstraZeneca, Sputnik V",https://dashboard.cowin.gov.in/,951139832,683498355,267641477,
India,2021-10-11,"Covaxin, Oxford/AstraZeneca, Sputnik V",https://dashboard.cowin.gov.in/,954908095,685337489,269570606,
India,2021-10-12,"Covaxin, Oxford/AstraZeneca, Sputnik V",https://dashboard.cowin.gov.in/,961339629,688686928,272652701,
India,2021-10-13,"Covaxin, Oxford/AstraZeneca, Sputnik V",https://dashboard.cowin.gov.in/,965904347,690968314,274936033,
India,2021-10-14,"Covaxin, Oxford/AstraZeneca, Sputnik V",https://dashboard.cowin.gov.in/,968362051,692134805,276227246,
India,2021-10-15,"Covaxin, Oxford/AstraZeneca, Sputnik V",https://dashboard.cowin.gov.in/,971163447,693416137,277747310,
India,2021-10-16,"Covaxin, Oxford/AstraZeneca, Sputnik V",https://dashboard.cowin.gov.in/,972686142,693992112,278694030,
India,2021-10-17,"Covaxin, Oxford/AstraZeneca, Sputnik V",https://dashboard.cowin.gov.in/,976344696,695536360,280808336,
India,2021-10-18,"Covaxin, Oxford/AstraZeneca, Sputnik V",https://dashboard.cowin.gov.in/,978954738,696638920,282315818,
India,2021-10-19,"Covaxin, Oxford/AstraZeneca, Sputnik V",https://dashboard.cowin.gov.in/,987113051,700140298,286972753,
India,2021-10-20,"Covaxin, Oxford/AstraZeneca, Sputnik V",https://dashboard.cowin.gov.in/,997399032,705846235,291552797,
India,2021-10-21,"Covaxin, Oxford/AstraZeneca, Sputnik V",https://dashboard.cowin.gov.in/,1003204289,709552033,293652256,
India,2021-10-22,"Covaxin, Oxford/AstraZeneca, Sputnik V",https://dashboard.cowin.gov.in/,1009945663,712404590,297541073,
India,2021-10-23,"Covaxin, Oxford/AstraZeneca, Sputnik V",https://dashboard.cowin.gov.in/,1013637431,714084133,299553298,
India,2021-10-24,"Covaxin, Oxford/AstraZeneca, Sputnik V",https://dashboard.cowin.gov.in/,1022267850,717676310,304591540,
India,2021-10-25,"Covaxin, Oxford/AstraZeneca, Sputnik V",https://dashboard.cowin.gov.in/,1024149949,718444141,305705808,
India,2021-10-26,"Covaxin, Oxford/AstraZeneca, Sputnik V",https://dashboard.cowin.gov.in/,1030850079,721149084,309700995,
India,2021-10-27,"Covaxin, Oxford/AstraZeneca, Sputnik V",https://dashboard.cowin.gov.in/,1036568410,723424864,313143546,
India,2021-10-28,"Covaxin, Oxford/AstraZeneca, Sputnik V",https://dashboard.cowin.gov.in/,1042458533,725633405,316825128,
India,2021-10-29,"Covaxin, Oxford/AstraZeneca, Sputnik V",https://dashboard.cowin.gov.in/,1051708635,729199887,322508748,
India,2021-10-30,"Covaxin, Oxford/AstraZeneca, Sputnik V",https://dashboard.cowin.gov.in/,1058489433,731811996,326677437,
India,2021-10-31,"Covaxin, Oxford/AstraZeneca, Sputnik V",https://dashboard.cowin.gov.in/,1062631351,733542729,329088622,
India,2021-11-01,"Covaxin, Oxford/AstraZeneca, Sputnik V",https://dashboard.cowin.gov.in/,1067654329,735580368,332073961,
India,2021-11-02,"Covaxin, Oxford/AstraZeneca, Sputnik V",https://dashboard.cowin.gov.in/,1069718646,736446575,333272071,
India,2021-11-03,"Covaxin, Oxford/AstraZeneca, Sputnik V",https://dashboard.cowin.gov.in/,1075059421,738501950,336557471,
India,2021-11-04,"Covaxin, Oxford/AstraZeneca, Sputnik V",https://dashboard.cowin.gov.in/,1077107323,739357801,337749522,
India,2021-11-05,"Covaxin, Oxford/AstraZeneca, Sputnik V",https://dashboard.cowin.gov.in/,1077793623,739594039,338199584,
India,2021-11-06,"Covaxin, Oxford/AstraZeneca, Sputnik V",https://dashboard.cowin.gov.in/,1080177477,740368395,339809082,
India,2021-11-07,"Covaxin, Oxford/AstraZeneca, Sputnik V",https://dashboard.cowin.gov.in/,1083142285,741210655,341931630,
India,2021-11-08,"Covaxin, Oxford/AstraZeneca, Sputnik V",https://dashboard.cowin.gov.in/,1088236037,742750155,345485882,
India,2021-11-09,"Covaxin, Oxford/AstraZeneca, Sputnik V",https://dashboard.cowin.gov.in/,1092148139,743984381,348163758,
India,2021-11-10,"Covaxin, Oxford/AstraZeneca, Sputnik V",https://dashboard.cowin.gov.in/,1097806371,745597244,352209127,
India,2021-11-11,"Covaxin, Oxford/AstraZeneca, Sputnik V",https://dashboard.cowin.gov.in/,1102775592,746872225,355903367,
India,2021-11-12,"Covaxin, Oxford/AstraZeneca, Sputnik V",https://dashboard.cowin.gov.in/,1111423316,749179463,362243853,
India,2021-11-13,"Covaxin, Oxford/AstraZeneca, Sputnik V",https://dashboard.cowin.gov.in/,1119180353,751481608,367698745,
India,2021-11-14,"Covaxin, Oxford/AstraZeneca, Sputnik V",https://dashboard.cowin.gov.in/,1122889436,752662221,370227215,
India,2021-11-15,"Covaxin, Oxford/AstraZeneca, Sputnik V",https://dashboard.cowin.gov.in/,1126981490,753932806,373048684,
India,2021-11-16,"Covaxin, Oxford/AstraZeneca, Sputnik V",https://dashboard.cowin.gov.in/,1133688213,756052687,377635526,
India,2021-11-17,"Covaxin, Oxford/AstraZeneca, Sputnik V",https://dashboard.cowin.gov.in/,1141006707,758251605,382755102,
India,2021-11-18,"Covaxin, Oxford/AstraZeneca, Sputnik V",https://dashboard.cowin.gov.in/,1148786886,760532284,388254602,
India,2021-11-19,"Covaxin, Oxford/AstraZeneca, Sputnik V",https://dashboard.cowin.gov.in/,1153595556,762169283,391426273,
India,2021-11-20,"Covaxin, Oxford/AstraZeneca, Sputnik V",https://dashboard.cowin.gov.in/,1163685005,765364845,398320160,
India,2021-11-21,"Covaxin, Oxford/AstraZeneca, Sputnik V",https://dashboard.cowin.gov.in/,1168057227,766988022,401069205,
India,2021-11-22,"Covaxin, Oxford/AstraZeneca, Sputnik V",https://dashboard.cowin.gov.in/,1175843376,769596553,406246823,
India,2021-11-23,"Covaxin, Oxford/AstraZeneca, Sputnik V",https://dashboard.cowin.gov.in/,1183947210,772215710,411731500,
India,2021-11-24,"Covaxin, Oxford/AstraZeneca, Sputnik V",https://dashboard.cowin.gov.in/,1193769229,775076432,418692797,
India,2021-11-25,"Covaxin, Oxford/AstraZeneca, Sputnik V",https://dashboard.cowin.gov.in/,1198528642,776515911,422012731,
India,2021-11-26,"Covaxin, Oxford/AstraZeneca, Sputnik V",https://dashboard.cowin.gov.in/,1210758081,780551005,430207076,
India,2021-11-27,"Covaxin, Oxford/AstraZeneca, Sputnik V",https://dashboard.cowin.gov.in/,1212493046,781075743,431417303,
India,2021-11-28,"Covaxin, Oxford/AstraZeneca, Sputnik V",https://dashboard.cowin.gov.in/,1223194701,784647922,438546779,
India,2021-11-29,"Covaxin, Oxford/AstraZeneca, Sputnik V",https://dashboard.cowin.gov.in/,1228492006,786355397,442136609,
India,2021-11-30,"Covaxin, Oxford/AstraZeneca, Sputnik V",https://dashboard.cowin.gov.in/,1237055142,789054196,448000946,
India,2021-12-01,"Covaxin, Oxford/AstraZeneca, Sputnik V",https://dashboard.cowin.gov.in/,1245517176,791626543,453890633,
India,2021-12-02,"Covaxin, Oxford/AstraZeneca, Sputnik V",https://dashboard.cowin.gov.in/,1255866411,794528313,461338098,
India,2021-12-03,"Covaxin, Oxford/AstraZeneca, Sputnik V",https://dashboard.cowin.gov.in/,1261728028,796283823,465444205,
India,2021-12-04,"Covaxin, Oxford/AstraZeneca, Sputnik V",https://dashboard.cowin.gov.in/,1273806245,799745524,474060721,
India,2021-12-05,"Covaxin, Oxford/AstraZeneca, Sputnik V",https://dashboard.cowin.gov.in/,1278763558,801417375,477346183,
India,2021-12-06,"Covaxin, Oxford/AstraZeneca, Sputnik V",https://dashboard.cowin.gov.in/,1283718063,802894059,480824004,
India,2021-12-07,"Covaxin, Oxford/AstraZeneca, Sputnik V",https://dashboard.cowin.gov.in/,1291962219,805404596,486557623,
India,2021-12-08,"Covaxin, Oxford/AstraZeneca, Sputnik V",https://dashboard.cowin.gov.in/,1299875078,807755550,492119528,
India,2021-12-09,"Covaxin, Oxford/AstraZeneca, Sputnik V",https://dashboard.cowin.gov.in/,1308244539,810142506,498102033,
India,2021-12-10,"Covaxin, Oxford/AstraZeneca, Sputnik V",https://dashboard.cowin.gov.in/,1312375088,811443992,500931096,
India,2021-12-11,"Covaxin, Oxford/AstraZeneca, Sputnik V",https://dashboard.cowin.gov.in/,1327494248,815387998,512106250,
India,2021-12-12,"Covaxin, Oxford/AstraZeneca, Sputnik V",https://dashboard.cowin.gov.in/,1331399226,816708250,514690976,
India,2021-12-13,"Covaxin, Oxford/AstraZeneca, Sputnik V",https://dashboard.cowin.gov.in/,1335465563,817907560,517558003,
India,2021-12-14,"Covaxin, Oxford/AstraZeneca, Sputnik V",https://dashboard.cowin.gov.in/,1346291425,820963910,525327515,
India,2021-12-15,"Covaxin, Oxford/AstraZeneca, Sputnik V",https://dashboard.cowin.gov.in/,1352485358,822545653,529939705,
India,2021-12-16,"Covaxin, Oxford/AstraZeneca, Sputnik V",https://dashboard.cowin.gov.in/,1356491248,823451038,533040210,
India,2021-12-17,"Covaxin, Oxford/AstraZeneca, Sputnik V",https://dashboard.cowin.gov.in/,1365366923,825531190,539835733,
India,2021-12-18,"Covaxin, Oxford/AstraZeneca, Sputnik V",https://dashboard.cowin.gov.in/,1373057489,827368472,545689017,
India,2021-12-19,"Covaxin, Oxford/AstraZeneca, Sputnik V",https://dashboard.cowin.gov.in/,1376428862,828319595,548109267,
India,2021-12-20,"Covaxin, Oxford/AstraZeneca, Sputnik V",https://dashboard.cowin.gov.in/,1380223188,829219869,551003319,
India,2021-12-21,"Covaxin, Oxford/AstraZeneca, Sputnik V",https://dashboard.cowin.gov.in/,1388521671,831142523,557379148,
India,2021-12-22,"Covaxin, Oxford/AstraZeneca, Sputnik V",https://dashboard.cowin.gov.in/,1391050278,831763875,559286403,
India,2021-12-23,"Covaxin, Oxford/AstraZeneca, Sputnik V",https://dashboard.cowin.gov.in/,1398221289,833265701,564955588,
India,2021-12-24,"Covaxin, Oxford/AstraZeneca, Sputnik V",https://dashboard.cowin.gov.in/,1404556570,834737784,569818786,
India,2021-12-25,"Covaxin, Oxford/AstraZeneca, Sputnik V",https://dashboard.cowin.gov.in/,1413981791,837078735,576903056,
India,2021-12-26,"Covaxin, Oxford/AstraZeneca, Sputnik V",https://dashboard.cowin.gov.in/,1414731603,837294288,577437315,
India,2021-12-27,"Covaxin, Oxford/AstraZeneca, Sputnik V",https://dashboard.cowin.gov.in/,1418447119,838318164,580128955,
India,2021-12-28,"Covaxin, Oxford/AstraZeneca, Sputnik V",https://dashboard.cowin.gov.in/,1426069774,840095473,585974301,
India,2021-12-29,"Covaxin, Oxford/AstraZeneca, Sputnik V",https://dashboard.cowin.gov.in/,1435195841,842315450,592880391,
India,2021-12-30,"Covaxin, Oxford/AstraZeneca, Sputnik V",https://dashboard.cowin.gov.in/,1438717497,843220793,595496704,
India,2021-12-31,"Covaxin, Oxford/AstraZeneca, Sputnik V",https://dashboard.cowin.gov.in/,1448865422,845640601,603224821,
India,2022-01-01,"Covaxin, Oxford/AstraZeneca, Sputnik V",https://dashboard.cowin.gov.in/,1454069802,846975771,607094031,
India,2022-01-02,"Covaxin, Oxford/AstraZeneca, Sputnik V",https://dashboard.cowin.gov.in/,1456586234,847665306,608920928,
India,2022-01-03,"Covaxin, Oxford/AstraZeneca, Sputnik V",https://dashboard.cowin.gov.in/,1464526170,852570971,611955199,
India,2022-01-04,"Covaxin, Oxford/AstraZeneca, Sputnik V",https://dashboard.cowin.gov.in/,1472330269,857788520,614541749,
India,2022-01-05,"Covaxin, Oxford/AstraZeneca, Sputnik V",https://dashboard.cowin.gov.in/,1482203963,864466425,617737538,
India,2022-01-06,"Covaxin, Oxford/AstraZeneca, Sputnik V",https://dashboard.cowin.gov.in/,1491991022,871088714,620902308,
India,2022-01-07,"Covaxin, Oxford/AstraZeneca, Sputnik V",https://dashboard.cowin.gov.in/,1505591911,879625063,625966848,
India,2022-01-08,"Covaxin, Oxford/AstraZeneca, Sputnik V",https://dashboard.cowin.gov.in/,1508007415,880930714,627076701,
India,2022-01-09,"Covaxin, Oxford/AstraZeneca, Sputnik V",https://dashboard.cowin.gov.in/,1517705282,886204082,631501200,
India,2022-01-10,"Covaxin, Oxford/AstraZeneca, Sputnik V",https://dashboard.cowin.gov.in/,1524222751,889459819,634265259,
India,2022-01-11,"Covaxin, Oxford/AstraZeneca, Sputnik V",https://dashboard.cowin.gov.in/,1537841948,895852039,640117846,
India,2022-01-12,"Covaxin, Oxford/AstraZeneca, Sputnik V",https://dashboard.cowin.gov.in/,1544297708,898710263,643070555,
India,2022-01-13,"Covaxin, Oxford/AstraZeneca, Sputnik V",https://dashboard.cowin.gov.in/,1553919710,903038624,647586748,3294338
India,2022-01-14,"Covaxin, Oxford/AstraZeneca, Sputnik V",https://dashboard.cowin.gov.in/,1556478542,904086765,648878102,3513675
India,2022-01-15,"Covaxin, Oxford/AstraZeneca, Sputnik V",https://dashboard.cowin.gov.in/,1565638547,908005349,653514044,4119154
India,2022-01-16,"Covaxin, Oxford/AstraZeneca, Sputnik V",https://dashboard.cowin.gov.in/,1570696006,910386043,656011893,4298070
India,2022-01-17,"Covaxin, Oxford/AstraZeneca, Sputnik V",https://dashboard.cowin.gov.in/,1575863289,912552134,658614500,
India,2022-01-18,"Covaxin, Oxford/AstraZeneca, Sputnik V",https://dashboard.cowin.gov.in/,1576006300,912567911,658765881,4672508
India,2022-01-19,"Covaxin, Oxford/AstraZeneca, Sputnik V",https://dashboard.cowin.gov.in/,1592451490,919059606,667552043,5839841
India,2022-01-20,"Covaxin, Oxford/AstraZeneca, Sputnik V",https://dashboard.cowin.gov.in/,1600333779,922087216,671853985,6392578
India,2022-01-21,"Covaxin, Oxford/AstraZeneca, Sputnik V",https://dashboard.cowin.gov.in/,1609613007,925500152,677041072,7071783
India,2022-01-22,"Covaxin, Oxford/AstraZeneca, Sputnik V",https://dashboard.cowin.gov.in/,1617088106,928133309,681368115,7586682
India,2022-01-23,"Covaxin, Oxford/AstraZeneca, Sputnik V",https://dashboard.cowin.gov.in/,1622210924,929971622,684436700,7802602
India,2022-01-24,"Covaxin, Oxford/AstraZeneca, Sputnik V",https://dashboard.cowin.gov.in/,1623419845,930359898,685102189,7957758
India,2022-01-25,"Covaxin, Oxford/AstraZeneca, Sputnik V",https://dashboard.cowin.gov.in/,1630312330,932606511,689133722,8572097
India,2022-01-26,"Covaxin, Oxford/AstraZeneca, Sputnik V",https://dashboard.cowin.gov.in/,1636183520,934468791,692645423,9069306
India,2022-01-27,"Covaxin, Oxford/AstraZeneca, Sputnik V",https://dashboard.cowin.gov.in/,1639112704,935294849,694410120,9407735
India,2022-01-28,"Covaxin, Oxford/AstraZeneca, Sputnik V",https://dashboard.cowin.gov.in/,1645293992,937107027,698115220,10071745
India,2022-01-29,"Covaxin, Oxford/AstraZeneca, Sputnik V",https://dashboard.cowin.gov.in/,1650461284,938645671,701262521,10553092
India,2022-01-30,"Covaxin, Oxford/AstraZeneca, Sputnik V",https://dashboard.cowin.gov.in/,1657362150,940755706,705405482,11200962
India,2022-01-31,"Covaxin, Oxford/AstraZeneca, Sputnik V",https://dashboard.cowin.gov.in/,1664786038,943027714,709926447,11831877
India,2022-02-01,"Covaxin, Oxford/AstraZeneca, Sputnik V",https://dashboard.cowin.gov.in/,1671163877,944749420,714073668,12340789
India,2022-02-02,"Covaxin, Oxford/AstraZeneca, Sputnik V",https://dashboard.cowin.gov.in/,1677030680,946259127,717972069,12799484
India,2022-02-03,"Covaxin, Oxford/AstraZeneca, Sputnik V",https://dashboard.cowin.gov.in/,1681517744,947341172,721020585,13155987
India,2022-02-04,"Covaxin, Oxford/AstraZeneca, Sputnik V",https://dashboard.cowin.gov.in/,1687048487,948717449,724768356,13562682
India,2022-02-05,"Covaxin, Oxford/AstraZeneca, Sputnik V",https://dashboard.cowin.gov.in/,1693177165,950308975,728875616,13992574
India,2022-02-06,"Covaxin, Oxford/AstraZeneca, Sputnik V",https://dashboard.cowin.gov.in/,1695886196,951213177,730532500,14140519
India,2022-02-07,"Covaxin, Oxford/AstraZeneca, Sputnik V",https://dashboard.cowin.gov.in/,1696048044,951263816,730627102,14157126
India,2022-02-08,"Covaxin, Oxford/AstraZeneca, Sputnik V",https://dashboard.cowin.gov.in/,1702679391,952678279,736217486,14652203
India,2022-02-09,"Covaxin, Oxford/AstraZeneca, Sputnik V",https://dashboard.cowin.gov.in/,1710023580,954257234,740575198,15191148
India,2022-02-10,"Covaxin, Oxford/AstraZeneca, Sputnik V",https://dashboard.cowin.gov.in/,1710398811,954313669,740861221,15223921
India,2022-02-11,"Covaxin, Oxford/AstraZeneca, Sputnik V",https://dashboard.cowin.gov.in/,1720173263,956363985,747888827,15920451
India,2022-02-12,"Covaxin, Oxford/AstraZeneca, Sputnik V",https://dashboard.cowin.gov.in/,1723371281,957047881,750185166,16138234
India,2022-02-13,"Covaxin, Oxford/AstraZeneca, Sputnik V",https://dashboard.cowin.gov.in/,1727912049,958033046,753481207,16397796
India,2022-02-14,"Covaxin, Oxford/AstraZeneca, Sputnik V",https://dashboard.cowin.gov.in/,1729729648,958462316,754746231,16521101
India,2022-02-15,"Covaxin, Oxford/AstraZeneca, Sputnik V",https://dashboard.cowin.gov.in/,1736068837,959602131,759530099,16936607
India,2022-02-16,"Covaxin, Oxford/AstraZeneca, Sputnik V",https://dashboard.cowin.gov.in/,1738650284,960091888,761473602,17084794
India,2022-02-17,"Covaxin, Oxford/AstraZeneca, Sputnik V",https://dashboard.cowin.gov.in/,1743931966,961022242,765507484,17402240
India,2022-02-18,"Covaxin, Oxford/AstraZeneca, Sputnik V",https://dashboard.cowin.gov.in/,1747936912,961693778,768626041,17617093
India,2022-02-19,"Covaxin, Oxford/AstraZeneca, Sputnik V",https://dashboard.cowin.gov.in/,1751467446,962283459,771380004,17803983
India,2022-02-20,"Covaxin, Oxford/AstraZeneca, Sputnik V",https://dashboard.cowin.gov.in/,1753406786,962616766,772901521,17888499
India,2022-02-21,"Covaxin, Oxford/AstraZeneca, Sputnik V",https://dashboard.cowin.gov.in/,1755791055,962967313,774808452,18015290
India,2022-02-22,"Covaxin, Oxford/AstraZeneca, Sputnik V",https://dashboard.cowin.gov.in/,1759523094,963517480,777816191,18189423
India,2022-02-23,"Covaxin, Oxford/AstraZeneca, Sputnik V",https://dashboard.cowin.gov.in/,1761691159,963841804,779561195,18288160
India,2022-02-24,"Covaxin, Oxford/AstraZeneca, Sputnik V",https://dashboard.cowin.gov.in/,1764970949,964304634,782222068,18444247
India,2022-02-25,"Covaxin, Oxford/AstraZeneca, Sputnik V",https://dashboard.cowin.gov.in/,1768596814,964818498,785172630,18605686
India,2022-02-26,"Covaxin, Oxford/AstraZeneca, Sputnik V",https://dashboard.cowin.gov.in/,1772317897,965336168,788213991,18767738
India,2022-02-27,"Covaxin, Oxford/AstraZeneca, Sputnik V",https://dashboard.cowin.gov.in/,1773724815,965531308,789372639,18820868
India,2022-02-28,"Covaxin, Oxford/AstraZeneca, Sputnik V",https://dashboard.cowin.gov.in/,1775178647,965733580,790556254,18888813
India,2022-03-01,"Covaxin, Oxford/AstraZeneca, Sputnik V",https://dashboard.cowin.gov.in/,1776674379,965923463,791803734,18947182
India,2022-03-02,"Covaxin, Oxford/AstraZeneca, Sputnik V",https://dashboard.cowin.gov.in/,1778253673,966125454,793112322,19015897
India,2022-03-03,"Covaxin, Oxford/AstraZeneca, Sputnik V",https://dashboard.cowin.gov.in/,1781445039,966508496,795778169,19158374
India,2022-03-04,"Covaxin, Oxford/AstraZeneca, Sputnik V",https://dashboard.cowin.gov.in/,1784081444,966810216,797997103,19274125
India,2022-03-05,"Covaxin, Oxford/AstraZeneca, Sputnik V",https://dashboard.cowin.gov.in/,1786849348,967153861,800304849,19390638
India,2022-03-06,"Covaxin, Oxford/AstraZeneca, Sputnik V",https://dashboard.cowin.gov.in/,1787845508,967279389,801141086,19425033
India,2022-03-07,"Covaxin, Oxford/AstraZeneca, Sputnik V",https://dashboard.cowin.gov.in/,1789317128,967460932,802358408,19497788
India,2022-03-08,"Covaxin, Oxford/AstraZeneca, Sputnik V",https://dashboard.cowin.gov.in/,1791553063,967725805,804228336,19598922
India,2022-03-09,"Covaxin, Oxford/AstraZeneca, Sputnik V",https://dashboard.cowin.gov.in/,1793520158,967946798,805886615,19686745
India,2022-03-10,"Covaxin, Oxford/AstraZeneca, Sputnik V",https://dashboard.cowin.gov.in/,1795443790,968154309,807510151,19779330
India,2022-03-11,"Covaxin, Oxford/AstraZeneca, Sputnik V",https://dashboard.cowin.gov.in/,1798217482,968454151,809861857,19901474
India,2022-03-12,"Covaxin, Oxford/AstraZeneca, Sputnik V",https://dashboard.cowin.gov.in/,1799411716,968594304,810857880,19959532
India,2022-03-13,"Covaxin, Oxford/AstraZeneca, Sputnik V",https://dashboard.cowin.gov.in/,1800720203,968738370,811980554,20001279
India,2022-03-14,"Covaxin, Oxford/AstraZeneca, Sputnik V",https://dashboard.cowin.gov.in/,1802515613,968928555,813501336,20085722
India,2022-03-15,"Covaxin, Oxford/AstraZeneca, Sputnik V",https://dashboard.cowin.gov.in/,1804173297,969097787,814906002,20169508
India,2022-03-16,"Covaxin, Oxford/AstraZeneca, Sputnik V",https://dashboard.cowin.gov.in/,1806005751,969281482,816469839,20254430
India,2022-03-17,"Covaxin, Oxford/AstraZeneca, Sputnik V",https://dashboard.cowin.gov.in/,1808015400,970008356,817667068,20339976
India,2022-03-18,"Covaxin, Oxford/AstraZeneca, Sputnik V",https://dashboard.cowin.gov.in/,1809229692,970523455,818324294,20381943
India,2022-03-19,"Covaxin, Oxford/AstraZeneca, Sputnik V",https://dashboard.cowin.gov.in/,1810472831,971067179,818968798,20436854
India,2022-03-20,"Covaxin, Oxford/AstraZeneca, Sputnik V",https://dashboard.cowin.gov.in/,1811384731,971428124,819491293,20465314
India,2022-03-21,"Covaxin, Oxford/AstraZeneca, Sputnik V",https://dashboard.cowin.gov.in/,1813883509,972808865,820497326,20577318
India,2022-03-22,"Covaxin, Oxford/AstraZeneca, Sputnik V",https://dashboard.cowin.gov.in/,1816439799,974339631,821413590,20686578
India,2022-03-23,"Covaxin, Oxford/AstraZeneca, Sputnik V",https://dashboard.cowin.gov.in/,1820574288,976963865,822790602,20819821
India,2022-03-24,"Covaxin, Oxford/AstraZeneca, Sputnik V",https://dashboard.cowin.gov.in/,1824268730,979236978,824066700,20965052
India,2022-03-25,"Covaxin, Oxford/AstraZeneca, Sputnik V",https://dashboard.cowin.gov.in/,1826265830,980435665,824764568,21065597
India,2022-03-26,"Covaxin, Oxford/AstraZeneca, Sputnik V",https://dashboard.cowin.gov.in/,1830285290,982687842,826360688,21236760
India,2022-03-27,"Covaxin, Oxford/AstraZeneca, Sputnik V",https://dashboard.cowin.gov.in/,1831347741,983190780,826884564,21272397
India,2022-03-28,"Covaxin, Oxford/AstraZeneca, Sputnik V",https://dashboard.cowin.gov.in/,1833040014,984051283,827610878,21377853
India,2022-03-29,"Covaxin, Oxford/AstraZeneca, Sputnik V",https://dashboard.cowin.gov.in/,1834500657,984838143,828229455,21433059
India,2022-03-30,"Covaxin, Oxford/AstraZeneca, Sputnik V",https://dashboard.cowin.gov.in/,1838519822,987012865,829846274,21660683
India,2022-03-31,"Covaxin, Oxford/AstraZeneca, Sputnik V",https://dashboard.cowin.gov.in/,1841947045,988846975,831238996,21861074
