location,date,vaccine,source_url,total_vaccinations,people_vaccinated,people_fully_vaccinated,total_boosters
Iraq,2021-03-01,"Oxford/AstraZeneca, Sinopharm/Beijing",https://www.aa.com.tr/en/latest-on-coronavirus-outbreak/iraq-starts-coronavirus-vaccination-campaign/2162374,0,0,0,
Iraq,2021-03-29,"Oxford/AstraZeneca, Sinopharm/Beijing",https://www.facebook.com/MOH.GOV.IQ/posts/3865264086861294,26727,26727,0,
Iraq,2021-04-04,"Oxford/AstraZeneca, Sinopharm/Beijing",http://www.china.org.cn/world/Off_the_Wire/2021-04/05/content_77377158.htm,93021,93021,0,
Iraq,2021-04-05,"Oxford/AstraZeneca, Sinopharm/Beijing",https://shafaq.com/en/Iraq-News/COVID-19-6400-new-cases-and-39-mortalities-in-Iraq-today,103006,103006,0,
Iraq,2021-04-12,"Oxford/AstraZeneca, Sinopharm/Beijing",http://www.xinhuanet.com/english/2021-04/13/c_139876028.htm,152962,152962,0,
Iraq,2021-04-16,"Oxford/AstraZeneca, Sinopharm/Beijing",http://www.xinhuanet.com/english/2021-04/16/c_139883258.htm,197914,197914,0,
Iraq,2021-04-23,"Oxford/AstraZeneca, Pfizer/BioNTech, Sinopharm/Beijing",https://www.kuna.net.kw/ArticleDetails.aspx?id=2973540&language=en,298377,298377,0,
Iraq,2021-05-11,"Oxford/AstraZeneca, Pfizer/BioNTech, Sinopharm/Beijing",https://www.nrttv.com/En/News.aspx?id=27954&MapID=2,453361,,,
Iraq,2021-05-21,"Oxford/AstraZeneca, Pfizer/BioNTech, Sinopharm/Beijing",http://www.xinhuanet.com/english/2021-05/22/c_139961897.htm,520491,,,
Iraq,2021-05-25,"Oxford/AstraZeneca, Pfizer/BioNTech, Sinopharm/Beijing",http://www.xinhuanet.com/english/2021-05/26/c_139969409.htm,549969,,,
Iraq,2021-05-28,"Oxford/AstraZeneca, Pfizer/BioNTech, Sinopharm/Beijing",http://www.xinhuanet.com/english/2021-05/29/c_139976341.htm,582537,,,
Iraq,2021-06-08,"Oxford/AstraZeneca, Pfizer/BioNTech, Sinopharm/Beijing, Sputnik V",https://covid19.who.int/,613840,447321,166519,
Iraq,2021-06-14,"Oxford/AstraZeneca, Pfizer/BioNTech, Sinopharm/Beijing, Sputnik V",https://covid19.who.int/,703820,494524,209296,
Iraq,2021-06-20,"Oxford/AstraZeneca, Pfizer/BioNTech, Sinopharm/Beijing, Sputnik V",https://covid19.who.int/,805363,548696,256667,
Iraq,2021-07-05,"Oxford/AstraZeneca, Pfizer/BioNTech, Sinopharm/Beijing, Sputnik V",https://covid19.who.int/,1087866,699325,388541,
Iraq,2021-07-11,"Oxford/AstraZeneca, Pfizer/BioNTech, Sinopharm/Beijing, Sputnik V",https://reliefweb.int/sites/reliefweb.int/files/resources/iraq-covid-19-situation-report-05_11-7-21.pdf,1330393,826007,494900,
Iraq,2021-08-06,"Oxford/AstraZeneca, Pfizer/BioNTech, Sinopharm/Beijing, Sputnik V",www.xinhuanet.com/english/2021-08/06/c_1310112669.htm,2102550,,,
Iraq,2021-08-25,"Oxford/AstraZeneca, Pfizer/BioNTech, Sinopharm/Beijing, Sputnik V",https://covid19.who.int/,3118411,,,
Iraq,2021-08-30,"Oxford/AstraZeneca, Pfizer/BioNTech, Sinopharm/Beijing, Sputnik V",https://covid19.who.int/,3368843,,,
Iraq,2021-09-01,"Oxford/AstraZeneca, Pfizer/BioNTech, Sinopharm/Beijing, Sputnik V",https://covid19.who.int/,3504509,,,
Iraq,2021-09-06,"Oxford/AstraZeneca, Pfizer/BioNTech, Sinopharm/Beijing, Sputnik V",https://covid19.who.int/,3754174,,,
Iraq,2021-09-08,"Oxford/AstraZeneca, Pfizer/BioNTech, Sinopharm/Beijing, Sputnik V",https://covid19.who.int/,5739867,3684546,2055321,
Iraq,2021-09-11,"Oxford/AstraZeneca, Pfizer/BioNTech, Sinopharm/Beijing, Sputnik V",https://covid19.who.int/,6672182,4203578,2468604,
Iraq,2021-09-23,"Oxford/AstraZeneca, Pfizer/BioNTech, Sinopharm/Beijing, Sputnik V",https://covid19.who.int/,7448300,4585095,2486604,
Iraq,2021-09-26,"Oxford/AstraZeneca, Pfizer/BioNTech, Sinopharm/Beijing, Sputnik V",https://covid19.who.int/,7608508,4676216,2932292,
Iraq,2021-10-09,"Oxford/AstraZeneca, Pfizer/BioNTech, Sinopharm/Beijing, Sputnik V",https://covid19.who.int/,8187299,5024958,3162341,
Iraq,2021-10-17,"Oxford/AstraZeneca, Pfizer/BioNTech, Sinopharm/Beijing, Sputnik V",https://covid19.who.int/,8506934,5260678,3246256,
Iraq,2021-10-24,"Oxford/AstraZeneca, Pfizer/BioNTech, Sinopharm/Beijing, Sputnik V",https://covid19.who.int/,8972041,5621027,3351014,
Iraq,2021-10-30,"Oxford/AstraZeneca, Pfizer/BioNTech, Sinopharm/Beijing, Sputnik V",https://covid19.who.int/,9370826,5896149,3474677,
Iraq,2021-11-03,"Oxford/AstraZeneca, Pfizer/BioNTech, Sinopharm/Beijing, Sputnik V",https://covid19.who.int/,9632835,6062577,3570258,
Iraq,2021-11-15,"Oxford/AstraZeneca, Pfizer/BioNTech, Sinopharm/Beijing, Sputnik V",https://covid19.who.int/,10806021,6732542,4073479,
Iraq,2021-11-21,"Oxford/AstraZeneca, Pfizer/BioNTech, Sinopharm/Beijing, Sputnik V",https://covid19.who.int/,11380981,7055224,4325757,
Iraq,2021-11-24,"Oxford/AstraZeneca, Pfizer/BioNTech, Sinopharm/Beijing, Sputnik V",https://covid19.who.int/,11715365,7246498,4468867,
Iraq,2021-11-28,"Oxford/AstraZeneca, Pfizer/BioNTech, Sinopharm/Beijing, Sputnik V",https://covid19.who.int/,12048583,7424101,4624482,
Iraq,2021-11-30,"Oxford/AstraZeneca, Pfizer/BioNTech, Sinopharm/Beijing, Sputnik V",https://covid19.who.int/,12268675,7545538,4723137,
Iraq,2021-12-04,"Oxford/AstraZeneca, Pfizer/BioNTech, Sinopharm/Beijing, Sputnik V",https://covid19.who.int/,12550487,7691071,4858405,
Iraq,2021-12-08,"Oxford/AstraZeneca, Pfizer/BioNTech, Sinopharm/Beijing, Sputnik V",https://covid19.who.int/,12912613,7880958,5028072,
Iraq,2021-12-12,"Oxford/AstraZeneca, Pfizer/BioNTech, Sinopharm/Beijing, Sputnik V",https://covid19.who.int/,13174583,8009447,5158731,
Iraq,2021-12-14,"Oxford/AstraZeneca, Pfizer/BioNTech, Sinopharm/Beijing, Sputnik V",https://covid19.who.int/,13360483,8111496,5241122,
Iraq,2021-12-19,"Oxford/AstraZeneca, Pfizer/BioNTech, Sinopharm/Beijing, Sputnik V",https://covid19.who.int/,13685013,8271151,5402359,
Iraq,2021-12-22,"Oxford/AstraZeneca, Pfizer/BioNTech, Sinopharm/Beijing, Sputnik V",https://covid19.who.int/,13928740,8390446,5523839,
Iraq,2021-12-27,"Oxford/AstraZeneca, Pfizer/BioNTech, Sinopharm/Beijing, Sputnik V",https://covid19.who.int/,14140578,8482581,5639110,
Iraq,2022-01-04,"Oxford/AstraZeneca, Pfizer/BioNTech, Sinopharm/Beijing, Sputnik V",https://covid19.who.int/,14428341,8601468,5801589,
Iraq,2022-01-08,"Oxford/AstraZeneca, Pfizer/BioNTech, Sinopharm/Beijing, Sputnik V",https://covid19.who.int/,14577185,8667646,5879971,
Iraq,2022-01-10,"Oxford/AstraZeneca, Pfizer/BioNTech, Sinopharm/Beijing, Sputnik V",https://covid19.who.int/,14714511,8735048,5945854,
Iraq,2022-01-12,"Oxford/AstraZeneca, Pfizer/BioNTech, Sinopharm/Beijing, Sputnik V",https://covid19.who.int/,14846973,8801367,6007244,
Iraq,2022-01-16,"Oxford/AstraZeneca, Pfizer/BioNTech, Sinopharm/Beijing, Sputnik V",https://covid19.who.int/,15035683,8898519,6089527,
Iraq,2022-01-18,"Oxford/AstraZeneca, Pfizer/BioNTech, Sinopharm/Beijing, Sputnik V",https://covid19.who.int/,15157561,8969746,6135948,
Iraq,2022-01-23,"Oxford/AstraZeneca, Pfizer/BioNTech, Sinopharm/Beijing, Sputnik V",https://covid19.who.int/,15370064,9093724,6214980,
Iraq,2022-01-26,"Oxford/AstraZeneca, Pfizer/BioNTech, Sinopharm/Beijing, Sputnik V",https://covid19.who.int/,15532626,9194935,6270286,
Iraq,2022-01-29,"Oxford/AstraZeneca, Pfizer/BioNTech, Sinopharm/Beijing, Sputnik V",https://covid19.who.int/,15622179,9243489,6306626,
Iraq,2022-02-01,"Oxford/AstraZeneca, Pfizer/BioNTech, Sinopharm/Beijing, Sputnik V",https://covid19.who.int/,15769592,9325542,6365752,
Iraq,2022-02-13,"Oxford/AstraZeneca, Pfizer/BioNTech, Sinopharm/Beijing, Sputnik V",https://covid19.who.int/,16257861,9589248,6570825,
Iraq,2022-02-19,"Oxford/AstraZeneca, Pfizer/BioNTech, Sinopharm/Beijing, Sputnik V",https://covid19.who.int/,16507035,9725861,6673946,
Iraq,2022-02-26,"Oxford/AstraZeneca, Pfizer/BioNTech, Sinopharm/Beijing, Sputnik V",https://covid19.who.int/,16785945,9874526,6791628,
Iraq,2022-03-05,"Oxford/AstraZeneca, Pfizer/BioNTech, Sinopharm/Beijing, Sputnik V",https://covid19.who.int/,17014009,9992944,6892020,
Iraq,2022-03-15,"Oxford/AstraZeneca, Pfizer/BioNTech, Sinopharm/Beijing, Sputnik V",https://covid19.who.int/,17372433,10181944,7047956,
Iraq,2022-03-23,"Oxford/AstraZeneca, Pfizer/BioNTech, Sinopharm/Beijing, Sputnik V",https://covid19.who.int/,17536902,10266670,7121524,148708
