location,date,vaccine,source_url,total_vaccinations,people_vaccinated,people_fully_vaccinated,total_boosters
Ireland,2020-12-28,Pfizer/BioNTech,https://covid19ireland-geohive.hub.arcgis.com/,223,202,21,0
Ireland,2020-12-29,Pfizer/BioNTech,https://covid19ireland-geohive.hub.arcgis.com/,299,276,23,0
Ireland,2020-12-30,Pfizer/BioNTech,https://covid19ireland-geohive.hub.arcgis.com/,1357,1333,24,0
Ireland,2020-12-31,Pfizer/BioNTech,https://covid19ireland-geohive.hub.arcgis.com/,2389,2364,25,0
Ireland,2021-01-01,Pfizer/BioNTech,https://covid19ireland-geohive.hub.arcgis.com/,3195,3170,25,0
Ireland,2021-01-02,Pfizer/BioNTech,https://covid19ireland-geohive.hub.arcgis.com/,4210,4185,25,0
Ireland,2021-01-03,Pfizer/BioNTech,https://covid19ireland-geohive.hub.arcgis.com/,4232,4205,28,0
Ireland,2021-01-04,Pfizer/BioNTech,https://covid19ireland-geohive.hub.arcgis.com/,5421,5391,31,0
Ireland,2021-01-05,Pfizer/BioNTech,https://covid19ireland-geohive.hub.arcgis.com/,8954,8915,40,0
Ireland,2021-01-06,Pfizer/BioNTech,https://covid19ireland-geohive.hub.arcgis.com/,15731,15684,48,0
Ireland,2021-01-07,Pfizer/BioNTech,https://covid19ireland-geohive.hub.arcgis.com/,27457,27402,56,0
Ireland,2021-01-08,Pfizer/BioNTech,https://covid19ireland-geohive.hub.arcgis.com/,40136,40076,61,0
Ireland,2021-01-09,Pfizer/BioNTech,https://covid19ireland-geohive.hub.arcgis.com/,48214,48148,67,0
Ireland,2021-01-10,Pfizer/BioNTech,https://covid19ireland-geohive.hub.arcgis.com/,52994,52925,71,0
Ireland,2021-01-11,Pfizer/BioNTech,https://covid19ireland-geohive.hub.arcgis.com/,61338,61262,78,0
Ireland,2021-01-12,Pfizer/BioNTech,https://covid19ireland-geohive.hub.arcgis.com/,70223,70138,87,0
Ireland,2021-01-13,Pfizer/BioNTech,https://covid19ireland-geohive.hub.arcgis.com/,80104,80014,92,0
Ireland,2021-01-14,Pfizer/BioNTech,https://covid19ireland-geohive.hub.arcgis.com/,88186,88091,97,0
Ireland,2021-01-15,Pfizer/BioNTech,https://covid19ireland-geohive.hub.arcgis.com/,95870,95773,99,0
Ireland,2021-01-16,Pfizer/BioNTech,https://covid19ireland-geohive.hub.arcgis.com/,101098,100998,102,0
Ireland,2021-01-17,Pfizer/BioNTech,https://covid19ireland-geohive.hub.arcgis.com/,102211,102107,106,0
Ireland,2021-01-18,Pfizer/BioNTech,https://covid19ireland-geohive.hub.arcgis.com/,110920,110809,113,0
Ireland,2021-01-19,Pfizer/BioNTech,https://covid19ireland-geohive.hub.arcgis.com/,119310,119181,131,0
Ireland,2021-01-20,Pfizer/BioNTech,https://covid19ireland-geohive.hub.arcgis.com/,128710,127620,1092,0
Ireland,2021-01-21,Pfizer/BioNTech,https://covid19ireland-geohive.hub.arcgis.com/,138662,136610,2054,0
Ireland,2021-01-22,Pfizer/BioNTech,https://covid19ireland-geohive.hub.arcgis.com/,146395,143375,3022,0
Ireland,2021-01-23,Pfizer/BioNTech,https://covid19ireland-geohive.hub.arcgis.com/,151032,147552,3482,0
Ireland,2021-01-24,Pfizer/BioNTech,https://covid19ireland-geohive.hub.arcgis.com/,152609,148732,3879,0
Ireland,2021-01-25,Pfizer/BioNTech,https://covid19ireland-geohive.hub.arcgis.com/,155242,150080,5164,0
Ireland,2021-01-26,Pfizer/BioNTech,https://covid19ireland-geohive.hub.arcgis.com/,159739,151079,8662,0
Ireland,2021-01-27,Pfizer/BioNTech,https://covid19ireland-geohive.hub.arcgis.com/,168598,153240,15360,0
Ireland,2021-01-28,Pfizer/BioNTech,https://covid19ireland-geohive.hub.arcgis.com/,181121,154225,26898,0
Ireland,2021-01-29,Pfizer/BioNTech,https://covid19ireland-geohive.hub.arcgis.com/,194213,155792,38423,0
Ireland,2021-01-30,Pfizer/BioNTech,https://covid19ireland-geohive.hub.arcgis.com/,202629,156416,46215,0
Ireland,2021-01-31,Pfizer/BioNTech,https://covid19ireland-geohive.hub.arcgis.com/,206932,156633,50301,0
Ireland,2021-02-01,Pfizer/BioNTech,https://covid19ireland-geohive.hub.arcgis.com/,216278,157644,58636,0
Ireland,2021-02-02,Pfizer/BioNTech,https://covid19ireland-geohive.hub.arcgis.com/,222208,158468,63742,0
Ireland,2021-02-03,Pfizer/BioNTech,https://covid19ireland-geohive.hub.arcgis.com/,230460,159858,70604,0
Ireland,2021-02-04,Pfizer/BioNTech,https://covid19ireland-geohive.hub.arcgis.com/,242417,161274,81146,0
Ireland,2021-02-05,"Moderna, Oxford/AstraZeneca, Pfizer/BioNTech",https://covid19ireland-geohive.hub.arcgis.com/,254407,164652,89758,0
Ireland,2021-02-06,"Moderna, Oxford/AstraZeneca, Pfizer/BioNTech",https://covid19ireland-geohive.hub.arcgis.com/,259163,165542,93624,0
Ireland,2021-02-07,"Moderna, Oxford/AstraZeneca, Pfizer/BioNTech",https://covid19ireland-geohive.hub.arcgis.com/,260786,165866,94924,0
Ireland,2021-02-08,"Moderna, Oxford/AstraZeneca, Pfizer/BioNTech",https://covid19ireland-geohive.hub.arcgis.com/,262825,167026,95803,0
Ireland,2021-02-09,"Moderna, Oxford/AstraZeneca, Pfizer/BioNTech",https://covid19ireland-geohive.hub.arcgis.com/,267607,171272,96341,0
Ireland,2021-02-10,"Moderna, Oxford/AstraZeneca, Pfizer/BioNTech",https://covid19ireland-geohive.hub.arcgis.com/,277001,180087,96920,0
Ireland,2021-02-11,"Moderna, Oxford/AstraZeneca, Pfizer/BioNTech",https://covid19ireland-geohive.hub.arcgis.com/,283618,186261,97363,0
Ireland,2021-02-12,"Moderna, Oxford/AstraZeneca, Pfizer/BioNTech",https://covid19ireland-geohive.hub.arcgis.com/,288525,190646,97885,0
Ireland,2021-02-13,"Moderna, Oxford/AstraZeneca, Pfizer/BioNTech",https://covid19ireland-geohive.hub.arcgis.com/,291641,191849,99798,0
Ireland,2021-02-14,"Moderna, Oxford/AstraZeneca, Pfizer/BioNTech",https://covid19ireland-geohive.hub.arcgis.com/,294357,194540,99823,0
Ireland,2021-02-15,"Moderna, Oxford/AstraZeneca, Pfizer/BioNTech",https://covid19ireland-geohive.hub.arcgis.com/,304195,196495,107706,0
Ireland,2021-02-16,"Moderna, Oxford/AstraZeneca, Pfizer/BioNTech",https://covid19ireland-geohive.hub.arcgis.com/,317992,202133,115865,0
Ireland,2021-02-17,"Moderna, Oxford/AstraZeneca, Pfizer/BioNTech",https://covid19ireland-geohive.hub.arcgis.com/,336186,211865,124327,0
Ireland,2021-02-18,"Moderna, Oxford/AstraZeneca, Pfizer/BioNTech",https://covid19ireland-geohive.hub.arcgis.com/,352989,220319,132676,0
Ireland,2021-02-19,"Moderna, Oxford/AstraZeneca, Pfizer/BioNTech",https://covid19ireland-geohive.hub.arcgis.com/,368955,229705,139256,0
Ireland,2021-02-20,"Moderna, Oxford/AstraZeneca, Pfizer/BioNTech",https://covid19ireland-geohive.hub.arcgis.com/,378408,235591,142825,0
Ireland,2021-02-21,"Moderna, Oxford/AstraZeneca, Pfizer/BioNTech",https://covid19ireland-geohive.hub.arcgis.com/,380539,236701,143850,0
Ireland,2021-02-22,"Moderna, Oxford/AstraZeneca, Pfizer/BioNTech",https://covid19ireland-geohive.hub.arcgis.com/,385596,240639,144970,0
Ireland,2021-02-23,"Moderna, Oxford/AstraZeneca, Pfizer/BioNTech",https://covid19ireland-geohive.hub.arcgis.com/,400014,253996,146031,0
Ireland,2021-02-24,"Moderna, Oxford/AstraZeneca, Pfizer/BioNTech",https://covid19ireland-geohive.hub.arcgis.com/,419051,270931,148136,0
Ireland,2021-02-25,"Moderna, Oxford/AstraZeneca, Pfizer/BioNTech",https://covid19ireland-geohive.hub.arcgis.com/,438881,289012,149887,0
Ireland,2021-02-26,"Moderna, Oxford/AstraZeneca, Pfizer/BioNTech",https://covid19ireland-geohive.hub.arcgis.com/,457727,305094,152651,0
Ireland,2021-02-27,"Moderna, Oxford/AstraZeneca, Pfizer/BioNTech",https://covid19ireland-geohive.hub.arcgis.com/,467420,314084,153355,0
Ireland,2021-02-28,"Moderna, Oxford/AstraZeneca, Pfizer/BioNTech",https://covid19ireland-geohive.hub.arcgis.com/,469912,316525,153407,0
Ireland,2021-03-01,"Moderna, Oxford/AstraZeneca, Pfizer/BioNTech",https://covid19ireland-geohive.hub.arcgis.com/,476280,322107,154193,0
Ireland,2021-03-02,"Moderna, Oxford/AstraZeneca, Pfizer/BioNTech",https://covid19ireland-geohive.hub.arcgis.com/,490057,334279,155798,0
Ireland,2021-03-03,"Moderna, Oxford/AstraZeneca, Pfizer/BioNTech",https://covid19ireland-geohive.hub.arcgis.com/,504443,347163,157301,0
Ireland,2021-03-04,"Moderna, Oxford/AstraZeneca, Pfizer/BioNTech",https://covid19ireland-geohive.hub.arcgis.com/,524864,365898,158990,0
Ireland,2021-03-05,"Moderna, Oxford/AstraZeneca, Pfizer/BioNTech",https://covid19ireland-geohive.hub.arcgis.com/,545696,384339,161387,0
Ireland,2021-03-06,"Moderna, Oxford/AstraZeneca, Pfizer/BioNTech",https://covid19ireland-geohive.hub.arcgis.com/,556255,394762,161527,0
Ireland,2021-03-07,"Moderna, Oxford/AstraZeneca, Pfizer/BioNTech",https://covid19ireland-geohive.hub.arcgis.com/,557785,396282,161539,0
Ireland,2021-03-08,"Moderna, Oxford/AstraZeneca, Pfizer/BioNTech",https://covid19ireland-geohive.hub.arcgis.com/,565940,402944,163037,0
Ireland,2021-03-09,"Moderna, Oxford/AstraZeneca, Pfizer/BioNTech",https://covid19ireland-geohive.hub.arcgis.com/,582856,416760,166142,0
Ireland,2021-03-10,"Moderna, Oxford/AstraZeneca, Pfizer/BioNTech",https://covid19ireland-geohive.hub.arcgis.com/,600561,430483,170127,0
Ireland,2021-03-11,"Moderna, Oxford/AstraZeneca, Pfizer/BioNTech",https://covid19ireland-geohive.hub.arcgis.com/,621126,448952,172226,0
Ireland,2021-03-12,"Moderna, Oxford/AstraZeneca, Pfizer/BioNTech",https://covid19ireland-geohive.hub.arcgis.com/,639777,466271,173561,0
Ireland,2021-03-13,"Moderna, Oxford/AstraZeneca, Pfizer/BioNTech",https://covid19ireland-geohive.hub.arcgis.com/,648243,474565,173733,0
Ireland,2021-03-14,"Moderna, Oxford/AstraZeneca, Pfizer/BioNTech",https://covid19ireland-geohive.hub.arcgis.com/,648635,474940,173751,0
Ireland,2021-03-15,"Moderna, Oxford/AstraZeneca, Pfizer/BioNTech",https://covid19ireland-geohive.hub.arcgis.com/,652266,477582,174740,0
Ireland,2021-03-16,"Moderna, Oxford/AstraZeneca, Pfizer/BioNTech",https://covid19ireland-geohive.hub.arcgis.com/,665010,486513,178555,0
Ireland,2021-03-17,"Moderna, Oxford/AstraZeneca, Pfizer/BioNTech",https://covid19ireland-geohive.hub.arcgis.com/,672318,491405,180977,0
Ireland,2021-03-18,"Moderna, Oxford/AstraZeneca, Pfizer/BioNTech",https://covid19ireland-geohive.hub.arcgis.com/,688711,503120,185660,0
Ireland,2021-03-19,"Moderna, Oxford/AstraZeneca, Pfizer/BioNTech",https://covid19ireland-geohive.hub.arcgis.com/,705191,513478,191784,0
Ireland,2021-03-20,"Moderna, Oxford/AstraZeneca, Pfizer/BioNTech",https://covid19ireland-geohive.hub.arcgis.com/,713539,518710,194902,0
Ireland,2021-03-21,"Moderna, Oxford/AstraZeneca, Pfizer/BioNTech",https://covid19ireland-geohive.hub.arcgis.com/,717224,522342,194958,0
Ireland,2021-03-22,"Moderna, Oxford/AstraZeneca, Pfizer/BioNTech",https://covid19ireland-geohive.hub.arcgis.com/,727016,529737,197356,0
Ireland,2021-03-23,"Moderna, Oxford/AstraZeneca, Pfizer/BioNTech",https://covid19ireland-geohive.hub.arcgis.com/,746969,542306,204743,0
Ireland,2021-03-24,"Moderna, Oxford/AstraZeneca, Pfizer/BioNTech",https://covid19ireland-geohive.hub.arcgis.com/,770359,555916,214524,0
Ireland,2021-03-25,"Moderna, Oxford/AstraZeneca, Pfizer/BioNTech",https://covid19ireland-geohive.hub.arcgis.com/,801435,576773,224746,0
Ireland,2021-03-26,"Moderna, Oxford/AstraZeneca, Pfizer/BioNTech",https://covid19ireland-geohive.hub.arcgis.com/,830620,596463,234242,0
Ireland,2021-03-27,"Moderna, Oxford/AstraZeneca, Pfizer/BioNTech",https://covid19ireland-geohive.hub.arcgis.com/,847692,608194,239586,0
Ireland,2021-03-29,"Moderna, Oxford/AstraZeneca, Pfizer/BioNTech",https://covid19ireland-geohive.hub.arcgis.com/,884993,633242,251846,0
Ireland,2021-03-30,"Moderna, Oxford/AstraZeneca, Pfizer/BioNTech",https://covid19ireland-geohive.hub.arcgis.com/,911314,649062,262350,0
Ireland,2021-03-31,"Moderna, Oxford/AstraZeneca, Pfizer/BioNTech",https://covid19ireland-geohive.hub.arcgis.com/,942595,668743,273957,0
Ireland,2021-04-01,"Moderna, Oxford/AstraZeneca, Pfizer/BioNTech",https://covid19ireland-geohive.hub.arcgis.com/,976440,688871,287681,0
Ireland,2021-04-02,"Moderna, Oxford/AstraZeneca, Pfizer/BioNTech",https://covid19ireland-geohive.hub.arcgis.com/,988630,696412,292335,0
Ireland,2021-04-03,"Moderna, Oxford/AstraZeneca, Pfizer/BioNTech",https://covid19ireland-geohive.hub.arcgis.com/,991823,699437,292506,0
Ireland,2021-04-04,"Moderna, Oxford/AstraZeneca, Pfizer/BioNTech",https://covid19ireland-geohive.hub.arcgis.com/,995850,702860,293114,0
Ireland,2021-04-05,"Moderna, Oxford/AstraZeneca, Pfizer/BioNTech",https://covid19ireland-geohive.hub.arcgis.com/,1015987,714841,301280,0
Ireland,2021-04-06,"Moderna, Oxford/AstraZeneca, Pfizer/BioNTech",https://covid19ireland-geohive.hub.arcgis.com/,1044793,733187,311749,0
Ireland,2021-04-07,"Moderna, Oxford/AstraZeneca, Pfizer/BioNTech",https://covid19ireland-geohive.hub.arcgis.com/,1075540,753367,322330,0
Ireland,2021-04-08,"Moderna, Oxford/AstraZeneca, Pfizer/BioNTech",https://covid19ireland-geohive.hub.arcgis.com/,1105389,774062,331500,0
Ireland,2021-04-09,"Moderna, Oxford/AstraZeneca, Pfizer/BioNTech",https://covid19ireland-geohive.hub.arcgis.com/,1120710,785225,335670,0
Ireland,2021-04-10,"Moderna, Oxford/AstraZeneca, Pfizer/BioNTech",https://covid19ireland-geohive.hub.arcgis.com/,1123918,788080,336029,0
Ireland,2021-04-11,"Moderna, Oxford/AstraZeneca, Pfizer/BioNTech",https://covid19ireland-geohive.hub.arcgis.com/,1134469,795849,338822,0
Ireland,2021-04-12,"Moderna, Oxford/AstraZeneca, Pfizer/BioNTech",https://covid19ireland-geohive.hub.arcgis.com/,1154544,807338,347409,0
Ireland,2021-04-13,"Moderna, Oxford/AstraZeneca, Pfizer/BioNTech",https://covid19ireland-geohive.hub.arcgis.com/,1181468,827675,353998,0
Ireland,2021-04-14,"Moderna, Oxford/AstraZeneca, Pfizer/BioNTech",https://covid19ireland-geohive.hub.arcgis.com/,1219367,854786,364787,0
Ireland,2021-04-15,"Moderna, Oxford/AstraZeneca, Pfizer/BioNTech",https://covid19ireland-geohive.hub.arcgis.com/,1257159,882751,374615,0
Ireland,2021-04-16,"Moderna, Oxford/AstraZeneca, Pfizer/BioNTech",https://covid19ireland-geohive.hub.arcgis.com/,1277544,898591,379162,0
Ireland,2021-04-17,"Moderna, Oxford/AstraZeneca, Pfizer/BioNTech",https://covid19ireland-geohive.hub.arcgis.com/,1279084,899655,379638,0
Ireland,2021-04-18,"Moderna, Oxford/AstraZeneca, Pfizer/BioNTech",https://covid19ireland-geohive.hub.arcgis.com/,1288057,906384,381882,0
Ireland,2021-04-19,"Moderna, Oxford/AstraZeneca, Pfizer/BioNTech",https://covid19ireland-geohive.hub.arcgis.com/,1310426,921453,389183,0
Ireland,2021-04-20,"Moderna, Oxford/AstraZeneca, Pfizer/BioNTech",https://covid19ireland-geohive.hub.arcgis.com/,1346996,948152,399057,0
Ireland,2021-04-21,"Moderna, Oxford/AstraZeneca, Pfizer/BioNTech",https://covid19ireland-geohive.hub.arcgis.com/,1390790,979768,411236,0
Ireland,2021-04-22,"Moderna, Oxford/AstraZeneca, Pfizer/BioNTech",https://covid19ireland-geohive.hub.arcgis.com/,1436732,1013347,423600,0
Ireland,2021-04-23,"Moderna, Oxford/AstraZeneca, Pfizer/BioNTech",https://covid19ireland-geohive.hub.arcgis.com/,1467404,1037040,430581,0
Ireland,2021-04-24,"Moderna, Oxford/AstraZeneca, Pfizer/BioNTech",https://covid19ireland-geohive.hub.arcgis.com/,1477440,1046779,430880,0
Ireland,2021-04-25,"Moderna, Oxford/AstraZeneca, Pfizer/BioNTech",https://covid19ireland-geohive.hub.arcgis.com/,1496037,1062336,433923,0
Ireland,2021-04-26,"Moderna, Oxford/AstraZeneca, Pfizer/BioNTech",https://covid19ireland-geohive.hub.arcgis.com/,1529744,1088242,441732,0
Ireland,2021-04-27,"Moderna, Oxford/AstraZeneca, Pfizer/BioNTech",https://covid19ireland-geohive.hub.arcgis.com/,1564355,1114264,450326,0
Ireland,2021-04-28,"Moderna, Oxford/AstraZeneca, Pfizer/BioNTech",https://covid19ireland-geohive.hub.arcgis.com/,1607363,1145940,461663,0
Ireland,2021-04-29,"Moderna, Oxford/AstraZeneca, Pfizer/BioNTech",https://covid19ireland-geohive.hub.arcgis.com/,1656990,1182052,475186,0
Ireland,2021-04-30,"Moderna, Oxford/AstraZeneca, Pfizer/BioNTech",https://covid19ireland-geohive.hub.arcgis.com/,1680233,1198615,481884,0
Ireland,2021-05-01,"Moderna, Oxford/AstraZeneca, Pfizer/BioNTech",https://covid19ireland-geohive.hub.arcgis.com/,1693572,1211050,482801,0
Ireland,2021-05-02,"Moderna, Oxford/AstraZeneca, Pfizer/BioNTech",https://covid19ireland-geohive.hub.arcgis.com/,1708741,1225307,483731,0
Ireland,2021-05-03,"Moderna, Oxford/AstraZeneca, Pfizer/BioNTech",https://covid19ireland-geohive.hub.arcgis.com/,1742149,1251941,490514,0
Ireland,2021-05-04,"Moderna, Oxford/AstraZeneca, Pfizer/BioNTech",https://covid19ireland-geohive.hub.arcgis.com/,1787740,1284085,504030,0
Ireland,2021-05-05,"Moderna, Oxford/AstraZeneca, Pfizer/BioNTech",https://covid19ireland-geohive.hub.arcgis.com/,1839497,1321472,518532,0
Ireland,2021-05-06,"Johnson&Johnson, Moderna, Oxford/AstraZeneca, Pfizer/BioNTech",https://covid19ireland-geohive.hub.arcgis.com/,1895233,1362143,533692,0
Ireland,2021-05-07,"Johnson&Johnson, Moderna, Oxford/AstraZeneca, Pfizer/BioNTech",https://covid19ireland-geohive.hub.arcgis.com/,1927861,1387740,540733,0
Ireland,2021-05-08,"Johnson&Johnson, Moderna, Oxford/AstraZeneca, Pfizer/BioNTech",https://covid19ireland-geohive.hub.arcgis.com/,1948425,1407389,541651,0
Ireland,2021-05-09,"Johnson&Johnson, Moderna, Oxford/AstraZeneca, Pfizer/BioNTech",https://covid19ireland-geohive.hub.arcgis.com/,1982028,1436362,546452,0
Ireland,2021-05-10,"Johnson&Johnson, Moderna, Oxford/AstraZeneca, Pfizer/BioNTech",https://covid19ireland-geohive.hub.arcgis.com/,2030890,1470419,561407,0
Ireland,2021-05-11,"Johnson&Johnson, Moderna, Oxford/AstraZeneca, Pfizer/BioNTech",https://covid19ireland-geohive.hub.arcgis.com/,2083250,1501853,582501,0
Ireland,2021-05-12,"Johnson&Johnson, Moderna, Oxford/AstraZeneca, Pfizer/BioNTech",https://covid19ireland-geohive.hub.arcgis.com/,2144849,1537973,608130,0
Ireland,2021-05-13,"Johnson&Johnson, Moderna, Oxford/AstraZeneca, Pfizer/BioNTech",https://covid19ireland-geohive.hub.arcgis.com/,2211230,1576396,636323,0
Ireland,2021-05-14,"Johnson&Johnson, Moderna, Oxford/AstraZeneca, Pfizer/BioNTech",https://covid19ireland-geohive.hub.arcgis.com/,2252508,1605239,648777,0
Ireland,2021-05-15,"Johnson&Johnson, Moderna, Oxford/AstraZeneca, Pfizer/BioNTech",https://covid19ireland-geohive.hub.arcgis.com/,2276827,1628397,649947,0
Ireland,2021-05-16,"Johnson&Johnson, Moderna, Oxford/AstraZeneca, Pfizer/BioNTech",https://covid19ireland-geohive.hub.arcgis.com/,2316237,1663875,653991,0
Ireland,2021-05-17,"Johnson&Johnson, Moderna, Oxford/AstraZeneca, Pfizer/BioNTech",https://covid19ireland-geohive.hub.arcgis.com/,2367852,1703015,666589,0
Ireland,2021-05-18,"Johnson&Johnson, Moderna, Oxford/AstraZeneca, Pfizer/BioNTech",https://covid19ireland-geohive.hub.arcgis.com/,2422630,1740211,684374,0
Ireland,2021-05-19,"Johnson&Johnson, Moderna, Oxford/AstraZeneca, Pfizer/BioNTech",https://covid19ireland-geohive.hub.arcgis.com/,2481480,1779401,704166,0
Ireland,2021-05-20,"Johnson&Johnson, Moderna, Oxford/AstraZeneca, Pfizer/BioNTech",https://covid19ireland-geohive.hub.arcgis.com/,2545443,1820129,742332,0
Ireland,2021-05-21,"Johnson&Johnson, Moderna, Oxford/AstraZeneca, Pfizer/BioNTech",https://covid19ireland-geohive.hub.arcgis.com/,2585769,1850211,766098,0
Ireland,2021-05-22,"Johnson&Johnson, Moderna, Oxford/AstraZeneca, Pfizer/BioNTech",https://covid19ireland-geohive.hub.arcgis.com/,2609682,1868608,781817,0
Ireland,2021-05-23,"Johnson&Johnson, Moderna, Oxford/AstraZeneca, Pfizer/BioNTech",https://covid19ireland-geohive.hub.arcgis.com/,2648836,1899560,798466,0
Ireland,2021-05-24,"Johnson&Johnson, Moderna, Oxford/AstraZeneca, Pfizer/BioNTech",https://covid19ireland-geohive.hub.arcgis.com/,2698840,1933062,818188,0
Ireland,2021-05-25,"Johnson&Johnson, Moderna, Oxford/AstraZeneca, Pfizer/BioNTech",https://covid19ireland-geohive.hub.arcgis.com/,2747248,1956043,846663,0
Ireland,2021-05-26,"Johnson&Johnson, Moderna, Oxford/AstraZeneca, Pfizer/BioNTech",https://covid19ireland-geohive.hub.arcgis.com/,2800769,1973559,883218,0
Ireland,2021-05-27,"Johnson&Johnson, Moderna, Oxford/AstraZeneca, Pfizer/BioNTech",https://covid19ireland-geohive.hub.arcgis.com/,2861122,2002103,916584,0
Ireland,2021-05-28,"Johnson&Johnson, Moderna, Oxford/AstraZeneca, Pfizer/BioNTech",https://covid19ireland-geohive.hub.arcgis.com/,2893465,2027067,924496,0
Ireland,2021-05-29,"Johnson&Johnson, Moderna, Oxford/AstraZeneca, Pfizer/BioNTech",https://covid19ireland-geohive.hub.arcgis.com/,2919543,2051482,926367,0
Ireland,2021-05-30,"Johnson&Johnson, Moderna, Oxford/AstraZeneca, Pfizer/BioNTech",https://covid19ireland-geohive.hub.arcgis.com/,2952822,2077450,937115,0
Ireland,2021-05-31,"Johnson&Johnson, Moderna, Oxford/AstraZeneca, Pfizer/BioNTech",https://covid19ireland-geohive.hub.arcgis.com/,2995434,2108568,952255,0
Ireland,2021-06-01,"Johnson&Johnson, Moderna, Oxford/AstraZeneca, Pfizer/BioNTech",https://covid19ireland-geohive.hub.arcgis.com/,3038943,2131201,977131,0
Ireland,2021-06-02,"Johnson&Johnson, Moderna, Oxford/AstraZeneca, Pfizer/BioNTech",https://covid19ireland-geohive.hub.arcgis.com/,3088240,2149802,1009798,0
Ireland,2021-06-03,"Johnson&Johnson, Moderna, Oxford/AstraZeneca, Pfizer/BioNTech",https://covid19ireland-geohive.hub.arcgis.com/,3140688,2178914,1033283,0
Ireland,2021-06-04,"Johnson&Johnson, Moderna, Oxford/AstraZeneca, Pfizer/BioNTech",https://covid19ireland-geohive.hub.arcgis.com/,3173104,2199856,1044789,0
Ireland,2021-06-05,"Johnson&Johnson, Moderna, Oxford/AstraZeneca, Pfizer/BioNTech",https://covid19ireland-geohive.hub.arcgis.com/,3196928,2219792,1048716,0
Ireland,2021-06-06,"Johnson&Johnson, Moderna, Oxford/AstraZeneca, Pfizer/BioNTech",https://covid19ireland-geohive.hub.arcgis.com/,3221281,2239585,1053313,0
Ireland,2021-06-07,"Johnson&Johnson, Moderna, Oxford/AstraZeneca, Pfizer/BioNTech",https://covid19ireland-geohive.hub.arcgis.com/,3266005,2265983,1071678,0
Ireland,2021-06-08,"Johnson&Johnson, Moderna, Oxford/AstraZeneca, Pfizer/BioNTech",https://covid19ireland-geohive.hub.arcgis.com/,3318993,2298887,1091930,0
Ireland,2021-06-09,"Johnson&Johnson, Moderna, Oxford/AstraZeneca, Pfizer/BioNTech",https://covid19ireland-geohive.hub.arcgis.com/,3374351,2326781,1119662,0
Ireland,2021-06-10,"Johnson&Johnson, Moderna, Oxford/AstraZeneca, Pfizer/BioNTech",https://covid19ireland-geohive.hub.arcgis.com/,3433644,2353202,1152571,0
Ireland,2021-06-11,"Johnson&Johnson, Moderna, Oxford/AstraZeneca, Pfizer/BioNTech",https://covid19ireland-geohive.hub.arcgis.com/,3465611,2365470,1172372,0
Ireland,2021-06-12,"Johnson&Johnson, Moderna, Oxford/AstraZeneca, Pfizer/BioNTech",https://covid19ireland-geohive.hub.arcgis.com/,3493118,2374822,1191356,0
Ireland,2021-06-13,"Johnson&Johnson, Moderna, Oxford/AstraZeneca, Pfizer/BioNTech",https://covid19ireland-geohive.hub.arcgis.com/,3540413,2390842,1222675,0
Ireland,2021-06-14,"Johnson&Johnson, Moderna, Oxford/AstraZeneca, Pfizer/BioNTech",https://covid19ireland-geohive.hub.arcgis.com/,3596801,2405692,1264414,0
Ireland,2021-06-15,"Johnson&Johnson, Moderna, Oxford/AstraZeneca, Pfizer/BioNTech",https://covid19ireland-geohive.hub.arcgis.com/,3658777,2419304,1312989,0
Ireland,2021-06-16,"Johnson&Johnson, Moderna, Oxford/AstraZeneca, Pfizer/BioNTech",https://covid19ireland-geohive.hub.arcgis.com/,3723485,2441368,1356165,0
Ireland,2021-06-17,"Johnson&Johnson, Moderna, Oxford/AstraZeneca, Pfizer/BioNTech",https://covid19ireland-geohive.hub.arcgis.com/,3786024,2453891,1406727,0
Ireland,2021-06-18,"Johnson&Johnson, Moderna, Oxford/AstraZeneca, Pfizer/BioNTech",https://covid19ireland-geohive.hub.arcgis.com/,3825492,2460591,1439925,0
Ireland,2021-06-19,"Johnson&Johnson, Moderna, Oxford/AstraZeneca, Pfizer/BioNTech",https://covid19ireland-geohive.hub.arcgis.com/,3860262,2469242,1466216,0
Ireland,2021-06-20,"Johnson&Johnson, Moderna, Oxford/AstraZeneca, Pfizer/BioNTech",https://covid19ireland-geohive.hub.arcgis.com/,3908549,2485228,1499081,0
Ireland,2021-06-21,"Johnson&Johnson, Moderna, Oxford/AstraZeneca, Pfizer/BioNTech",https://covid19ireland-geohive.hub.arcgis.com/,3967856,2501033,1543298,0
Ireland,2021-06-22,"Johnson&Johnson, Moderna, Oxford/AstraZeneca, Pfizer/BioNTech",https://covid19ireland-geohive.hub.arcgis.com/,4028119,2521948,1583523,0
Ireland,2021-06-23,"Johnson&Johnson, Moderna, Oxford/AstraZeneca, Pfizer/BioNTech",https://covid19ireland-geohive.hub.arcgis.com/,4092343,2541952,1628773,0
Ireland,2021-06-24,"Johnson&Johnson, Moderna, Oxford/AstraZeneca, Pfizer/BioNTech",https://covid19ireland-geohive.hub.arcgis.com/,4158431,2557945,1679698,0
Ireland,2021-06-25,"Johnson&Johnson, Moderna, Oxford/AstraZeneca, Pfizer/BioNTech",https://covid19ireland-geohive.hub.arcgis.com/,4198455,2567446,1710714,0
Ireland,2021-06-26,"Johnson&Johnson, Moderna, Oxford/AstraZeneca, Pfizer/BioNTech",https://covid19ireland-geohive.hub.arcgis.com/,4237645,2576191,1741211,0
Ireland,2021-06-27,"Johnson&Johnson, Moderna, Oxford/AstraZeneca, Pfizer/BioNTech",https://covid19ireland-geohive.hub.arcgis.com/,4286939,2600882,1766326,0
Ireland,2021-06-28,"Johnson&Johnson, Moderna, Oxford/AstraZeneca, Pfizer/BioNTech",https://covid19ireland-geohive.hub.arcgis.com/,4346819,2629790,1798102,0
Ireland,2021-06-29,"Johnson&Johnson, Moderna, Oxford/AstraZeneca, Pfizer/BioNTech",https://covid19ireland-geohive.hub.arcgis.com/,4406723,2652870,1835498,0
Ireland,2021-06-30,"Johnson&Johnson, Moderna, Oxford/AstraZeneca, Pfizer/BioNTech",https://covid19ireland-geohive.hub.arcgis.com/,4470552,2668418,1884408,0
Ireland,2021-07-01,"Johnson&Johnson, Moderna, Oxford/AstraZeneca, Pfizer/BioNTech",https://covid19ireland-geohive.hub.arcgis.com/,4532176,2682832,1932429,0
Ireland,2021-07-02,"Johnson&Johnson, Moderna, Oxford/AstraZeneca, Pfizer/BioNTech",https://covid19ireland-geohive.hub.arcgis.com/,4572377,2692600,1963360,0
Ireland,2021-07-03,"Johnson&Johnson, Moderna, Oxford/AstraZeneca, Pfizer/BioNTech",https://covid19ireland-geohive.hub.arcgis.com/,4606764,2699234,1991341,0
Ireland,2021-07-04,"Johnson&Johnson, Moderna, Oxford/AstraZeneca, Pfizer/BioNTech",https://covid19ireland-geohive.hub.arcgis.com/,4661004,2720092,2030053,0
Ireland,2021-07-05,"Johnson&Johnson, Moderna, Oxford/AstraZeneca, Pfizer/BioNTech",https://covid19ireland-geohive.hub.arcgis.com/,4727082,2737909,2083791,0
Ireland,2021-07-06,"Johnson&Johnson, Moderna, Oxford/AstraZeneca, Pfizer/BioNTech",https://covid19ireland-geohive.hub.arcgis.com/,4795471,2762590,2132544,0
Ireland,2021-07-07,"Johnson&Johnson, Moderna, Oxford/AstraZeneca, Pfizer/BioNTech",https://covid19ireland-geohive.hub.arcgis.com/,4864702,2786280,2184069,0
Ireland,2021-07-08,"Johnson&Johnson, Moderna, Oxford/AstraZeneca, Pfizer/BioNTech",https://covid19ireland-geohive.hub.arcgis.com/,4929745,2806270,2235642,0
Ireland,2021-07-09,"Johnson&Johnson, Moderna, Oxford/AstraZeneca, Pfizer/BioNTech",https://covid19ireland-geohive.hub.arcgis.com/,4966507,2819208,2263821,0
Ireland,2021-07-10,"Johnson&Johnson, Moderna, Oxford/AstraZeneca, Pfizer/BioNTech",https://covid19ireland-geohive.hub.arcgis.com/,4999940,2836558,2282053,0
Ireland,2021-07-11,"Johnson&Johnson, Moderna, Oxford/AstraZeneca, Pfizer/BioNTech",https://covid19ireland-geohive.hub.arcgis.com/,5054763,2859697,2319818,0
Ireland,2021-07-12,"Johnson&Johnson, Moderna, Oxford/AstraZeneca, Pfizer/BioNTech",https://covid19ireland-geohive.hub.arcgis.com/,5119799,2888223,2364808,0
Ireland,2021-07-13,"Johnson&Johnson, Moderna, Oxford/AstraZeneca, Pfizer/BioNTech",https://covid19ireland-geohive.hub.arcgis.com/,5185496,2918282,2409767,0
Ireland,2021-07-14,"Johnson&Johnson, Moderna, Oxford/AstraZeneca, Pfizer/BioNTech",https://covid19ireland-geohive.hub.arcgis.com/,5247407,2951414,2448110,0
Ireland,2021-07-15,"Johnson&Johnson, Moderna, Oxford/AstraZeneca, Pfizer/BioNTech",https://covid19ireland-geohive.hub.arcgis.com/,5307410,2984064,2484619,0
Ireland,2021-07-16,"Johnson&Johnson, Moderna, Oxford/AstraZeneca, Pfizer/BioNTech",https://covid19ireland-geohive.hub.arcgis.com/,5342923,3000192,2508674,0
Ireland,2021-07-17,"Johnson&Johnson, Moderna, Oxford/AstraZeneca, Pfizer/BioNTech",https://covid19ireland-geohive.hub.arcgis.com/,5377435,3018936,2526364,0
Ireland,2021-07-18,"Johnson&Johnson, Moderna, Oxford/AstraZeneca, Pfizer/BioNTech",https://covid19ireland-geohive.hub.arcgis.com/,5426848,3049996,2550949,0
Ireland,2021-07-19,"Johnson&Johnson, Moderna, Oxford/AstraZeneca, Pfizer/BioNTech",https://covid19ireland-geohive.hub.arcgis.com/,5483158,3088202,2576742,0
Ireland,2021-07-20,"Johnson&Johnson, Moderna, Oxford/AstraZeneca, Pfizer/BioNTech",https://covid19ireland-geohive.hub.arcgis.com/,5540109,3125380,2603395,0
Ireland,2021-07-21,"Johnson&Johnson, Moderna, Oxford/AstraZeneca, Pfizer/BioNTech",https://covid19ireland-geohive.hub.arcgis.com/,5596381,3165786,2626186,0
Ireland,2021-07-22,"Johnson&Johnson, Moderna, Oxford/AstraZeneca, Pfizer/BioNTech",https://covid19ireland-geohive.hub.arcgis.com/,5649775,3198428,2652540,0
Ireland,2021-07-23,"Johnson&Johnson, Moderna, Oxford/AstraZeneca, Pfizer/BioNTech",https://covid19ireland-geohive.hub.arcgis.com/,5682185,3216085,2669554,0
Ireland,2021-07-24,"Johnson&Johnson, Moderna, Oxford/AstraZeneca, Pfizer/BioNTech",https://covid19ireland-geohive.hub.arcgis.com/,5711502,3231798,2684191,0
Ireland,2021-07-25,"Johnson&Johnson, Moderna, Oxford/AstraZeneca, Pfizer/BioNTech",https://covid19ireland-geohive.hub.arcgis.com/,5756902,3258984,2705811,0
Ireland,2021-07-26,"Johnson&Johnson, Moderna, Oxford/AstraZeneca, Pfizer/BioNTech",https://covid19ireland-geohive.hub.arcgis.com/,5809801,3288079,2733275,0
Ireland,2021-07-27,"Johnson&Johnson, Moderna, Oxford/AstraZeneca, Pfizer/BioNTech",https://covid19ireland-geohive.hub.arcgis.com/,5861641,3314711,2761733,0
Ireland,2021-07-28,"Johnson&Johnson, Moderna, Oxford/AstraZeneca, Pfizer/BioNTech",https://covid19ireland-geohive.hub.arcgis.com/,5911599,3336874,2792480,0
Ireland,2021-07-29,"Johnson&Johnson, Moderna, Oxford/AstraZeneca, Pfizer/BioNTech",https://covid19ireland-geohive.hub.arcgis.com/,5958462,3360876,2817450,0
Ireland,2021-07-30,"Johnson&Johnson, Moderna, Oxford/AstraZeneca, Pfizer/BioNTech",https://covid19ireland-geohive.hub.arcgis.com/,5985475,3375475,2830764,0
Ireland,2021-07-31,"Johnson&Johnson, Moderna, Oxford/AstraZeneca, Pfizer/BioNTech",https://covid19ireland-geohive.hub.arcgis.com/,6006174,3386904,2840401,0
Ireland,2021-08-01,"Johnson&Johnson, Moderna, Oxford/AstraZeneca, Pfizer/BioNTech",https://covid19ireland-geohive.hub.arcgis.com/,6037495,3402293,2856753,0
Ireland,2021-08-02,"Johnson&Johnson, Moderna, Oxford/AstraZeneca, Pfizer/BioNTech",https://covid19ireland-geohive.hub.arcgis.com/,6081256,3420688,2883222,0
Ireland,2021-08-03,"Johnson&Johnson, Moderna, Oxford/AstraZeneca, Pfizer/BioNTech",https://covid19ireland-geohive.hub.arcgis.com/,6122099,3444318,2902006,0
Ireland,2021-08-04,"Johnson&Johnson, Moderna, Oxford/AstraZeneca, Pfizer/BioNTech",https://covid19ireland-geohive.hub.arcgis.com/,6166957,3459218,2933382,0
Ireland,2021-08-05,"Johnson&Johnson, Moderna, Oxford/AstraZeneca, Pfizer/BioNTech",https://covid19ireland-geohive.hub.arcgis.com/,6204735,3472315,2959007,0
Ireland,2021-08-06,"Johnson&Johnson, Moderna, Oxford/AstraZeneca, Pfizer/BioNTech",https://covid19ireland-geohive.hub.arcgis.com/,6220019,3479203,2967981,0
Ireland,2021-08-07,"Johnson&Johnson, Moderna, Oxford/AstraZeneca, Pfizer/BioNTech",https://covid19ireland-geohive.hub.arcgis.com/,6240694,3487951,2980061,0
Ireland,2021-08-08,"Johnson&Johnson, Moderna, Oxford/AstraZeneca, Pfizer/BioNTech",https://covid19ireland-geohive.hub.arcgis.com/,6269749,3494053,3003611,0
Ireland,2021-08-09,"Johnson&Johnson, Moderna, Oxford/AstraZeneca, Pfizer/BioNTech",https://covid19ireland-geohive.hub.arcgis.com/,6305679,3504062,3030240,0
Ireland,2021-08-10,"Johnson&Johnson, Moderna, Oxford/AstraZeneca, Pfizer/BioNTech",https://covid19ireland-geohive.hub.arcgis.com/,6344473,3511693,3062058,0
Ireland,2021-08-11,"Johnson&Johnson, Moderna, Oxford/AstraZeneca, Pfizer/BioNTech",https://covid19ireland-geohive.hub.arcgis.com/,6390273,3519276,3101131,0
Ireland,2021-08-12,"Johnson&Johnson, Moderna, Oxford/AstraZeneca, Pfizer/BioNTech",https://covid19ireland-geohive.hub.arcgis.com/,6430188,3531015,3130168,0
Ireland,2021-08-13,"Johnson&Johnson, Moderna, Oxford/AstraZeneca, Pfizer/BioNTech",https://covid19ireland-geohive.hub.arcgis.com/,6454366,3549389,3136249,0
Ireland,2021-08-14,"Johnson&Johnson, Moderna, Oxford/AstraZeneca, Pfizer/BioNTech",https://covid19ireland-geohive.hub.arcgis.com/,6475087,3566417,3139989,0
Ireland,2021-08-15,"Johnson&Johnson, Moderna, Oxford/AstraZeneca, Pfizer/BioNTech",https://covid19ireland-geohive.hub.arcgis.com/,6508695,3576951,3163442,0
Ireland,2021-08-16,"Johnson&Johnson, Moderna, Oxford/AstraZeneca, Pfizer/BioNTech",https://covid19ireland-geohive.hub.arcgis.com/,6548886,3590328,3190779,0
Ireland,2021-08-17,"Johnson&Johnson, Moderna, Oxford/AstraZeneca, Pfizer/BioNTech",https://covid19ireland-geohive.hub.arcgis.com/,6590451,3606175,3217151,0
Ireland,2021-08-18,"Johnson&Johnson, Moderna, Oxford/AstraZeneca, Pfizer/BioNTech",https://covid19ireland-geohive.hub.arcgis.com/,6627962,3618050,3243324,0
Ireland,2021-08-19,"Johnson&Johnson, Moderna, Oxford/AstraZeneca, Pfizer/BioNTech",https://covid19ireland-geohive.hub.arcgis.com/,6665647,3633551,3266191,0
Ireland,2021-08-20,"Johnson&Johnson, Moderna, Oxford/AstraZeneca, Pfizer/BioNTech",https://covid19ireland-geohive.hub.arcgis.com/,6685671,3645643,3274364,0
Ireland,2021-08-21,"Johnson&Johnson, Moderna, Oxford/AstraZeneca, Pfizer/BioNTech",https://covid19ireland-geohive.hub.arcgis.com/,6706047,3653797,3286746,0
Ireland,2021-08-22,"Johnson&Johnson, Moderna, Oxford/AstraZeneca, Pfizer/BioNTech",https://covid19ireland-geohive.hub.arcgis.com/,6732495,3664924,3302353,0
Ireland,2021-08-23,"Johnson&Johnson, Moderna, Oxford/AstraZeneca, Pfizer/BioNTech",https://covid19ireland-geohive.hub.arcgis.com/,6765477,3675031,3325610,0
Ireland,2021-08-24,"Johnson&Johnson, Moderna, Oxford/AstraZeneca, Pfizer/BioNTech",https://covid19ireland-geohive.hub.arcgis.com/,6794646,3684738,3345382,0
Ireland,2021-08-25,"Johnson&Johnson, Moderna, Oxford/AstraZeneca, Pfizer/BioNTech",https://covid19ireland-geohive.hub.arcgis.com/,6822945,3693657,3365125,0
Ireland,2021-08-26,"Johnson&Johnson, Moderna, Oxford/AstraZeneca, Pfizer/BioNTech",https://covid19ireland-geohive.hub.arcgis.com/,6852228,3703786,3384709,0
Ireland,2021-08-27,"Johnson&Johnson, Moderna, Oxford/AstraZeneca, Pfizer/BioNTech",https://covid19ireland-geohive.hub.arcgis.com/,6870159,3713844,3392734,0
Ireland,2021-08-28,"Johnson&Johnson, Moderna, Oxford/AstraZeneca, Pfizer/BioNTech",https://covid19ireland-geohive.hub.arcgis.com/,6888145,3722663,3401929,0
Ireland,2021-08-29,"Johnson&Johnson, Moderna, Oxford/AstraZeneca, Pfizer/BioNTech",https://covid19ireland-geohive.hub.arcgis.com/,6904338,3727785,3413082,0
Ireland,2021-08-30,"Johnson&Johnson, Moderna, Oxford/AstraZeneca, Pfizer/BioNTech",https://covid19ireland-geohive.hub.arcgis.com/,6921343,3731970,3426042,0
Ireland,2021-08-31,"Johnson&Johnson, Moderna, Oxford/AstraZeneca, Pfizer/BioNTech",https://covid19ireland-geohive.hub.arcgis.com/,6938943,3737078,3438713,0
Ireland,2021-09-01,"Johnson&Johnson, Moderna, Oxford/AstraZeneca, Pfizer/BioNTech",https://covid19ireland-geohive.hub.arcgis.com/,6956503,3742319,3451278,0
Ireland,2021-09-02,"Johnson&Johnson, Moderna, Oxford/AstraZeneca, Pfizer/BioNTech",https://covid19ireland-geohive.hub.arcgis.com/,6977438,3747235,3467460,0
Ireland,2021-09-03,"Johnson&Johnson, Moderna, Oxford/AstraZeneca, Pfizer/BioNTech",https://covid19ireland-geohive.hub.arcgis.com/,6992734,3751984,3478139,0
Ireland,2021-09-04,"Johnson&Johnson, Moderna, Oxford/AstraZeneca, Pfizer/BioNTech",https://covid19ireland-geohive.hub.arcgis.com/,7009917,3757288,3490019,0
Ireland,2021-09-05,"Johnson&Johnson, Moderna, Oxford/AstraZeneca, Pfizer/BioNTech",https://covid19ireland-geohive.hub.arcgis.com/,7021771,3759498,3499738,0
Ireland,2021-09-06,"Johnson&Johnson, Moderna, Oxford/AstraZeneca, Pfizer/BioNTech",https://covid19ireland-geohive.hub.arcgis.com/,7034917,3762673,3509863,0
Ireland,2021-09-07,"Johnson&Johnson, Moderna, Oxford/AstraZeneca, Pfizer/BioNTech",https://covid19ireland-geohive.hub.arcgis.com/,7052467,3765448,3524823,0
Ireland,2021-09-08,"Johnson&Johnson, Moderna, Oxford/AstraZeneca, Pfizer/BioNTech",https://covid19ireland-geohive.hub.arcgis.com/,7070478,3768691,3539728,0
Ireland,2021-09-09,"Johnson&Johnson, Moderna, Oxford/AstraZeneca, Pfizer/BioNTech",https://covid19ireland-geohive.hub.arcgis.com/,7087875,3772169,3553762,0
Ireland,2021-09-10,"Johnson&Johnson, Moderna, Oxford/AstraZeneca, Pfizer/BioNTech",https://covid19ireland-geohive.hub.arcgis.com/,7101787,3774780,3565125,0
Ireland,2021-09-11,"Johnson&Johnson, Moderna, Oxford/AstraZeneca, Pfizer/BioNTech",https://covid19ireland-geohive.hub.arcgis.com/,7116686,3776813,3577992,0
Ireland,2021-09-12,"Johnson&Johnson, Moderna, Oxford/AstraZeneca, Pfizer/BioNTech",https://covid19ireland-geohive.hub.arcgis.com/,7126038,3778460,3585747,0
Ireland,2021-09-13,"Johnson&Johnson, Moderna, Oxford/AstraZeneca, Pfizer/BioNTech",https://covid19ireland-geohive.hub.arcgis.com/,7138414,3780076,3596588,0
Ireland,2021-09-14,"Johnson&Johnson, Moderna, Oxford/AstraZeneca, Pfizer/BioNTech",https://covid19ireland-geohive.hub.arcgis.com/,7154192,3783480,3609098,0
Ireland,2021-09-15,"Johnson&Johnson, Moderna, Oxford/AstraZeneca, Pfizer/BioNTech",https://covid19ireland-geohive.hub.arcgis.com/,7166775,3785490,3619784,0
Ireland,2021-09-16,"Johnson&Johnson, Moderna, Oxford/AstraZeneca, Pfizer/BioNTech",https://covid19ireland-geohive.hub.arcgis.com/,7184011,3788135,3634467,0
Ireland,2021-09-17,"Johnson&Johnson, Moderna, Oxford/AstraZeneca, Pfizer/BioNTech",https://covid19ireland-geohive.hub.arcgis.com/,7197544,3790456,3645722,0
Ireland,2021-09-18,"Johnson&Johnson, Moderna, Oxford/AstraZeneca, Pfizer/BioNTech",https://covid19ireland-geohive.hub.arcgis.com/,7207899,3792326,3654220,0
Ireland,2021-09-19,"Johnson&Johnson, Moderna, Oxford/AstraZeneca, Pfizer/BioNTech",https://covid19ireland-geohive.hub.arcgis.com/,7214470,3793304,3659846,0
Ireland,2021-09-20,"Johnson&Johnson, Moderna, Oxford/AstraZeneca, Pfizer/BioNTech",https://covid19ireland-geohive.hub.arcgis.com/,7222667,3794853,3666584,0
Ireland,2021-09-21,"Johnson&Johnson, Moderna, Oxford/AstraZeneca, Pfizer/BioNTech",https://covid19ireland-geohive.hub.arcgis.com/,7232773,3796840,3674799,0
Ireland,2021-09-22,"Johnson&Johnson, Moderna, Oxford/AstraZeneca, Pfizer/BioNTech",https://covid19ireland-geohive.hub.arcgis.com/,7243292,3798618,3683628,0
Ireland,2021-09-23,"Johnson&Johnson, Moderna, Oxford/AstraZeneca, Pfizer/BioNTech",https://covid19ireland-geohive.hub.arcgis.com/,7252641,3800601,3691073,0
Ireland,2021-09-24,"Johnson&Johnson, Moderna, Oxford/AstraZeneca, Pfizer/BioNTech",https://covid19ireland-geohive.hub.arcgis.com/,7261674,3803062,3697696,0
Ireland,2021-09-25,"Johnson&Johnson, Moderna, Oxford/AstraZeneca, Pfizer/BioNTech",https://covid19ireland-geohive.hub.arcgis.com/,7270300,3804599,3704785,0
Ireland,2021-09-26,"Johnson&Johnson, Moderna, Oxford/AstraZeneca, Pfizer/BioNTech",https://covid19ireland-geohive.hub.arcgis.com/,7275594,3805813,3708606,304
Ireland,2021-09-27,"Johnson&Johnson, Moderna, Oxford/AstraZeneca, Pfizer/BioNTech",https://covid19ireland-geohive.hub.arcgis.com/,7282756,3807344,3713802,830
Ireland,2021-09-28,"Johnson&Johnson, Moderna, Oxford/AstraZeneca, Pfizer/BioNTech",https://covid19ireland-geohive.hub.arcgis.com/,7288751,3809067,3717475,1507
Ireland,2021-09-29,"Johnson&Johnson, Moderna, Oxford/AstraZeneca, Pfizer/BioNTech",https://covid19ireland-geohive.hub.arcgis.com/,7295789,3810423,3721491,3250
Ireland,2021-09-30,"Johnson&Johnson, Moderna, Oxford/AstraZeneca, Pfizer/BioNTech",https://covid19ireland-geohive.hub.arcgis.com/,7305562,3812299,3726674,6005
Ireland,2021-10-01,"Johnson&Johnson, Moderna, Oxford/AstraZeneca, Pfizer/BioNTech",https://covid19ireland-geohive.hub.arcgis.com/,7312634,3814044,3730786,7260
Ireland,2021-10-02,"Johnson&Johnson, Moderna, Oxford/AstraZeneca, Pfizer/BioNTech",https://covid19ireland-geohive.hub.arcgis.com/,7318047,3815247,3733804,8461
Ireland,2021-10-03,"Johnson&Johnson, Moderna, Oxford/AstraZeneca, Pfizer/BioNTech",https://covid19ireland-geohive.hub.arcgis.com/,7324456,3815600,3735031,13308
Ireland,2021-10-04,"Johnson&Johnson, Moderna, Oxford/AstraZeneca, Pfizer/BioNTech",https://covid19ireland-geohive.hub.arcgis.com/,7337054,3816628,3737906,22072
Ireland,2021-10-05,"Johnson&Johnson, Moderna, Oxford/AstraZeneca, Pfizer/BioNTech",https://covid19ireland-geohive.hub.arcgis.com/,7352999,3817633,3740486,34468
Ireland,2021-10-06,"Johnson&Johnson, Moderna, Oxford/AstraZeneca, Pfizer/BioNTech",https://covid19ireland-geohive.hub.arcgis.com/,7368913,3818879,3743200,46466
Ireland,2021-10-07,"Johnson&Johnson, Moderna, Oxford/AstraZeneca, Pfizer/BioNTech",https://covid19ireland-geohive.hub.arcgis.com/,7385084,3819898,3746008,58855
Ireland,2021-10-08,"Johnson&Johnson, Moderna, Oxford/AstraZeneca, Pfizer/BioNTech",https://covid19ireland-geohive.hub.arcgis.com/,7394756,3820650,3748389,65417
Ireland,2021-10-09,"Johnson&Johnson, Moderna, Oxford/AstraZeneca, Pfizer/BioNTech",https://covid19ireland-geohive.hub.arcgis.com/,7401469,3822150,3752294,66726
Ireland,2021-10-10,"Johnson&Johnson, Moderna, Oxford/AstraZeneca, Pfizer/BioNTech",https://covid19ireland-geohive.hub.arcgis.com/,7409596,3822495,3753409,73408
Ireland,2021-10-11,"Johnson&Johnson, Moderna, Oxford/AstraZeneca, Pfizer/BioNTech",https://covid19ireland-geohive.hub.arcgis.com/,7422406,3823077,3755018,84047
Ireland,2021-10-12,"Johnson&Johnson, Moderna, Oxford/AstraZeneca, Pfizer/BioNTech",https://covid19ireland-geohive.hub.arcgis.com/,7437443,3824085,3757059,96044
Ireland,2021-10-13,"Johnson&Johnson, Moderna, Oxford/AstraZeneca, Pfizer/BioNTech",https://covid19ireland-geohive.hub.arcgis.com/,7453960,3824780,3758634,110298
Ireland,2021-10-14,"Johnson&Johnson, Moderna, Oxford/AstraZeneca, Pfizer/BioNTech",https://covid19ireland-geohive.hub.arcgis.com/,7468025,3825736,3760684,121364
Ireland,2021-10-15,"Johnson&Johnson, Moderna, Oxford/AstraZeneca, Pfizer/BioNTech",https://covid19ireland-geohive.hub.arcgis.com/,7479915,3827120,3763314,129253
Ireland,2021-10-16,"Johnson&Johnson, Moderna, Oxford/AstraZeneca, Pfizer/BioNTech",https://covid19ireland-geohive.hub.arcgis.com/,7486189,3828820,3766197,130946
Ireland,2021-10-17,"Johnson&Johnson, Moderna, Oxford/AstraZeneca, Pfizer/BioNTech",https://covid19ireland-geohive.hub.arcgis.com/,7493103,3829492,3767419,135970
Ireland,2021-10-18,"Johnson&Johnson, Moderna, Oxford/AstraZeneca, Pfizer/BioNTech",https://covid19ireland-geohive.hub.arcgis.com/,7506257,3830835,3769204,146009
Ireland,2021-10-19,"Johnson&Johnson, Moderna, Oxford/AstraZeneca, Pfizer/BioNTech",https://covid19ireland-geohive.hub.arcgis.com/,7520787,3833078,3771494,156006
Ireland,2021-10-20,"Johnson&Johnson, Moderna, Oxford/AstraZeneca, Pfizer/BioNTech",https://covid19ireland-geohive.hub.arcgis.com/,7535686,3834835,3773302,167350
Ireland,2021-10-21,"Johnson&Johnson, Moderna, Oxford/AstraZeneca, Pfizer/BioNTech",https://covid19ireland-geohive.hub.arcgis.com/,7547187,3836327,3775206,175457
Ireland,2021-10-22,"Johnson&Johnson, Moderna, Oxford/AstraZeneca, Pfizer/BioNTech",https://covid19ireland-geohive.hub.arcgis.com/,7552314,3838337,3776881,176900
Ireland,2021-10-23,"Johnson&Johnson, Moderna, Oxford/AstraZeneca, Pfizer/BioNTech",https://covid19ireland-geohive.hub.arcgis.com/,7557812,3840282,3779063,178273
Ireland,2021-10-24,"Johnson&Johnson, Moderna, Oxford/AstraZeneca, Pfizer/BioNTech",https://covid19ireland-geohive.hub.arcgis.com/,7560388,3841500,3779892,178804
Ireland,2021-10-25,"Johnson&Johnson, Moderna, Oxford/AstraZeneca, Pfizer/BioNTech",https://covid19ireland-geohive.hub.arcgis.com/,7567353,3842741,3781092,183334
Ireland,2021-10-26,"Johnson&Johnson, Moderna, Oxford/AstraZeneca, Pfizer/BioNTech",https://covid19ireland-geohive.hub.arcgis.com/,7577682,3844296,3782497,190708
Ireland,2021-10-27,"Johnson&Johnson, Moderna, Oxford/AstraZeneca, Pfizer/BioNTech",https://covid19ireland-geohive.hub.arcgis.com/,7588958,3846444,3784168,198168
Ireland,2021-10-28,"Johnson&Johnson, Moderna, Oxford/AstraZeneca, Pfizer/BioNTech",https://covid19ireland-geohive.hub.arcgis.com/,7599152,3848576,3785510,204888
Ireland,2021-10-29,"Johnson&Johnson, Moderna, Oxford/AstraZeneca, Pfizer/BioNTech",https://covid19ireland-geohive.hub.arcgis.com/,7604768,3850584,3786943,207063
Ireland,2021-10-30,"Johnson&Johnson, Moderna, Oxford/AstraZeneca, Pfizer/BioNTech",https://covid19ireland-geohive.hub.arcgis.com/,7608688,3852207,3788257,208046
Ireland,2021-11-01,"Johnson&Johnson, Moderna, Oxford/AstraZeneca, Pfizer/BioNTech",https://covid19ireland-geohive.hub.arcgis.com/,7612090,3852469,3788520,210925
Ireland,2021-11-02,"Johnson&Johnson, Moderna, Oxford/AstraZeneca, Pfizer/BioNTech",https://covid19ireland-geohive.hub.arcgis.com/,7622657,3853565,3789603,219322
Ireland,2021-11-03,"Johnson&Johnson, Moderna, Oxford/AstraZeneca, Pfizer/BioNTech",https://covid19ireland-geohive.hub.arcgis.com/,7635663,3856102,3791445,227954
Ireland,2021-11-04,"Johnson&Johnson, Moderna, Oxford/AstraZeneca, Pfizer/BioNTech",https://covid19ireland-geohive.hub.arcgis.com/,7650708,3857645,3792696,240206
Ireland,2021-11-05,"Johnson&Johnson, Moderna, Oxford/AstraZeneca, Pfizer/BioNTech",https://covid19ireland-geohive.hub.arcgis.com/,7667739,3859274,3793760,254546
Ireland,2021-11-06,"Johnson&Johnson, Moderna, Oxford/AstraZeneca, Pfizer/BioNTech",https://covid19ireland-geohive.hub.arcgis.com/,7682268,3861095,3795101,265918
Ireland,2021-11-07,"Johnson&Johnson, Moderna, Oxford/AstraZeneca, Pfizer/BioNTech",https://covid19ireland-geohive.hub.arcgis.com/,7695009,3861820,3795866,277169
Ireland,2021-11-08,"Johnson&Johnson, Moderna, Oxford/AstraZeneca, Pfizer/BioNTech",https://covid19ireland-geohive.hub.arcgis.com/,7710807,3862336,3796382,291937
Ireland,2021-11-09,"Johnson&Johnson, Moderna, Oxford/AstraZeneca, Pfizer/BioNTech",https://covid19ireland-geohive.hub.arcgis.com/,7736540,3863710,3797423,315256
Ireland,2021-11-10,"Johnson&Johnson, Moderna, Oxford/AstraZeneca, Pfizer/BioNTech",https://covid19ireland-geohive.hub.arcgis.com/,7766459,3865336,3798746,342226
Ireland,2021-11-11,"Johnson&Johnson, Moderna, Oxford/AstraZeneca, Pfizer/BioNTech",https://covid19ireland-geohive.hub.arcgis.com/,7799049,3866733,3799833,372333
Ireland,2021-11-12,"Johnson&Johnson, Moderna, Oxford/AstraZeneca, Pfizer/BioNTech",https://covid19ireland-geohive.hub.arcgis.com/,7827501,3867888,3800955,398513
Ireland,2021-11-13,"Johnson&Johnson, Moderna, Oxford/AstraZeneca, Pfizer/BioNTech",https://covid19ireland-geohive.hub.arcgis.com/,7850282,3869298,3802313,418526
Ireland,2021-11-14,"Johnson&Johnson, Moderna, Oxford/AstraZeneca, Pfizer/BioNTech",https://covid19ireland-geohive.hub.arcgis.com/,7862931,3870946,3804113,427727
Ireland,2021-11-15,"Johnson&Johnson, Moderna, Oxford/AstraZeneca, Pfizer/BioNTech",https://covid19ireland-geohive.hub.arcgis.com/,7879708,3872190,3804681,442692
Ireland,2021-11-16,"Johnson&Johnson, Moderna, Oxford/AstraZeneca, Pfizer/BioNTech",https://covid19ireland-geohive.hub.arcgis.com/,7910345,3873512,3805736,470957
Ireland,2021-11-17,"Johnson&Johnson, Moderna, Oxford/AstraZeneca, Pfizer/BioNTech",https://covid19ireland-geohive.hub.arcgis.com/,7946364,3875030,3806823,504371
Ireland,2021-11-18,"Johnson&Johnson, Moderna, Oxford/AstraZeneca, Pfizer/BioNTech",https://covid19ireland-geohive.hub.arcgis.com/,7988765,3876698,3809300,542632
Ireland,2021-11-19,"Johnson&Johnson, Moderna, Oxford/AstraZeneca, Pfizer/BioNTech",https://covid19ireland-geohive.hub.arcgis.com/,8023002,3877876,3810825,574166
Ireland,2021-11-20,"Johnson&Johnson, Moderna, Oxford/AstraZeneca, Pfizer/BioNTech",https://covid19ireland-geohive.hub.arcgis.com/,8048721,3879427,3813757,595413
Ireland,2021-11-21,"Johnson&Johnson, Moderna, Oxford/AstraZeneca, Pfizer/BioNTech",https://covid19ireland-geohive.hub.arcgis.com/,8066499,3881213,3816509,608653
Ireland,2021-11-22,"Johnson&Johnson, Moderna, Oxford/AstraZeneca, Pfizer/BioNTech",https://covid19ireland-geohive.hub.arcgis.com/,8084257,3881925,3817003,625207
Ireland,2021-11-23,"Johnson&Johnson, Moderna, Oxford/AstraZeneca, Pfizer/BioNTech",https://covid19ireland-geohive.hub.arcgis.com/,8121160,3884095,3818565,658384
Ireland,2021-11-24,"Johnson&Johnson, Moderna, Oxford/AstraZeneca, Pfizer/BioNTech",https://covid19ireland-geohive.hub.arcgis.com/,8161450,3885723,3821685,693928
Ireland,2021-11-25,"Johnson&Johnson, Moderna, Oxford/AstraZeneca, Pfizer/BioNTech",https://covid19ireland-geohive.hub.arcgis.com/,8204386,3886720,3822846,734707
Ireland,2021-11-26,"Johnson&Johnson, Moderna, Oxford/AstraZeneca, Pfizer/BioNTech",https://covid19ireland-geohive.hub.arcgis.com/,8242710,3888021,3823933,770655
Ireland,2021-11-27,"Johnson&Johnson, Moderna, Oxford/AstraZeneca, Pfizer/BioNTech",https://covid19ireland-geohive.hub.arcgis.com/,8270001,3889248,3825488,795169
Ireland,2021-11-28,"Johnson&Johnson, Moderna, Oxford/AstraZeneca, Pfizer/BioNTech",https://covid19ireland-geohive.hub.arcgis.com/,8290302,3891214,3827739,811253
Ireland,2021-11-29,"Johnson&Johnson, Moderna, Oxford/AstraZeneca, Pfizer/BioNTech",https://covid19ireland-geohive.hub.arcgis.com/,8313388,3891768,3828717,832808
Ireland,2021-11-30,"Johnson&Johnson, Moderna, Oxford/AstraZeneca, Pfizer/BioNTech",https://covid19ireland-geohive.hub.arcgis.com/,8355708,3893698,3830341,871580
Ireland,2021-12-01,"Johnson&Johnson, Moderna, Oxford/AstraZeneca, Pfizer/BioNTech",https://covid19ireland-geohive.hub.arcgis.com/,8397297,3894781,3831694,910734
Ireland,2021-12-02,"Johnson&Johnson, Moderna, Oxford/AstraZeneca, Pfizer/BioNTech",https://covid19ireland-geohive.hub.arcgis.com/,8440375,3896557,3833092,950638
Ireland,2021-12-03,"Johnson&Johnson, Moderna, Oxford/AstraZeneca, Pfizer/BioNTech",https://covid19ireland-geohive.hub.arcgis.com/,8478737,3897603,3834258,986791
Ireland,2021-12-04,"Johnson&Johnson, Moderna, Oxford/AstraZeneca, Pfizer/BioNTech",https://covid19ireland-geohive.hub.arcgis.com/,8504964,3898803,3835953,1010123
Ireland,2021-12-05,"Johnson&Johnson, Moderna, Oxford/AstraZeneca, Pfizer/BioNTech",https://covid19ireland-geohive.hub.arcgis.com/,8523275,3900151,3837723,1025316
Ireland,2021-12-06,"Johnson&Johnson, Moderna, Oxford/AstraZeneca, Pfizer/BioNTech",https://covid19ireland-geohive.hub.arcgis.com/,8547596,3901085,3839000,1047426
Ireland,2021-12-07,"Johnson&Johnson, Moderna, Oxford/AstraZeneca, Pfizer/BioNTech",https://covid19ireland-geohive.hub.arcgis.com/,8577956,3901571,3839730,1076571
Ireland,2021-12-08,"Johnson&Johnson, Moderna, Oxford/AstraZeneca, Pfizer/BioNTech",https://covid19ireland-geohive.hub.arcgis.com/,8617402,3902381,3841219,1113718
Ireland,2021-12-09,"Johnson&Johnson, Moderna, Oxford/AstraZeneca, Pfizer/BioNTech",https://covid19ireland-geohive.hub.arcgis.com/,8665584,3903178,3842407,1159915
Ireland,2021-12-10,"Johnson&Johnson, Moderna, Oxford/AstraZeneca, Pfizer/BioNTech",https://covid19ireland-geohive.hub.arcgis.com/,8709152,3904070,3843997,1201002
Ireland,2021-12-11,"Johnson&Johnson, Moderna, Oxford/AstraZeneca, Pfizer/BioNTech",https://covid19ireland-geohive.hub.arcgis.com/,8739756,3904706,3844832,1230135
Ireland,2021-12-12,"Johnson&Johnson, Moderna, Oxford/AstraZeneca, Pfizer/BioNTech",https://covid19ireland-geohive.hub.arcgis.com/,8768129,3905397,3846020,1256629
Ireland,2021-12-13,"Johnson&Johnson, Moderna, Oxford/AstraZeneca, Pfizer/BioNTech",https://covid19ireland-geohive.hub.arcgis.com/,8801554,3906118,3847065,1288288
Ireland,2021-12-14,"Johnson&Johnson, Moderna, Oxford/AstraZeneca, Pfizer/BioNTech",https://covid19ireland-geohive.hub.arcgis.com/,8856910,3906749,3848247,1341832
Ireland,2021-12-15,"Johnson&Johnson, Moderna, Oxford/AstraZeneca, Pfizer/BioNTech",https://covid19ireland-geohive.hub.arcgis.com/,8916475,3907542,3849475,1399377
Ireland,2021-12-16,"Johnson&Johnson, Moderna, Oxford/AstraZeneca, Pfizer/BioNTech",https://covid19ireland-geohive.hub.arcgis.com/,8985346,3908614,3850997,1465661
Ireland,2021-12-17,"Johnson&Johnson, Moderna, Oxford/AstraZeneca, Pfizer/BioNTech",https://covid19ireland-geohive.hub.arcgis.com/,9054911,3909827,3853429,1531582
Ireland,2021-12-18,"Johnson&Johnson, Moderna, Oxford/AstraZeneca, Pfizer/BioNTech",https://covid19ireland-geohive.hub.arcgis.com/,9103407,3911091,3854597,1577646
Ireland,2021-12-19,"Johnson&Johnson, Moderna, Oxford/AstraZeneca, Pfizer/BioNTech",https://covid19ireland-geohive.hub.arcgis.com/,9159709,3911649,3855474,1632513
Ireland,2021-12-20,"Johnson&Johnson, Moderna, Oxford/AstraZeneca, Pfizer/BioNTech",https://covid19ireland-geohive.hub.arcgis.com/,9254128,3912189,3856062,1725804
Ireland,2021-12-21,"Johnson&Johnson, Moderna, Oxford/AstraZeneca, Pfizer/BioNTech",https://covid19ireland-geohive.hub.arcgis.com/,9386746,3913657,3857842,1855177
Ireland,2021-12-22,"Johnson&Johnson, Moderna, Oxford/AstraZeneca, Pfizer/BioNTech",https://covid19ireland-geohive.hub.arcgis.com/,9522100,3914894,3859394,1987744
Ireland,2021-12-23,"Johnson&Johnson, Moderna, Oxford/AstraZeneca, Pfizer/BioNTech",https://covid19ireland-geohive.hub.arcgis.com/,9626437,3915860,3860735,2089774
Ireland,2021-12-24,"Johnson&Johnson, Moderna, Oxford/AstraZeneca, Pfizer/BioNTech",https://covid19ireland-geohive.hub.arcgis.com/,9637727,3915962,3860872,2100825
Ireland,2021-12-25,"Johnson&Johnson, Moderna, Oxford/AstraZeneca, Pfizer/BioNTech",https://covid19ireland-geohive.hub.arcgis.com/,9637750,3915963,3860872,2100847
Ireland,2021-12-26,"Johnson&Johnson, Moderna, Oxford/AstraZeneca, Pfizer/BioNTech",https://covid19ireland-geohive.hub.arcgis.com/,9638008,3915973,3860878,2101089
Ireland,2021-12-27,"Johnson&Johnson, Moderna, Oxford/AstraZeneca, Pfizer/BioNTech",https://covid19ireland-geohive.hub.arcgis.com/,9651822,3916361,3861459,2113934
Ireland,2021-12-28,"Johnson&Johnson, Moderna, Oxford/AstraZeneca, Pfizer/BioNTech",https://covid19ireland-geohive.hub.arcgis.com/,9676305,3916824,3862195,2137218
Ireland,2021-12-29,"Johnson&Johnson, Moderna, Oxford/AstraZeneca, Pfizer/BioNTech",https://covid19ireland-geohive.hub.arcgis.com/,9731752,3917906,3863473,2190305
Ireland,2021-12-30,"Johnson&Johnson, Moderna, Oxford/AstraZeneca, Pfizer/BioNTech",https://covid19ireland-geohive.hub.arcgis.com/,9795238,3918979,3864644,2251548
Ireland,2021-12-31,"Johnson&Johnson, Moderna, Oxford/AstraZeneca, Pfizer/BioNTech",https://covid19ireland-geohive.hub.arcgis.com/,9816659,3919700,3866312,2270580
Ireland,2022-01-01,"Johnson&Johnson, Moderna, Oxford/AstraZeneca, Pfizer/BioNTech",https://covid19ireland-geohive.hub.arcgis.com/,9825754,3919767,3866407,2279513
Ireland,2022-01-02,"Johnson&Johnson, Moderna, Oxford/AstraZeneca, Pfizer/BioNTech",https://covid19ireland-geohive.hub.arcgis.com/,9840523,3920037,3867029,2293390
Ireland,2022-01-03,"Johnson&Johnson, Moderna, Oxford/AstraZeneca, Pfizer/BioNTech",https://covid19ireland-geohive.hub.arcgis.com/,9861710,3923668,3867744,2310231
Ireland,2022-01-04,"Johnson&Johnson, Moderna, Oxford/AstraZeneca, Pfizer/BioNTech",https://covid19ireland-geohive.hub.arcgis.com/,9895576,3924860,3868503,2342146
Ireland,2022-01-05,"Johnson&Johnson, Moderna, Oxford/AstraZeneca, Pfizer/BioNTech",https://covid19ireland-geohive.hub.arcgis.com/,9939526,3927000,3869383,2383076
Ireland,2022-01-06,"Johnson&Johnson, Moderna, Oxford/AstraZeneca, Pfizer/BioNTech",https://covid19ireland-geohive.hub.arcgis.com/,9985204,3929468,3871044,2424626
Ireland,2022-01-07,"Johnson&Johnson, Moderna, Oxford/AstraZeneca, Pfizer/BioNTech",https://covid19ireland-geohive.hub.arcgis.com/,10022176,3934322,3871803,2455985
Ireland,2022-01-08,"Johnson&Johnson, Moderna, Oxford/AstraZeneca, Pfizer/BioNTech",https://covid19ireland-geohive.hub.arcgis.com/,10047553,3944115,3872535,2470838
Ireland,2022-01-09,"Johnson&Johnson, Moderna, Oxford/AstraZeneca, Pfizer/BioNTech",https://covid19ireland-geohive.hub.arcgis.com/,10065574,3951230,3873200,2481079
Ireland,2022-01-10,"Johnson&Johnson, Moderna, Oxford/AstraZeneca, Pfizer/BioNTech",https://covid19ireland-geohive.hub.arcgis.com/,10087477,3957885,3873687,2495840
Ireland,2022-01-11,"Johnson&Johnson, Moderna, Oxford/AstraZeneca, Pfizer/BioNTech",https://covid19ireland-geohive.hub.arcgis.com/,10117520,3962658,3875026,2519772
Ireland,2022-01-12,"Johnson&Johnson, Moderna, Oxford/AstraZeneca, Pfizer/BioNTech",https://covid19ireland-geohive.hub.arcgis.com/,10151436,3970218,3875911,2545244
Ireland,2022-01-13,"Johnson&Johnson, Moderna, Oxford/AstraZeneca, Pfizer/BioNTech",https://covid19ireland-geohive.hub.arcgis.com/,10185087,3977540,3876698,2570786
Ireland,2022-01-14,"Johnson&Johnson, Moderna, Oxford/AstraZeneca, Pfizer/BioNTech",https://covid19ireland-geohive.hub.arcgis.com/,10219141,3988271,3877511,2593296
Ireland,2022-01-15,"Johnson&Johnson, Moderna, Oxford/AstraZeneca, Pfizer/BioNTech",https://covid19ireland-geohive.hub.arcgis.com/,10240441,3996625,3878147,2605606
Ireland,2022-01-16,"Johnson&Johnson, Moderna, Oxford/AstraZeneca, Pfizer/BioNTech",https://covid19ireland-geohive.hub.arcgis.com/,10255154,4003592,3879359,2612141
Ireland,2022-01-17,"Johnson&Johnson, Moderna, Oxford/AstraZeneca, Pfizer/BioNTech",https://covid19ireland-geohive.hub.arcgis.com/,10270003,4006157,3879904,2623880
Ireland,2022-01-18,"Johnson&Johnson, Moderna, Oxford/AstraZeneca, Pfizer/BioNTech",https://covid19ireland-geohive.hub.arcgis.com/,10287268,4010221,3880332,2636656
Ireland,2022-01-19,"Johnson&Johnson, Moderna, Oxford/AstraZeneca, Pfizer/BioNTech",https://covid19ireland-geohive.hub.arcgis.com/,10303223,4013704,3880946,2648514
Ireland,2022-01-20,"Johnson&Johnson, Moderna, Oxford/AstraZeneca, Pfizer/BioNTech",https://covid19ireland-geohive.hub.arcgis.com/,10318646,4017397,3881867,2659324
Ireland,2022-01-21,"Johnson&Johnson, Moderna, Oxford/AstraZeneca, Pfizer/BioNTech",https://covid19ireland-geohive.hub.arcgis.com/,10332022,4020648,3882831,2668485
Ireland,2022-01-22,"Johnson&Johnson, Moderna, Oxford/AstraZeneca, Pfizer/BioNTech",https://covid19ireland-geohive.hub.arcgis.com/,10343015,4024919,3883467,2674571
Ireland,2022-01-23,"Johnson&Johnson, Moderna, Oxford/AstraZeneca, Pfizer/BioNTech",https://covid19ireland-geohive.hub.arcgis.com/,10350331,4028011,3884144,2678118
Ireland,2022-01-24,"Johnson&Johnson, Moderna, Oxford/AstraZeneca, Pfizer/BioNTech",https://covid19ireland-geohive.hub.arcgis.com/,10356371,4028656,3884601,2683056
Ireland,2022-01-25,"Johnson&Johnson, Moderna, Oxford/AstraZeneca, Pfizer/BioNTech",https://covid19ireland-geohive.hub.arcgis.com/,10365365,4029354,3886429,2689524
Ireland,2022-01-26,"Johnson&Johnson, Moderna, Oxford/AstraZeneca, Pfizer/BioNTech",https://covid19ireland-geohive.hub.arcgis.com/,10374030,4030055,3887309,2696608
Ireland,2022-01-27,"Johnson&Johnson, Moderna, Oxford/AstraZeneca, Pfizer/BioNTech",https://covid19ireland-geohive.hub.arcgis.com/,10382419,4031329,3888468,2702564
Ireland,2022-01-28,"Johnson&Johnson, Moderna, Oxford/AstraZeneca, Pfizer/BioNTech",https://covid19ireland-geohive.hub.arcgis.com/,10393288,4032358,3891557,2709315
Ireland,2022-01-29,"Johnson&Johnson, Moderna, Oxford/AstraZeneca, Pfizer/BioNTech",https://covid19ireland-geohive.hub.arcgis.com/,10402951,4034683,3894998,2713212
Ireland,2022-01-30,"Johnson&Johnson, Moderna, Oxford/AstraZeneca, Pfizer/BioNTech",https://covid19ireland-geohive.hub.arcgis.com/,10414108,4036317,3902534,2715199
Ireland,2022-01-31,"Johnson&Johnson, Moderna, Oxford/AstraZeneca, Pfizer/BioNTech",https://covid19ireland-geohive.hub.arcgis.com/,10418809,4036797,3903913,2718041
Ireland,2022-02-01,"Johnson&Johnson, Moderna, Oxford/AstraZeneca, Pfizer/BioNTech",https://covid19ireland-geohive.hub.arcgis.com/,10427164,4037550,3907324,2722233
Ireland,2022-02-02,"Johnson&Johnson, Moderna, Oxford/AstraZeneca, Pfizer/BioNTech",https://covid19ireland-geohive.hub.arcgis.com/,10436530,4038193,3910312,2727968
Ireland,2022-02-03,"Johnson&Johnson, Moderna, Oxford/AstraZeneca, Pfizer/BioNTech",https://covid19ireland-geohive.hub.arcgis.com/,10445666,4039106,3912736,2733768
Ireland,2022-02-04,"Johnson&Johnson, Moderna, Oxford/AstraZeneca, Pfizer/BioNTech",https://covid19ireland-geohive.hub.arcgis.com/,10458770,4040276,3919246,2739192
Ireland,2022-02-05,"Johnson&Johnson, Moderna, Oxford/AstraZeneca, Pfizer/BioNTech",https://covid19ireland-geohive.hub.arcgis.com/,10470081,4042054,3924991,2742980
Ireland,2022-02-06,"Johnson&Johnson, Moderna, Oxford/AstraZeneca, Pfizer/BioNTech",https://covid19ireland-geohive.hub.arcgis.com/,10481534,4043462,3932546,2745470
Ireland,2022-02-07,"Johnson&Johnson, Moderna, Oxford/AstraZeneca, Pfizer/BioNTech",https://covid19ireland-geohive.hub.arcgis.com/,10485394,4043897,3933894,2747547
Ireland,2022-02-08,"Johnson&Johnson, Moderna, Oxford/AstraZeneca, Pfizer/BioNTech",https://covid19ireland-geohive.hub.arcgis.com/,10490999,4044794,3935121,2751028
Ireland,2022-02-09,"Johnson&Johnson, Moderna, Oxford/AstraZeneca, Pfizer/BioNTech",https://covid19ireland-geohive.hub.arcgis.com/,10498966,4046126,3936891,2755893
Ireland,2022-02-10,"Johnson&Johnson, Moderna, Oxford/AstraZeneca, Pfizer/BioNTech",https://covid19ireland-geohive.hub.arcgis.com/,10507253,4046814,3939430,2760953
Ireland,2022-02-11,"Johnson&Johnson, Moderna, Oxford/AstraZeneca, Pfizer/BioNTech",https://covid19ireland-geohive.hub.arcgis.com/,10517382,4047370,3944337,2765619
Ireland,2022-02-12,"Johnson&Johnson, Moderna, Oxford/AstraZeneca, Pfizer/BioNTech",https://covid19ireland-geohive.hub.arcgis.com/,10529822,4048765,3949796,2771205
Ireland,2022-02-13,"Johnson&Johnson, Moderna, Oxford/AstraZeneca, Pfizer/BioNTech",https://covid19ireland-geohive.hub.arcgis.com/,10539940,4050332,3954502,2775050
Ireland,2022-02-14,"Johnson&Johnson, Moderna, Oxford/AstraZeneca, Pfizer/BioNTech",https://covid19ireland-geohive.hub.arcgis.com/,10543208,4050506,3955451,2777196
Ireland,2022-02-15,"Johnson&Johnson, Moderna, Oxford/AstraZeneca, Pfizer/BioNTech",https://covid19ireland-geohive.hub.arcgis.com/,10548232,4051153,3956258,2780767
Ireland,2022-02-16,"Johnson&Johnson, Moderna, Oxford/AstraZeneca, Pfizer/BioNTech",https://covid19ireland-geohive.hub.arcgis.com/,10554868,4051946,3958038,2784830
Ireland,2022-02-17,"Johnson&Johnson, Moderna, Oxford/AstraZeneca, Pfizer/BioNTech",https://covid19ireland-geohive.hub.arcgis.com/,10561034,4052738,3959218,2789026
Ireland,2022-02-18,"Johnson&Johnson, Moderna, Oxford/AstraZeneca, Pfizer/BioNTech",https://covid19ireland-geohive.hub.arcgis.com/,10568026,4053534,3962499,2791941
Ireland,2022-02-19,"Johnson&Johnson, Moderna, Oxford/AstraZeneca, Pfizer/BioNTech",https://covid19ireland-geohive.hub.arcgis.com/,10576937,4054510,3966047,2796328
Ireland,2022-02-20,"Johnson&Johnson, Moderna, Oxford/AstraZeneca, Pfizer/BioNTech",https://covid19ireland-geohive.hub.arcgis.com/,10584284,4055877,3969634,2798721
Ireland,2022-02-21,"Johnson&Johnson, Moderna, Oxford/AstraZeneca, Pfizer/BioNTech",https://covid19ireland-geohive.hub.arcgis.com/,10587068,4056129,3970621,2800267
Ireland,2022-02-22,"Johnson&Johnson, Moderna, Oxford/AstraZeneca, Pfizer/BioNTech",https://covid19ireland-geohive.hub.arcgis.com/,10591478,4056605,3971584,2803238
Ireland,2022-02-23,"Johnson&Johnson, Moderna, Oxford/AstraZeneca, Pfizer/BioNTech",https://covid19ireland-geohive.hub.arcgis.com/,10596550,4057434,3972845,2806221
Ireland,2022-02-24,"Johnson&Johnson, Moderna, Oxford/AstraZeneca, Pfizer/BioNTech",https://covid19ireland-geohive.hub.arcgis.com/,10601682,4058092,3974064,2809476
Ireland,2022-02-25,"Johnson&Johnson, Moderna, Oxford/AstraZeneca, Pfizer/BioNTech",https://covid19ireland-geohive.hub.arcgis.com/,10607729,4058782,3975277,2813620
Ireland,2022-02-26,"Johnson&Johnson, Moderna, Oxford/AstraZeneca, Pfizer/BioNTech",https://covid19ireland-geohive.hub.arcgis.com/,10614280,4059738,3977363,2817129
Ireland,2022-02-27,"Johnson&Johnson, Moderna, Oxford/AstraZeneca, Pfizer/BioNTech",https://covid19ireland-geohive.hub.arcgis.com/,10620011,4060408,3979144,2820409
Ireland,2022-02-28,"Johnson&Johnson, Moderna, Oxford/AstraZeneca, Pfizer/BioNTech",https://covid19ireland-geohive.hub.arcgis.com/,10622002,4060491,3979565,2821896
Ireland,2022-03-01,"Johnson&Johnson, Moderna, Oxford/AstraZeneca, Pfizer/BioNTech",https://covid19ireland-geohive.hub.arcgis.com/,10625046,4060613,3980500,2823883
Ireland,2022-03-02,"Johnson&Johnson, Moderna, Oxford/AstraZeneca, Pfizer/BioNTech",https://covid19ireland-geohive.hub.arcgis.com/,10629446,4060816,3981490,2827092
Ireland,2022-03-03,"Johnson&Johnson, Moderna, Oxford/AstraZeneca, Pfizer/BioNTech",https://covid19ireland-geohive.hub.arcgis.com/,10634810,4061085,3982760,2830917
Ireland,2022-03-04,"Johnson&Johnson, Moderna, Oxford/AstraZeneca, Pfizer/BioNTech",https://covid19ireland-geohive.hub.arcgis.com/,10640324,4061816,3984248,2834214
Ireland,2022-03-05,"Johnson&Johnson, Moderna, Oxford/AstraZeneca, Pfizer/BioNTech",https://covid19ireland-geohive.hub.arcgis.com/,10648485,4062776,3987580,2838083
Ireland,2022-03-06,"Johnson&Johnson, Moderna, Oxford/AstraZeneca, Pfizer/BioNTech",https://covid19ireland-geohive.hub.arcgis.com/,10655335,4063232,3989494,2842563
Ireland,2022-03-07,"Johnson&Johnson, Moderna, Oxford/AstraZeneca, Pfizer/BioNTech",https://covid19ireland-geohive.hub.arcgis.com/,10656798,4063344,3989606,2843802
Ireland,2022-03-08,"Johnson&Johnson, Moderna, Oxford/AstraZeneca, Pfizer/BioNTech",https://covid19ireland-geohive.hub.arcgis.com/,10659926,4063461,3990091,2846328
Ireland,2022-03-09,"Johnson&Johnson, Moderna, Oxford/AstraZeneca, Pfizer/BioNTech",https://covid19ireland-geohive.hub.arcgis.com/,10663312,4063578,3990411,2849277
Ireland,2022-03-10,"Johnson&Johnson, Moderna, Oxford/AstraZeneca, Pfizer/BioNTech",https://covid19ireland-geohive.hub.arcgis.com/,10668323,4063831,3990912,2853534
Ireland,2022-03-11,"Johnson&Johnson, Moderna, Oxford/AstraZeneca, Pfizer/BioNTech",https://covid19ireland-geohive.hub.arcgis.com/,10674513,4064327,3993076,2857064
Ireland,2022-03-12,"Johnson&Johnson, Moderna, Oxford/AstraZeneca, Pfizer/BioNTech",https://covid19ireland-geohive.hub.arcgis.com/,10680855,4064801,3995457,2860553
Ireland,2022-03-13,"Johnson&Johnson, Moderna, Oxford/AstraZeneca, Pfizer/BioNTech",https://covid19ireland-geohive.hub.arcgis.com/,10686489,4065163,3996535,2864747
Ireland,2022-03-14,"Johnson&Johnson, Moderna, Oxford/AstraZeneca, Pfizer/BioNTech",https://covid19ireland-geohive.hub.arcgis.com/,10688505,4065266,3996645,2866550
Ireland,2022-03-15,"Johnson&Johnson, Moderna, Oxford/AstraZeneca, Pfizer/BioNTech",https://covid19ireland-geohive.hub.arcgis.com/,10692495,4065481,3997386,2869584
Ireland,2022-03-16,"Johnson&Johnson, Moderna, Oxford/AstraZeneca, Pfizer/BioNTech",https://covid19ireland-geohive.hub.arcgis.com/,10697577,4065673,3998168,2873693
Ireland,2022-03-18,"Johnson&Johnson, Moderna, Oxford/AstraZeneca, Pfizer/BioNTech",https://covid19ireland-geohive.hub.arcgis.com/,10697672,4065675,3998174,2873780
Ireland,2022-03-19,"Johnson&Johnson, Moderna, Oxford/AstraZeneca, Pfizer/BioNTech",https://covid19ireland-geohive.hub.arcgis.com/,10703292,4066416,4000949,2875884
Ireland,2022-03-20,"Johnson&Johnson, Moderna, Oxford/AstraZeneca, Pfizer/BioNTech",https://covid19ireland-geohive.hub.arcgis.com/,10709671,4066812,4002344,2880472
Ireland,2022-03-21,"Johnson&Johnson, Moderna, Oxford/AstraZeneca, Pfizer/BioNTech",https://covid19ireland-geohive.hub.arcgis.com/,10711321,4066865,4002442,2881971
Ireland,2022-03-22,"Johnson&Johnson, Moderna, Oxford/AstraZeneca, Pfizer/BioNTech",https://covid19ireland-geohive.hub.arcgis.com/,10714440,4067000,4002999,2884398
Ireland,2022-03-23,"Johnson&Johnson, Moderna, Oxford/AstraZeneca, Pfizer/BioNTech",https://covid19ireland-geohive.hub.arcgis.com/,10718238,4067095,4003206,2887894
Ireland,2022-03-24,"Johnson&Johnson, Moderna, Oxford/AstraZeneca, Pfizer/BioNTech",https://covid19ireland-geohive.hub.arcgis.com/,10723638,4067228,4003417,2892950
Ireland,2022-03-25,"Johnson&Johnson, Moderna, Oxford/AstraZeneca, Pfizer/BioNTech",https://covid19ireland-geohive.hub.arcgis.com/,10728543,4067640,4004966,2895894
Ireland,2022-03-26,"Johnson&Johnson, Moderna, Oxford/AstraZeneca, Pfizer/BioNTech",https://covid19ireland-geohive.hub.arcgis.com/,10733713,4068489,4006792,2898389
Ireland,2022-03-28,"Johnson&Johnson, Moderna, Oxford/AstraZeneca, Pfizer/BioNTech",https://covid19ireland-geohive.hub.arcgis.com/,10741777,4069002,4007756,2904979
