location,date,vaccine,source_url,total_vaccinations,people_vaccinated,people_fully_vaccinated,total_boosters
Israel,2020-12-19,Pfizer/BioNTech,https://datadashboard.health.gov.il/COVID-19/general,70,66,4,0
Israel,2020-12-20,Pfizer/BioNTech,https://datadashboard.health.gov.il/COVID-19/general,7460,7456,4,0
Israel,2020-12-21,Pfizer/BioNTech,https://datadashboard.health.gov.il/COVID-19/general,32377,32373,4,0
Israel,2020-12-22,Pfizer/BioNTech,https://datadashboard.health.gov.il/COVID-19/general,77030,77026,4,0
Israel,2020-12-23,Pfizer/BioNTech,https://datadashboard.health.gov.il/COVID-19/general,139932,139928,4,0
Israel,2020-12-24,Pfizer/BioNTech,https://datadashboard.health.gov.il/COVID-19/general,213344,213340,4,0
Israel,2020-12-25,Pfizer/BioNTech,https://datadashboard.health.gov.il/COVID-19/general,251849,251845,4,0
Israel,2020-12-26,Pfizer/BioNTech,https://datadashboard.health.gov.il/COVID-19/general,284458,284454,4,0
Israel,2020-12-27,Pfizer/BioNTech,https://datadashboard.health.gov.il/COVID-19/general,389001,388997,4,0
Israel,2020-12-28,Pfizer/BioNTech,https://datadashboard.health.gov.il/COVID-19/general,523991,523987,4,0
Israel,2020-12-29,Pfizer/BioNTech,https://datadashboard.health.gov.il/COVID-19/general,680253,680247,6,0
Israel,2020-12-30,Pfizer/BioNTech,https://datadashboard.health.gov.il/COVID-19/general,833361,833355,6,0
Israel,2020-12-31,Pfizer/BioNTech,https://datadashboard.health.gov.il/COVID-19/general,991873,991867,6,0
Israel,2021-01-01,Pfizer/BioNTech,https://datadashboard.health.gov.il/COVID-19/general,1063276,1063270,6,0
Israel,2021-01-02,Pfizer/BioNTech,https://datadashboard.health.gov.il/COVID-19/general,1134986,1134980,6,0
Israel,2021-01-03,Pfizer/BioNTech,https://datadashboard.health.gov.il/COVID-19/general,1284685,1284679,6,0
Israel,2021-01-04,Pfizer/BioNTech,https://datadashboard.health.gov.il/COVID-19/general,1436828,1436821,7,0
Israel,2021-01-05,Pfizer/BioNTech,https://datadashboard.health.gov.il/COVID-19/general,1561975,1561965,10,0
Israel,2021-01-06,Pfizer/BioNTech,https://datadashboard.health.gov.il/COVID-19/general,1665272,1665260,12,0
Israel,2021-01-07,"Moderna, Pfizer/BioNTech",https://datadashboard.health.gov.il/COVID-19/general,1781274,1781255,19,0
Israel,2021-01-08,"Moderna, Pfizer/BioNTech",https://datadashboard.health.gov.il/COVID-19/general,1847700,1847677,23,0
Israel,2021-01-09,"Moderna, Pfizer/BioNTech",https://datadashboard.health.gov.il/COVID-19/general,1892242,1892195,47,0
Israel,2021-01-10,"Moderna, Pfizer/BioNTech",https://datadashboard.health.gov.il/COVID-19/general,1935868,1929824,6044,0
Israel,2021-01-11,"Moderna, Pfizer/BioNTech",https://datadashboard.health.gov.il/COVID-19/general,1976273,1950970,25303,0
Israel,2021-01-12,"Moderna, Pfizer/BioNTech",https://datadashboard.health.gov.il/COVID-19/general,2035981,1975012,60969,0
Israel,2021-01-13,"Moderna, Pfizer/BioNTech",https://datadashboard.health.gov.il/COVID-19/general,2144877,2027045,117832,0
Israel,2021-01-14,"Moderna, Pfizer/BioNTech",https://datadashboard.health.gov.il/COVID-19/general,2270130,2083472,186658,0
Israel,2021-01-15,"Moderna, Pfizer/BioNTech",https://datadashboard.health.gov.il/COVID-19/general,2336800,2114215,222585,0
Israel,2021-01-16,"Moderna, Pfizer/BioNTech",https://datadashboard.health.gov.il/COVID-19/general,2392256,2143667,248589,0
Israel,2021-01-17,"Moderna, Pfizer/BioNTech",https://datadashboard.health.gov.il/COVID-19/general,2545242,2212074,333168,0
Israel,2021-01-18,"Moderna, Pfizer/BioNTech",https://datadashboard.health.gov.il/COVID-19/general,2735408,2281838,453570,0
Israel,2021-01-19,"Moderna, Pfizer/BioNTech",https://datadashboard.health.gov.il/COVID-19/general,2946063,2354686,591377,0
Israel,2021-01-20,"Moderna, Pfizer/BioNTech",https://datadashboard.health.gov.il/COVID-19/general,3166637,2431543,735094,0
Israel,2021-01-21,"Moderna, Pfizer/BioNTech",https://datadashboard.health.gov.il/COVID-19/general,3400989,2501500,899489,0
Israel,2021-01-22,"Moderna, Pfizer/BioNTech",https://datadashboard.health.gov.il/COVID-19/general,3509991,2539392,970599,0
Israel,2021-01-23,"Moderna, Pfizer/BioNTech",https://datadashboard.health.gov.il/COVID-19/general,3603508,2579340,1024168,0
Israel,2021-01-24,"Moderna, Pfizer/BioNTech",https://datadashboard.health.gov.il/COVID-19/general,3813270,2648437,1164833,0
Israel,2021-01-25,"Moderna, Pfizer/BioNTech",https://datadashboard.health.gov.il/COVID-19/general,4033643,2729331,1304312,0
Israel,2021-01-26,"Moderna, Pfizer/BioNTech",https://datadashboard.health.gov.il/COVID-19/general,4238715,2808015,1430700,0
Israel,2021-01-27,"Moderna, Pfizer/BioNTech",https://datadashboard.health.gov.il/COVID-19/general,4441665,2885945,1555720,0
Israel,2021-01-28,"Moderna, Pfizer/BioNTech",https://datadashboard.health.gov.il/COVID-19/general,4651773,2965477,1686296,0
Israel,2021-01-29,"Moderna, Pfizer/BioNTech",https://datadashboard.health.gov.il/COVID-19/general,4753207,3002144,1751063,0
Israel,2021-01-30,"Moderna, Pfizer/BioNTech",https://datadashboard.health.gov.il/COVID-19/general,4830338,3036527,1793811,0
Israel,2021-01-31,"Moderna, Pfizer/BioNTech",https://datadashboard.health.gov.il/COVID-19/general,4963130,3109837,1853293,0
Israel,2021-02-01,"Moderna, Pfizer/BioNTech",https://datadashboard.health.gov.il/COVID-19/general,5080926,3192305,1888621,0
Israel,2021-02-02,"Moderna, Pfizer/BioNTech",https://datadashboard.health.gov.il/COVID-19/general,5182034,3262364,1919670,0
Israel,2021-02-03,"Moderna, Pfizer/BioNTech",https://datadashboard.health.gov.il/COVID-19/general,5293719,3322637,1971082,0
Israel,2021-02-04,"Moderna, Pfizer/BioNTech",https://datadashboard.health.gov.il/COVID-19/general,5424379,3395231,2029148,0
Israel,2021-02-05,"Moderna, Pfizer/BioNTech",https://datadashboard.health.gov.il/COVID-19/general,5487071,3429142,2057929,0
Israel,2021-02-06,"Moderna, Pfizer/BioNTech",https://datadashboard.health.gov.il/COVID-19/general,5530892,3450742,2080150,0
Israel,2021-02-07,"Moderna, Pfizer/BioNTech",https://datadashboard.health.gov.il/COVID-19/general,5653666,3504806,2148860,0
Israel,2021-02-08,"Moderna, Pfizer/BioNTech",https://datadashboard.health.gov.il/COVID-19/general,5777716,3563418,2214298,0
Israel,2021-02-09,"Moderna, Pfizer/BioNTech",https://datadashboard.health.gov.il/COVID-19/general,5911565,3629728,2281837,0
Israel,2021-02-10,"Moderna, Pfizer/BioNTech",https://datadashboard.health.gov.il/COVID-19/general,6054367,3700257,2354110,0
Israel,2021-02-11,"Moderna, Pfizer/BioNTech",https://datadashboard.health.gov.il/COVID-19/general,6207576,3781394,2426182,0
Israel,2021-02-12,"Moderna, Pfizer/BioNTech",https://datadashboard.health.gov.il/COVID-19/general,6284221,3820473,2463748,0
Israel,2021-02-13,"Moderna, Pfizer/BioNTech",https://datadashboard.health.gov.il/COVID-19/general,6342092,3847921,2494171,0
Israel,2021-02-14,"Moderna, Pfizer/BioNTech",https://datadashboard.health.gov.il/COVID-19/general,6486030,3922805,2563225,0
Israel,2021-02-15,"Moderna, Pfizer/BioNTech",https://datadashboard.health.gov.il/COVID-19/general,6643215,4004316,2638899,0
Israel,2021-02-16,"Moderna, Pfizer/BioNTech",https://datadashboard.health.gov.il/COVID-19/general,6804863,4087708,2717155,0
Israel,2021-02-17,"Moderna, Pfizer/BioNTech",https://datadashboard.health.gov.il/COVID-19/general,6942414,4149659,2792755,0
Israel,2021-02-18,"Moderna, Pfizer/BioNTech",https://datadashboard.health.gov.il/COVID-19/general,7091251,4218784,2872467,0
Israel,2021-02-19,"Moderna, Pfizer/BioNTech",https://datadashboard.health.gov.il/COVID-19/general,7169027,4258431,2910596,0
Israel,2021-02-20,"Moderna, Pfizer/BioNTech",https://datadashboard.health.gov.il/COVID-19/general,7229386,4290074,2939312,0
Israel,2021-02-21,"Moderna, Pfizer/BioNTech",https://datadashboard.health.gov.il/COVID-19/general,7387219,4369485,3017734,0
Israel,2021-02-22,"Moderna, Pfizer/BioNTech",https://datadashboard.health.gov.il/COVID-19/general,7552825,4454516,3098309,0
Israel,2021-02-23,"Moderna, Pfizer/BioNTech",https://datadashboard.health.gov.il/COVID-19/general,7700582,4531821,3168761,0
Israel,2021-02-24,"Moderna, Pfizer/BioNTech",https://datadashboard.health.gov.il/COVID-19/general,7824723,4592856,3231867,0
Israel,2021-02-25,"Moderna, Pfizer/BioNTech",https://datadashboard.health.gov.il/COVID-19/general,7941199,4644555,3296644,0
Israel,2021-02-26,"Moderna, Pfizer/BioNTech",https://datadashboard.health.gov.il/COVID-19/general,7999101,4670442,3328659,0
Israel,2021-02-27,"Moderna, Pfizer/BioNTech",https://datadashboard.health.gov.il/COVID-19/general,8038620,4688775,3349845,0
Israel,2021-02-28,"Moderna, Pfizer/BioNTech",https://datadashboard.health.gov.il/COVID-19/general,8134814,4729111,3405703,0
Israel,2021-03-01,"Moderna, Pfizer/BioNTech",https://datadashboard.health.gov.il/COVID-19/general,8241941,4774824,3467117,0
Israel,2021-03-02,"Moderna, Pfizer/BioNTech",https://datadashboard.health.gov.il/COVID-19/general,8347862,4815982,3531880,0
Israel,2021-03-03,"Moderna, Pfizer/BioNTech",https://datadashboard.health.gov.il/COVID-19/general,8456606,4857974,3598632,0
Israel,2021-03-04,"Moderna, Pfizer/BioNTech",https://datadashboard.health.gov.il/COVID-19/general,8575381,4897654,3677727,0
Israel,2021-03-05,"Moderna, Pfizer/BioNTech",https://datadashboard.health.gov.il/COVID-19/general,8633157,4914984,3718173,0
Israel,2021-03-06,"Moderna, Pfizer/BioNTech",https://datadashboard.health.gov.il/COVID-19/general,8669191,4925681,3743510,0
Israel,2021-03-07,"Moderna, Pfizer/BioNTech",https://datadashboard.health.gov.il/COVID-19/general,8773138,4956807,3816331,0
Israel,2021-03-08,"Moderna, Pfizer/BioNTech",https://datadashboard.health.gov.il/COVID-19/general,8873751,4984153,3889598,0
Israel,2021-03-09,"Moderna, Pfizer/BioNTech",https://datadashboard.health.gov.il/COVID-19/general,8977044,5010868,3966176,0
Israel,2021-03-10,"Moderna, Pfizer/BioNTech",https://datadashboard.health.gov.il/COVID-19/general,9059017,5034188,4024829,0
Israel,2021-03-11,"Moderna, Pfizer/BioNTech",https://datadashboard.health.gov.il/COVID-19/general,9151353,5057459,4093894,0
Israel,2021-03-12,"Moderna, Pfizer/BioNTech",https://datadashboard.health.gov.il/COVID-19/general,9203996,5068707,4135289,0
Israel,2021-03-13,"Moderna, Pfizer/BioNTech",https://datadashboard.health.gov.il/COVID-19/general,9237154,5076632,4160522,0
Israel,2021-03-14,"Moderna, Pfizer/BioNTech",https://datadashboard.health.gov.il/COVID-19/general,9332031,5097587,4234444,0
Israel,2021-03-15,"Moderna, Pfizer/BioNTech",https://datadashboard.health.gov.il/COVID-19/general,9430391,5117697,4312694,0
Israel,2021-03-16,"Moderna, Pfizer/BioNTech",https://datadashboard.health.gov.il/COVID-19/general,9520566,5136418,4384148,0
Israel,2021-03-17,"Moderna, Pfizer/BioNTech",https://datadashboard.health.gov.il/COVID-19/general,9597213,5154083,4443130,0
Israel,2021-03-18,"Moderna, Pfizer/BioNTech",https://datadashboard.health.gov.il/COVID-19/general,9671336,5170097,4501239,0
Israel,2021-03-19,"Moderna, Pfizer/BioNTech",https://datadashboard.health.gov.il/COVID-19/general,9706220,5177017,4529203,0
Israel,2021-03-20,"Moderna, Pfizer/BioNTech",https://datadashboard.health.gov.il/COVID-19/general,9726713,5182223,4544490,0
Israel,2021-03-21,"Moderna, Pfizer/BioNTech",https://datadashboard.health.gov.il/COVID-19/general,9780338,5195366,4584972,0
Israel,2021-03-22,"Moderna, Pfizer/BioNTech",https://datadashboard.health.gov.il/COVID-19/general,9834398,5208912,4625486,0
Israel,2021-03-23,"Moderna, Pfizer/BioNTech",https://datadashboard.health.gov.il/COVID-19/general,9844484,5211719,4632765,0
Israel,2021-03-24,"Moderna, Pfizer/BioNTech",https://datadashboard.health.gov.il/COVID-19/general,9901992,5222700,4679292,0
Israel,2021-03-25,"Moderna, Pfizer/BioNTech",https://datadashboard.health.gov.il/COVID-19/general,9947624,5232927,4714697,0
Israel,2021-03-26,"Moderna, Pfizer/BioNTech",https://datadashboard.health.gov.il/COVID-19/general,9965099,5237089,4728010,0
Israel,2021-03-27,"Moderna, Pfizer/BioNTech",https://datadashboard.health.gov.il/COVID-19/general,9971126,5238860,4732266,0
Israel,2021-03-28,"Moderna, Pfizer/BioNTech",https://datadashboard.health.gov.il/COVID-19/general,9977820,5240956,4736864,0
Israel,2021-03-29,"Moderna, Pfizer/BioNTech",https://datadashboard.health.gov.il/COVID-19/general,10014700,5247840,4766860,0
Israel,2021-03-30,"Moderna, Pfizer/BioNTech",https://datadashboard.health.gov.il/COVID-19/general,10044970,5255695,4789275,0
Israel,2021-03-31,"Moderna, Pfizer/BioNTech",https://datadashboard.health.gov.il/COVID-19/general,10072543,5263816,4808727,0
Israel,2021-04-01,"Moderna, Pfizer/BioNTech",https://datadashboard.health.gov.il/COVID-19/general,10099376,5271977,4827399,0
Israel,2021-04-02,"Moderna, Pfizer/BioNTech",https://datadashboard.health.gov.il/COVID-19/general,10110398,5274889,4835509,0
Israel,2021-04-03,"Moderna, Pfizer/BioNTech",https://datadashboard.health.gov.il/COVID-19/general,10114766,5276300,4838466,0
Israel,2021-04-04,"Moderna, Pfizer/BioNTech",https://datadashboard.health.gov.il/COVID-19/general,10147191,5285909,4861282,0
Israel,2021-04-05,"Moderna, Pfizer/BioNTech",https://datadashboard.health.gov.il/COVID-19/general,10178752,5296234,4882518,0
Israel,2021-04-06,"Moderna, Pfizer/BioNTech",https://datadashboard.health.gov.il/COVID-19/general,10204501,5305227,4899274,0
Israel,2021-04-07,"Moderna, Pfizer/BioNTech",https://datadashboard.health.gov.il/COVID-19/general,10228660,5314118,4914542,0
Israel,2021-04-08,"Moderna, Pfizer/BioNTech",https://datadashboard.health.gov.il/COVID-19/general,10255018,5323501,4931517,0
Israel,2021-04-09,"Moderna, Pfizer/BioNTech",https://datadashboard.health.gov.il/COVID-19/general,10264803,5327074,4937729,0
Israel,2021-04-10,"Moderna, Pfizer/BioNTech",https://datadashboard.health.gov.il/COVID-19/general,10269921,5328690,4941231,0
Israel,2021-04-11,"Moderna, Pfizer/BioNTech",https://datadashboard.health.gov.il/COVID-19/general,10293158,5337706,4955452,0
Israel,2021-04-12,"Moderna, Pfizer/BioNTech",https://datadashboard.health.gov.il/COVID-19/general,10315269,5346611,4968658,0
Israel,2021-04-13,"Moderna, Pfizer/BioNTech",https://datadashboard.health.gov.il/COVID-19/general,10325997,5352413,4973584,0
Israel,2021-04-14,"Moderna, Pfizer/BioNTech",https://datadashboard.health.gov.il/COVID-19/general,10334892,5356029,4978863,0
Israel,2021-04-15,"Moderna, Pfizer/BioNTech",https://datadashboard.health.gov.il/COVID-19/general,10336116,5356697,4979419,0
Israel,2021-04-16,"Moderna, Pfizer/BioNTech",https://datadashboard.health.gov.il/COVID-19/general,10346119,5360077,4986042,0
Israel,2021-04-17,"Moderna, Pfizer/BioNTech",https://datadashboard.health.gov.il/COVID-19/general,10348884,5360881,4988003,0
Israel,2021-04-18,"Moderna, Pfizer/BioNTech",https://datadashboard.health.gov.il/COVID-19/general,10363386,5367965,4995421,0
Israel,2021-04-19,"Moderna, Pfizer/BioNTech",https://datadashboard.health.gov.il/COVID-19/general,10376859,5374338,5002521,0
Israel,2021-04-20,"Moderna, Pfizer/BioNTech",https://datadashboard.health.gov.il/COVID-19/general,10389961,5380589,5009372,0
Israel,2021-04-21,"Moderna, Pfizer/BioNTech",https://datadashboard.health.gov.il/COVID-19/general,10403379,5386935,5016444,0
Israel,2021-04-22,"Moderna, Pfizer/BioNTech",https://datadashboard.health.gov.il/COVID-19/general,10416958,5392852,5024106,0
Israel,2021-04-23,"Moderna, Pfizer/BioNTech",https://datadashboard.health.gov.il/COVID-19/general,10423060,5395590,5027470,0
Israel,2021-04-24,"Moderna, Pfizer/BioNTech",https://datadashboard.health.gov.il/COVID-19/general,10425091,5396345,5028746,0
Israel,2021-04-25,"Moderna, Pfizer/BioNTech",https://datadashboard.health.gov.il/COVID-19/general,10436817,5401163,5035654,0
Israel,2021-04-26,"Moderna, Pfizer/BioNTech",https://datadashboard.health.gov.il/COVID-19/general,10450143,5406621,5043522,0
Israel,2021-04-27,"Moderna, Pfizer/BioNTech",https://datadashboard.health.gov.il/COVID-19/general,10461229,5411107,5050122,0
Israel,2021-04-28,"Moderna, Pfizer/BioNTech",https://datadashboard.health.gov.il/COVID-19/general,10472981,5415572,5057409,0
Israel,2021-04-29,"Moderna, Pfizer/BioNTech",https://datadashboard.health.gov.il/COVID-19/general,10484574,5419914,5064660,0
Israel,2021-04-30,"Moderna, Pfizer/BioNTech",https://datadashboard.health.gov.il/COVID-19/general,10489636,5421814,5067822,0
Israel,2021-05-01,"Moderna, Pfizer/BioNTech",https://datadashboard.health.gov.il/COVID-19/general,10490967,5422260,5068707,0
Israel,2021-05-02,"Moderna, Pfizer/BioNTech",https://datadashboard.health.gov.il/COVID-19/general,10500250,5425475,5074775,0
Israel,2021-05-03,"Moderna, Pfizer/BioNTech",https://datadashboard.health.gov.il/COVID-19/general,10509569,5429001,5080568,0
Israel,2021-05-04,"Moderna, Pfizer/BioNTech",https://datadashboard.health.gov.il/COVID-19/general,10517832,5432563,5085269,0
Israel,2021-05-05,"Moderna, Pfizer/BioNTech",https://datadashboard.health.gov.il/COVID-19/general,10525157,5435830,5089327,0
Israel,2021-05-06,"Moderna, Pfizer/BioNTech",https://datadashboard.health.gov.il/COVID-19/general,10531876,5439445,5092431,0
Israel,2021-05-07,"Moderna, Pfizer/BioNTech",https://datadashboard.health.gov.il/COVID-19/general,10536156,5441251,5094905,0
Israel,2021-05-08,"Moderna, Pfizer/BioNTech",https://datadashboard.health.gov.il/COVID-19/general,10536878,5441481,5095397,0
Israel,2021-05-09,"Moderna, Pfizer/BioNTech",https://datadashboard.health.gov.il/COVID-19/general,10544449,5444317,5100132,0
Israel,2021-05-10,"Moderna, Pfizer/BioNTech",https://datadashboard.health.gov.il/COVID-19/general,10552009,5447198,5104811,0
Israel,2021-05-11,"Moderna, Pfizer/BioNTech",https://datadashboard.health.gov.il/COVID-19/general,10558463,5449801,5108662,0
Israel,2021-05-12,"Moderna, Pfizer/BioNTech",https://datadashboard.health.gov.il/COVID-19/general,10563768,5451799,5111969,0
Israel,2021-05-13,"Moderna, Pfizer/BioNTech",https://datadashboard.health.gov.il/COVID-19/general,10569443,5453824,5115619,0
Israel,2021-05-14,"Moderna, Pfizer/BioNTech",https://datadashboard.health.gov.il/COVID-19/general,10571862,5454774,5117088,0
Israel,2021-05-15,"Moderna, Pfizer/BioNTech",https://datadashboard.health.gov.il/COVID-19/general,10572336,5455010,5117326,0
Israel,2021-05-16,"Moderna, Pfizer/BioNTech",https://datadashboard.health.gov.il/COVID-19/general,10574054,5455532,5118522,0
Israel,2021-05-17,"Moderna, Pfizer/BioNTech",https://datadashboard.health.gov.il/COVID-19/general,10575170,5455818,5119352,0
Israel,2021-05-18,"Moderna, Pfizer/BioNTech",https://datadashboard.health.gov.il/COVID-19/general,10582035,5457763,5124272,0
Israel,2021-05-19,"Moderna, Pfizer/BioNTech",https://datadashboard.health.gov.il/COVID-19/general,10589256,5459966,5129290,0
Israel,2021-05-20,"Moderna, Pfizer/BioNTech",https://datadashboard.health.gov.il/COVID-19/general,10595411,5462262,5133149,0
Israel,2021-05-21,"Moderna, Pfizer/BioNTech",https://datadashboard.health.gov.il/COVID-19/general,10597955,5463425,5134530,0
Israel,2021-05-22,"Moderna, Pfizer/BioNTech",https://datadashboard.health.gov.il/COVID-19/general,10598541,5463628,5134913,0
Israel,2021-05-23,"Moderna, Pfizer/BioNTech",https://datadashboard.health.gov.il/COVID-19/general,10604015,5465894,5138121,0
Israel,2021-05-24,"Moderna, Pfizer/BioNTech",https://datadashboard.health.gov.il/COVID-19/general,10609704,5468005,5141699,0
Israel,2021-05-25,"Moderna, Pfizer/BioNTech",https://datadashboard.health.gov.il/COVID-19/general,10614077,5469811,5144266,0
Israel,2021-05-26,"Moderna, Pfizer/BioNTech",https://datadashboard.health.gov.il/COVID-19/general,10617940,5471200,5146740,0
Israel,2021-05-27,"Moderna, Pfizer/BioNTech",https://datadashboard.health.gov.il/COVID-19/general,10622925,5473023,5149902,0
Israel,2021-05-28,"Moderna, Pfizer/BioNTech",https://datadashboard.health.gov.il/COVID-19/general,10625064,5473779,5151285,0
Israel,2021-05-29,"Moderna, Pfizer/BioNTech",https://datadashboard.health.gov.il/COVID-19/general,10625449,5473949,5151500,0
Israel,2021-05-30,"Moderna, Pfizer/BioNTech",https://datadashboard.health.gov.il/COVID-19/general,10629000,5475579,5153421,0
Israel,2021-05-31,"Moderna, Pfizer/BioNTech",https://datadashboard.health.gov.il/COVID-19/general,10632789,5477291,5155498,0
Israel,2021-06-01,"Moderna, Pfizer/BioNTech",https://datadashboard.health.gov.il/COVID-19/general,10635944,5478642,5157302,0
Israel,2021-06-02,"Moderna, Pfizer/BioNTech",https://datadashboard.health.gov.il/COVID-19/general,10639018,5480126,5158892,0
Israel,2021-06-03,"Moderna, Pfizer/BioNTech",https://datadashboard.health.gov.il/COVID-19/general,10642143,5481783,5160360,0
Israel,2021-06-04,"Moderna, Pfizer/BioNTech",https://datadashboard.health.gov.il/COVID-19/general,10643973,5482851,5161122,0
Israel,2021-06-05,"Moderna, Pfizer/BioNTech",https://datadashboard.health.gov.il/COVID-19/general,10644294,5483024,5161270,0
Israel,2021-06-06,"Moderna, Pfizer/BioNTech",https://datadashboard.health.gov.il/COVID-19/general,10649557,5487299,5162258,0
Israel,2021-06-07,"Moderna, Pfizer/BioNTech",https://datadashboard.health.gov.il/COVID-19/general,10654756,5491709,5163047,0
Israel,2021-06-08,"Moderna, Pfizer/BioNTech",https://datadashboard.health.gov.il/COVID-19/general,10659622,5495426,5164196,0
Israel,2021-06-09,"Moderna, Pfizer/BioNTech",https://datadashboard.health.gov.il/COVID-19/general,10664492,5498998,5165494,0
Israel,2021-06-10,"Moderna, Pfizer/BioNTech",https://datadashboard.health.gov.il/COVID-19/general,10669088,5502321,5166767,0
Israel,2021-06-11,"Moderna, Pfizer/BioNTech",https://datadashboard.health.gov.il/COVID-19/general,10671023,5503692,5167331,0
Israel,2021-06-12,"Moderna, Pfizer/BioNTech",https://datadashboard.health.gov.il/COVID-19/general,10671384,5503895,5167489,0
Israel,2021-06-13,"Moderna, Pfizer/BioNTech",https://datadashboard.health.gov.il/COVID-19/general,10675722,5506989,5168733,0
Israel,2021-06-14,"Moderna, Pfizer/BioNTech",https://datadashboard.health.gov.il/COVID-19/general,10680263,5510018,5170245,0
Israel,2021-06-15,"Moderna, Pfizer/BioNTech",https://datadashboard.health.gov.il/COVID-19/general,10684733,5513137,5171596,0
Israel,2021-06-16,"Moderna, Pfizer/BioNTech",https://datadashboard.health.gov.il/COVID-19/general,10688411,5515839,5172572,0
Israel,2021-06-17,"Moderna, Pfizer/BioNTech",https://datadashboard.health.gov.il/COVID-19/general,10692292,5518544,5173748,0
Israel,2021-06-18,"Moderna, Pfizer/BioNTech",https://datadashboard.health.gov.il/COVID-19/general,10694011,5519785,5174226,0
Israel,2021-06-19,"Moderna, Pfizer/BioNTech",https://datadashboard.health.gov.il/COVID-19/general,10694361,5520001,5174360,0
Israel,2021-06-20,"Moderna, Pfizer/BioNTech",https://datadashboard.health.gov.il/COVID-19/general,10698979,5523304,5175675,0
Israel,2021-06-21,"Moderna, Pfizer/BioNTech",https://datadashboard.health.gov.il/COVID-19/general,10705399,5528532,5176867,0
Israel,2021-06-22,"Moderna, Pfizer/BioNTech",https://datadashboard.health.gov.il/COVID-19/general,10713381,5535433,5177948,0
Israel,2021-06-23,"Moderna, Pfizer/BioNTech",https://datadashboard.health.gov.il/COVID-19/general,10725366,5546145,5179221,0
Israel,2021-06-24,"Moderna, Pfizer/BioNTech",https://datadashboard.health.gov.il/COVID-19/general,10738815,5558151,5180664,0
Israel,2021-06-25,"Moderna, Pfizer/BioNTech",https://datadashboard.health.gov.il/COVID-19/general,10746806,5565232,5181574,0
Israel,2021-06-26,"Moderna, Pfizer/BioNTech",https://datadashboard.health.gov.il/COVID-19/general,10749250,5567489,5181761,0
Israel,2021-06-27,"Moderna, Pfizer/BioNTech",https://datadashboard.health.gov.il/COVID-19/general,10766286,5581098,5185188,0
Israel,2021-06-28,"Moderna, Pfizer/BioNTech",https://datadashboard.health.gov.il/COVID-19/general,10784430,5595590,5188840,0
Israel,2021-06-29,"Moderna, Pfizer/BioNTech",https://datadashboard.health.gov.il/COVID-19/general,10804826,5612272,5192554,0
Israel,2021-06-30,"Moderna, Pfizer/BioNTech",https://datadashboard.health.gov.il/COVID-19/general,10824653,5628727,5195926,0
Israel,2021-07-01,"Moderna, Pfizer/BioNTech",https://datadashboard.health.gov.il/COVID-19/general,10844855,5645512,5199273,70
Israel,2021-07-02,"Moderna, Pfizer/BioNTech",https://datadashboard.health.gov.il/COVID-19/general,10856237,5655319,5200844,74
Israel,2021-07-03,"Moderna, Pfizer/BioNTech",https://datadashboard.health.gov.il/COVID-19/general,10859181,5657976,5201130,75
Israel,2021-07-04,"Moderna, Pfizer/BioNTech",https://datadashboard.health.gov.il/COVID-19/general,10880043,5675691,5204276,76
Israel,2021-07-05,"Moderna, Pfizer/BioNTech",https://datadashboard.health.gov.il/COVID-19/general,10900893,5693519,5207294,80
Israel,2021-07-06,"Moderna, Pfizer/BioNTech",https://datadashboard.health.gov.il/COVID-19/general,10922110,5711336,5210684,90
Israel,2021-07-07,"Moderna, Pfizer/BioNTech",https://datadashboard.health.gov.il/COVID-19/general,10940291,5726839,5213351,101
Israel,2021-07-08,"Moderna, Pfizer/BioNTech",https://datadashboard.health.gov.il/COVID-19/general,10959694,5743394,5216184,116
Israel,2021-07-09,"Moderna, Pfizer/BioNTech",https://datadashboard.health.gov.il/COVID-19/general,10972308,5754501,5217688,119
Israel,2021-07-10,"Moderna, Pfizer/BioNTech",https://datadashboard.health.gov.il/COVID-19/general,10977646,5759462,5218060,124
Israel,2021-07-11,"Moderna, Pfizer/BioNTech",https://datadashboard.health.gov.il/COVID-19/general,10981935,5760909,5220897,129
Israel,2021-07-12,"Moderna, Pfizer/BioNTech",https://datadashboard.health.gov.il/COVID-19/general,10988053,5763310,5224564,179
Israel,2021-07-13,"Moderna, Pfizer/BioNTech",https://datadashboard.health.gov.il/COVID-19/general,10996548,5766250,5229995,303
Israel,2021-07-14,"Moderna, Pfizer/BioNTech",https://datadashboard.health.gov.il/COVID-19/general,11007192,5768965,5237484,743
Israel,2021-07-15,"Moderna, Pfizer/BioNTech",https://datadashboard.health.gov.il/COVID-19/general,11019796,5771934,5246746,1116
Israel,2021-07-16,"Moderna, Pfizer/BioNTech",https://datadashboard.health.gov.il/COVID-19/general,11026983,5773193,5252609,1181
Israel,2021-07-17,"Moderna, Pfizer/BioNTech",https://datadashboard.health.gov.il/COVID-19/general,11028713,5773541,5253985,1187
Israel,2021-07-18,"Moderna, Pfizer/BioNTech",https://datadashboard.health.gov.il/COVID-19/general,11040755,5775590,5263743,1422
Israel,2021-07-19,"Moderna, Pfizer/BioNTech",https://datadashboard.health.gov.il/COVID-19/general,11055711,5778771,5275061,1879
Israel,2021-07-20,"Moderna, Pfizer/BioNTech",https://datadashboard.health.gov.il/COVID-19/general,11070619,5781425,5286945,2249
Israel,2021-07-21,"Moderna, Pfizer/BioNTech",https://datadashboard.health.gov.il/COVID-19/general,11085150,5783784,5298795,2571
Israel,2021-07-22,"Moderna, Pfizer/BioNTech",https://datadashboard.health.gov.il/COVID-19/general,11101621,5786638,5312023,2960
Israel,2021-07-23,"Moderna, Pfizer/BioNTech",https://datadashboard.health.gov.il/COVID-19/general,11111933,5788649,5320222,3062
Israel,2021-07-24,"Moderna, Pfizer/BioNTech",https://datadashboard.health.gov.il/COVID-19/general,11114017,5789264,5321685,3068
Israel,2021-07-25,"Moderna, Pfizer/BioNTech",https://datadashboard.health.gov.il/COVID-19/general,11134120,5793671,5337158,3291
Israel,2021-07-26,"Moderna, Pfizer/BioNTech",https://datadashboard.health.gov.il/COVID-19/general,11153088,5798817,5350658,3613
Israel,2021-07-27,"Moderna, Pfizer/BioNTech",https://datadashboard.health.gov.il/COVID-19/general,11172492,5804278,5364189,4025
Israel,2021-07-28,"Moderna, Pfizer/BioNTech",https://datadashboard.health.gov.il/COVID-19/general,11189237,5808242,5376501,4494
Israel,2021-07-29,"Moderna, Pfizer/BioNTech",https://datadashboard.health.gov.il/COVID-19/general,11208546,5812876,5390649,5021
Israel,2021-07-30,"Moderna, Pfizer/BioNTech",https://datadashboard.health.gov.il/COVID-19/general,11226118,5815508,5401473,9137
Israel,2021-07-31,"Moderna, Pfizer/BioNTech",https://datadashboard.health.gov.il/COVID-19/general,11237194,5816897,5405006,15291
Israel,2021-08-01,"Moderna, Pfizer/BioNTech",https://datadashboard.health.gov.il/COVID-19/general,11274642,5819958,5408352,46332
Israel,2021-08-02,"Moderna, Pfizer/BioNTech",https://datadashboard.health.gov.il/COVID-19/general,11339402,5823067,5411503,104832
Israel,2021-08-03,"Moderna, Pfizer/BioNTech",https://datadashboard.health.gov.il/COVID-19/general,11425010,5826430,5414797,183783
Israel,2021-08-04,"Moderna, Pfizer/BioNTech",https://datadashboard.health.gov.il/COVID-19/general,11512492,5829939,5418021,264532
Israel,2021-08-05,"Moderna, Pfizer/BioNTech",https://datadashboard.health.gov.il/COVID-19/general,11608962,5834428,5421570,352964
Israel,2021-08-06,"Moderna, Pfizer/BioNTech",https://datadashboard.health.gov.il/COVID-19/general,11657922,5836827,5423393,397702
Israel,2021-08-07,"Moderna, Pfizer/BioNTech",https://datadashboard.health.gov.il/COVID-19/general,11686949,5837843,5424055,425051
Israel,2021-08-08,"Moderna, Pfizer/BioNTech",https://datadashboard.health.gov.il/COVID-19/general,11775062,5842836,5427108,505118
Israel,2021-08-09,"Moderna, Pfizer/BioNTech",https://datadashboard.health.gov.il/COVID-19/general,11859893,5848162,5430136,581595
Israel,2021-08-10,"Moderna, Pfizer/BioNTech",https://datadashboard.health.gov.il/COVID-19/general,11944006,5853699,5433301,657006
Israel,2021-08-11,"Moderna, Pfizer/BioNTech",https://datadashboard.health.gov.il/COVID-19/general,12015220,5859374,5436221,719625
Israel,2021-08-12,"Moderna, Pfizer/BioNTech",https://datadashboard.health.gov.il/COVID-19/general,12084952,5866385,5439489,779078
Israel,2021-08-13,"Moderna, Pfizer/BioNTech",https://datadashboard.health.gov.il/COVID-19/general,12134645,5870178,5441535,822932
Israel,2021-08-14,"Moderna, Pfizer/BioNTech",https://datadashboard.health.gov.il/COVID-19/general,12182194,5872422,5442370,867402
Israel,2021-08-15,"Moderna, Pfizer/BioNTech",https://datadashboard.health.gov.il/COVID-19/general,12291812,5879579,5446887,965346
Israel,2021-08-16,"Moderna, Pfizer/BioNTech",https://datadashboard.health.gov.il/COVID-19/general,12393000,5886553,5451609,1054838
Israel,2021-08-17,"Moderna, Pfizer/BioNTech",https://datadashboard.health.gov.il/COVID-19/general,12488970,5894125,5456724,1138121
Israel,2021-08-18,"Moderna, Pfizer/BioNTech",https://datadashboard.health.gov.il/COVID-19/general,12571423,5902754,5461314,1207355
Israel,2021-08-19,"Moderna, Pfizer/BioNTech",https://datadashboard.health.gov.il/COVID-19/general,12652633,5912819,5466508,1273306
Israel,2021-08-20,"Moderna, Pfizer/BioNTech",https://datadashboard.health.gov.il/COVID-19/general,12720581,5917553,5469298,1333730
Israel,2021-08-21,"Moderna, Pfizer/BioNTech",https://datadashboard.health.gov.il/COVID-19/general,12776326,5921040,5470850,1384436
Israel,2021-08-22,"Moderna, Pfizer/BioNTech",https://datadashboard.health.gov.il/COVID-19/general,12896010,5930872,5475634,1489504
Israel,2021-08-23,"Moderna, Pfizer/BioNTech",https://datadashboard.health.gov.il/COVID-19/general,13005331,5941799,5480056,1583476
Israel,2021-08-24,"Moderna, Pfizer/BioNTech",https://datadashboard.health.gov.il/COVID-19/general,13120229,5953527,5484745,1681957
Israel,2021-08-25,"Moderna, Pfizer/BioNTech",https://datadashboard.health.gov.il/COVID-19/general,13233765,5963153,5489203,1781409
Israel,2021-08-26,"Moderna, Pfizer/BioNTech",https://datadashboard.health.gov.il/COVID-19/general,13350048,5973258,5494233,1882557
Israel,2021-08-27,"Moderna, Pfizer/BioNTech",https://datadashboard.health.gov.il/COVID-19/general,13413782,5977575,5496991,1939216
Israel,2021-08-28,"Moderna, Pfizer/BioNTech",https://datadashboard.health.gov.il/COVID-19/general,13452466,5981269,5498467,1972730
Israel,2021-08-29,"Moderna, Pfizer/BioNTech",https://datadashboard.health.gov.il/COVID-19/general,13548205,5991611,5504394,2052200
Israel,2021-08-30,"Moderna, Pfizer/BioNTech",https://datadashboard.health.gov.il/COVID-19/general,13683485,6003956,5511393,2168136
Israel,2021-08-31,"Moderna, Pfizer/BioNTech",https://datadashboard.health.gov.il/COVID-19/general,13816867,6016043,5517888,2282936
Israel,2021-09-01,"Moderna, Pfizer/BioNTech",https://datadashboard.health.gov.il/COVID-19/general,13944335,6025099,5523882,2395354
Israel,2021-09-02,"Moderna, Pfizer/BioNTech",https://datadashboard.health.gov.il/COVID-19/general,14071743,6033897,5531035,2506811
Israel,2021-09-03,"Moderna, Pfizer/BioNTech",https://datadashboard.health.gov.il/COVID-19/general,14138421,6037636,5535123,2565662
Israel,2021-09-04,"Moderna, Pfizer/BioNTech",https://datadashboard.health.gov.il/COVID-19/general,14173050,6040327,5537131,2595592
Israel,2021-09-05,"Moderna, Pfizer/BioNTech",https://datadashboard.health.gov.il/COVID-19/general,14259788,6047336,5543579,2668873
Israel,2021-09-06,"Moderna, Pfizer/BioNTech",https://datadashboard.health.gov.il/COVID-19/general,14288062,6050160,5546253,2691649
Israel,2021-09-07,"Moderna, Pfizer/BioNTech",https://datadashboard.health.gov.il/COVID-19/general,14295486,6051346,5547109,2697031
Israel,2021-09-08,"Moderna, Pfizer/BioNTech",https://datadashboard.health.gov.il/COVID-19/general,14304636,6052721,5548276,2703639
Israel,2021-09-09,"Moderna, Pfizer/BioNTech",https://datadashboard.health.gov.il/COVID-19/general,14398071,6059823,5560815,2777433
Israel,2021-09-10,"Moderna, Pfizer/BioNTech",https://datadashboard.health.gov.il/COVID-19/general,14444212,6063068,5565799,2815345
Israel,2021-09-11,"Moderna, Pfizer/BioNTech",https://datadashboard.health.gov.il/COVID-19/general,14463610,6065176,5568287,2830147
Israel,2021-09-12,"Moderna, Pfizer/BioNTech",https://datadashboard.health.gov.il/COVID-19/general,14532399,6071294,5576867,2884238
Israel,2021-09-13,"Moderna, Pfizer/BioNTech",https://datadashboard.health.gov.il/COVID-19/general,14594184,6076918,5585104,2932162
Israel,2021-09-14,"Moderna, Pfizer/BioNTech",https://datadashboard.health.gov.il/COVID-19/general,14655356,6081873,5592502,2980981
Israel,2021-09-15,"Moderna, Pfizer/BioNTech",https://datadashboard.health.gov.il/COVID-19/general,14676455,6083610,5595195,2997650
Israel,2021-09-16,"Moderna, Pfizer/BioNTech",https://datadashboard.health.gov.il/COVID-19/general,14679058,6083943,5595730,2999385
Israel,2021-09-17,"Moderna, Pfizer/BioNTech",https://datadashboard.health.gov.il/COVID-19/general,14732599,6087621,5602727,3042251
Israel,2021-09-18,"Moderna, Pfizer/BioNTech",https://datadashboard.health.gov.il/COVID-19/general,14750555,6089870,5605657,3055028
Israel,2021-09-19,"Moderna, Pfizer/BioNTech",https://datadashboard.health.gov.il/COVID-19/general,14811508,6095838,5616358,3099312
Israel,2021-09-20,"Moderna, Pfizer/BioNTech",https://datadashboard.health.gov.il/COVID-19/general,14836051,6099078,5620979,3115994
Israel,2021-09-21,"Moderna, Pfizer/BioNTech",https://datadashboard.health.gov.il/COVID-19/general,14842880,6100406,5623015,3119459
Israel,2021-09-22,"Moderna, Pfizer/BioNTech",https://datadashboard.health.gov.il/COVID-19/general,14879401,6104659,5630244,3144498
Israel,2021-09-23,"Moderna, Pfizer/BioNTech",https://datadashboard.health.gov.il/COVID-19/general,14917478,6109054,5636130,3172294
Israel,2021-09-24,"Moderna, Pfizer/BioNTech",https://datadashboard.health.gov.il/COVID-19/general,14952539,6112250,5640299,3199990
Israel,2021-09-25,"Moderna, Pfizer/BioNTech",https://datadashboard.health.gov.il/COVID-19/general,14967284,6114330,5642542,3210412
Israel,2021-09-26,"Moderna, Pfizer/BioNTech",https://datadashboard.health.gov.il/COVID-19/general,15015099,6119951,5648506,3246642
Israel,2021-09-27,"Moderna, Pfizer/BioNTech",https://datadashboard.health.gov.il/COVID-19/general,15054664,6124647,5652951,3277066
Israel,2021-09-28,"Moderna, Pfizer/BioNTech",https://datadashboard.health.gov.il/COVID-19/general,15063514,6126106,5654114,3283294
Israel,2021-09-29,"Moderna, Pfizer/BioNTech",https://datadashboard.health.gov.il/COVID-19/general,15141754,6135747,5662442,3343565
Israel,2021-09-30,"Moderna, Pfizer/BioNTech",https://datadashboard.health.gov.il/COVID-19/general,15240927,6146720,5670990,3423217
Israel,2021-10-01,"Moderna, Pfizer/BioNTech",https://datadashboard.health.gov.il/COVID-19/general,15296381,6151838,5674837,3469706
Israel,2021-10-02,"Moderna, Pfizer/BioNTech",https://datadashboard.health.gov.il/COVID-19/general,15323770,6154701,5676952,3492117
Israel,2021-10-03,"Moderna, Pfizer/BioNTech",https://datadashboard.health.gov.il/COVID-19/general,15413387,6166375,5684207,3562805
Israel,2021-10-04,"Moderna, Pfizer/BioNTech",https://datadashboard.health.gov.il/COVID-19/general,15482302,6176698,5690945,3614659
Israel,2021-10-05,"Moderna, Pfizer/BioNTech",https://datadashboard.health.gov.il/COVID-19/general,15536477,6185150,5696230,3655097
Israel,2021-10-06,"Moderna, Pfizer/BioNTech",https://datadashboard.health.gov.il/COVID-19/general,15582276,6192720,5700390,3689166
Israel,2021-10-07,"Moderna, Pfizer/BioNTech",https://datadashboard.health.gov.il/COVID-19/general,15627171,6199632,5704374,3723165
Israel,2021-10-08,"Moderna, Pfizer/BioNTech",https://datadashboard.health.gov.il/COVID-19/general,15652082,6202718,5706993,3742371
Israel,2021-10-09,"Moderna, Pfizer/BioNTech",https://datadashboard.health.gov.il/COVID-19/general,15662266,6204051,5708420,3749795
Israel,2021-10-10,"Moderna, Pfizer/BioNTech",https://datadashboard.health.gov.il/COVID-19/general,15692174,6208735,5712153,3771286
Israel,2021-10-11,"Moderna, Pfizer/BioNTech",https://datadashboard.health.gov.il/COVID-19/general,15716634,6213030,5715080,3788524
Israel,2021-10-12,"Moderna, Pfizer/BioNTech",https://datadashboard.health.gov.il/COVID-19/general,15738919,6217001,5718061,3803857
Israel,2021-10-13,"Moderna, Pfizer/BioNTech",https://datadashboard.health.gov.il/COVID-19/general,15758384,6220497,5720495,3817392
Israel,2021-10-14,"Moderna, Pfizer/BioNTech",https://datadashboard.health.gov.il/COVID-19/general,15781444,6224368,5723164,3833912
Israel,2021-10-15,"Moderna, Pfizer/BioNTech",https://datadashboard.health.gov.il/COVID-19/general,15793775,6226063,5724821,3842891
Israel,2021-10-16,"Moderna, Pfizer/BioNTech",https://datadashboard.health.gov.il/COVID-19/general,15799459,6226792,5725757,3846910
Israel,2021-10-17,"Moderna, Pfizer/BioNTech",https://datadashboard.health.gov.il/COVID-19/general,15817839,6229897,5728269,3859673
Israel,2021-10-18,"Moderna, Pfizer/BioNTech",https://datadashboard.health.gov.il/COVID-19/general,15831984,6232352,5729926,3869706
Israel,2021-10-19,"Moderna, Pfizer/BioNTech",https://datadashboard.health.gov.il/COVID-19/general,15844903,6234736,5731188,3878979
Israel,2021-10-20,"Moderna, Pfizer/BioNTech",https://datadashboard.health.gov.il/COVID-19/general,15859673,6237174,5733467,3889032
Israel,2021-10-21,"Moderna, Pfizer/BioNTech",https://datadashboard.health.gov.il/COVID-19/general,15877883,6240204,5736538,3901141
Israel,2021-10-22,"Moderna, Pfizer/BioNTech",https://datadashboard.health.gov.il/COVID-19/general,15886364,6241478,5737947,3906939
Israel,2021-10-23,"Moderna, Pfizer/BioNTech",https://datadashboard.health.gov.il/COVID-19/general,15890726,6242036,5739200,3909490
Israel,2021-10-24,"Moderna, Pfizer/BioNTech",https://datadashboard.health.gov.il/COVID-19/general,15905719,6244546,5741852,3919321
Israel,2021-10-25,"Moderna, Pfizer/BioNTech",https://datadashboard.health.gov.il/COVID-19/general,15919538,6247175,5744571,3927792
Israel,2021-10-26,"Moderna, Pfizer/BioNTech",https://datadashboard.health.gov.il/COVID-19/general,15932433,6249546,5746603,3936284
Israel,2021-10-27,"Moderna, Pfizer/BioNTech",https://datadashboard.health.gov.il/COVID-19/general,15945193,6251843,5749148,3944202
Israel,2021-10-28,"Moderna, Pfizer/BioNTech",https://datadashboard.health.gov.il/COVID-19/general,15959068,6254337,5751896,3952835
Israel,2021-10-29,"Moderna, Pfizer/BioNTech",https://datadashboard.health.gov.il/COVID-19/general,15965179,6255222,5753019,3956938
Israel,2021-10-30,"Moderna, Pfizer/BioNTech",https://datadashboard.health.gov.il/COVID-19/general,15967746,6255575,5753535,3958636
Israel,2021-10-31,"Moderna, Pfizer/BioNTech",https://datadashboard.health.gov.il/COVID-19/general,15980718,6257841,5756015,3966862
Israel,2021-11-01,"Moderna, Pfizer/BioNTech",https://datadashboard.health.gov.il/COVID-19/general,15990966,6259571,5758095,3973300
Israel,2021-11-02,"Moderna, Pfizer/BioNTech",https://datadashboard.health.gov.il/COVID-19/general,16001260,6261595,5760116,3979549
Israel,2021-11-03,"Moderna, Pfizer/BioNTech",https://datadashboard.health.gov.il/COVID-19/general,16010410,6263357,5761989,3985064
Israel,2021-11-04,"Moderna, Pfizer/BioNTech",https://datadashboard.health.gov.il/COVID-19/general,16022382,6265465,5764770,3992147
Israel,2021-11-05,"Moderna, Pfizer/BioNTech",https://datadashboard.health.gov.il/COVID-19/general,16027467,6266236,5765652,3995579
Israel,2021-11-06,"Moderna, Pfizer/BioNTech",https://datadashboard.health.gov.il/COVID-19/general,16029545,6266576,5766031,3996938
Israel,2021-11-07,"Moderna, Pfizer/BioNTech",https://datadashboard.health.gov.il/COVID-19/general,16039006,6268161,5767795,4003050
Israel,2021-11-08,"Moderna, Pfizer/BioNTech",https://datadashboard.health.gov.il/COVID-19/general,16047467,6269674,5769371,4008422
Israel,2021-11-09,"Moderna, Pfizer/BioNTech",https://datadashboard.health.gov.il/COVID-19/general,16055772,6271099,5770951,4013722
Israel,2021-11-10,"Moderna, Pfizer/BioNTech",https://datadashboard.health.gov.il/COVID-19/general,16063568,6272526,5772589,4018453
Israel,2021-11-11,"Moderna, Pfizer/BioNTech",https://datadashboard.health.gov.il/COVID-19/general,16072777,6274156,5774509,4024112
Israel,2021-11-12,"Moderna, Pfizer/BioNTech",https://datadashboard.health.gov.il/COVID-19/general,16077088,6274777,5775314,4026997
Israel,2021-11-13,"Moderna, Pfizer/BioNTech",https://datadashboard.health.gov.il/COVID-19/general,16078720,6275026,5775593,4028101
Israel,2021-11-14,"Moderna, Pfizer/BioNTech",https://datadashboard.health.gov.il/COVID-19/general,16086973,6276570,5777215,4033188
Israel,2021-11-15,"Moderna, Pfizer/BioNTech",https://datadashboard.health.gov.il/COVID-19/general,16094583,6277833,5778820,4037930
Israel,2021-11-16,"Moderna, Pfizer/BioNTech",https://datadashboard.health.gov.il/COVID-19/general,16101547,6279111,5780210,4042226
Israel,2021-11-17,"Moderna, Pfizer/BioNTech",https://datadashboard.health.gov.il/COVID-19/general,16108147,6280322,5781751,4046074
Israel,2021-11-18,"Moderna, Pfizer/BioNTech",https://datadashboard.health.gov.il/COVID-19/general,16116141,6281678,5783421,4051042
Israel,2021-11-19,"Moderna, Pfizer/BioNTech",https://datadashboard.health.gov.il/COVID-19/general,16119880,6282263,5784162,4053455
Israel,2021-11-20,"Moderna, Pfizer/BioNTech",https://datadashboard.health.gov.il/COVID-19/general,16121256,6282496,5784397,4054363
Israel,2021-11-21,"Moderna, Pfizer/BioNTech",https://datadashboard.health.gov.il/COVID-19/general,16129046,6283920,5785914,4059212
Israel,2021-11-22,"Moderna, Pfizer/BioNTech",https://datadashboard.health.gov.il/COVID-19/general,16136416,6285594,5787419,4063403
Israel,2021-11-23,"Moderna, Pfizer/BioNTech",https://datadashboard.health.gov.il/COVID-19/general,16150652,6294211,5789082,4067359
Israel,2021-11-24,"Moderna, Pfizer/BioNTech",https://datadashboard.health.gov.il/COVID-19/general,16165172,6303565,5790377,4071230
Israel,2021-11-25,"Moderna, Pfizer/BioNTech",https://datadashboard.health.gov.il/COVID-19/general,16181364,6313385,5791954,4076025
Israel,2021-11-26,"Moderna, Pfizer/BioNTech",https://datadashboard.health.gov.il/COVID-19/general,16190435,6318993,5792682,4078760
Israel,2021-11-27,"Moderna, Pfizer/BioNTech",https://datadashboard.health.gov.il/COVID-19/general,16196659,6323770,5792994,4079895
Israel,2021-11-28,"Moderna, Pfizer/BioNTech",https://datadashboard.health.gov.il/COVID-19/general,16213155,6333924,5794468,4084763
Israel,2021-11-29,"Moderna, Pfizer/BioNTech",https://datadashboard.health.gov.il/COVID-19/general,16227639,6342962,5795591,4089086
Israel,2021-11-30,"Moderna, Pfizer/BioNTech",https://datadashboard.health.gov.il/COVID-19/general,16242725,6353008,5796595,4093122
Israel,2021-12-01,"Moderna, Pfizer/BioNTech",https://datadashboard.health.gov.il/COVID-19/general,16256817,6361633,5797677,4097507
Israel,2021-12-02,"Moderna, Pfizer/BioNTech",https://datadashboard.health.gov.il/COVID-19/general,16272471,6370803,5799107,4102561
Israel,2021-12-03,"Moderna, Pfizer/BioNTech",https://datadashboard.health.gov.il/COVID-19/general,16282277,6377142,5799762,4105373
Israel,2021-12-04,"Moderna, Pfizer/BioNTech",https://datadashboard.health.gov.il/COVID-19/general,16285901,6379647,5799990,4106264
Israel,2021-12-05,"Moderna, Pfizer/BioNTech",https://datadashboard.health.gov.il/COVID-19/general,16300139,6387983,5801239,4110917
Israel,2021-12-06,"Moderna, Pfizer/BioNTech",https://datadashboard.health.gov.il/COVID-19/general,16312348,6394709,5802423,4115216
Israel,2021-12-07,"Moderna, Pfizer/BioNTech",https://datadashboard.health.gov.il/COVID-19/general,16323309,6400262,5803912,4119135
Israel,2021-12-08,"Moderna, Pfizer/BioNTech",https://datadashboard.health.gov.il/COVID-19/general,16333254,6405195,5805097,4122962
Israel,2021-12-09,"Moderna, Pfizer/BioNTech",https://datadashboard.health.gov.il/COVID-19/general,16345179,6411438,5806317,4127424
Israel,2021-12-10,"Moderna, Pfizer/BioNTech",https://datadashboard.health.gov.il/COVID-19/general,16351486,6414446,5806990,4130050
Israel,2021-12-11,"Moderna, Pfizer/BioNTech",https://datadashboard.health.gov.il/COVID-19/general,16354205,6415936,5807238,4131031
Israel,2021-12-12,"Moderna, Pfizer/BioNTech",https://datadashboard.health.gov.il/COVID-19/general,16368127,6423214,5808668,4136245
Israel,2021-12-13,"Moderna, Pfizer/BioNTech",https://datadashboard.health.gov.il/COVID-19/general,16379966,6429395,5810026,4140545
Israel,2021-12-14,"Moderna, Pfizer/BioNTech",https://datadashboard.health.gov.il/COVID-19/general,16398264,6436722,5816110,4145432
Israel,2021-12-15,"Moderna, Pfizer/BioNTech",https://datadashboard.health.gov.il/COVID-19/general,16418259,6443928,5823506,4150825
Israel,2021-12-16,"Moderna, Pfizer/BioNTech",https://datadashboard.health.gov.il/COVID-19/general,16441443,6452009,5832107,4157327
Israel,2021-12-17,"Moderna, Pfizer/BioNTech",https://datadashboard.health.gov.il/COVID-19/general,16454842,6456399,5837225,4161218
Israel,2021-12-18,"Moderna, Pfizer/BioNTech",https://datadashboard.health.gov.il/COVID-19/general,16463002,6460335,5840125,4162542
Israel,2021-12-19,"Moderna, Pfizer/BioNTech",https://datadashboard.health.gov.il/COVID-19/general,16485548,6467321,5849451,4168776
Israel,2021-12-20,"Moderna, Pfizer/BioNTech",https://datadashboard.health.gov.il/COVID-19/general,16506402,6475303,5856957,4174142
Israel,2021-12-21,"Moderna, Pfizer/BioNTech",https://datadashboard.health.gov.il/COVID-19/general,16531005,6484858,5865591,4180556
Israel,2021-12-22,"Moderna, Pfizer/BioNTech",https://datadashboard.health.gov.il/COVID-19/general,16554998,6494526,5873723,4186749
Israel,2021-12-23,"Moderna, Pfizer/BioNTech",https://datadashboard.health.gov.il/COVID-19/general,16584891,6506074,5883980,4194837
Israel,2021-12-24,"Moderna, Pfizer/BioNTech",https://datadashboard.health.gov.il/COVID-19/general,16602230,6511960,5890214,4200056
Israel,2021-12-25,"Moderna, Pfizer/BioNTech",https://datadashboard.health.gov.il/COVID-19/general,16610149,6515297,5892778,4202074
Israel,2021-12-26,"Moderna, Pfizer/BioNTech",https://datadashboard.health.gov.il/COVID-19/general,16637902,6525956,5901689,4210257
Israel,2021-12-27,"Moderna, Pfizer/BioNTech",https://datadashboard.health.gov.il/COVID-19/general,16663627,6536328,5908825,4218474
Israel,2021-12-28,"Moderna, Pfizer/BioNTech",https://datadashboard.health.gov.il/COVID-19/general,16692115,6547708,5916261,4228146
Israel,2021-12-29,"Moderna, Pfizer/BioNTech",https://datadashboard.health.gov.il/COVID-19/general,16716344,6557664,5922219,4236461
Israel,2021-12-30,"Moderna, Pfizer/BioNTech",https://datadashboard.health.gov.il/COVID-19/general,16747290,6568683,5929944,4248663
Israel,2021-12-31,"Moderna, Pfizer/BioNTech",https://datadashboard.health.gov.il/COVID-19/general,16763135,6573521,5933612,4256002
Israel,2022-01-01,"Moderna, Pfizer/BioNTech",https://datadashboard.health.gov.il/COVID-19/general,16769485,6575512,5935200,4258773
Israel,2022-01-02,"Moderna, Pfizer/BioNTech",https://datadashboard.health.gov.il/COVID-19/general,16799504,6585738,5941688,4272078
Israel,2022-01-03,"Moderna, Pfizer/BioNTech",https://datadashboard.health.gov.il/COVID-19/general,16837457,6595129,5946932,4295396
Israel,2022-01-04,"Moderna, Pfizer/BioNTech",https://datadashboard.health.gov.il/COVID-19/general,16913170,6604099,5952872,4356199
Israel,2022-01-05,"Moderna, Pfizer/BioNTech",https://datadashboard.health.gov.il/COVID-19/general,16997464,6612655,5958599,4426210
Israel,2022-01-06,"Moderna, Pfizer/BioNTech",https://datadashboard.health.gov.il/COVID-19/general,17093235,6623001,5966557,4503677
Israel,2022-01-07,"Moderna, Pfizer/BioNTech",https://datadashboard.health.gov.il/COVID-19/general,17141766,6627757,5971100,4542909
Israel,2022-01-08,"Moderna, Pfizer/BioNTech",https://datadashboard.health.gov.il/COVID-19/general,17180051,6630508,5973544,4575999
Israel,2022-01-09,"Moderna, Pfizer/BioNTech",https://datadashboard.health.gov.il/COVID-19/general,17275754,6639823,5981272,4654659
Israel,2022-01-10,"Moderna, Pfizer/BioNTech",https://datadashboard.health.gov.il/COVID-19/general,17368433,6648192,5988918,4731323
Israel,2022-01-11,"Moderna, Pfizer/BioNTech",https://datadashboard.health.gov.il/COVID-19/general,17453764,6656299,5997533,4799932
Israel,2022-01-12,"Moderna, Pfizer/BioNTech",https://datadashboard.health.gov.il/COVID-19/general,17525013,6663575,6005845,4855593
Israel,2022-01-13,"Moderna, Pfizer/BioNTech",https://datadashboard.health.gov.il/COVID-19/general,17588395,6671093,6015458,4901844
Israel,2022-01-14,"Moderna, Pfizer/BioNTech",https://datadashboard.health.gov.il/COVID-19/general,17613138,6673648,6020382,4919108
Israel,2022-01-15,"Moderna, Pfizer/BioNTech",https://datadashboard.health.gov.il/COVID-19/general,17627325,6675111,6023543,4928671
Israel,2022-01-16,"Moderna, Pfizer/BioNTech",https://datadashboard.health.gov.il/COVID-19/general,17667315,6678932,6032060,4956323
Israel,2022-01-17,"Moderna, Pfizer/BioNTech",https://datadashboard.health.gov.il/COVID-19/general,17701134,6681740,6039101,4980293
Israel,2022-01-18,"Moderna, Pfizer/BioNTech",https://datadashboard.health.gov.il/COVID-19/general,17731303,6684215,6046469,5000619
Israel,2022-01-19,"Moderna, Pfizer/BioNTech",https://datadashboard.health.gov.il/COVID-19/general,17752468,6686102,6052827,5013539
Israel,2022-01-20,"Moderna, Pfizer/BioNTech",https://datadashboard.health.gov.il/COVID-19/general,17774000,6687882,6059783,5026335
Israel,2022-01-21,"Moderna, Pfizer/BioNTech",https://datadashboard.health.gov.il/COVID-19/general,17784576,6688783,6063505,5032288
Israel,2022-01-22,"Moderna, Pfizer/BioNTech",https://datadashboard.health.gov.il/COVID-19/general,17788513,6689112,6064961,5034440
Israel,2022-01-23,"Moderna, Pfizer/BioNTech",https://datadashboard.health.gov.il/COVID-19/general,17804142,6690176,6070585,5043381
Israel,2022-01-24,"Moderna, Pfizer/BioNTech",https://datadashboard.health.gov.il/COVID-19/general,17816671,6690931,6075066,5050674
Israel,2022-01-25,"Moderna, Pfizer/BioNTech",https://datadashboard.health.gov.il/COVID-19/general,17831052,6691672,6079461,5059919
Israel,2022-01-26,"Moderna, Pfizer/BioNTech",https://datadashboard.health.gov.il/COVID-19/general,17840790,6692286,6082743,5065761
Israel,2022-01-27,"Moderna, Pfizer/BioNTech",https://datadashboard.health.gov.il/COVID-19/general,17853388,6693079,6087144,5073165
Israel,2022-01-28,"Moderna, Pfizer/BioNTech",https://datadashboard.health.gov.il/COVID-19/general,17860731,6693472,6089514,5077745
Israel,2022-01-29,"Moderna, Pfizer/BioNTech",https://datadashboard.health.gov.il/COVID-19/general,17863456,6693596,6090551,5079309
Israel,2022-01-30,"Moderna, Pfizer/BioNTech",https://datadashboard.health.gov.il/COVID-19/general,17879036,6694368,6095264,5089404
Israel,2022-01-31,"Moderna, Pfizer/BioNTech",https://datadashboard.health.gov.il/COVID-19/general,17890792,6694896,6098445,5097451
Israel,2022-02-01,"Moderna, Pfizer/BioNTech",https://datadashboard.health.gov.il/COVID-19/general,17901244,6695371,6101221,5104652
Israel,2022-02-02,"Moderna, Pfizer/BioNTech",https://datadashboard.health.gov.il/COVID-19/general,17910404,6695745,6103603,5111056
Israel,2022-02-03,"Moderna, Pfizer/BioNTech",https://datadashboard.health.gov.il/COVID-19/general,17920647,6696188,6106377,5118082
Israel,2022-02-04,"Moderna, Pfizer/BioNTech",https://datadashboard.health.gov.il/COVID-19/general,17924978,6696363,6107362,5121253
Israel,2022-02-05,"Moderna, Pfizer/BioNTech",https://datadashboard.health.gov.il/COVID-19/general,17925995,6696422,6107699,5121874
Israel,2022-02-06,"Moderna, Pfizer/BioNTech",https://datadashboard.health.gov.il/COVID-19/general,17935718,6696829,6110013,5128876
Israel,2022-02-07,"Moderna, Pfizer/BioNTech",https://datadashboard.health.gov.il/COVID-19/general,17944201,6697108,6111318,5135775
Israel,2022-02-08,"Moderna, Pfizer/BioNTech",https://datadashboard.health.gov.il/COVID-19/general,17953171,6697418,6112813,5142940
Israel,2022-02-09,"Moderna, Pfizer/BioNTech",https://datadashboard.health.gov.il/COVID-19/general,17959993,6697661,6113905,5148427
Israel,2022-02-10,"Moderna, Pfizer/BioNTech",https://datadashboard.health.gov.il/COVID-19/general,17967276,6697929,6115194,5154153
Israel,2022-02-11,"Moderna, Pfizer/BioNTech",https://datadashboard.health.gov.il/COVID-19/general,17971020,6698112,6115729,5157179
Israel,2022-02-12,"Moderna, Pfizer/BioNTech",https://datadashboard.health.gov.il/COVID-19/general,17971506,6698138,6115818,5157550
Israel,2022-02-13,"Moderna, Pfizer/BioNTech",https://datadashboard.health.gov.il/COVID-19/general,17978688,6698424,6116765,5163499
Israel,2022-02-14,"Moderna, Pfizer/BioNTech",https://datadashboard.health.gov.il/COVID-19/general,17983351,6698603,6117386,5167362
Israel,2022-02-15,"Moderna, Pfizer/BioNTech",https://datadashboard.health.gov.il/COVID-19/general,17989093,6698868,6118148,5172077
Israel,2022-02-16,"Moderna, Pfizer/BioNTech",https://datadashboard.health.gov.il/COVID-19/general,17993113,6699049,6118725,5175339
Israel,2022-02-17,"Moderna, Pfizer/BioNTech",https://datadashboard.health.gov.il/COVID-19/general,17997898,6699296,6119461,5179141
Israel,2022-02-18,"Moderna, Pfizer/BioNTech",https://datadashboard.health.gov.il/COVID-19/general,17999883,6699424,6119785,5180674
Israel,2022-02-19,"Moderna, Pfizer/BioNTech",https://datadashboard.health.gov.il/COVID-19/general,18000124,6699441,6119865,5180818
Israel,2022-02-20,"Moderna, Pfizer/BioNTech",https://datadashboard.health.gov.il/COVID-19/general,18004209,6699645,6120469,5184095
Israel,2022-02-21,"Moderna, Pfizer/BioNTech",https://datadashboard.health.gov.il/COVID-19/general,18006784,6699813,6120876,5186095
Israel,2022-02-22,"Moderna, Pfizer/BioNTech",https://datadashboard.health.gov.il/COVID-19/general,18009804,6699968,6121327,5188509
Israel,2022-02-23,"Moderna, Pfizer/BioNTech",https://datadashboard.health.gov.il/COVID-19/general,18011855,6700077,6121677,5190101
Israel,2022-02-24,"Moderna, Pfizer/BioNTech",https://datadashboard.health.gov.il/COVID-19/general,18014482,6700213,6122129,5192140
Israel,2022-02-25,"Moderna, Pfizer/BioNTech",https://datadashboard.health.gov.il/COVID-19/general,18015307,6700268,6122266,5192773
Israel,2022-02-26,"Moderna, Pfizer/BioNTech",https://datadashboard.health.gov.il/COVID-19/general,18015529,6700283,6122292,5192954
Israel,2022-02-27,"Moderna, Pfizer/BioNTech",https://datadashboard.health.gov.il/COVID-19/general,18017541,6700392,6122630,5194519
Israel,2022-02-28,"Moderna, Pfizer/BioNTech",https://datadashboard.health.gov.il/COVID-19/general,18019220,6700501,6122892,5195827
Israel,2022-03-01,"Moderna, Pfizer/BioNTech",https://datadashboard.health.gov.il/COVID-19/general,18020736,6700593,6123169,5196974
Israel,2022-03-02,"Moderna, Pfizer/BioNTech",https://datadashboard.health.gov.il/COVID-19/general,18022016,6700667,6123368,5197981
Israel,2022-03-03,"Moderna, Pfizer/BioNTech",https://datadashboard.health.gov.il/COVID-19/general,18024001,6700815,6123734,5199452
Israel,2022-03-04,"Moderna, Pfizer/BioNTech",https://datadashboard.health.gov.il/COVID-19/general,18024564,6700863,6123865,5199836
Israel,2022-03-05,"Moderna, Pfizer/BioNTech",https://datadashboard.health.gov.il/COVID-19/general,18024656,6700864,6123888,5199904
Israel,2022-03-06,"Moderna, Pfizer/BioNTech",https://datadashboard.health.gov.il/COVID-19/general,18026175,6700957,6124146,5201072
Israel,2022-03-07,"Moderna, Pfizer/BioNTech",https://datadashboard.health.gov.il/COVID-19/general,18027464,6701045,6124401,5202018
Israel,2022-03-08,"Moderna, Pfizer/BioNTech",https://datadashboard.health.gov.il/COVID-19/general,18028698,6701145,6124665,5202888
Israel,2022-03-09,"Moderna, Pfizer/BioNTech",https://datadashboard.health.gov.il/COVID-19/general,18029812,6701231,6124877,5203704
Israel,2022-03-10,"Moderna, Pfizer/BioNTech",https://datadashboard.health.gov.il/COVID-19/general,18031321,6701344,6125242,5204735
Israel,2022-03-11,"Moderna, Pfizer/BioNTech",https://datadashboard.health.gov.il/COVID-19/general,18031684,6701368,6125327,5204989
Israel,2022-03-12,"Moderna, Pfizer/BioNTech",https://datadashboard.health.gov.il/COVID-19/general,18031751,6701375,6125336,5205040
Israel,2022-03-13,"Moderna, Pfizer/BioNTech",https://datadashboard.health.gov.il/COVID-19/general,18033059,6701466,6125608,5205985
Israel,2022-03-14,"Moderna, Pfizer/BioNTech",https://datadashboard.health.gov.il/COVID-19/general,18034235,6701528,6125857,5206850
Israel,2022-03-15,"Moderna, Pfizer/BioNTech",https://datadashboard.health.gov.il/COVID-19/general,18035354,6701608,6126038,5207708
Israel,2022-03-16,"Moderna, Pfizer/BioNTech",https://datadashboard.health.gov.il/COVID-19/general,18036596,6701681,6126243,5208672
Israel,2022-03-17,"Moderna, Pfizer/BioNTech",https://datadashboard.health.gov.il/COVID-19/general,18037659,6701744,6126363,5209552
Israel,2022-03-18,"Moderna, Pfizer/BioNTech",https://datadashboard.health.gov.il/COVID-19/general,18038050,6701762,6126415,5209873
Israel,2022-03-19,"Moderna, Pfizer/BioNTech",https://datadashboard.health.gov.il/COVID-19/general,18038124,6701767,6126425,5209932
Israel,2022-03-20,"Moderna, Pfizer/BioNTech",https://datadashboard.health.gov.il/COVID-19/general,18040398,6701883,6126680,5211835
Israel,2022-03-21,"Moderna, Pfizer/BioNTech",https://datadashboard.health.gov.il/COVID-19/general,18042226,6701980,6126921,5213325
Israel,2022-03-22,"Moderna, Pfizer/BioNTech",https://datadashboard.health.gov.il/COVID-19/general,18044962,6702122,6127261,5215579
Israel,2022-03-23,"Moderna, Pfizer/BioNTech",https://datadashboard.health.gov.il/COVID-19/general,18047398,6702230,6127470,5217698
Israel,2022-03-24,"Moderna, Pfizer/BioNTech",https://datadashboard.health.gov.il/COVID-19/general,18051008,6702404,6127811,5220793
Israel,2022-03-25,"Moderna, Pfizer/BioNTech",https://datadashboard.health.gov.il/COVID-19/general,18051886,6702439,6127886,5221561
Israel,2022-03-26,"Moderna, Pfizer/BioNTech",https://datadashboard.health.gov.il/COVID-19/general,18052027,6702450,6127897,5221680
Israel,2022-03-27,"Moderna, Pfizer/BioNTech",https://datadashboard.health.gov.il/COVID-19/general,18056453,6702607,6128228,5225618
Israel,2022-03-28,"Moderna, Pfizer/BioNTech",https://datadashboard.health.gov.il/COVID-19/general,18059837,6702721,6128495,5228621
Israel,2022-03-29,"Moderna, Pfizer/BioNTech",https://datadashboard.health.gov.il/COVID-19/general,18063606,6702851,6128748,5232007
Israel,2022-03-30,"Moderna, Pfizer/BioNTech",https://datadashboard.health.gov.il/COVID-19/general,18066810,6702985,6128955,5234870
Israel,2022-03-31,"Moderna, Pfizer/BioNTech",https://datadashboard.health.gov.il/COVID-19/general,18070764,6703149,6129237,5238378
