location,date,vaccine,source_url,total_vaccinations,people_vaccinated,people_fully_vaccinated,total_boosters
Japan,2021-02-17,Pfizer/BioNTech,https://www.mhlw.go.jp/stf/seisakunitsuite/bunya/vaccine_sesshujisseki.html,125,125,0,
Japan,2021-02-18,Pfizer/BioNTech,https://www.mhlw.go.jp/stf/seisakunitsuite/bunya/vaccine_sesshujisseki.html,611,611,0,
Japan,2021-02-19,Pfizer/BioNTech,https://www.mhlw.go.jp/stf/seisakunitsuite/bunya/vaccine_sesshujisseki.html,5039,5039,0,
Japan,2021-02-22,Pfizer/BioNTech,https://www.mhlw.go.jp/stf/seisakunitsuite/bunya/vaccine_sesshujisseki.html,11934,11934,0,
Japan,2021-02-24,Pfizer/BioNTech,https://www.mhlw.go.jp/stf/seisakunitsuite/bunya/vaccine_sesshujisseki.html,17888,17888,0,
Japan,2021-02-25,Pfizer/BioNTech,https://www.mhlw.go.jp/stf/seisakunitsuite/bunya/vaccine_sesshujisseki.html,21896,21896,0,
Japan,2021-02-26,Pfizer/BioNTech,https://www.mhlw.go.jp/stf/seisakunitsuite/bunya/vaccine_sesshujisseki.html,28530,28530,0,
Japan,2021-03-01,Pfizer/BioNTech,https://www.mhlw.go.jp/stf/seisakunitsuite/bunya/vaccine_sesshujisseki.html,31785,31785,0,
Japan,2021-03-02,Pfizer/BioNTech,https://www.mhlw.go.jp/stf/seisakunitsuite/bunya/vaccine_sesshujisseki.html,34772,34772,0,
Japan,2021-03-03,Pfizer/BioNTech,https://www.mhlw.go.jp/stf/seisakunitsuite/bunya/vaccine_sesshujisseki.html,37303,37303,0,
Japan,2021-03-04,Pfizer/BioNTech,https://www.mhlw.go.jp/stf/seisakunitsuite/bunya/vaccine_sesshujisseki.html,39174,39174,0,
Japan,2021-03-05,Pfizer/BioNTech,https://www.mhlw.go.jp/stf/seisakunitsuite/bunya/vaccine_sesshujisseki.html,46469,46469,0,
Japan,2021-03-08,Pfizer/BioNTech,https://www.mhlw.go.jp/stf/seisakunitsuite/bunya/vaccine_sesshujisseki.html,70796,70796,0,
Japan,2021-03-09,Pfizer/BioNTech,https://www.mhlw.go.jp/stf/seisakunitsuite/bunya/vaccine_sesshujisseki.html,107558,107558,0,
Japan,2021-03-10,Pfizer/BioNTech,https://www.mhlw.go.jp/stf/seisakunitsuite/bunya/vaccine_sesshujisseki.html,148950,148915,35,
Japan,2021-03-11,Pfizer/BioNTech,https://www.mhlw.go.jp/stf/seisakunitsuite/bunya/vaccine_sesshujisseki.html,181184,180741,443,
Japan,2021-03-12,Pfizer/BioNTech,https://www.mhlw.go.jp/stf/seisakunitsuite/bunya/vaccine_sesshujisseki.html,230542,227194,3348,
Japan,2021-03-15,Pfizer/BioNTech,https://www.mhlw.go.jp/stf/seisakunitsuite/bunya/vaccine_sesshujisseki.html,290275,282398,7877,
Japan,2021-03-16,Pfizer/BioNTech,https://www.mhlw.go.jp/stf/seisakunitsuite/bunya/vaccine_sesshujisseki.html,359191,349844,9347,
Japan,2021-03-17,Pfizer/BioNTech,https://www.mhlw.go.jp/stf/seisakunitsuite/bunya/vaccine_sesshujisseki.html,437485,423196,14289,
Japan,2021-03-18,Pfizer/BioNTech,https://www.mhlw.go.jp/stf/seisakunitsuite/bunya/vaccine_sesshujisseki.html,508702,490413,18289,
Japan,2021-03-19,Pfizer/BioNTech,https://www.mhlw.go.jp/stf/seisakunitsuite/bunya/vaccine_sesshujisseki.html,578835,553454,25381,
Japan,2021-03-22,Pfizer/BioNTech,https://www.mhlw.go.jp/stf/seisakunitsuite/bunya/vaccine_sesshujisseki.html,652698,623569,29129,
Japan,2021-03-23,Pfizer/BioNTech,https://www.mhlw.go.jp/stf/seisakunitsuite/bunya/vaccine_sesshujisseki.html,699126,667370,31756,
Japan,2021-03-24,Pfizer/BioNTech,https://www.mhlw.go.jp/stf/seisakunitsuite/bunya/vaccine_sesshujisseki.html,741180,706101,35079,
Japan,2021-03-25,Pfizer/BioNTech,https://www.mhlw.go.jp/stf/seisakunitsuite/bunya/vaccine_sesshujisseki.html,775122,737672,37450,
Japan,2021-03-26,Pfizer/BioNTech,https://www.mhlw.go.jp/stf/seisakunitsuite/bunya/vaccine_sesshujisseki.html,822869,781665,41204,
Japan,2021-03-29,Pfizer/BioNTech,https://www.mhlw.go.jp/stf/seisakunitsuite/bunya/vaccine_sesshujisseki.html,890662,825704,64958,
Japan,2021-03-30,Pfizer/BioNTech,https://www.mhlw.go.jp/stf/seisakunitsuite/bunya/vaccine_sesshujisseki.html,949731,852946,96785,
Japan,2021-03-31,Pfizer/BioNTech,https://www.mhlw.go.jp/stf/seisakunitsuite/bunya/vaccine_sesshujisseki.html,1002739,877159,125580,
Japan,2021-04-01,Pfizer/BioNTech,https://www.mhlw.go.jp/stf/seisakunitsuite/bunya/vaccine_sesshujisseki.html,1050112,893315,156797,
Japan,2021-04-02,Pfizer/BioNTech,https://www.mhlw.go.jp/stf/seisakunitsuite/bunya/vaccine_sesshujisseki.html,1096698,913341,183357,
Japan,2021-04-05,Pfizer/BioNTech,https://www.mhlw.go.jp/stf/seisakunitsuite/bunya/vaccine_sesshujisseki.html,1196884,956638,240246,
Japan,2021-04-06,Pfizer/BioNTech,https://www.mhlw.go.jp/stf/seisakunitsuite/bunya/vaccine_sesshujisseki.html,1288566,996058,292508,
Japan,2021-04-07,Pfizer/BioNTech,https://www.mhlw.go.jp/stf/seisakunitsuite/bunya/vaccine_sesshujisseki.html,1393108,1036429,356679,
Japan,2021-04-08,Pfizer/BioNTech,https://www.mhlw.go.jp/stf/seisakunitsuite/bunya/vaccine_sesshujisseki.html,1487606,1066385,421221,
Japan,2021-04-09,Pfizer/BioNTech,https://www.mhlw.go.jp/stf/seisakunitsuite/bunya/vaccine_sesshujisseki.html,1592517,1101698,490819,
Japan,2021-04-12,Pfizer/BioNTech,https://www.kantei.go.jp/jp/headline/kansensho/vaccine.html,1694191,1133286,560905,
Japan,2021-04-13,Pfizer/BioNTech,https://www.kantei.go.jp/jp/headline/kansensho/vaccine.html,1752419,1151424,600995,
Japan,2021-04-14,Pfizer/BioNTech,https://www.kantei.go.jp/jp/headline/kansensho/vaccine.html,1808495,1166073,642422,
Japan,2021-04-15,Pfizer/BioNTech,https://www.kantei.go.jp/jp/headline/kansensho/vaccine.html,1870352,1191947,678405,
Japan,2021-04-16,Pfizer/BioNTech,https://www.kantei.go.jp/jp/headline/kansensho/vaccine.html,1951691,1233295,718396,
Japan,2021-04-17,Pfizer/BioNTech,https://www.kantei.go.jp/jp/headline/kansensho/vaccine.html,1960253,1241857,718396,
Japan,2021-04-18,Pfizer/BioNTech,https://www.kantei.go.jp/jp/headline/kansensho/vaccine.html,1968952,1250556,718396,
Japan,2021-04-19,Pfizer/BioNTech,https://www.kantei.go.jp/jp/headline/kansensho/vaccine.html,2124028,1351325,772703,
Japan,2021-04-20,Pfizer/BioNTech,https://www.kantei.go.jp/jp/headline/kansensho/vaccine.html,2305110,1504610,800500,
Japan,2021-04-21,Pfizer/BioNTech,https://www.kantei.go.jp/jp/headline/kansensho/vaccine.html,2523714,1696518,827196,
Japan,2021-04-22,Pfizer/BioNTech,https://www.kantei.go.jp/jp/headline/kansensho/vaccine.html,2738010,1888959,849051,
Japan,2021-04-23,Pfizer/BioNTech,https://www.kantei.go.jp/jp/headline/kansensho/vaccine.html,2977156,2098422,878734,
Japan,2021-04-24,Pfizer/BioNTech,https://www.kantei.go.jp/jp/headline/kansensho/vaccine.html,3017983,2139249,878734,
Japan,2021-04-25,Pfizer/BioNTech,https://www.kantei.go.jp/jp/headline/kansensho/vaccine.html,3043542,2164808,878734,
Japan,2021-04-26,Pfizer/BioNTech,https://www.kantei.go.jp/jp/headline/kansensho/vaccine.html,3372956,2452571,920385,
Japan,2021-04-27,Pfizer/BioNTech,https://www.kantei.go.jp/jp/headline/kansensho/vaccine.html,3662687,2711197,951490,
Japan,2021-04-28,Pfizer/BioNTech,https://www.kantei.go.jp/jp/headline/kansensho/vaccine.html,3995987,3000229,995758,
Japan,2021-04-29,Pfizer/BioNTech,https://www.kantei.go.jp/jp/headline/kansensho/vaccine.html,4017511,3021753,995758,
Japan,2021-04-30,Pfizer/BioNTech,https://www.kantei.go.jp/jp/headline/kansensho/vaccine.html,4365615,3322617,1042998,
Japan,2021-05-01,Pfizer/BioNTech,https://www.kantei.go.jp/jp/headline/kansensho/vaccine.html,4409136,3366138,1042998,
Japan,2021-05-02,Pfizer/BioNTech,https://www.kantei.go.jp/jp/headline/kansensho/vaccine.html,4434292,3391294,1042998,
Japan,2021-05-03,Pfizer/BioNTech,https://www.kantei.go.jp/jp/headline/kansensho/vaccine.html,4442528,3398696,1043832,
Japan,2021-05-04,Pfizer/BioNTech,https://www.kantei.go.jp/jp/headline/kansensho/vaccine.html,4451668,3407079,1044589,
Japan,2021-05-05,Pfizer/BioNTech,https://www.kantei.go.jp/jp/headline/kansensho/vaccine.html,4462316,3416795,1045521,
Japan,2021-05-06,Pfizer/BioNTech,https://www.kantei.go.jp/jp/headline/kansensho/vaccine.html,4848177,3731881,1116296,
Japan,2021-05-07,Pfizer/BioNTech,https://www.kantei.go.jp/jp/headline/kansensho/vaccine.html,5044329,3875529,1168800,
Japan,2021-05-08,Pfizer/BioNTech,https://www.kantei.go.jp/jp/headline/kansensho/vaccine.html,5112955,3937048,1175907,
Japan,2021-05-09,Pfizer/BioNTech,https://www.kantei.go.jp/jp/headline/kansensho/vaccine.html,5194727,4010898,1183829,
Japan,2021-05-10,Pfizer/BioNTech,https://www.kantei.go.jp/jp/headline/kansensho/vaccine.html,5548009,4269361,1278648,
Japan,2021-05-11,Pfizer/BioNTech,https://www.kantei.go.jp/jp/headline/kansensho/vaccine.html,5885055,4486878,1398177,
Japan,2021-05-12,Pfizer/BioNTech,https://www.kantei.go.jp/jp/headline/kansensho/vaccine.html,6273284,4727413,1545871,
Japan,2021-05-13,Pfizer/BioNTech,https://www.kantei.go.jp/jp/headline/kansensho/vaccine.html,6695597,4975425,1720172,
Japan,2021-05-14,Pfizer/BioNTech,https://www.kantei.go.jp/jp/headline/kansensho/vaccine.html,7116487,5208384,1908103,
Japan,2021-05-15,Pfizer/BioNTech,https://www.kantei.go.jp/jp/headline/kansensho/vaccine.html,7287316,5345306,1942010,
Japan,2021-05-16,Pfizer/BioNTech,https://www.kantei.go.jp/jp/headline/kansensho/vaccine.html,7495054,5531412,1963642,
Japan,2021-05-17,Pfizer/BioNTech,https://www.kantei.go.jp/jp/headline/kansensho/vaccine.html,8102078,5872660,2229418,
Japan,2021-05-18,Pfizer/BioNTech,https://www.kantei.go.jp/jp/headline/kansensho/vaccine.html,8664931,6215230,2449701,
Japan,2021-05-19,Pfizer/BioNTech,https://www.kantei.go.jp/jp/headline/kansensho/vaccine.html,9303184,6605930,2697254,
Japan,2021-05-20,Pfizer/BioNTech,https://www.kantei.go.jp/jp/headline/kansensho/vaccine.html,9835661,7003421,2832240,
Japan,2021-05-21,Pfizer/BioNTech,https://www.kantei.go.jp/jp/headline/kansensho/vaccine.html,10415253,7377583,3037670,
Japan,2021-05-22,Pfizer/BioNTech,https://www.kantei.go.jp/jp/headline/kansensho/vaccine.html,10741001,7659583,3081418,
Japan,2021-05-23,Pfizer/BioNTech,https://www.kantei.go.jp/jp/headline/kansensho/vaccine.html,11089889,7983945,3105944,
Japan,2021-05-24,"Moderna, Pfizer/BioNTech",https://www.kantei.go.jp/jp/headline/kansensho/vaccine.html,11871450,8561635,3309815,
Japan,2021-05-25,"Moderna, Pfizer/BioNTech",https://www.kantei.go.jp/jp/headline/kansensho/vaccine.html,12531129,9158604,3372525,
Japan,2021-05-26,"Moderna, Pfizer/BioNTech",https://www.kantei.go.jp/jp/headline/kansensho/vaccine.html,13251273,9817479,3433794,
Japan,2021-05-27,"Moderna, Pfizer/BioNTech",https://www.kantei.go.jp/jp/headline/kansensho/vaccine.html,13985282,10447367,3537915,
Japan,2021-05-28,"Moderna, Pfizer/BioNTech",https://www.kantei.go.jp/jp/headline/kansensho/vaccine.html,14714342,11056368,3657974,
Japan,2021-05-29,"Moderna, Pfizer/BioNTech",https://www.kantei.go.jp/jp/headline/kansensho/vaccine.html,15242208,11525902,3716306,
Japan,2021-05-30,"Moderna, Pfizer/BioNTech",https://www.kantei.go.jp/jp/headline/kansensho/vaccine.html,15766836,11985710,3781126,
Japan,2021-05-31,"Moderna, Pfizer/BioNTech",https://www.kantei.go.jp/jp/headline/kansensho/vaccine.html,16659793,12644814,4014979,
Japan,2021-06-01,"Moderna, Pfizer/BioNTech",https://www.kantei.go.jp/jp/headline/kansensho/vaccine.html,17562362,13345848,4216514,
Japan,2021-06-02,"Moderna, Pfizer/BioNTech",https://www.kantei.go.jp/jp/headline/kansensho/vaccine.html,18512075,14071810,4440265,
Japan,2021-06-03,"Moderna, Pfizer/BioNTech",https://www.kantei.go.jp/jp/headline/kansensho/vaccine.html,19447730,14789709,4658021,
Japan,2021-06-04,"Moderna, Pfizer/BioNTech",https://www.kantei.go.jp/jp/headline/kansensho/vaccine.html,20362711,15494456,4868255,
Japan,2021-06-05,"Moderna, Pfizer/BioNTech",https://www.kantei.go.jp/jp/headline/kansensho/vaccine.html,21096863,16104176,4992687,
Japan,2021-06-06,"Moderna, Pfizer/BioNTech",https://www.kantei.go.jp/jp/headline/kansensho/vaccine.html,21832635,16661878,5170757,
Japan,2021-06-07,"Moderna, Pfizer/BioNTech",https://www.kantei.go.jp/jp/headline/kansensho/vaccine.html,22907823,17420972,5486851,
Japan,2021-06-08,"Moderna, Pfizer/BioNTech",https://www.kantei.go.jp/jp/headline/kansensho/vaccine.html,23999647,18200582,5799065,
Japan,2021-06-09,"Moderna, Pfizer/BioNTech",https://www.kantei.go.jp/jp/headline/kansensho/vaccine.html,25132631,18959671,6172960,
Japan,2021-06-10,"Moderna, Pfizer/BioNTech",https://www.kantei.go.jp/jp/headline/kansensho/vaccine.html,26235470,19689796,6545674,
Japan,2021-06-11,"Moderna, Pfizer/BioNTech",https://www.kantei.go.jp/jp/headline/kansensho/vaccine.html,27321141,20427402,6893739,
Japan,2021-06-12,"Moderna, Pfizer/BioNTech",https://www.kantei.go.jp/jp/headline/kansensho/vaccine.html,28237727,21074665,7163062,
Japan,2021-06-13,"Moderna, Pfizer/BioNTech",https://www.kantei.go.jp/jp/headline/kansensho/vaccine.html,29141831,21664673,7477158,
Japan,2021-06-14,"Moderna, Pfizer/BioNTech",https://www.kantei.go.jp/jp/headline/kansensho/vaccine.html,30348520,22343266,8005254,
Japan,2021-06-15,"Moderna, Pfizer/BioNTech",https://www.kantei.go.jp/jp/headline/kansensho/vaccine.html,31564153,23019587,8544566,
Japan,2021-06-16,"Moderna, Pfizer/BioNTech",https://www.kantei.go.jp/jp/headline/kansensho/vaccine.html,32818067,23680999,9137068,
Japan,2021-06-17,"Moderna, Pfizer/BioNTech",https://www.kantei.go.jp/jp/headline/kansensho/vaccine.html,34079950,24357621,9722329,
Japan,2021-06-18,"Moderna, Pfizer/BioNTech",https://www.kantei.go.jp/jp/headline/kansensho/vaccine.html,35290486,25010653,10279833,
Japan,2021-06-19,"Moderna, Pfizer/BioNTech",https://www.kantei.go.jp/jp/headline/kansensho/vaccine.html,36367150,25653272,10713878,
Japan,2021-06-20,"Moderna, Pfizer/BioNTech",https://www.kantei.go.jp/jp/headline/kansensho/vaccine.html,37443027,26294725,11148302,
Japan,2021-06-21,"Moderna, Pfizer/BioNTech",https://www.kantei.go.jp/jp/headline/kansensho/vaccine.html,38770832,27004653,11766179,
Japan,2021-06-22,"Moderna, Pfizer/BioNTech",https://www.kantei.go.jp/jp/headline/kansensho/vaccine.html,40116564,27707562,12409002,
Japan,2021-06-23,"Moderna, Pfizer/BioNTech",https://www.kantei.go.jp/jp/headline/kansensho/vaccine.html,41499789,28416848,13082941,
Japan,2021-06-24,"Moderna, Pfizer/BioNTech",https://www.kantei.go.jp/jp/headline/kansensho/vaccine.html,42867414,29103397,13764017,
Japan,2021-06-25,"Moderna, Pfizer/BioNTech",https://www.kantei.go.jp/jp/headline/kansensho/vaccine.html,44228530,29780323,14448207,
Japan,2021-06-26,"Moderna, Pfizer/BioNTech",https://www.kantei.go.jp/jp/headline/kansensho/vaccine.html,45486390,30457515,15028875,
Japan,2021-06-27,"Moderna, Pfizer/BioNTech",https://www.kantei.go.jp/jp/headline/kansensho/vaccine.html,46733138,31168748,15564390,
Japan,2021-06-28,"Moderna, Pfizer/BioNTech",https://www.kantei.go.jp/jp/headline/kansensho/vaccine.html,48120033,31847206,16272827,
Japan,2021-06-29,"Moderna, Pfizer/BioNTech",https://www.kantei.go.jp/jp/headline/kansensho/vaccine.html,49541415,32528002,17013413,
Japan,2021-06-30,"Moderna, Pfizer/BioNTech",https://www.kantei.go.jp/jp/headline/kansensho/vaccine.html,50966868,33225486,17741382,
Japan,2021-07-01,"Moderna, Pfizer/BioNTech",https://www.kantei.go.jp/jp/headline/kansensho/vaccine.html,52163267,33724253,18439014,
Japan,2021-07-02,"Moderna, Pfizer/BioNTech",https://www.kantei.go.jp/jp/headline/kansensho/vaccine.html,53299105,34154418,19144687,
Japan,2021-07-03,"Moderna, Pfizer/BioNTech",https://www.kantei.go.jp/jp/headline/kansensho/vaccine.html,54635362,34882097,19753265,
Japan,2021-07-04,"Moderna, Pfizer/BioNTech",https://www.kantei.go.jp/jp/headline/kansensho/vaccine.html,55904245,35601708,20302537,
Japan,2021-07-05,"Moderna, Pfizer/BioNTech",https://www.kantei.go.jp/jp/headline/kansensho/vaccine.html,57346739,36387054,20959685,
Japan,2021-07-06,"Moderna, Pfizer/BioNTech",https://www.kantei.go.jp/jp/headline/kansensho/vaccine.html,58818757,37191182,21627575,
Japan,2021-07-07,"Moderna, Pfizer/BioNTech",https://www.kantei.go.jp/jp/headline/kansensho/vaccine.html,60282475,38014507,22267968,
Japan,2021-07-08,"Moderna, Pfizer/BioNTech",https://www.kantei.go.jp/jp/headline/kansensho/vaccine.html,61731836,38823238,22908598,
Japan,2021-07-09,"Moderna, Pfizer/BioNTech",https://www.kantei.go.jp/jp/headline/kansensho/vaccine.html,63170515,39624184,23546331,
Japan,2021-07-10,"Moderna, Pfizer/BioNTech",https://www.kantei.go.jp/jp/headline/kansensho/vaccine.html,64625489,40453736,24171753,
Japan,2021-07-11,"Moderna, Pfizer/BioNTech",https://www.kantei.go.jp/jp/headline/kansensho/vaccine.html,65890918,41081673,24809245,
Japan,2021-07-12,"Moderna, Pfizer/BioNTech",https://www.kantei.go.jp/jp/headline/kansensho/vaccine.html,67257547,41768587,25488960,
Japan,2021-07-13,"Moderna, Pfizer/BioNTech",https://www.kantei.go.jp/jp/headline/kansensho/vaccine.html,68620161,42467877,26152284,
Japan,2021-07-14,"Moderna, Pfizer/BioNTech",https://www.kantei.go.jp/jp/headline/kansensho/vaccine.html,69975928,43154051,26821877,
Japan,2021-07-15,"Moderna, Pfizer/BioNTech",https://www.kantei.go.jp/jp/headline/kansensho/vaccine.html,71291729,43825603,27466126,
Japan,2021-07-16,"Moderna, Pfizer/BioNTech",https://www.kantei.go.jp/jp/headline/kansensho/vaccine.html,72613263,44518711,28094552,
Japan,2021-07-17,"Moderna, Pfizer/BioNTech",https://www.kantei.go.jp/jp/headline/kansensho/vaccine.html,73941379,45201289,28740090,
Japan,2021-07-18,"Moderna, Pfizer/BioNTech",https://www.kantei.go.jp/jp/headline/kansensho/vaccine.html,75133810,45722681,29411129,
Japan,2021-07-19,"Moderna, Pfizer/BioNTech",https://www.kantei.go.jp/jp/headline/kansensho/vaccine.html,76159902,46108886,30051016,
Japan,2021-07-20,"Moderna, Pfizer/BioNTech",https://www.kantei.go.jp/jp/headline/kansensho/vaccine.html,77436900,46735047,30701853,
Japan,2021-07-21,"Moderna, Pfizer/BioNTech",https://www.kantei.go.jp/jp/headline/kansensho/vaccine.html,78686082,47293027,31393055,
Japan,2021-07-22,"Moderna, Pfizer/BioNTech",https://www.kantei.go.jp/jp/headline/kansensho/vaccine.html,79229831,47534591,31695240,
Japan,2021-07-23,"Moderna, Pfizer/BioNTech",https://www.kantei.go.jp/jp/headline/kansensho/vaccine.html,79637557,47714022,31923535,
Japan,2021-07-24,"Moderna, Pfizer/BioNTech",https://www.kantei.go.jp/jp/headline/kansensho/vaccine.html,80749912,48080291,32669621,
Japan,2021-07-25,"Moderna, Pfizer/BioNTech",https://www.kantei.go.jp/jp/headline/kansensho/vaccine.html,81785714,48421148,33364566,
Japan,2021-07-26,"Moderna, Pfizer/BioNTech",https://www.kantei.go.jp/jp/headline/kansensho/vaccine.html,82987824,48856128,34131696,
Japan,2021-07-27,"Moderna, Pfizer/BioNTech",https://www.kantei.go.jp/jp/headline/kansensho/vaccine.html,84218748,49329712,34889036,
Japan,2021-07-28,"Moderna, Pfizer/BioNTech",https://www.kantei.go.jp/jp/headline/kansensho/vaccine.html,85449382,49797088,35652294,
Japan,2021-07-29,"Moderna, Pfizer/BioNTech",https://www.kantei.go.jp/jp/headline/kansensho/vaccine.html,86641319,50259909,36381410,
Japan,2021-07-30,"Moderna, Pfizer/BioNTech",https://www.kantei.go.jp/jp/headline/kansensho/vaccine.html,87831284,50733402,37097882,
Japan,2021-07-31,"Moderna, Pfizer/BioNTech",https://www.kantei.go.jp/jp/headline/kansensho/vaccine.html,89081552,51242500,37839052,
Japan,2021-08-01,"Moderna, Pfizer/BioNTech",https://www.kantei.go.jp/jp/headline/kansensho/vaccine.html,90023640,51677291,38346349,
Japan,2021-08-02,"Moderna, Pfizer/BioNTech",https://www.kantei.go.jp/jp/headline/kansensho/vaccine.html,90880374,52067366,38813008,
Japan,2021-08-03,"Moderna, Pfizer/BioNTech",https://www.kantei.go.jp/jp/headline/kansensho/vaccine.html,91697753,52436769,39260984,
Japan,2021-08-04,"Moderna, Pfizer/BioNTech",https://www.kantei.go.jp/jp/headline/kansensho/vaccine.html,98284206,57443062,40841144,
Japan,2021-08-05,"Moderna, Pfizer/BioNTech",https://www.kantei.go.jp/jp/headline/kansensho/vaccine.html,99651092,58095553,41555539,
Japan,2021-08-09,"Moderna, Pfizer/BioNTech",https://www.kantei.go.jp/jp/headline/kansensho/vaccine.html,102913015,59629433,43283582,
Japan,2021-08-10,"Moderna, Pfizer/BioNTech",https://www.kantei.go.jp/jp/headline/kansensho/vaccine.html,105680550,60534603,45145947,
Japan,2021-08-11,"Moderna, Pfizer/BioNTech",https://www.kantei.go.jp/jp/headline/kansensho/vaccine.html,107081571,61190128,45891443,
Japan,2021-08-12,"Moderna, Pfizer/BioNTech",https://www.kantei.go.jp/jp/headline/kansensho/vaccine.html,108179498,61757353,46422145,
Japan,2021-08-15,"Moderna, Pfizer/BioNTech",https://www.kantei.go.jp/jp/headline/kansensho/vaccine.html,109911890,62680094,47231796,
Japan,2021-08-16,"Moderna, Pfizer/BioNTech",https://www.kantei.go.jp/jp/headline/kansensho/vaccine.html,111050989,63231125,47819864,
Japan,2021-08-17,"Moderna, Pfizer/BioNTech",https://www.kantei.go.jp/jp/headline/kansensho/vaccine.html,113351510,63995377,49356133,
Japan,2021-08-18,"Moderna, Pfizer/BioNTech",https://www.kantei.go.jp/jp/headline/kansensho/vaccine.html,114664353,64673876,49990477,
Japan,2021-08-19,"Moderna, Pfizer/BioNTech",https://www.kantei.go.jp/jp/headline/kansensho/vaccine.html,115739998,65212896,50527102,
Japan,2021-08-22,"Moderna, Pfizer/BioNTech",https://www.kantei.go.jp/jp/headline/kansensho/vaccine.html,118310106,66534506,51775600,
Japan,2021-08-24,"Moderna, Pfizer/BioNTech, Oxford/AstraZeneca",https://www.kantei.go.jp/jp/headline/kansensho/vaccine.html,122223024,68116454,54106570,
Japan,2021-08-26,"Moderna, Pfizer/BioNTech, Oxford/AstraZeneca",https://www.kantei.go.jp/jp/headline/kansensho/vaccine.html,124534483,69261828,55272655,
Japan,2021-08-29,"Moderna, Pfizer/BioNTech, Oxford/AstraZeneca",https://www.kantei.go.jp/jp/headline/kansensho/vaccine.html,127420574,70699480,56721094,
Japan,2021-08-30,"Moderna, Pfizer/BioNTech, Oxford/AstraZeneca",https://www.kantei.go.jp/jp/headline/kansensho/vaccine.html,128759863,71390309,57369554,
Japan,2021-08-31,"Moderna, Pfizer/BioNTech, Oxford/AstraZeneca",https://www.kantei.go.jp/jp/headline/kansensho/vaccine.html,130900617,72392138,58508479,
Japan,2021-09-01,"Moderna, Pfizer/BioNTech, Oxford/AstraZeneca",https://www.kantei.go.jp/jp/headline/kansensho/vaccine.html,132033831,72973757,59060074,
Japan,2021-09-02,"Moderna, Pfizer/BioNTech, Oxford/AstraZeneca",https://www.kantei.go.jp/jp/headline/kansensho/vaccine.html,133058203,73464874,59593329,
Japan,2021-09-06,"Moderna, Pfizer/BioNTech, Oxford/AstraZeneca",https://www.kantei.go.jp/jp/headline/kansensho/vaccine.html,135685318,75065848,60619470,
Japan,2021-09-07,"Moderna, Pfizer/BioNTech, Oxford/AstraZeneca",https://www.kantei.go.jp/jp/headline/kansensho/vaccine.html,139093325,77098247,61995078,
Japan,2021-09-08,"Moderna, Pfizer/BioNTech, Oxford/AstraZeneca",https://www.kantei.go.jp/jp/headline/kansensho/vaccine.html,140295783,77749452,62546331,
Japan,2021-09-09,"Moderna, Pfizer/BioNTech, Oxford/AstraZeneca",https://www.kantei.go.jp/jp/headline/kansensho/vaccine.html,141432726,78354959,63077767,
Japan,2021-09-12,"Moderna, Pfizer/BioNTech, Oxford/AstraZeneca",https://www.kantei.go.jp/jp/headline/kansensho/vaccine.html,144312589,79835876,64476713,
Japan,2021-09-13,"Moderna, Pfizer/BioNTech, Oxford/AstraZeneca",https://www.kantei.go.jp/jp/headline/kansensho/vaccine.html,145790344,80576158,65214186,
Japan,2021-09-14,"Moderna, Pfizer/BioNTech, Oxford/AstraZeneca",https://www.kantei.go.jp/jp/headline/kansensho/vaccine.html,147586692,81550858,66035834,
Japan,2021-09-15,"Moderna, Pfizer/BioNTech, Oxford/AstraZeneca",https://www.kantei.go.jp/jp/headline/kansensho/vaccine.html,148775011,82148564,66626447,
Japan,2021-09-16,"Moderna, Pfizer/BioNTech, Oxford/AstraZeneca",https://www.kantei.go.jp/jp/headline/kansensho/vaccine.html,149882538,82677879,67204659,
Japan,2021-09-20,"Moderna, Pfizer/BioNTech, Oxford/AstraZeneca",https://www.kantei.go.jp/jp/headline/kansensho/vaccine.html,153118707,84263962,68854745,
Japan,2021-09-21,"Moderna, Pfizer/BioNTech, Oxford/AstraZeneca",https://www.kantei.go.jp/jp/headline/kansensho/vaccine.html,154971886,85134310,69837576,
Japan,2021-09-23,"Moderna, Pfizer/BioNTech, Oxford/AstraZeneca",https://www.kantei.go.jp/jp/headline/kansensho/vaccine.html,156559895,85829323,70730572,
Japan,2021-09-26,"Moderna, Pfizer/BioNTech, Oxford/AstraZeneca",https://www.kantei.go.jp/jp/headline/kansensho/vaccine.html,159494782,87000853,72493929,
Japan,2021-09-27,"Moderna, Pfizer/BioNTech, Oxford/AstraZeneca",https://www.kantei.go.jp/jp/headline/kansensho/vaccine.html,161057159,87639971,73417188,
Japan,2021-09-28,"Moderna, Pfizer/BioNTech, Oxford/AstraZeneca",https://www.kantei.go.jp/jp/headline/kansensho/vaccine.html,162577384,88207949,74369435,
Japan,2021-09-29,"Moderna, Pfizer/BioNTech, Oxford/AstraZeneca",https://www.kantei.go.jp/jp/headline/kansensho/vaccine.html,163738220,88693855,75044365,
Japan,2021-09-30,"Moderna, Pfizer/BioNTech, Oxford/AstraZeneca",https://www.kantei.go.jp/jp/headline/kansensho/vaccine.html,164859014,89154655,75704359,
Japan,2021-10-03,"Moderna, Pfizer/BioNTech, Oxford/AstraZeneca",https://www.kantei.go.jp/jp/headline/kansensho/vaccine.html,167449378,90287343,77162035,
Japan,2021-10-04,"Moderna, Pfizer/BioNTech, Oxford/AstraZeneca",https://www.kantei.go.jp/jp/headline/kansensho/vaccine.html,168762404,90841137,77921267,
Japan,2021-10-05,"Moderna, Pfizer/BioNTech, Oxford/AstraZeneca",https://www.kantei.go.jp/jp/headline/kansensho/vaccine.html,170282269,91424509,78857760,
Japan,2021-10-06,"Moderna, Pfizer/BioNTech, Oxford/AstraZeneca",https://www.kantei.go.jp/jp/headline/kansensho/vaccine.html,171193251,91794890,79398361,
Japan,2021-10-07,"Moderna, Pfizer/BioNTech, Oxford/AstraZeneca",https://www.kantei.go.jp/jp/headline/kansensho/vaccine.html,172127058,92174332,79952726,
Japan,2021-10-10,"Moderna, Pfizer/BioNTech, Oxford/AstraZeneca",https://www.kantei.go.jp/jp/headline/kansensho/vaccine.html,174631850,93169823,81462027,
Japan,2021-10-11,"Moderna, Pfizer/BioNTech, Oxford/AstraZeneca",https://www.kantei.go.jp/jp/headline/kansensho/vaccine.html,175700765,93651522,82049243,
Japan,2021-10-12,"Moderna, Pfizer/BioNTech, Oxford/AstraZeneca",https://www.kantei.go.jp/jp/headline/kansensho/vaccine.html,176881164,94051403,82829761,
Japan,2021-10-13,"Moderna, Pfizer/BioNTech, Oxford/AstraZeneca",https://www.kantei.go.jp/jp/headline/kansensho/vaccine.html,177622120,94311115,83311005,
Japan,2021-10-14,"Moderna, Pfizer/BioNTech, Oxford/AstraZeneca",https://www.kantei.go.jp/jp/headline/kansensho/vaccine.html,178255509,94599325,83656184,
Japan,2021-10-17,"Moderna, Pfizer/BioNTech, Oxford/AstraZeneca",https://www.kantei.go.jp/jp/headline/kansensho/vaccine.html,180219121,95356325,84862796,
Japan,2021-10-18,"Moderna, Pfizer/BioNTech, Oxford/AstraZeneca",https://www.kantei.go.jp/jp/headline/kansensho/vaccine.html,180976061,95638769,85337292,
Japan,2021-10-19,"Moderna, Pfizer/BioNTech, Oxford/AstraZeneca",https://www.kantei.go.jp/jp/headline/kansensho/vaccine.html,182079899,95991219,86088680,
Japan,2021-10-20,"Moderna, Pfizer/BioNTech, Oxford/AstraZeneca",https://www.kantei.go.jp/jp/headline/kansensho/vaccine.html,182719236,96203522,86515714,
Japan,2021-10-21,"Moderna, Pfizer/BioNTech, Oxford/AstraZeneca",https://www.kantei.go.jp/jp/headline/kansensho/vaccine.html,183344047,96406686,86937361,
Japan,2021-10-24,"Moderna, Pfizer/BioNTech, Oxford/AstraZeneca",https://www.kantei.go.jp/jp/headline/kansensho/vaccine.html,185079015,96914751,88164264,
Japan,2021-10-25,"Moderna, Pfizer/BioNTech, Oxford/AstraZeneca",https://www.kantei.go.jp/jp/headline/kansensho/vaccine.html,185979201,97181292,88797909,
Japan,2021-10-27,"Moderna, Pfizer/BioNTech, Oxford/AstraZeneca",https://www.kantei.go.jp/jp/headline/kansensho/vaccine.html,186742406,97383346,89359060,
Japan,2021-10-28,"Moderna, Pfizer/BioNTech, Oxford/AstraZeneca",https://www.kantei.go.jp/jp/headline/kansensho/vaccine.html,187865740,97711358,90154382,
Japan,2021-10-31,"Moderna, Pfizer/BioNTech, Oxford/AstraZeneca",https://www.kantei.go.jp/jp/headline/kansensho/vaccine.html,189319619,98090221,91229398,
Japan,2021-11-01,"Moderna, Pfizer/BioNTech, Oxford/AstraZeneca",https://www.kantei.go.jp/jp/headline/kansensho/vaccine.html,190022071,98250592,91771479,
Japan,2021-11-03,"Moderna, Pfizer/BioNTech, Oxford/AstraZeneca",https://www.kantei.go.jp/jp/headline/kansensho/vaccine.html,190595761,98388710,92207051,
Japan,2021-11-04,"Moderna, Pfizer/BioNTech, Oxford/AstraZeneca",https://www.kantei.go.jp/jp/headline/kansensho/vaccine.html,191044946,98487956,92556990,
Japan,2021-11-07,"Moderna, Pfizer/BioNTech, Oxford/AstraZeneca",https://www.kantei.go.jp/jp/headline/kansensho/vaccine.html,192078918,98716956,93361962,
Japan,2021-11-08,"Moderna, Pfizer/BioNTech, Oxford/AstraZeneca",https://www.kantei.go.jp/jp/headline/kansensho/vaccine.html,192610138,98847347,93762791,
Japan,2021-11-09,"Moderna, Pfizer/BioNTech, Oxford/AstraZeneca",https://www.kantei.go.jp/jp/headline/kansensho/vaccine.html,193095269,98961017,94134252,
Japan,2021-11-11,"Moderna, Pfizer/BioNTech, Oxford/AstraZeneca",https://www.kantei.go.jp/jp/headline/kansensho/vaccine.html,193681996,99092741,94589255,
Japan,2021-11-14,"Moderna, Pfizer/BioNTech, Oxford/AstraZeneca",https://www.kantei.go.jp/jp/headline/kansensho/vaccine.html,194370766,99237050,95133716,
Japan,2021-11-15,"Moderna, Pfizer/BioNTech, Oxford/AstraZeneca",https://www.kantei.go.jp/jp/headline/kansensho/vaccine.html,194828997,99305487,95523510,
Japan,2021-11-16,"Moderna, Pfizer/BioNTech, Oxford/AstraZeneca",https://www.kantei.go.jp/jp/headline/kansensho/vaccine.html,195111912,99355843,95756069,
Japan,2021-11-17,"Moderna, Pfizer/BioNTech, Oxford/AstraZeneca",https://www.kantei.go.jp/jp/headline/kansensho/vaccine.html,195322820,99404567,95918253,
Japan,2021-11-18,"Moderna, Pfizer/BioNTech, Oxford/AstraZeneca",https://www.kantei.go.jp/jp/headline/kansensho/vaccine.html,195490201,99430887,96059314,
Japan,2021-11-21,"Moderna, Pfizer/BioNTech, Oxford/AstraZeneca",https://www.kantei.go.jp/jp/headline/kansensho/vaccine.html,196026726,99546489,96480237,
Japan,2021-11-23,"Moderna, Pfizer/BioNTech, Oxford/AstraZeneca",https://www.kantei.go.jp/jp/headline/kansensho/vaccine.html,196319563,99604448,96715115,
Japan,2021-11-24,"Moderna, Pfizer/BioNTech, Oxford/AstraZeneca",https://www.kantei.go.jp/jp/headline/kansensho/vaccine.html,196440455,99619236,96821219,
Japan,2021-11-25,"Moderna, Pfizer/BioNTech, Oxford/AstraZeneca",https://www.kantei.go.jp/jp/headline/kansensho/vaccine.html,196576395,99653851,96922544,
Japan,2021-11-28,"Moderna, Pfizer/BioNTech, Oxford/AstraZeneca",https://www.kantei.go.jp/jp/headline/kansensho/vaccine.html,196915615,99726235,97189380,
Japan,2021-11-29,"Moderna, Pfizer/BioNTech, Oxford/AstraZeneca",https://www.kantei.go.jp/jp/headline/kansensho/vaccine.html,197101669,99771012,97330657,
Japan,2021-11-30,"Moderna, Pfizer/BioNTech, Oxford/AstraZeneca",https://www.kantei.go.jp/jp/headline/kansensho/vaccine.html,197266161,99812942,97453219,
Japan,2021-12-02,"Moderna, Pfizer/BioNTech, Oxford/AstraZeneca",https://www.kantei.go.jp/jp/headline/kansensho/vaccine.html,197423151,99861506,97558098,
Japan,2021-12-05,"Moderna, Pfizer/BioNTech, Oxford/AstraZeneca",https://www.kantei.go.jp/jp/headline/kansensho/vaccine.html,197620701,99926796,97685248,
Japan,2021-12-06,"Moderna, Pfizer/BioNTech, Oxford/AstraZeneca",https://www.kantei.go.jp/jp/headline/kansensho/vaccine.html,197762698,99970412,97777207,
Japan,2021-12-08,"Moderna, Pfizer/BioNTech, Oxford/AstraZeneca",https://www.kantei.go.jp/jp/headline/kansensho/vaccine.html,197938660,100017298,97893742,
Japan,2021-12-09,"Moderna, Pfizer/BioNTech, Oxford/AstraZeneca",https://www.kantei.go.jp/jp/headline/kansensho/vaccine.html,198014376,100036244,97941682,
Japan,2021-12-12,"Moderna, Pfizer/BioNTech, Oxford/AstraZeneca",https://www.kantei.go.jp/jp/headline/kansensho/vaccine.html,198171413,100068828,98049848,
Japan,2021-12-13,"Moderna, Pfizer/BioNTech, Oxford/AstraZeneca",https://www.kantei.go.jp/jp/headline/kansensho/vaccine.html,198248857,100073116,98105016,
Japan,2021-12-14,"Moderna, Pfizer/BioNTech, Oxford/AstraZeneca",https://www.kantei.go.jp/jp/headline/kansensho/vaccine.html,198348812,100097666,98157944,
Japan,2021-12-15,"Moderna, Pfizer/BioNTech, Oxford/AstraZeneca",https://www.kantei.go.jp/jp/headline/kansensho/vaccine.html,198419971,100112091,98190145,
Japan,2021-12-16,"Moderna, Pfizer/BioNTech, Oxford/AstraZeneca",https://www.kantei.go.jp/jp/headline/kansensho/vaccine.html,198497730,100125316,98222530,
Japan,2021-12-20,"Moderna, Pfizer/BioNTech, Oxford/AstraZeneca",https://www.kantei.go.jp/jp/headline/kansensho/vaccine.html,198810017,100201445,98362579,245993
Japan,2021-12-21,"Moderna, Pfizer/BioNTech, Oxford/AstraZeneca",https://www.kantei.go.jp/jp/headline/kansensho/vaccine.html,198923765,100227516,98404932,291317
Japan,2021-12-22,"Moderna, Pfizer/BioNTech, Oxford/AstraZeneca",https://www.kantei.go.jp/jp/headline/kansensho/vaccine.html,199030483,100249868,98442645,337970
Japan,2021-12-23,"Moderna, Pfizer/BioNTech, Oxford/AstraZeneca",https://www.kantei.go.jp/jp/headline/kansensho/vaccine.html,199120144,100262404,98472531,385209
Japan,2021-12-27,"Moderna, Pfizer/BioNTech, Oxford/AstraZeneca",https://www.kantei.go.jp/jp/headline/kansensho/vaccine.html,199340742,100309183,98563022,468537
Japan,2021-12-28,"Moderna, Pfizer/BioNTech, Oxford/AstraZeneca",https://www.kantei.go.jp/jp/headline/kansensho/vaccine.html,199596362,100404891,98660175,531296
Japan,2022-01-10,"Moderna, Pfizer/BioNTech, Oxford/AstraZeneca",https://www.kantei.go.jp/jp/headline/kansensho/vaccine.html,201412837,101126349,99413078,873410
Japan,2022-01-11,"Moderna, Pfizer/BioNTech, Oxford/AstraZeneca",https://www.kantei.go.jp/jp/headline/kansensho/vaccine.html,201558997,101151742,99456201,951054
Japan,2022-01-12,"Moderna, Pfizer/BioNTech, Oxford/AstraZeneca",https://www.kantei.go.jp/jp/headline/kansensho/vaccine.html,201662805,101156840,99470000,1035965
Japan,2022-01-13,"Moderna, Pfizer/BioNTech, Oxford/AstraZeneca",https://www.kantei.go.jp/jp/headline/kansensho/vaccine.html,201786647,101172002,99495264,1119381
Japan,2022-01-16,"Moderna, Pfizer/BioNTech, Oxford/AstraZeneca",https://www.kantei.go.jp/jp/headline/kansensho/vaccine.html,202119019,101216376,99557503,1345140
Japan,2022-01-17,"Moderna, Pfizer/BioNTech, Oxford/AstraZeneca",https://www.kantei.go.jp/jp/headline/kansensho/vaccine.html,202280089,101224065,99572488,1483536
Japan,2022-01-18,"Moderna, Pfizer/BioNTech, Oxford/AstraZeneca",https://www.kantei.go.jp/jp/headline/kansensho/vaccine.html,202465017,101243759,99591998,1629260
Japan,2022-01-19,"Moderna, Pfizer/BioNTech, Oxford/AstraZeneca",https://www.kantei.go.jp/jp/headline/kansensho/vaccine.html,202658652,101262215,99615898,1780539
Japan,2022-01-20,"Moderna, Pfizer/BioNTech, Oxford/AstraZeneca",https://www.kantei.go.jp/jp/headline/kansensho/vaccine.html,202865566,101287418,99633916,1944232
Japan,2022-01-23,"Moderna, Pfizer/BioNTech, Oxford/AstraZeneca",https://www.kantei.go.jp/jp/headline/kansensho/vaccine.html,203348494,101327038,99657461,2363995
Japan,2022-01-24,"Moderna, Pfizer/BioNTech, Oxford/AstraZeneca",https://www.kantei.go.jp/jp/headline/kansensho/vaccine.html,203642290,101344227,99668206,2629857
Japan,2022-01-25,"Moderna, Pfizer/BioNTech, Oxford/AstraZeneca",https://www.kantei.go.jp/jp/headline/kansensho/vaccine.html,203935306,,99679611,2892327
Japan,2022-01-26,"Moderna, Pfizer/BioNTech, Oxford/AstraZeneca",https://www.kantei.go.jp/jp/headline/kansensho/vaccine.html,204228909,,99693359,3156376
Japan,2022-01-27,"Moderna, Pfizer/BioNTech, Oxford/AstraZeneca",https://www.kantei.go.jp/jp/headline/kansensho/vaccine.html,204528007,,99708897,3422540
Japan,2022-01-30,"Moderna, Pfizer/BioNTech, Oxford/AstraZeneca",https://www.kantei.go.jp/jp/headline/kansensho/vaccine.html,205281735,,99757353,4081217
Japan,2022-01-31,"Moderna, Pfizer/BioNTech, Oxford/AstraZeneca",https://www.kantei.go.jp/jp/headline/kansensho/vaccine.html,205744165,,99788499,4480214
Japan,2022-02-01,"Moderna, Pfizer/BioNTech, Oxford/AstraZeneca",https://www.kantei.go.jp/jp/headline/kansensho/vaccine.html,206186276,101346138,99824114,5016024
Japan,2022-02-02,"Moderna, Pfizer/BioNTech, Oxford/AstraZeneca",https://www.kantei.go.jp/jp/headline/kansensho/vaccine.html,206751128,101361954,99837916,5551258
Japan,2022-02-03,"Moderna, Pfizer/BioNTech, Oxford/AstraZeneca",https://www.kantei.go.jp/jp/headline/kansensho/vaccine.html,207319162,101375787,99849807,6093568
Japan,2022-02-06,"Moderna, Pfizer/BioNTech, Oxford/AstraZeneca",https://www.kantei.go.jp/jp/headline/kansensho/vaccine.html,208782536,101422080,99894922,7465534
Japan,2022-02-07,"Moderna, Pfizer/BioNTech, Oxford/AstraZeneca",https://www.kantei.go.jp/jp/headline/kansensho/vaccine.html,209653907,101444465,99914638,8294804
Japan,2022-02-08,"Moderna, Pfizer/BioNTech, Oxford/AstraZeneca",https://www.kantei.go.jp/jp/headline/kansensho/vaccine.html,210542246,101465000,99936780,9140466
Japan,2022-02-09,"Moderna, Pfizer/BioNTech, Oxford/AstraZeneca",https://www.kantei.go.jp/jp/headline/kansensho/vaccine.html,211401896,101480129,99951484,9970283
Japan,2022-02-13,"Moderna, Pfizer/BioNTech, Oxford/AstraZeneca",https://www.kantei.go.jp/jp/headline/kansensho/vaccine.html,213438155,101514450,99992642,11931063
Japan,2022-02-14,"Moderna, Pfizer/BioNTech, Oxford/AstraZeneca",https://www.kantei.go.jp/jp/headline/kansensho/vaccine.html,214571982,101530485,100011378,13030119
Japan,2022-02-15,"Moderna, Pfizer/BioNTech, Oxford/AstraZeneca",https://www.kantei.go.jp/jp/headline/kansensho/vaccine.html,215649628,101544966,100029188,14075474
Japan,2022-02-16,"Moderna, Pfizer/BioNTech, Oxford/AstraZeneca",https://www.kantei.go.jp/jp/headline/kansensho/vaccine.html,216665733,101558939,100045212,15061582
Japan,2022-02-17,"Moderna, Pfizer/BioNTech, Oxford/AstraZeneca",https://www.kantei.go.jp/jp/headline/kansensho/vaccine.html,217642958,101571281,100062531,16009146
Japan,2022-02-20,"Moderna, Pfizer/BioNTech, Oxford/AstraZeneca",https://www.kantei.go.jp/jp/headline/kansensho/vaccine.html,219899127,101609031,100109839,18180257
Japan,2022-02-21,"Moderna, Pfizer/BioNTech, Oxford/AstraZeneca",https://www.kantei.go.jp/jp/headline/kansensho/vaccine.html,221140518,101626424,100130402,19383692
Japan,2022-02-24,"Moderna, Pfizer/BioNTech, Oxford/AstraZeneca",https://www.kantei.go.jp/jp/headline/kansensho/vaccine.html,223820819,101672246,100178635,21969938
Japan,2022-02-27,"Moderna, Pfizer/BioNTech, Oxford/AstraZeneca",https://www.kantei.go.jp/jp/headline/kansensho/vaccine.html,226386565,101704510,100223526,24458529
Japan,2022-02-28,"Moderna, Pfizer/BioNTech, Oxford/AstraZeneca",https://www.kantei.go.jp/jp/headline/kansensho/vaccine.html,227761986,101717059,100246835,25798092
Japan,2022-03-02,"Moderna, Pfizer/BioNTech, Oxford/AstraZeneca",https://www.kantei.go.jp/jp/headline/kansensho/vaccine.html,230096985,101745799,100285748,28065438
Japan,2022-03-03,"Moderna, Pfizer/BioNTech, Oxford/AstraZeneca",https://www.kantei.go.jp/jp/headline/kansensho/vaccine.html,231122195,101760053,100301858,29060284
Japan,2022-03-06,"Moderna, Pfizer/BioNTech, Oxford/AstraZeneca",https://www.kantei.go.jp/jp/headline/kansensho/vaccine.html,233632708,101799864,100333289,31499555
Japan,2022-03-07,"Moderna, Pfizer/BioNTech, Oxford/AstraZeneca",https://www.kantei.go.jp/jp/headline/kansensho/vaccine.html,234925595,101824621,100351180,32749794
Japan,2022-03-08,"Moderna, Pfizer/BioNTech, Oxford/AstraZeneca",https://www.kantei.go.jp/jp/headline/kansensho/vaccine.html,236103982,101842030,100365560,33896392
Japan,2022-03-09,"Moderna, Pfizer/BioNTech, Oxford/AstraZeneca",https://www.kantei.go.jp/jp/headline/kansensho/vaccine.html,237089041,101856336,100376396,34856309
Japan,2022-03-10,"Moderna, Pfizer/BioNTech, Oxford/AstraZeneca",https://www.kantei.go.jp/jp/headline/kansensho/vaccine.html,238050214,101875160,100390149,35784905
Japan,2022-03-13,"Moderna, Pfizer/BioNTech, Oxford/AstraZeneca",https://www.kantei.go.jp/jp/headline/kansensho/vaccine.html,240441450,101950049,100424330,38067071
Japan,2022-03-14,"Moderna, Pfizer/BioNTech, Oxford/AstraZeneca",https://www.kantei.go.jp/jp/headline/kansensho/vaccine.html,241689774,101984441,100444869,39260464
Japan,2022-03-15,"Moderna, Pfizer/BioNTech, Oxford/AstraZeneca",https://www.kantei.go.jp/jp/headline/kansensho/vaccine.html,242927963,102011847,100456182,40459934
Japan,2022-03-16,"Moderna, Pfizer/BioNTech, Oxford/AstraZeneca",https://www.kantei.go.jp/jp/headline/kansensho/vaccine.html,243836391,102036312,100465776,41334303
Japan,2022-03-17,"Moderna, Pfizer/BioNTech, Oxford/AstraZeneca",https://www.kantei.go.jp/jp/headline/kansensho/vaccine.html,244711875,102058113,100476635,42177127
Japan,2022-03-21,"Moderna, Pfizer/BioNTech, Oxford/AstraZeneca",https://www.kantei.go.jp/jp/headline/kansensho/vaccine.html,247132594,102153541,100506158,44472895
Japan,2022-03-22,"Moderna, Pfizer/BioNTech, Oxford/AstraZeneca",https://www.kantei.go.jp/jp/headline/kansensho/vaccine.html,248489469,102198880,100523795,45766794
Japan,2022-03-23,"Moderna, Pfizer/BioNTech, Oxford/AstraZeneca",https://www.kantei.go.jp/jp/headline/kansensho/vaccine.html,249408158,102231099,100536048,46641011
Japan,2022-03-24,"Moderna, Pfizer/BioNTech, Oxford/AstraZeneca",https://www.kantei.go.jp/jp/headline/kansensho/vaccine.html,250187988,102258371,100547291,47382326
Japan,2022-03-27,"Moderna, Pfizer/BioNTech, Oxford/AstraZeneca",https://www.kantei.go.jp/jp/headline/kansensho/vaccine.html,252334857,102370587,100593847,49370423
Japan,2022-03-29,"Moderna, Pfizer/BioNTech, Oxford/AstraZeneca",https://www.kantei.go.jp/jp/headline/kansensho/vaccine.html,254345587,102467506,100633737,51244344
Japan,2022-03-30,"Moderna, Pfizer/BioNTech, Oxford/AstraZeneca",https://www.kantei.go.jp/jp/headline/kansensho/vaccine.html,255078607,102499760,100647986,51930861
Japan,2022-03-31,"Moderna, Pfizer/BioNTech, Oxford/AstraZeneca",https://www.kantei.go.jp/jp/headline/kansensho/vaccine.html,255719551,102528330,100670133,52521088
