location,date,vaccine,source_url,total_vaccinations,people_vaccinated,people_fully_vaccinated,total_boosters
Jordan,2021-01-12,"Pfizer/BioNTech, Sinopharm/Beijing",https://petra.gov.jo/Include/InnerPage.jsp?ID=31830&lang=en&name=en_news,0,0,0,
Jordan,2021-01-23,"Pfizer/BioNTech, Sinopharm/Beijing",https://petra.gov.jo/Include/InnerPage.jsp?ID=31830&lang=en&name=en_news,30000,30000,0,
Jordan,2021-01-31,"Pfizer/BioNTech, Sinopharm/Beijing",https://twitter.com/PrimeMinistry/status/1355931355327197185,40000,40000,0,
Jordan,2021-02-22,"Pfizer/BioNTech, Sinopharm/Beijing",https://en.royanews.tv/news/25719/2021-02-22,80000,50000,30000,
Jordan,2021-02-25,"Pfizer/BioNTech, Sinopharm/Beijing",https://www.reuters.com/article/us-health-coronavirus-jordan/jordan-says-covid-19-vaccination-drive-to-accelerate-in-coming-weeks-idUSKBN2AP2VO,150000,,,
Jordan,2021-03-15,"Oxford/AstraZeneca, Pfizer/BioNTech, Sinopharm/Beijing",http://www.jordantimes.com/news/local/155772-people-received-1st-dose-covid-vaccine-%E2%80%94-crisis-cell,204151,155772,48379,
Jordan,2021-03-17,"Oxford/AstraZeneca, Pfizer/BioNTech, Sinopharm/Beijing",https://en.royanews.tv/news/26287/2021-03-17,241868,189456,52412,
Jordan,2021-03-21,"Oxford/AstraZeneca, Pfizer/BioNTech, Sinopharm/Beijing",https://en.royanews.tv/news/26404/2021-03-21,272648,209278,63370,
Jordan,2021-03-24,"Oxford/AstraZeneca, Pfizer/BioNTech, Sinopharm/Beijing",https://en.royanews.tv/news/26484/2021-03-24,320140,251197,68943,
Jordan,2021-03-30,"Oxford/AstraZeneca, Pfizer/BioNTech, Sinopharm/Beijing",https://petra.gov.jo/Include/InnerPage.jsp?ID=33506&lang=en&name=en_news,409203,304946,104257,
Jordan,2021-04-07,"Oxford/AstraZeneca, Pfizer/BioNTech, Sinopharm/Beijing",https://menafn.com/1101878861/Jordan-404912-people-receive-1st-dose-of-anti-COVID-19-vaccine-Crisis-cell?source=317,524533,404912,119621,
Jordan,2021-04-14,"Oxford/AstraZeneca, Pfizer/BioNTech, Sinopharm/Beijing",https://petra.gov.jo/Include/InnerPage.jsp?ID=33858&lang=en&name=en_news,665226,543095,122131,
Jordan,2021-04-19,"Oxford/AstraZeneca, Pfizer/BioNTech, Sinopharm/Beijing, Sputnik V",https://petra.gov.jo/Include/InnerPage.jsp?ID=33968&lang=en&name=en_news,732052,607381,124671,
Jordan,2021-04-29,"Oxford/AstraZeneca, Pfizer/BioNTech, Sinopharm/Beijing, Sputnik V",https://petra.gov.jo/Include/InnerPage.jsp?ID=175868&lang=ar&name=news,919922,699328,220594,
Jordan,2021-05-04,"Oxford/AstraZeneca, Pfizer/BioNTech, Sinopharm/Beijing, Sputnik V",https://www.facebook.com/ncscmjordan/photos/a.388629101483029/1436628866683042,1091048,805020,286028,
Jordan,2021-05-18,"Oxford/AstraZeneca, Pfizer/BioNTech, Sinopharm/Beijing, Sputnik V",https://www.facebook.com/ncscmjordan/photos/a.388629101483029/1446122289067033/,1419950,1034808,385142,
Jordan,2021-05-26,"Oxford/AstraZeneca, Pfizer/BioNTech, Sinopharm/Beijing, Sputnik V",https://www.almamlakatv.com/news/63858-%D8%A3%D9%83%D8%AB%D8%B1-%D9%85%D9%86-13-%D9%85%D9%84%D9%8A%D9%88%D9%86-%D8%B4%D8%AE%D8%B5-%D8%AA%D9%84%D9%82%D9%88%D8%A7-%D8%A7%D9%84%D8%AC%D8%B1%D8%B9%D8%A9-%D8%A7%D9%84%D8%A3%D9%88%D9%84%D9%89-%D8%A7%D9%84%D9%84%D9%82%D8%A7%D8%AD-%D8%A7%D9%84%D9%85%D8%B6%D8%A7%D8%AF-%D9%84%D9%83%D9%88%D8%B1%D9%88%D9%86%D8%A7-%D9%81%D9%8A-%D8%A7%D9%84%D8%A3%D8%B1%D8%AF%D9%86,1750000,1300000,450000,
Jordan,2021-05-27,"Oxford/AstraZeneca, Pfizer/BioNTech, Sinopharm/Beijing, Sputnik V",https://www.facebook.com/ncscmjordan/photos/a.388629101483029/1452048765141052/,1879809,1389247,490562,
Jordan,2021-05-28,"Oxford/AstraZeneca, Pfizer/BioNTech, Sinopharm/Beijing, Sputnik V",https://www.facebook.com/ncscmjordan/posts/1453446755001253,1904235,1412419,491816,
Jordan,2021-06-06,"Oxford/AstraZeneca, Pfizer/BioNTech, Sinopharm/Beijing, Sputnik V",https://twitter.com/mohgovjo/status/1401540399093719048,2307978,1748084,559894,
Jordan,2021-06-08,"Oxford/AstraZeneca, Pfizer/BioNTech, Sinopharm/Beijing, Sputnik V",https://corona.moh.gov.jo/ar,2487617,1892782,594835,
Jordan,2021-06-10,"Pfizer/BioNTech, Sinopharm/Beijing, Sputnik V, Oxford/AstraZeneca",https://corona.moh.gov.jo/ar,2515014,1898289,616725,
Jordan,2021-06-11,"Pfizer/BioNTech, Sinopharm/Beijing, Sputnik V, Oxford/AstraZeneca",https://corona.moh.gov.jo/ar,2515652,1898859,616793,
Jordan,2021-06-13,"Pfizer/BioNTech, Sinopharm/Beijing, Sputnik V, Oxford/AstraZeneca",https://corona.moh.gov.jo/ar,2601824,1922977,678847,
Jordan,2021-06-14,"Pfizer/BioNTech, Sinopharm/Beijing, Sputnik V, Oxford/AstraZeneca",https://corona.moh.gov.jo/ar,2681287,1940975,740312,
Jordan,2021-06-15,"Pfizer/BioNTech, Sinopharm/Beijing, Sputnik V, Oxford/AstraZeneca",https://corona.moh.gov.jo/ar,2751281,1969242,782039,
Jordan,2021-06-16,"Pfizer/BioNTech, Sinopharm/Beijing, Sputnik V, Oxford/AstraZeneca",https://corona.moh.gov.jo/ar,2818027,2007821,810206,
Jordan,2021-06-17,"Pfizer/BioNTech, Sinopharm/Beijing, Sputnik V, Oxford/AstraZeneca",https://corona.moh.gov.jo/ar,2891997,2040499,851498,
Jordan,2021-06-18,"Pfizer/BioNTech, Sinopharm/Beijing, Sputnik V, Oxford/AstraZeneca",https://corona.moh.gov.jo/ar,2893320,2041336,851984,
Jordan,2021-06-19,"Pfizer/BioNTech, Sinopharm/Beijing, Sputnik V, Oxford/AstraZeneca",https://corona.moh.gov.jo/ar,2914335,2043855,870480,
Jordan,2021-06-20,"Pfizer/BioNTech, Sinopharm/Beijing, Sputnik V, Oxford/AstraZeneca",https://corona.moh.gov.jo/ar,3099657,2100892,998765,
Jordan,2021-06-21,"Pfizer/BioNTech, Sinopharm/Beijing, Sputnik V, Oxford/AstraZeneca",https://corona.moh.gov.jo/ar,3197278,2125824,1071454,
Jordan,2021-06-24,"Pfizer/BioNTech, Sinopharm/Beijing, Sputnik V, Oxford/AstraZeneca",https://corona.moh.gov.jo/ar,3341638,2179720,1161918,
Jordan,2021-06-25,"Pfizer/BioNTech, Sinopharm/Beijing, Sputnik V, Oxford/AstraZeneca",https://corona.moh.gov.jo/ar,3378945,2215882,1163063,
Jordan,2021-06-26,"Pfizer/BioNTech, Sinopharm/Beijing, Sputnik V, Oxford/AstraZeneca",https://corona.moh.gov.jo/ar,3440724,2271230,1169494,
Jordan,2021-06-27,"Pfizer/BioNTech, Sinopharm/Beijing, Sputnik V, Oxford/AstraZeneca",https://corona.moh.gov.jo/ar,3522719,2316516,1206203,
Jordan,2021-06-28,"Pfizer/BioNTech, Sinopharm/Beijing, Sputnik V, Oxford/AstraZeneca",https://corona.moh.gov.jo/ar,3617998,2371379,1246619,
Jordan,2021-06-30,"Pfizer/BioNTech, Sinopharm/Beijing, Sputnik V, Oxford/AstraZeneca",https://corona.moh.gov.jo/ar,3907618,2488769,1418849,
Jordan,2021-07-02,"Pfizer/BioNTech, Sinopharm/Beijing, Sputnik V, Oxford/AstraZeneca",https://corona.moh.gov.jo/ar,3916223,2495153,1421070,
Jordan,2021-07-04,"Pfizer/BioNTech, Sinopharm/Beijing, Sputnik V, Oxford/AstraZeneca",https://corona.moh.gov.jo/ar,3995188,2539944,1455244,
Jordan,2021-07-05,"Pfizer/BioNTech, Sinopharm/Beijing, Sputnik V, Oxford/AstraZeneca",https://corona.moh.gov.jo/ar,4053724,2568752,1484972,
Jordan,2021-07-06,"Pfizer/BioNTech, Sinopharm/Beijing, Sputnik V, Oxford/AstraZeneca",https://corona.moh.gov.jo/ar,4116064,2571571,1544493,
Jordan,2021-07-07,"Pfizer/BioNTech, Sinopharm/Beijing, Sputnik V, Oxford/AstraZeneca",https://corona.moh.gov.jo/ar,4180380,2586787,1593593,
Jordan,2021-07-09,"Pfizer/BioNTech, Sinopharm/Beijing, Sputnik V, Oxford/AstraZeneca",https://corona.moh.gov.jo/ar,4244779,2610278,1634501,
Jordan,2021-07-11,"Pfizer/BioNTech, Sinopharm/Beijing, Sputnik V, Oxford/AstraZeneca",https://corona.moh.gov.jo/ar,4312212,2654733,1657479,
Jordan,2021-07-12,"Pfizer/BioNTech, Sinopharm/Beijing, Sputnik V, Oxford/AstraZeneca",https://corona.moh.gov.jo/ar,4366297,2658675,1707622,
Jordan,2021-07-13,"Pfizer/BioNTech, Sinopharm/Beijing, Sputnik V, Oxford/AstraZeneca",https://corona.moh.gov.jo/ar,4407580,2663304,1744276,
Jordan,2021-07-14,"Pfizer/BioNTech, Sinopharm/Beijing, Sputnik V, Oxford/AstraZeneca",https://corona.moh.gov.jo/ar,4453670,2687747,1765923,
Jordan,2021-07-15,"Pfizer/BioNTech, Sinopharm/Beijing, Sputnik V, Oxford/AstraZeneca",https://corona.moh.gov.jo/ar,4524542,2695410,1829132,
Jordan,2021-07-17,"Pfizer/BioNTech, Sinopharm/Beijing, Sputnik V, Oxford/AstraZeneca",https://corona.moh.gov.jo/ar,4574361,2699400,1874961,
Jordan,2021-07-18,"Pfizer/BioNTech, Sinopharm/Beijing, Sputnik V, Oxford/AstraZeneca",https://corona.moh.gov.jo/ar,4641453,2710398,1931055,
Jordan,2021-07-19,"Pfizer/BioNTech, Sinopharm/Beijing, Sputnik V, Oxford/AstraZeneca",https://corona.moh.gov.jo/ar,4644073,2711135,1932938,
Jordan,2021-07-21,"Pfizer/BioNTech, Sinopharm/Beijing, Sputnik V, Oxford/AstraZeneca",https://corona.moh.gov.jo/ar,4644140,2711172,1932968,
Jordan,2021-07-22,"Pfizer/BioNTech, Sinopharm/Beijing, Sputnik V, Oxford/AstraZeneca",https://corona.moh.gov.jo/ar,4668898,2731367,1937531,
Jordan,2021-07-24,"Pfizer/BioNTech, Sinopharm/Beijing, Sputnik V, Oxford/AstraZeneca",https://corona.moh.gov.jo/ar,4748953,2757973,1990980,
Jordan,2021-07-25,"Pfizer/BioNTech, Sinopharm/Beijing, Sputnik V, Oxford/AstraZeneca",https://corona.moh.gov.jo/ar,4848741,2788103,2060638,
Jordan,2021-07-26,"Pfizer/BioNTech, Sinopharm/Beijing, Sputnik V, Oxford/AstraZeneca",https://corona.moh.gov.jo/ar,4945351,2826690,2118661,
Jordan,2021-07-27,"Pfizer/BioNTech, Sinopharm/Beijing, Sputnik V, Oxford/AstraZeneca",https://corona.moh.gov.jo/ar,5028619,2878541,2150078,
Jordan,2021-07-29,"Pfizer/BioNTech, Sinopharm/Beijing, Sputnik V, Oxford/AstraZeneca",https://corona.moh.gov.jo/ar,5155730,2942904,2212826,
Jordan,2021-07-30,"Pfizer/BioNTech, Sinopharm/Beijing, Sputnik V, Oxford/AstraZeneca",https://corona.moh.gov.jo/ar,5173865,2954485,2219380,
Jordan,2021-07-31,"Pfizer/BioNTech, Sinopharm/Beijing, Sputnik V, Oxford/AstraZeneca",https://corona.moh.gov.jo/ar,5214727,2989511,2225216,
Jordan,2021-08-01,"Pfizer/BioNTech, Sinopharm/Beijing, Sputnik V, Oxford/AstraZeneca",https://corona.moh.gov.jo/ar,5265074,3004698,2260376,
Jordan,2021-08-09,"Pfizer/BioNTech, Sinopharm/Beijing, Sputnik V, Oxford/AstraZeneca",https://corona.moh.gov.jo/ar,5620347,3195060,2425287,
Jordan,2021-08-10,"Pfizer/BioNTech, Sinopharm/Beijing, Sputnik V, Oxford/AstraZeneca",https://corona.moh.gov.jo/ar,5621602,3195539,2426063,
Jordan,2021-08-11,"Pfizer/BioNTech, Sinopharm/Beijing, Sputnik V, Oxford/AstraZeneca",https://corona.moh.gov.jo/ar,5684478,3221151,2463327,
Jordan,2021-08-13,"Pfizer/BioNTech, Sinopharm/Beijing, Sputnik V, Oxford/AstraZeneca",https://corona.moh.gov.jo/ar,5692336,3225612,2466724,
Jordan,2021-08-14,"Pfizer/BioNTech, Sinopharm/Beijing, Sputnik V, Oxford/AstraZeneca",https://corona.moh.gov.jo/ar,5741689,3242791,2498898,
Jordan,2021-08-15,"Pfizer/BioNTech, Sinopharm/Beijing, Sputnik V, Oxford/AstraZeneca",https://corona.moh.gov.jo/ar,5791708,3252453,2539255,
Jordan,2021-08-16,"Pfizer/BioNTech, Sinopharm/Beijing, Sputnik V, Oxford/AstraZeneca",https://corona.moh.gov.jo/ar,5845629,3279754,2565875,
Jordan,2021-08-17,"Pfizer/BioNTech, Sinopharm/Beijing, Sputnik V, Oxford/AstraZeneca",https://corona.moh.gov.jo/ar,5897072,3293871,2603201,
Jordan,2021-08-18,"Pfizer/BioNTech, Sinopharm/Beijing, Sputnik V, Oxford/AstraZeneca",https://corona.moh.gov.jo/ar,5953209,3306810,2646399,
Jordan,2021-08-19,"Pfizer/BioNTech, Sinopharm/Beijing, Sputnik V, Oxford/AstraZeneca",https://corona.moh.gov.jo/ar,5999613,3318184,2681429,
Jordan,2021-08-20,"Pfizer/BioNTech, Sinopharm/Beijing, Sputnik V, Oxford/AstraZeneca",https://corona.moh.gov.jo/ar,6007827,3321063,2686764,
Jordan,2021-08-21,"Pfizer/BioNTech, Sinopharm/Beijing, Sputnik V, Oxford/AstraZeneca",https://corona.moh.gov.jo/ar,6043931,3336231,2707700,
Jordan,2021-08-22,"Pfizer/BioNTech, Sinopharm/Beijing, Sputnik V, Oxford/AstraZeneca",https://corona.moh.gov.jo/ar,6098386,3354577,2743809,
Jordan,2021-08-23,"Pfizer/BioNTech, Sinopharm/Beijing, Sputnik V, Oxford/AstraZeneca",https://corona.moh.gov.jo/ar,6135960,3372285,2763675,
Jordan,2021-08-24,"Pfizer/BioNTech, Sinopharm/Beijing, Sputnik V, Oxford/AstraZeneca",https://corona.moh.gov.jo/ar,6185774,3388945,2796829,
Jordan,2021-08-25,"Pfizer/BioNTech, Sinopharm/Beijing, Sputnik V, Oxford/AstraZeneca",https://corona.moh.gov.jo/ar,6223438,3401192,2822246,
Jordan,2021-08-26,"Pfizer/BioNTech, Sinopharm/Beijing, Sputnik V, Oxford/AstraZeneca",https://corona.moh.gov.jo/ar,6259831,3412620,2847211,
Jordan,2021-08-27,"Pfizer/BioNTech, Sinopharm/Beijing, Sputnik V, Oxford/AstraZeneca",https://corona.moh.gov.jo/ar,6266164,3414817,2851347,
Jordan,2021-08-28,"Pfizer/BioNTech, Sinopharm/Beijing, Sputnik V, Oxford/AstraZeneca",https://corona.moh.gov.jo/ar,6291218,3422595,2868623,
Jordan,2021-08-29,"Pfizer/BioNTech, Sinopharm/Beijing, Sputnik V, Oxford/AstraZeneca",https://corona.moh.gov.jo/ar,6371558,3450724,2920834,
Jordan,2021-08-31,"Pfizer/BioNTech, Sinopharm/Beijing, Sputnik V, Oxford/AstraZeneca",https://corona.moh.gov.jo/ar,6422943,3472046,2950897,
Jordan,2021-09-01,"Pfizer/BioNTech, Sinopharm/Beijing, Sputnik V, Oxford/AstraZeneca",https://corona.moh.gov.jo/ar,6452806,3486242,2966564,
Jordan,2021-09-03,"Pfizer/BioNTech, Sinopharm/Beijing, Sputnik V, Oxford/AstraZeneca",https://corona.moh.gov.jo/ar,6457892,3488727,2969165,
Jordan,2021-09-04,"Pfizer/BioNTech, Sinopharm/Beijing, Sputnik V, Oxford/AstraZeneca",https://corona.moh.gov.jo/ar,6478391,3497679,2980712,
Jordan,2021-09-05,"Pfizer/BioNTech, Sinopharm/Beijing, Sputnik V, Oxford/AstraZeneca",https://corona.moh.gov.jo/ar,6512659,3513620,2999039,
Jordan,2021-09-06,"Pfizer/BioNTech, Sinopharm/Beijing, Sputnik V, Oxford/AstraZeneca",https://corona.moh.gov.jo/ar,6569452,3534483,3034969,
Jordan,2021-09-08,"Pfizer/BioNTech, Sinopharm/Beijing, Sputnik V, Oxford/AstraZeneca",https://corona.moh.gov.jo/ar,6594040,3543990,3050050,
Jordan,2021-09-09,"Pfizer/BioNTech, Sinopharm/Beijing, Sputnik V, Oxford/AstraZeneca",https://corona.moh.gov.jo/ar,6617461,3553514,3063947,
Jordan,2021-09-10,"Pfizer/BioNTech, Sinopharm/Beijing, Sputnik V, Oxford/AstraZeneca",https://corona.moh.gov.jo/ar,6621480,3555290,3066190,
Jordan,2021-09-11,"Pfizer/BioNTech, Sinopharm/Beijing, Sputnik V, Oxford/AstraZeneca",https://corona.moh.gov.jo/ar,6639608,3562904,3076704,
Jordan,2021-09-12,"Pfizer/BioNTech, Sinopharm/Beijing, Sputnik V, Oxford/AstraZeneca",https://corona.moh.gov.jo/ar,6669093,3577708,3091385,
Jordan,2021-09-13,"Pfizer/BioNTech, Sinopharm/Beijing, Sputnik V, Oxford/AstraZeneca",https://corona.moh.gov.jo/ar,6695777,3587736,3108041,
Jordan,2021-09-14,"Pfizer/BioNTech, Sinopharm/Beijing, Sputnik V, Oxford/AstraZeneca",https://corona.moh.gov.jo/ar,6721452,3597237,3124215,
Jordan,2021-09-15,"Pfizer/BioNTech, Sinopharm/Beijing, Sputnik V, Oxford/AstraZeneca",https://corona.moh.gov.jo/ar,6745641,3605788,3139853,
Jordan,2021-09-16,"Pfizer/BioNTech, Sinopharm/Beijing, Sputnik V, Oxford/AstraZeneca",https://corona.moh.gov.jo/ar,6766704,3613953,3152751,
Jordan,2021-09-17,"Pfizer/BioNTech, Sinopharm/Beijing, Sputnik V, Oxford/AstraZeneca",https://corona.moh.gov.jo/ar,6770298,3615365,3154933,
Jordan,2021-09-18,"Pfizer/BioNTech, Sinopharm/Beijing, Sputnik V, Oxford/AstraZeneca",https://corona.moh.gov.jo/ar,6786367,3622207,3164160,
Jordan,2021-09-19,"Pfizer/BioNTech, Sinopharm/Beijing, Sputnik V, Oxford/AstraZeneca",https://corona.moh.gov.jo/ar,6805103,3630190,3174913,
Jordan,2021-09-20,"Pfizer/BioNTech, Sinopharm/Beijing, Sputnik V, Oxford/AstraZeneca",https://corona.moh.gov.jo/ar,6824232,3638442,3185790,
Jordan,2021-09-21,"Pfizer/BioNTech, Sinopharm/Beijing, Sputnik V, Oxford/AstraZeneca",https://corona.moh.gov.jo/ar,6847557,3646683,3200874,
Jordan,2021-09-22,"Pfizer/BioNTech, Sinopharm/Beijing, Sputnik V, Oxford/AstraZeneca",https://corona.moh.gov.jo/ar,6866023,3653864,3212159,
Jordan,2021-09-23,"Pfizer/BioNTech, Sinopharm/Beijing, Sputnik V, Oxford/AstraZeneca",https://corona.moh.gov.jo/ar,6882807,3660647,3222160,
Jordan,2021-09-24,"Pfizer/BioNTech, Sinopharm/Beijing, Sputnik V, Oxford/AstraZeneca",https://corona.moh.gov.jo/ar,6886546,3661887,3224659,
Jordan,2021-09-25,"Pfizer/BioNTech, Sinopharm/Beijing, Sputnik V, Oxford/AstraZeneca",https://corona.moh.gov.jo/ar,6903943,3668113,3235830,
Jordan,2021-09-26,"Pfizer/BioNTech, Sinopharm/Beijing, Sputnik V, Oxford/AstraZeneca",https://corona.moh.gov.jo/ar,6920178,3677698,3242480,
Jordan,2021-09-27,"Pfizer/BioNTech, Sinopharm/Beijing, Sputnik V, Oxford/AstraZeneca",https://corona.moh.gov.jo/ar,6942596,3688092,3254504,
Jordan,2021-09-28,"Pfizer/BioNTech, Sinopharm/Beijing, Sputnik V, Oxford/AstraZeneca",https://corona.moh.gov.jo/ar,6960192,3697313,3262879,
Jordan,2021-09-29,"Pfizer/BioNTech, Sinopharm/Beijing, Sputnik V, Oxford/AstraZeneca",https://corona.moh.gov.jo/ar,6976290,3705613,3270677,
Jordan,2021-09-30,"Pfizer/BioNTech, Sinopharm/Beijing, Sputnik V, Oxford/AstraZeneca",https://corona.moh.gov.jo/ar,7002305,3713321,3288984,
Jordan,2021-10-01,"Pfizer/BioNTech, Sinopharm/Beijing, Sputnik V, Oxford/AstraZeneca",https://corona.moh.gov.jo/ar,7005022,3714327,3290695,
Jordan,2021-10-02,"Pfizer/BioNTech, Sinopharm/Beijing, Sputnik V, Oxford/AstraZeneca",https://corona.moh.gov.jo/ar,7019525,3720605,3298920,
Jordan,2021-10-03,"Pfizer/BioNTech, Sinopharm/Beijing, Sputnik V, Oxford/AstraZeneca",https://corona.moh.gov.jo/ar,7037813,3729142,3308671,
Jordan,2021-10-04,"Pfizer/BioNTech, Sinopharm/Beijing, Sputnik V, Oxford/AstraZeneca",https://corona.moh.gov.jo/ar,7062866,3740683,3322183,
Jordan,2021-10-05,"Pfizer/BioNTech, Sinopharm/Beijing, Sputnik V, Oxford/AstraZeneca",https://corona.moh.gov.jo/ar,7082081,3749935,3332146,
Jordan,2021-10-07,"Pfizer/BioNTech, Sinopharm/Beijing, Sputnik V, Oxford/AstraZeneca",https://corona.moh.gov.jo/ar,7119810,3767788,3352022,
Jordan,2021-10-08,"Pfizer/BioNTech, Sinopharm/Beijing, Sputnik V, Oxford/AstraZeneca",https://corona.moh.gov.jo/ar,7122254,3768679,3353575,
Jordan,2021-10-09,"Pfizer/BioNTech, Sinopharm/Beijing, Sputnik V, Oxford/AstraZeneca",https://corona.moh.gov.jo/ar,7153612,3784104,3369508,
Jordan,2021-10-12,"Pfizer/BioNTech, Sinopharm/Beijing, Sputnik V, Oxford/AstraZeneca",https://corona.moh.gov.jo/ar,7185258,3799686,3385572,
Jordan,2021-10-13,"Pfizer/BioNTech, Sinopharm/Beijing, Sputnik V, Oxford/AstraZeneca",https://corona.moh.gov.jo/ar,7199291,3805735,3393556,
Jordan,2021-10-14,"Pfizer/BioNTech, Sinopharm/Beijing, Sputnik V, Oxford/AstraZeneca",https://corona.moh.gov.jo/ar,7213207,3811704,3401503,
Jordan,2021-10-15,"Pfizer/BioNTech, Sinopharm/Beijing, Sputnik V, Oxford/AstraZeneca",https://corona.moh.gov.jo/ar,7214980,3812384,3402596,
Jordan,2021-10-16,"Pfizer/BioNTech, Sinopharm/Beijing, Sputnik V, Oxford/AstraZeneca",https://corona.moh.gov.jo/ar,7226625,3817869,3408756,
Jordan,2021-10-17,"Pfizer/BioNTech, Sinopharm/Beijing, Sputnik V, Oxford/AstraZeneca",https://corona.moh.gov.jo/ar,7238510,3823481,3415029,
Jordan,2021-10-18,"Pfizer/BioNTech, Sinopharm/Beijing, Sputnik V, Oxford/AstraZeneca",https://corona.moh.gov.jo/ar,7249891,3829713,3420178,
Jordan,2021-10-19,"Pfizer/BioNTech, Sinopharm/Beijing, Sputnik V, Oxford/AstraZeneca",https://corona.moh.gov.jo/ar,7283306,3844590,3438716,
Jordan,2021-10-21,"Pfizer/BioNTech, Sinopharm/Beijing, Sputnik V, Oxford/AstraZeneca",https://corona.moh.gov.jo/ar,7306637,3856293,3450344,
Jordan,2021-10-22,"Pfizer/BioNTech, Sinopharm/Beijing, Sputnik V, Oxford/AstraZeneca",https://corona.moh.gov.jo/ar,7310446,3858464,3451982,
Jordan,2021-10-23,"Pfizer/BioNTech, Sinopharm/Beijing, Sputnik V, Oxford/AstraZeneca",https://corona.moh.gov.jo/ar,7330320,3869489,3460831,
Jordan,2021-10-24,"Pfizer/BioNTech, Sinopharm/Beijing, Sputnik V, Oxford/AstraZeneca",https://corona.moh.gov.jo/ar,7354774,3884920,3469854,
Jordan,2021-10-25,"Pfizer/BioNTech, Sinopharm/Beijing, Sputnik V, Oxford/AstraZeneca",https://corona.moh.gov.jo/ar,7378157,3898463,3479694,
Jordan,2021-10-26,"Pfizer/BioNTech, Sinopharm/Beijing, Sputnik V, Oxford/AstraZeneca",https://corona.moh.gov.jo/ar,7400075,3909917,3490158,
Jordan,2021-10-27,"Pfizer/BioNTech, Sinopharm/Beijing, Sputnik V, Oxford/AstraZeneca",https://corona.moh.gov.jo/ar,7419676,3920267,3499409,
Jordan,2021-10-28,"Pfizer/BioNTech, Sinopharm/Beijing, Sputnik V, Oxford/AstraZeneca",https://corona.moh.gov.jo/ar,7440887,3930749,3510138,
Jordan,2021-10-29,"Pfizer/BioNTech, Sinopharm/Beijing, Sputnik V, Oxford/AstraZeneca",https://corona.moh.gov.jo/ar,7443329,3931969,3511360,
Jordan,2021-10-30,"Pfizer/BioNTech, Sinopharm/Beijing, Sputnik V, Oxford/AstraZeneca",https://corona.moh.gov.jo/ar,7458688,3939861,3518827,
Jordan,2021-10-31,"Pfizer/BioNTech, Sinopharm/Beijing, Sputnik V, Oxford/AstraZeneca",https://corona.moh.gov.jo/ar,7476831,3950145,3526686,
Jordan,2021-11-01,"Pfizer/BioNTech, Sinopharm/Beijing, Sputnik V, Oxford/AstraZeneca",https://corona.moh.gov.jo/ar,7497107,3962920,3534187,
Jordan,2021-11-02,"Pfizer/BioNTech, Sinopharm/Beijing, Sputnik V, Oxford/AstraZeneca",https://corona.moh.gov.jo/ar,7514459,3971933,3542526,
Jordan,2021-11-03,"Pfizer/BioNTech, Sinopharm/Beijing, Sputnik V, Oxford/AstraZeneca",https://corona.moh.gov.jo/ar,7530990,3981003,3549987,
Jordan,2021-11-04,"Pfizer/BioNTech, Sinopharm/Beijing, Sputnik V, Oxford/AstraZeneca",https://corona.moh.gov.jo/ar,7546438,3989035,3557403,
Jordan,2021-11-05,"Pfizer/BioNTech, Sinopharm/Beijing, Sputnik V, Oxford/AstraZeneca",https://corona.moh.gov.jo/ar,7548386,3990049,3558337,
Jordan,2021-11-06,"Pfizer/BioNTech, Sinopharm/Beijing, Sputnik V, Oxford/AstraZeneca",https://corona.moh.gov.jo/ar,7560343,3996616,3563727,
Jordan,2021-11-07,"Pfizer/BioNTech, Sinopharm/Beijing, Sputnik V, Oxford/AstraZeneca",https://corona.moh.gov.jo/ar,7574613,4004226,3570387,
Jordan,2021-11-08,"Pfizer/BioNTech, Sinopharm/Beijing, Sputnik V, Oxford/AstraZeneca",https://corona.moh.gov.jo/ar,7589001,4011497,3577504,
Jordan,2021-11-09,"Pfizer/BioNTech, Sinopharm/Beijing, Sputnik V, Oxford/AstraZeneca",https://corona.moh.gov.jo/ar,7602182,4018208,3583974,
Jordan,2021-11-10,"Pfizer/BioNTech, Sinopharm/Beijing, Sputnik V, Oxford/AstraZeneca",https://corona.moh.gov.jo/ar,7612454,4024651,3587803,
Jordan,2021-11-11,"Pfizer/BioNTech, Sinopharm/Beijing, Sputnik V, Oxford/AstraZeneca",https://corona.moh.gov.jo/ar,7629483,4030897,3598586,
Jordan,2021-11-12,"Pfizer/BioNTech, Sinopharm/Beijing, Sputnik V, Oxford/AstraZeneca",https://corona.moh.gov.jo/ar,7632014,4031732,3600282,
Jordan,2021-11-13,"Pfizer/BioNTech, Sinopharm/Beijing, Sputnik V, Oxford/AstraZeneca",https://corona.moh.gov.jo/ar,7643784,4036388,3607396,
Jordan,2021-11-14,"Pfizer/BioNTech, Sinopharm/Beijing, Sputnik V, Oxford/AstraZeneca",https://corona.moh.gov.jo/ar,7662371,4045428,3616943,
Jordan,2021-11-15,"Pfizer/BioNTech, Sinopharm/Beijing, Sputnik V, Oxford/AstraZeneca",https://corona.moh.gov.jo/ar,7681383,4051850,3629533,
Jordan,2021-11-16,"Pfizer/BioNTech, Sinopharm/Beijing, Sputnik V, Oxford/AstraZeneca",https://corona.moh.gov.jo/ar,7696996,4057634,3639362,
Jordan,2021-11-18,"Pfizer/BioNTech, Sinopharm/Beijing, Sputnik V, Oxford/AstraZeneca",https://corona.moh.gov.jo/ar,7728788,4069589,3659199,
Jordan,2021-11-20,"Pfizer/BioNTech, Sinopharm/Beijing, Sputnik V, Oxford/AstraZeneca",https://corona.moh.gov.jo/ar,7742207,4074863,3667344,
Jordan,2021-11-21,"Pfizer/BioNTech, Sinopharm/Beijing, Sputnik V, Oxford/AstraZeneca",https://corona.moh.gov.jo/ar,7755890,4081129,3674761,
Jordan,2021-11-22,"Pfizer/BioNTech, Sinopharm/Beijing, Sputnik V, Oxford/AstraZeneca",https://corona.moh.gov.jo/ar,7769308,4086627,3682681,
Jordan,2021-11-23,"Pfizer/BioNTech, Sinopharm/Beijing, Sputnik V, Oxford/AstraZeneca",https://corona.moh.gov.jo/ar,7788938,4094047,3694891,
Jordan,2021-11-24,"Pfizer/BioNTech, Sinopharm/Beijing, Sputnik V, Oxford/AstraZeneca",https://corona.moh.gov.jo/ar,7804321,4100375,3703946,
Jordan,2021-11-25,"Pfizer/BioNTech, Sinopharm/Beijing, Sputnik V, Oxford/AstraZeneca",https://corona.moh.gov.jo/ar,7822828,4107834,3714994,
Jordan,2021-11-27,"Pfizer/BioNTech, Sinopharm/Beijing, Sputnik V, Oxford/AstraZeneca",https://corona.moh.gov.jo/ar,7836747,4114712,3722035,
Jordan,2021-11-28,"Pfizer/BioNTech, Sinopharm/Beijing, Sputnik V, Oxford/AstraZeneca",https://corona.moh.gov.jo/ar,7853665,4122674,3730991,
Jordan,2021-11-29,"Pfizer/BioNTech, Sinopharm/Beijing, Sputnik V, Oxford/AstraZeneca",https://corona.moh.gov.jo/ar,7869925,4130354,3739571,
Jordan,2021-11-30,"Pfizer/BioNTech, Sinopharm/Beijing, Sputnik V, Oxford/AstraZeneca",https://corona.moh.gov.jo/ar,7884721,4137286,3747435,
Jordan,2021-12-01,"Pfizer/BioNTech, Sinopharm/Beijing, Sputnik V, Oxford/AstraZeneca",https://corona.moh.gov.jo/ar,7896544,4142489,3754055,
Jordan,2021-12-02,"Pfizer/BioNTech, Sinopharm/Beijing, Sputnik V, Oxford/AstraZeneca",https://corona.moh.gov.jo/ar,7909924,4148954,3760970,
Jordan,2021-12-03,"Pfizer/BioNTech, Sinopharm/Beijing, Sputnik V, Oxford/AstraZeneca",https://corona.moh.gov.jo/ar,7912774,4150407,3762367,
Jordan,2021-12-04,"Pfizer/BioNTech, Sinopharm/Beijing, Sputnik V, Oxford/AstraZeneca",https://corona.moh.gov.jo/ar,7928725,4160104,3768621,
Jordan,2021-12-05,"Pfizer/BioNTech, Sinopharm/Beijing, Sputnik V, Oxford/AstraZeneca",https://corona.moh.gov.jo/ar,7950684,4174421,3776263,
Jordan,2021-12-06,"Pfizer/BioNTech, Sinopharm/Beijing, Sputnik V, Oxford/AstraZeneca",https://corona.moh.gov.jo/ar,7973144,4187105,3786039,
Jordan,2021-12-07,"Pfizer/BioNTech, Sinopharm/Beijing, Sputnik V, Oxford/AstraZeneca",https://corona.moh.gov.jo/ar,7990312,4196889,3793423,
Jordan,2021-12-08,"Pfizer/BioNTech, Sinopharm/Beijing, Sputnik V, Oxford/AstraZeneca",https://corona.moh.gov.jo/ar,8005420,4205348,3800072,
Jordan,2021-12-09,"Pfizer/BioNTech, Sinopharm/Beijing, Sputnik V, Oxford/AstraZeneca",https://corona.moh.gov.jo/ar,8019165,4212531,3806634,
Jordan,2021-12-10,"Pfizer/BioNTech, Sinopharm/Beijing, Sputnik V, Oxford/AstraZeneca",https://corona.moh.gov.jo/ar,8022496,4214160,3808336,
Jordan,2021-12-11,"Pfizer/BioNTech, Sinopharm/Beijing, Sputnik V, Oxford/AstraZeneca",https://corona.moh.gov.jo/ar,8033715,4220599,3813116,
Jordan,2021-12-12,"Pfizer/BioNTech, Sinopharm/Beijing, Sputnik V, Oxford/AstraZeneca",https://corona.moh.gov.jo/ar,8050084,4230296,3819788,
Jordan,2021-12-13,"Pfizer/BioNTech, Sinopharm/Beijing, Sputnik V, Oxford/AstraZeneca",https://corona.moh.gov.jo/ar,8080375,4245889,3834486,
Jordan,2021-12-15,"Pfizer/BioNTech, Sinopharm/Beijing, Sputnik V, Oxford/AstraZeneca",https://corona.moh.gov.jo/ar,8093268,4252545,3840723,
Jordan,2021-12-16,"Pfizer/BioNTech, Sinopharm/Beijing, Sputnik V, Oxford/AstraZeneca",https://corona.moh.gov.jo/ar,8107720,4259892,3847828,
Jordan,2021-12-17,"Pfizer/BioNTech, Sinopharm/Beijing, Sputnik V, Oxford/AstraZeneca",https://corona.moh.gov.jo/ar,8110107,4260993,3849114,
Jordan,2021-12-18,"Pfizer/BioNTech, Sinopharm/Beijing, Sputnik V, Oxford/AstraZeneca",https://corona.moh.gov.jo/ar,8121360,4266786,3854574,
Jordan,2021-12-19,"Pfizer/BioNTech, Sinopharm/Beijing, Sputnik V, Oxford/AstraZeneca",https://corona.moh.gov.jo/ar,8138188,4275516,3862672,
Jordan,2021-12-20,"Pfizer/BioNTech, Sinopharm/Beijing, Sputnik V, Oxford/AstraZeneca",https://corona.moh.gov.jo/ar,8163210,4287150,3876060,
Jordan,2021-12-22,"Pfizer/BioNTech, Sinopharm/Beijing, Sputnik V, Oxford/AstraZeneca",https://corona.moh.gov.jo/ar,8176990,4293759,3883231,
Jordan,2021-12-23,"Pfizer/BioNTech, Sinopharm/Beijing, Sputnik V, Oxford/AstraZeneca",https://corona.moh.gov.jo/ar,8193096,4301730,3891366,
Jordan,2021-12-24,"Pfizer/BioNTech, Sinopharm/Beijing, Sputnik V, Oxford/AstraZeneca",https://corona.moh.gov.jo/ar,8195175,4302428,3892747,
Jordan,2021-12-26,"Pfizer/BioNTech, Sinopharm/Beijing, Sputnik V, Oxford/AstraZeneca",https://corona.moh.gov.jo/ar,8220492,4313657,3906835,
Jordan,2021-12-27,"Pfizer/BioNTech, Sinopharm/Beijing, Sputnik V, Oxford/AstraZeneca",https://corona.moh.gov.jo/ar,8246682,4324084,3922598,
Jordan,2021-12-28,"Pfizer/BioNTech, Sinopharm/Beijing, Sputnik V, Oxford/AstraZeneca",https://corona.moh.gov.jo/ar,8265793,4331942,3933851,
Jordan,2022-01-19,"Johnson&Johnson, Moderna, Oxford/AstraZeneca, Pfizer/BioNTech, Sinopharm/Beijing, Sputnik V",https://covid19.who.int/,9046603,4536991,4137466,
Jordan,2022-01-25,"Johnson&Johnson, Moderna, Oxford/AstraZeneca, Pfizer/BioNTech, Sinopharm/Beijing, Sputnik V",https://covid19.who.int/,9147386,4568137,4185382,
Jordan,2022-02-02,"Johnson&Johnson, Moderna, Oxford/AstraZeneca, Pfizer/BioNTech, Sinopharm/Beijing, Sputnik V",https://covid19.who.int/,9267426,4598992,4248768,
Jordan,2022-02-06,"Johnson&Johnson, Moderna, Oxford/AstraZeneca, Pfizer/BioNTech, Sinopharm/Beijing, Sputnik V",https://covid19.who.int/,9326347,4615120,4273338,
Jordan,2022-02-09,"Johnson&Johnson, Moderna, Oxford/AstraZeneca, Pfizer/BioNTech, Sinopharm/Beijing, Sputnik V",https://covid19.who.int/,9377901,4630227,4293498,
Jordan,2022-02-15,"Johnson&Johnson, Moderna, Oxford/AstraZeneca, Pfizer/BioNTech, Sinopharm/Beijing, Sputnik V",https://covid19.who.int/,9435288,4647221,4316650,
Jordan,2022-02-23,"Johnson&Johnson, Moderna, Oxford/AstraZeneca, Pfizer/BioNTech, Sinopharm/Beijing, Sputnik V",https://covid19.who.int/,9491363,4662686,4336568,
Jordan,2022-03-02,"Johnson&Johnson, Moderna, Oxford/AstraZeneca, Pfizer/BioNTech, Sinopharm/Beijing, Sputnik V",https://covid19.who.int/,9649298,4694106,4385036,
Jordan,2022-03-10,"Johnson&Johnson, Moderna, Oxford/AstraZeneca, Pfizer/BioNTech, Sinopharm/Beijing, Sputnik V",https://covid19.who.int/,9727982,4714575,4412071,604845
