location,date,vaccine,source_url,total_vaccinations,people_vaccinated,people_fully_vaccinated,total_boosters
Latvia,2020-12-04,Moderna,https://data.gov.lv/dati/eng/dataset/covid19-vakcinacijas,1,1,0,0
Latvia,2020-12-07,Pfizer/BioNTech,https://data.gov.lv/dati/eng/dataset/covid19-vakcinacijas,2,2,0,0
Latvia,2020-12-09,Pfizer/BioNTech,https://data.gov.lv/dati/eng/dataset/covid19-vakcinacijas,3,3,0,0
Latvia,2020-12-15,Pfizer/BioNTech,https://data.gov.lv/dati/eng/dataset/covid19-vakcinacijas,4,4,0,0
Latvia,2020-12-16,Pfizer/BioNTech,https://data.gov.lv/dati/eng/dataset/covid19-vakcinacijas,5,5,0,0
Latvia,2020-12-17,Pfizer/BioNTech,https://data.gov.lv/dati/eng/dataset/covid19-vakcinacijas,6,6,0,0
Latvia,2020-12-18,Pfizer/BioNTech,https://data.gov.lv/dati/eng/dataset/covid19-vakcinacijas,10,10,0,0
Latvia,2020-12-20,"Moderna, Pfizer/BioNTech",https://data.gov.lv/dati/eng/dataset/covid19-vakcinacijas,14,14,0,0
Latvia,2020-12-21,Pfizer/BioNTech,https://data.gov.lv/dati/eng/dataset/covid19-vakcinacijas,18,18,0,0
Latvia,2020-12-22,Pfizer/BioNTech,https://data.gov.lv/dati/eng/dataset/covid19-vakcinacijas,23,23,0,0
Latvia,2020-12-23,Pfizer/BioNTech,https://data.gov.lv/dati/eng/dataset/covid19-vakcinacijas,27,27,0,0
Latvia,2020-12-24,Pfizer/BioNTech,https://data.gov.lv/dati/eng/dataset/covid19-vakcinacijas,30,30,0,0
Latvia,2020-12-26,Pfizer/BioNTech,https://data.gov.lv/dati/eng/dataset/covid19-vakcinacijas,33,33,0,0
Latvia,2020-12-27,Pfizer/BioNTech,https://data.gov.lv/dati/eng/dataset/covid19-vakcinacijas,38,38,0,0
Latvia,2020-12-28,Pfizer/BioNTech,https://data.gov.lv/dati/eng/dataset/covid19-vakcinacijas,644,644,0,0
Latvia,2020-12-29,"Moderna, Pfizer/BioNTech",https://data.gov.lv/dati/eng/dataset/covid19-vakcinacijas,1523,1523,0,0
Latvia,2020-12-30,"Moderna, Pfizer/BioNTech",https://data.gov.lv/dati/eng/dataset/covid19-vakcinacijas,2325,2324,1,0
Latvia,2020-12-31,"Moderna, Pfizer/BioNTech",https://data.gov.lv/dati/eng/dataset/covid19-vakcinacijas,2332,2331,1,0
Latvia,2021-01-01,Pfizer/BioNTech,https://data.gov.lv/dati/eng/dataset/covid19-vakcinacijas,2339,2337,2,0
Latvia,2021-01-02,Pfizer/BioNTech,https://data.gov.lv/dati/eng/dataset/covid19-vakcinacijas,2341,2339,2,0
Latvia,2021-01-03,Pfizer/BioNTech,https://data.gov.lv/dati/eng/dataset/covid19-vakcinacijas,2345,2343,2,0
Latvia,2021-01-04,"Johnson&Johnson, Moderna, Pfizer/BioNTech",https://data.gov.lv/dati/eng/dataset/covid19-vakcinacijas,3054,3051,3,1
Latvia,2021-01-05,Pfizer/BioNTech,https://data.gov.lv/dati/eng/dataset/covid19-vakcinacijas,3951,3948,3,1
Latvia,2021-01-06,"Moderna, Pfizer/BioNTech",https://data.gov.lv/dati/eng/dataset/covid19-vakcinacijas,4735,4729,6,1
Latvia,2021-01-07,Pfizer/BioNTech,https://data.gov.lv/dati/eng/dataset/covid19-vakcinacijas,5548,5542,6,1
Latvia,2021-01-08,Pfizer/BioNTech,https://data.gov.lv/dati/eng/dataset/covid19-vakcinacijas,6469,6459,10,1
Latvia,2021-01-09,"Moderna, Oxford/AstraZeneca, Pfizer/BioNTech",https://data.gov.lv/dati/eng/dataset/covid19-vakcinacijas,6780,6770,10,1
Latvia,2021-01-10,"Moderna, Pfizer/BioNTech",https://data.gov.lv/dati/eng/dataset/covid19-vakcinacijas,7118,7106,11,2
Latvia,2021-01-11,"Moderna, Pfizer/BioNTech",https://data.gov.lv/dati/eng/dataset/covid19-vakcinacijas,8495,8483,11,2
Latvia,2021-01-12,"Moderna, Oxford/AstraZeneca, Pfizer/BioNTech",https://data.gov.lv/dati/eng/dataset/covid19-vakcinacijas,10136,10121,14,2
Latvia,2021-01-13,"Moderna, Pfizer/BioNTech",https://data.gov.lv/dati/eng/dataset/covid19-vakcinacijas,11660,11639,20,2
Latvia,2021-01-14,"Moderna, Oxford/AstraZeneca, Pfizer/BioNTech",https://data.gov.lv/dati/eng/dataset/covid19-vakcinacijas,13506,13480,25,2
Latvia,2021-01-15,"Moderna, Pfizer/BioNTech, Sinopharm/Beijing",https://data.gov.lv/dati/eng/dataset/covid19-vakcinacijas,15387,15361,25,2
Latvia,2021-01-16,"Moderna, Oxford/AstraZeneca, Pfizer/BioNTech",https://data.gov.lv/dati/eng/dataset/covid19-vakcinacijas,16063,16036,26,2
Latvia,2021-01-17,"Oxford/AstraZeneca, Pfizer/BioNTech",https://data.gov.lv/dati/eng/dataset/covid19-vakcinacijas,16190,16158,31,2
Latvia,2021-01-18,"Moderna, Oxford/AstraZeneca, Pfizer/BioNTech",https://data.gov.lv/dati/eng/dataset/covid19-vakcinacijas,17050,16435,614,2
Latvia,2021-01-19,"Moderna, Oxford/AstraZeneca, Pfizer/BioNTech",https://data.gov.lv/dati/eng/dataset/covid19-vakcinacijas,17939,16515,1423,2
Latvia,2021-01-20,"Moderna, Oxford/AstraZeneca, Pfizer/BioNTech",https://data.gov.lv/dati/eng/dataset/covid19-vakcinacijas,18729,16545,2183,2
Latvia,2021-01-21,"Moderna, Pfizer/BioNTech",https://data.gov.lv/dati/eng/dataset/covid19-vakcinacijas,19024,16819,2204,2
Latvia,2021-01-22,"Moderna, Pfizer/BioNTech, Sinopharm/Beijing",https://data.gov.lv/dati/eng/dataset/covid19-vakcinacijas,19256,17028,2227,2
Latvia,2021-01-23,"Moderna, Oxford/AstraZeneca, Pfizer/BioNTech",https://data.gov.lv/dati/eng/dataset/covid19-vakcinacijas,19392,17162,2229,2
Latvia,2021-01-24,Pfizer/BioNTech,https://data.gov.lv/dati/eng/dataset/covid19-vakcinacijas,19397,17162,2234,2
Latvia,2021-01-25,"Johnson&Johnson, Moderna, Oxford/AstraZeneca, Pfizer/BioNTech, Sinopharm/Beijing",https://data.gov.lv/dati/eng/dataset/covid19-vakcinacijas,20080,17191,2887,3
Latvia,2021-01-26,"Moderna, Oxford/AstraZeneca, Pfizer/BioNTech",https://data.gov.lv/dati/eng/dataset/covid19-vakcinacijas,20952,17233,3717,3
Latvia,2021-01-27,"Moderna, Oxford/AstraZeneca, Pfizer/BioNTech",https://data.gov.lv/dati/eng/dataset/covid19-vakcinacijas,21788,17319,4467,3
Latvia,2021-01-28,"Johnson&Johnson, Moderna, Oxford/AstraZeneca, Pfizer/BioNTech",https://data.gov.lv/dati/eng/dataset/covid19-vakcinacijas,22584,17358,5225,3
Latvia,2021-01-29,"Moderna, Oxford/AstraZeneca, Pfizer/BioNTech",https://data.gov.lv/dati/eng/dataset/covid19-vakcinacijas,23553,17414,6138,3
Latvia,2021-01-30,"Moderna, Oxford/AstraZeneca, Pfizer/BioNTech",https://data.gov.lv/dati/eng/dataset/covid19-vakcinacijas,23874,17427,6446,3
Latvia,2021-01-31,"Moderna, Oxford/AstraZeneca, Pfizer/BioNTech",https://data.gov.lv/dati/eng/dataset/covid19-vakcinacijas,24224,17439,6784,3
Latvia,2021-02-01,"Moderna, Oxford/AstraZeneca, Pfizer/BioNTech",https://data.gov.lv/dati/eng/dataset/covid19-vakcinacijas,25423,17461,7960,4
Latvia,2021-02-02,"Moderna, Oxford/AstraZeneca, Pfizer/BioNTech",https://data.gov.lv/dati/eng/dataset/covid19-vakcinacijas,27253,17610,9641,4
Latvia,2021-02-03,"Moderna, Pfizer/BioNTech",https://data.gov.lv/dati/eng/dataset/covid19-vakcinacijas,28890,17865,11023,4
Latvia,2021-02-04,"Moderna, Pfizer/BioNTech",https://data.gov.lv/dati/eng/dataset/covid19-vakcinacijas,30407,18012,12393,4
Latvia,2021-02-05,"Moderna, Oxford/AstraZeneca, Pfizer/BioNTech, Sinopharm/Beijing",https://data.gov.lv/dati/eng/dataset/covid19-vakcinacijas,32085,18180,13903,4
Latvia,2021-02-06,"Moderna, Oxford/AstraZeneca, Pfizer/BioNTech",https://data.gov.lv/dati/eng/dataset/covid19-vakcinacijas,32664,18197,14465,4
Latvia,2021-02-07,"Johnson&Johnson, Oxford/AstraZeneca, Pfizer/BioNTech",https://data.gov.lv/dati/eng/dataset/covid19-vakcinacijas,32797,18206,14590,4
Latvia,2021-02-08,"Moderna, Oxford/AstraZeneca, Pfizer/BioNTech",https://data.gov.lv/dati/eng/dataset/covid19-vakcinacijas,33219,18469,14749,4
Latvia,2021-02-09,"Moderna, Oxford/AstraZeneca, Pfizer/BioNTech",https://data.gov.lv/dati/eng/dataset/covid19-vakcinacijas,33413,18614,14798,4
Latvia,2021-02-10,"Moderna, Oxford/AstraZeneca, Pfizer/BioNTech",https://data.gov.lv/dati/eng/dataset/covid19-vakcinacijas,34068,19062,15005,4
Latvia,2021-02-11,"Moderna, Oxford/AstraZeneca, Pfizer/BioNTech",https://data.gov.lv/dati/eng/dataset/covid19-vakcinacijas,35873,20177,15695,4
Latvia,2021-02-12,"Moderna, Oxford/AstraZeneca, Pfizer/BioNTech",https://data.gov.lv/dati/eng/dataset/covid19-vakcinacijas,37626,21366,16259,4
Latvia,2021-02-13,"Moderna, Oxford/AstraZeneca, Pfizer/BioNTech",https://data.gov.lv/dati/eng/dataset/covid19-vakcinacijas,38036,21597,16438,4
Latvia,2021-02-14,"Johnson&Johnson, Moderna, Oxford/AstraZeneca, Pfizer/BioNTech, Sinopharm/Beijing",https://data.gov.lv/dati/eng/dataset/covid19-vakcinacijas,38067,21606,16461,4
Latvia,2021-02-15,"Moderna, Oxford/AstraZeneca, Pfizer/BioNTech, Sinopharm/Beijing",https://data.gov.lv/dati/eng/dataset/covid19-vakcinacijas,38954,22336,16618,4
Latvia,2021-02-16,"Moderna, Oxford/AstraZeneca, Pfizer/BioNTech",https://data.gov.lv/dati/eng/dataset/covid19-vakcinacijas,40361,23662,16699,4
Latvia,2021-02-17,"Moderna, Oxford/AstraZeneca, Pfizer/BioNTech",https://data.gov.lv/dati/eng/dataset/covid19-vakcinacijas,42385,25501,16884,4
Latvia,2021-02-18,"Moderna, Oxford/AstraZeneca, Pfizer/BioNTech",https://data.gov.lv/dati/eng/dataset/covid19-vakcinacijas,43953,27009,16944,4
Latvia,2021-02-19,"Moderna, Oxford/AstraZeneca, Pfizer/BioNTech",https://data.gov.lv/dati/eng/dataset/covid19-vakcinacijas,45341,28336,17005,4
Latvia,2021-02-20,"Moderna, Oxford/AstraZeneca, Pfizer/BioNTech",https://data.gov.lv/dati/eng/dataset/covid19-vakcinacijas,46103,29076,17027,4
Latvia,2021-02-21,"Moderna, Oxford/AstraZeneca, Pfizer/BioNTech, Sinovac",https://data.gov.lv/dati/eng/dataset/covid19-vakcinacijas,46922,29892,17030,4
Latvia,2021-02-22,"Moderna, Oxford/AstraZeneca, Pfizer/BioNTech, Sinopharm/Beijing",https://data.gov.lv/dati/eng/dataset/covid19-vakcinacijas,48723,31656,17067,4
Latvia,2021-02-23,"Moderna, Oxford/AstraZeneca, Pfizer/BioNTech",https://data.gov.lv/dati/eng/dataset/covid19-vakcinacijas,51154,34048,17106,4
Latvia,2021-02-24,"Moderna, Oxford/AstraZeneca, Pfizer/BioNTech",https://data.gov.lv/dati/eng/dataset/covid19-vakcinacijas,55495,38351,17144,4
Latvia,2021-02-25,"Moderna, Oxford/AstraZeneca, Pfizer/BioNTech",https://data.gov.lv/dati/eng/dataset/covid19-vakcinacijas,59712,42521,17191,4
Latvia,2021-02-26,"Moderna, Oxford/AstraZeneca, Pfizer/BioNTech",https://data.gov.lv/dati/eng/dataset/covid19-vakcinacijas,63120,45839,17281,4
Latvia,2021-02-27,"Moderna, Oxford/AstraZeneca, Pfizer/BioNTech",https://data.gov.lv/dati/eng/dataset/covid19-vakcinacijas,63725,46433,17292,4
Latvia,2021-02-28,"Moderna, Oxford/AstraZeneca, Pfizer/BioNTech",https://data.gov.lv/dati/eng/dataset/covid19-vakcinacijas,63865,46570,17295,4
Latvia,2021-03-01,"Moderna, Oxford/AstraZeneca, Pfizer/BioNTech",https://data.gov.lv/dati/eng/dataset/covid19-vakcinacijas,65662,48134,17528,4
Latvia,2021-03-02,"Moderna, Oxford/AstraZeneca, Pfizer/BioNTech",https://data.gov.lv/dati/eng/dataset/covid19-vakcinacijas,67863,50026,17837,4
Latvia,2021-03-03,"Moderna, Oxford/AstraZeneca, Pfizer/BioNTech",https://data.gov.lv/dati/eng/dataset/covid19-vakcinacijas,72050,54011,18039,4
Latvia,2021-03-04,"Moderna, Oxford/AstraZeneca, Pfizer/BioNTech",https://data.gov.lv/dati/eng/dataset/covid19-vakcinacijas,78121,59958,18163,4
Latvia,2021-03-05,"Johnson&Johnson, Moderna, Oxford/AstraZeneca, Pfizer/BioNTech",https://data.gov.lv/dati/eng/dataset/covid19-vakcinacijas,83009,64706,18304,4
Latvia,2021-03-06,"Moderna, Oxford/AstraZeneca, Pfizer/BioNTech",https://data.gov.lv/dati/eng/dataset/covid19-vakcinacijas,83812,65503,18310,4
Latvia,2021-03-07,"Johnson&Johnson, Oxford/AstraZeneca, Pfizer/BioNTech",https://data.gov.lv/dati/eng/dataset/covid19-vakcinacijas,83908,65591,18319,4
Latvia,2021-03-08,"Johnson&Johnson, Moderna, Oxford/AstraZeneca, Pfizer/BioNTech",https://data.gov.lv/dati/eng/dataset/covid19-vakcinacijas,85644,67284,18364,4
Latvia,2021-03-09,"Moderna, Oxford/AstraZeneca, Pfizer/BioNTech",https://data.gov.lv/dati/eng/dataset/covid19-vakcinacijas,88031,69642,18393,4
Latvia,2021-03-10,"Moderna, Oxford/AstraZeneca, Pfizer/BioNTech",https://data.gov.lv/dati/eng/dataset/covid19-vakcinacijas,90556,72124,18436,4
Latvia,2021-03-11,"Moderna, Oxford/AstraZeneca, Pfizer/BioNTech",https://data.gov.lv/dati/eng/dataset/covid19-vakcinacijas,93268,74820,18452,4
Latvia,2021-03-12,"Moderna, Oxford/AstraZeneca, Pfizer/BioNTech",https://data.gov.lv/dati/eng/dataset/covid19-vakcinacijas,98315,79853,18466,4
Latvia,2021-03-13,"Moderna, Oxford/AstraZeneca, Pfizer/BioNTech",https://data.gov.lv/dati/eng/dataset/covid19-vakcinacijas,99260,80793,18471,4
Latvia,2021-03-14,"Johnson&Johnson, Moderna, Oxford/AstraZeneca, Pfizer/BioNTech, Sinovac",https://data.gov.lv/dati/eng/dataset/covid19-vakcinacijas,99341,80870,18476,4
Latvia,2021-03-15,"Moderna, Oxford/AstraZeneca, Pfizer/BioNTech, Sinopharm/Beijing",https://data.gov.lv/dati/eng/dataset/covid19-vakcinacijas,103138,84593,18550,4
Latvia,2021-03-16,"Johnson&Johnson, Moderna, Oxford/AstraZeneca, Pfizer/BioNTech",https://data.gov.lv/dati/eng/dataset/covid19-vakcinacijas,103362,84683,18686,4
Latvia,2021-03-17,"Moderna, Oxford/AstraZeneca, Pfizer/BioNTech",https://data.gov.lv/dati/eng/dataset/covid19-vakcinacijas,103562,84772,18797,4
Latvia,2021-03-18,"Johnson&Johnson, Moderna, Oxford/AstraZeneca, Pfizer/BioNTech",https://data.gov.lv/dati/eng/dataset/covid19-vakcinacijas,103867,84811,19064,4
Latvia,2021-03-19,"Moderna, Oxford/AstraZeneca, Pfizer/BioNTech",https://data.gov.lv/dati/eng/dataset/covid19-vakcinacijas,104657,85307,19358,4
Latvia,2021-03-20,"Moderna, Oxford/AstraZeneca, Pfizer/BioNTech",https://data.gov.lv/dati/eng/dataset/covid19-vakcinacijas,105090,85738,19360,4
Latvia,2021-03-21,"Moderna, Oxford/AstraZeneca, Pfizer/BioNTech, Sinopharm/Beijing",https://data.gov.lv/dati/eng/dataset/covid19-vakcinacijas,105136,85778,19366,4
Latvia,2021-03-22,"Johnson&Johnson, Moderna, Oxford/AstraZeneca, Pfizer/BioNTech",https://data.gov.lv/dati/eng/dataset/covid19-vakcinacijas,107866,88271,19605,4
Latvia,2021-03-23,"Johnson&Johnson, Moderna, Oxford/AstraZeneca, Pfizer/BioNTech",https://data.gov.lv/dati/eng/dataset/covid19-vakcinacijas,113489,93501,19999,4
Latvia,2021-03-24,"Moderna, Oxford/AstraZeneca, Pfizer/BioNTech",https://data.gov.lv/dati/eng/dataset/covid19-vakcinacijas,119738,99059,20690,4
Latvia,2021-03-25,"Moderna, Oxford/AstraZeneca, Pfizer/BioNTech",https://data.gov.lv/dati/eng/dataset/covid19-vakcinacijas,125186,103822,21375,4
Latvia,2021-03-26,"Moderna, Oxford/AstraZeneca, Pfizer/BioNTech",https://data.gov.lv/dati/eng/dataset/covid19-vakcinacijas,129236,107173,22074,4
Latvia,2021-03-27,"Moderna, Oxford/AstraZeneca, Pfizer/BioNTech",https://data.gov.lv/dati/eng/dataset/covid19-vakcinacijas,129846,107448,22409,4
Latvia,2021-03-28,"Moderna, Oxford/AstraZeneca, Pfizer/BioNTech",https://data.gov.lv/dati/eng/dataset/covid19-vakcinacijas,129889,107487,22413,4
Latvia,2021-03-29,"Moderna, Oxford/AstraZeneca, Pfizer/BioNTech, Sinopharm/Beijing",https://data.gov.lv/dati/eng/dataset/covid19-vakcinacijas,132044,109232,22823,4
Latvia,2021-03-30,"Johnson&Johnson, Moderna, Oxford/AstraZeneca, Pfizer/BioNTech, Sinopharm/Beijing",https://data.gov.lv/dati/eng/dataset/covid19-vakcinacijas,137114,113585,23542,4
Latvia,2021-03-31,"Moderna, Oxford/AstraZeneca, Pfizer/BioNTech",https://data.gov.lv/dati/eng/dataset/covid19-vakcinacijas,142965,118197,24781,4
Latvia,2021-04-01,"Johnson&Johnson, Moderna, Oxford/AstraZeneca, Pfizer/BioNTech",https://data.gov.lv/dati/eng/dataset/covid19-vakcinacijas,147190,121686,25520,4
Latvia,2021-04-02,"Johnson&Johnson, Moderna, Oxford/AstraZeneca, Pfizer/BioNTech, Sinopharm/Beijing",https://data.gov.lv/dati/eng/dataset/covid19-vakcinacijas,147789,122281,25525,4
Latvia,2021-04-03,"Johnson&Johnson, Moderna, Oxford/AstraZeneca, Pfizer/BioNTech, Sinovac",https://data.gov.lv/dati/eng/dataset/covid19-vakcinacijas,151198,125614,25603,4
Latvia,2021-04-04,"Moderna, Oxford/AstraZeneca, Pfizer/BioNTech",https://data.gov.lv/dati/eng/dataset/covid19-vakcinacijas,152833,127249,25603,4
Latvia,2021-04-05,"Johnson&Johnson, Moderna, Oxford/AstraZeneca, Pfizer/BioNTech",https://data.gov.lv/dati/eng/dataset/covid19-vakcinacijas,155721,130132,25609,4
Latvia,2021-04-06,"Johnson&Johnson, Moderna, Oxford/AstraZeneca, Pfizer/BioNTech",https://data.gov.lv/dati/eng/dataset/covid19-vakcinacijas,161178,135077,26122,4
Latvia,2021-04-07,"Johnson&Johnson, Moderna, Oxford/AstraZeneca, Pfizer/BioNTech",https://data.gov.lv/dati/eng/dataset/covid19-vakcinacijas,170484,143893,26621,4
Latvia,2021-04-08,"Johnson&Johnson, Moderna, Oxford/AstraZeneca, Pfizer/BioNTech",https://data.gov.lv/dati/eng/dataset/covid19-vakcinacijas,177610,150734,26912,4
Latvia,2021-04-09,"Johnson&Johnson, Moderna, Oxford/AstraZeneca, Pfizer/BioNTech",https://data.gov.lv/dati/eng/dataset/covid19-vakcinacijas,182567,155492,27118,4
Latvia,2021-04-10,"Johnson&Johnson, Moderna, Oxford/AstraZeneca, Pfizer/BioNTech",https://data.gov.lv/dati/eng/dataset/covid19-vakcinacijas,184281,157112,27213,4
Latvia,2021-04-11,"Johnson&Johnson, Moderna, Oxford/AstraZeneca, Pfizer/BioNTech, Sinopharm/Beijing",https://data.gov.lv/dati/eng/dataset/covid19-vakcinacijas,184390,157214,27222,4
Latvia,2021-04-12,"Moderna, Oxford/AstraZeneca, Pfizer/BioNTech, Sinovac",https://data.gov.lv/dati/eng/dataset/covid19-vakcinacijas,186851,159606,27291,4
Latvia,2021-04-13,"Johnson&Johnson, Moderna, Oxford/AstraZeneca, Pfizer/BioNTech",https://data.gov.lv/dati/eng/dataset/covid19-vakcinacijas,190615,163293,27369,4
Latvia,2021-04-14,"Moderna, Oxford/AstraZeneca, Pfizer/BioNTech",https://data.gov.lv/dati/eng/dataset/covid19-vakcinacijas,196987,169412,27622,4
Latvia,2021-04-15,"Moderna, Oxford/AstraZeneca, Pfizer/BioNTech",https://data.gov.lv/dati/eng/dataset/covid19-vakcinacijas,202974,174723,28298,4
Latvia,2021-04-16,"Moderna, Oxford/AstraZeneca, Pfizer/BioNTech",https://data.gov.lv/dati/eng/dataset/covid19-vakcinacijas,212137,183173,29011,4
Latvia,2021-04-17,"Moderna, Oxford/AstraZeneca, Pfizer/BioNTech",https://data.gov.lv/dati/eng/dataset/covid19-vakcinacijas,218422,189341,29128,4
Latvia,2021-04-18,"Moderna, Oxford/AstraZeneca, Pfizer/BioNTech, Sinovac",https://data.gov.lv/dati/eng/dataset/covid19-vakcinacijas,219362,190275,29134,4
Latvia,2021-04-19,"Moderna, Oxford/AstraZeneca, Pfizer/BioNTech",https://data.gov.lv/dati/eng/dataset/covid19-vakcinacijas,223392,193598,29841,4
Latvia,2021-04-20,"Moderna, Oxford/AstraZeneca, Pfizer/BioNTech",https://data.gov.lv/dati/eng/dataset/covid19-vakcinacijas,230836,199062,31821,4
Latvia,2021-04-21,"Johnson&Johnson, Moderna, Oxford/AstraZeneca, Pfizer/BioNTech",https://data.gov.lv/dati/eng/dataset/covid19-vakcinacijas,241100,206304,34844,4
Latvia,2021-04-22,"Moderna, Oxford/AstraZeneca, Pfizer/BioNTech, Sinovac",https://data.gov.lv/dati/eng/dataset/covid19-vakcinacijas,251010,213716,37342,4
Latvia,2021-04-23,"Moderna, Oxford/AstraZeneca, Pfizer/BioNTech",https://data.gov.lv/dati/eng/dataset/covid19-vakcinacijas,261847,222502,39393,4
Latvia,2021-04-24,"Moderna, Oxford/AstraZeneca, Pfizer/BioNTech",https://data.gov.lv/dati/eng/dataset/covid19-vakcinacijas,268085,228065,40068,4
Latvia,2021-04-25,"Moderna, Oxford/AstraZeneca, Pfizer/BioNTech",https://data.gov.lv/dati/eng/dataset/covid19-vakcinacijas,269488,229431,40105,4
Latvia,2021-04-26,"Moderna, Oxford/AstraZeneca, Pfizer/BioNTech",https://data.gov.lv/dati/eng/dataset/covid19-vakcinacijas,274089,232105,42032,4
Latvia,2021-04-27,"Johnson&Johnson, Moderna, Oxford/AstraZeneca, Pfizer/BioNTech, Sinopharm/Beijing",https://data.gov.lv/dati/eng/dataset/covid19-vakcinacijas,281647,236829,44942,4
Latvia,2021-04-28,"Johnson&Johnson, Moderna, Oxford/AstraZeneca, Pfizer/BioNTech, Sinopharm/Beijing",https://data.gov.lv/dati/eng/dataset/covid19-vakcinacijas,296432,248026,48641,4
Latvia,2021-04-29,"Johnson&Johnson, Moderna, Oxford/AstraZeneca, Pfizer/BioNTech",https://data.gov.lv/dati/eng/dataset/covid19-vakcinacijas,310861,258415,52730,4
Latvia,2021-04-30,"Johnson&Johnson, Moderna, Oxford/AstraZeneca, Pfizer/BioNTech",https://data.gov.lv/dati/eng/dataset/covid19-vakcinacijas,322440,267406,55399,4
Latvia,2021-05-01,"Johnson&Johnson, Moderna, Oxford/AstraZeneca, Pfizer/BioNTech, Sinopharm/Beijing",https://data.gov.lv/dati/eng/dataset/covid19-vakcinacijas,329298,273748,55917,4
Latvia,2021-05-02,"Johnson&Johnson, Moderna, Oxford/AstraZeneca, Pfizer/BioNTech, Sinopharm/Beijing",https://data.gov.lv/dati/eng/dataset/covid19-vakcinacijas,330917,275336,55959,4
Latvia,2021-05-03,"Johnson&Johnson, Moderna, Oxford/AstraZeneca, Pfizer/BioNTech",https://data.gov.lv/dati/eng/dataset/covid19-vakcinacijas,333901,277400,56881,4
Latvia,2021-05-04,"Johnson&Johnson, Moderna, Oxford/AstraZeneca, Pfizer/BioNTech",https://data.gov.lv/dati/eng/dataset/covid19-vakcinacijas,342790,286130,57042,4
Latvia,2021-05-05,"Johnson&Johnson, Moderna, Oxford/AstraZeneca, Pfizer/BioNTech",https://data.gov.lv/dati/eng/dataset/covid19-vakcinacijas,359579,295765,64329,4
Latvia,2021-05-06,"Johnson&Johnson, Moderna, Oxford/AstraZeneca, Pfizer/BioNTech",https://data.gov.lv/dati/eng/dataset/covid19-vakcinacijas,381270,309325,72628,4
Latvia,2021-05-07,"Johnson&Johnson, Moderna, Oxford/AstraZeneca, Pfizer/BioNTech",https://data.gov.lv/dati/eng/dataset/covid19-vakcinacijas,401342,321210,80982,4
Latvia,2021-05-08,"Johnson&Johnson, Moderna, Oxford/AstraZeneca, Pfizer/BioNTech",https://data.gov.lv/dati/eng/dataset/covid19-vakcinacijas,413691,331275,83314,4
Latvia,2021-05-09,"Johnson&Johnson, Moderna, Oxford/AstraZeneca, Pfizer/BioNTech",https://data.gov.lv/dati/eng/dataset/covid19-vakcinacijas,415332,332615,83698,4
Latvia,2021-05-10,"Johnson&Johnson, Moderna, Oxford/AstraZeneca, Pfizer/BioNTech, Sinovac",https://data.gov.lv/dati/eng/dataset/covid19-vakcinacijas,424848,337641,88313,4
Latvia,2021-05-11,"Johnson&Johnson, Moderna, Oxford/AstraZeneca, Pfizer/BioNTech",https://data.gov.lv/dati/eng/dataset/covid19-vakcinacijas,442901,350539,93750,4
Latvia,2021-05-12,"Johnson&Johnson, Moderna, Oxford/AstraZeneca, Pfizer/BioNTech",https://data.gov.lv/dati/eng/dataset/covid19-vakcinacijas,465532,366364,100950,4
Latvia,2021-05-13,"Johnson&Johnson, Moderna, Oxford/AstraZeneca, Pfizer/BioNTech",https://data.gov.lv/dati/eng/dataset/covid19-vakcinacijas,487592,381364,108407,4
Latvia,2021-05-14,"Johnson&Johnson, Moderna, Oxford/AstraZeneca, Pfizer/BioNTech",https://data.gov.lv/dati/eng/dataset/covid19-vakcinacijas,509013,393161,118588,4
Latvia,2021-05-15,"Johnson&Johnson, Moderna, Oxford/AstraZeneca, Pfizer/BioNTech",https://data.gov.lv/dati/eng/dataset/covid19-vakcinacijas,522373,400962,124238,4
Latvia,2021-05-16,"Johnson&Johnson, Moderna, Oxford/AstraZeneca, Pfizer/BioNTech",https://data.gov.lv/dati/eng/dataset/covid19-vakcinacijas,527422,405000,125270,4
Latvia,2021-05-17,"Johnson&Johnson, Moderna, Oxford/AstraZeneca, Pfizer/BioNTech",https://data.gov.lv/dati/eng/dataset/covid19-vakcinacijas,539118,412124,130218,4
Latvia,2021-05-18,"Johnson&Johnson, Moderna, Oxford/AstraZeneca, Pfizer/BioNTech, Sinopharm/Beijing",https://data.gov.lv/dati/eng/dataset/covid19-vakcinacijas,556055,422656,137562,4
Latvia,2021-05-19,"Johnson&Johnson, Moderna, Oxford/AstraZeneca, Pfizer/BioNTech",https://data.gov.lv/dati/eng/dataset/covid19-vakcinacijas,578646,432166,151919,4
Latvia,2021-05-20,"Johnson&Johnson, Moderna, Oxford/AstraZeneca, Pfizer/BioNTech",https://data.gov.lv/dati/eng/dataset/covid19-vakcinacijas,599541,440042,166227,5
Latvia,2021-05-21,"Johnson&Johnson, Moderna, Oxford/AstraZeneca, Pfizer/BioNTech",https://data.gov.lv/dati/eng/dataset/covid19-vakcinacijas,619727,450285,178105,5
Latvia,2021-05-22,"Johnson&Johnson, Moderna, Oxford/AstraZeneca, Pfizer/BioNTech",https://data.gov.lv/dati/eng/dataset/covid19-vakcinacijas,632125,456003,185889,5
Latvia,2021-05-23,"Johnson&Johnson, Moderna, Oxford/AstraZeneca, Pfizer/BioNTech, Sinovac",https://data.gov.lv/dati/eng/dataset/covid19-vakcinacijas,634977,457087,187872,5
Latvia,2021-05-24,"Johnson&Johnson, Moderna, Oxford/AstraZeneca, Pfizer/BioNTech",https://data.gov.lv/dati/eng/dataset/covid19-vakcinacijas,646690,463163,194584,6
Latvia,2021-05-25,"Johnson&Johnson, Moderna, Oxford/AstraZeneca, Pfizer/BioNTech",https://data.gov.lv/dati/eng/dataset/covid19-vakcinacijas,667299,470126,209349,7
Latvia,2021-05-26,"Johnson&Johnson, Moderna, Oxford/AstraZeneca, Pfizer/BioNTech",https://data.gov.lv/dati/eng/dataset/covid19-vakcinacijas,689296,478079,224413,7
Latvia,2021-05-27,"Johnson&Johnson, Moderna, Oxford/AstraZeneca, Pfizer/BioNTech",https://data.gov.lv/dati/eng/dataset/covid19-vakcinacijas,711308,483800,241627,7
Latvia,2021-05-28,"Johnson&Johnson, Moderna, Oxford/AstraZeneca, Pfizer/BioNTech",https://data.gov.lv/dati/eng/dataset/covid19-vakcinacijas,736153,494370,257334,10
Latvia,2021-05-29,"Johnson&Johnson, Moderna, Oxford/AstraZeneca, Pfizer/BioNTech",https://data.gov.lv/dati/eng/dataset/covid19-vakcinacijas,748042,499492,265751,10
Latvia,2021-05-30,"Johnson&Johnson, Moderna, Oxford/AstraZeneca, Pfizer/BioNTech",https://data.gov.lv/dati/eng/dataset/covid19-vakcinacijas,752200,502248,267889,10
Latvia,2021-05-31,"Johnson&Johnson, Moderna, Oxford/AstraZeneca, Pfizer/BioNTech",https://data.gov.lv/dati/eng/dataset/covid19-vakcinacijas,765252,508296,275950,10
Latvia,2021-06-01,"Johnson&Johnson, Moderna, Oxford/AstraZeneca, Pfizer/BioNTech",https://data.gov.lv/dati/eng/dataset/covid19-vakcinacijas,786541,515427,291058,11
Latvia,2021-06-02,"Johnson&Johnson, Moderna, Oxford/AstraZeneca, Pfizer/BioNTech",https://data.gov.lv/dati/eng/dataset/covid19-vakcinacijas,808564,520188,309774,12
Latvia,2021-06-03,"Johnson&Johnson, Moderna, Oxford/AstraZeneca, Pfizer/BioNTech",https://data.gov.lv/dati/eng/dataset/covid19-vakcinacijas,830428,524794,328113,12
Latvia,2021-06-04,"Johnson&Johnson, Moderna, Oxford/AstraZeneca, Pfizer/BioNTech",https://data.gov.lv/dati/eng/dataset/covid19-vakcinacijas,850450,531720,343023,12
Latvia,2021-06-05,"Johnson&Johnson, Moderna, Oxford/AstraZeneca, Pfizer/BioNTech",https://data.gov.lv/dati/eng/dataset/covid19-vakcinacijas,861735,535145,351921,12
Latvia,2021-06-06,"Johnson&Johnson, Moderna, Oxford/AstraZeneca, Pfizer/BioNTech",https://data.gov.lv/dati/eng/dataset/covid19-vakcinacijas,866973,536559,356826,12
Latvia,2021-06-07,"Johnson&Johnson, Moderna, Oxford/AstraZeneca, Pfizer/BioNTech",https://data.gov.lv/dati/eng/dataset/covid19-vakcinacijas,881857,542588,366723,12
Latvia,2021-06-08,"Johnson&Johnson, Moderna, Oxford/AstraZeneca, Pfizer/BioNTech, Sinopharm/Beijing",https://data.gov.lv/dati/eng/dataset/covid19-vakcinacijas,900004,548052,380817,12
Latvia,2021-06-09,"Johnson&Johnson, Moderna, Oxford/AstraZeneca, Pfizer/BioNTech",https://data.gov.lv/dati/eng/dataset/covid19-vakcinacijas,918400,554308,394171,12
Latvia,2021-06-10,"Johnson&Johnson, Moderna, Oxford/AstraZeneca, Pfizer/BioNTech",https://data.gov.lv/dati/eng/dataset/covid19-vakcinacijas,935427,560375,406735,12
Latvia,2021-06-11,"Johnson&Johnson, Moderna, Oxford/AstraZeneca, Pfizer/BioNTech",https://data.gov.lv/dati/eng/dataset/covid19-vakcinacijas,952797,566202,419838,12
Latvia,2021-06-12,"Johnson&Johnson, Moderna, Oxford/AstraZeneca, Pfizer/BioNTech, Sinopharm/Beijing",https://data.gov.lv/dati/eng/dataset/covid19-vakcinacijas,961084,570619,425005,12
Latvia,2021-06-13,"Johnson&Johnson, Moderna, Oxford/AstraZeneca, Pfizer/BioNTech",https://data.gov.lv/dati/eng/dataset/covid19-vakcinacijas,962740,571911,425832,12
Latvia,2021-06-14,"Johnson&Johnson, Moderna, Oxford/AstraZeneca, Pfizer/BioNTech",https://data.gov.lv/dati/eng/dataset/covid19-vakcinacijas,973147,575532,433515,13
Latvia,2021-06-15,"Johnson&Johnson, Moderna, Oxford/AstraZeneca, Pfizer/BioNTech",https://data.gov.lv/dati/eng/dataset/covid19-vakcinacijas,986116,580041,443642,13
Latvia,2021-06-16,"Johnson&Johnson, Moderna, Oxford/AstraZeneca, Pfizer/BioNTech",https://data.gov.lv/dati/eng/dataset/covid19-vakcinacijas,1002045,585721,455488,13
Latvia,2021-06-17,"Johnson&Johnson, Moderna, Oxford/AstraZeneca, Pfizer/BioNTech",https://data.gov.lv/dati/eng/dataset/covid19-vakcinacijas,1015320,591270,464867,13
Latvia,2021-06-18,"Johnson&Johnson, Moderna, Oxford/AstraZeneca, Pfizer/BioNTech",https://data.gov.lv/dati/eng/dataset/covid19-vakcinacijas,1032624,596983,478468,14
Latvia,2021-06-19,"Johnson&Johnson, Moderna, Oxford/AstraZeneca, Pfizer/BioNTech",https://data.gov.lv/dati/eng/dataset/covid19-vakcinacijas,1041116,600532,484894,14
Latvia,2021-06-20,"Johnson&Johnson, Moderna, Oxford/AstraZeneca, Pfizer/BioNTech",https://data.gov.lv/dati/eng/dataset/covid19-vakcinacijas,1044617,601568,488021,14
Latvia,2021-06-21,"Johnson&Johnson, Moderna, Oxford/AstraZeneca, Pfizer/BioNTech, Sinopharm/Beijing",https://data.gov.lv/dati/eng/dataset/covid19-vakcinacijas,1057048,605151,498385,14
Latvia,2021-06-22,"Johnson&Johnson, Moderna, Oxford/AstraZeneca, Pfizer/BioNTech",https://data.gov.lv/dati/eng/dataset/covid19-vakcinacijas,1067313,608121,506968,14
Latvia,2021-06-23,"Johnson&Johnson, Moderna, Oxford/AstraZeneca, Pfizer/BioNTech",https://data.gov.lv/dati/eng/dataset/covid19-vakcinacijas,1067693,608374,507223,14
Latvia,2021-06-24,"Johnson&Johnson, Moderna, Oxford/AstraZeneca, Pfizer/BioNTech",https://data.gov.lv/dati/eng/dataset/covid19-vakcinacijas,1067817,608426,507310,14
Latvia,2021-06-25,"Johnson&Johnson, Moderna, Oxford/AstraZeneca, Pfizer/BioNTech",https://data.gov.lv/dati/eng/dataset/covid19-vakcinacijas,1070853,609232,509868,14
Latvia,2021-06-26,"Johnson&Johnson, Moderna, Oxford/AstraZeneca, Pfizer/BioNTech",https://data.gov.lv/dati/eng/dataset/covid19-vakcinacijas,1074089,610507,512441,14
Latvia,2021-06-27,"Johnson&Johnson, Moderna, Oxford/AstraZeneca, Pfizer/BioNTech",https://data.gov.lv/dati/eng/dataset/covid19-vakcinacijas,1076386,611221,514494,14
Latvia,2021-06-28,"Johnson&Johnson, Moderna, Oxford/AstraZeneca, Pfizer/BioNTech",https://data.gov.lv/dati/eng/dataset/covid19-vakcinacijas,1091907,614562,527985,14
Latvia,2021-06-29,"Johnson&Johnson, Moderna, Oxford/AstraZeneca, Pfizer/BioNTech",https://data.gov.lv/dati/eng/dataset/covid19-vakcinacijas,1106343,619610,539226,14
Latvia,2021-06-30,"Johnson&Johnson, Moderna, Oxford/AstraZeneca, Pfizer/BioNTech",https://data.gov.lv/dati/eng/dataset/covid19-vakcinacijas,1121115,624552,550985,16
Latvia,2021-07-01,"Johnson&Johnson, Moderna, Oxford/AstraZeneca, Pfizer/BioNTech",https://data.gov.lv/dati/eng/dataset/covid19-vakcinacijas,1132928,629329,559690,17
Latvia,2021-07-02,"Johnson&Johnson, Moderna, Oxford/AstraZeneca, Pfizer/BioNTech",https://data.gov.lv/dati/eng/dataset/covid19-vakcinacijas,1145394,634457,568999,17
Latvia,2021-07-03,"Johnson&Johnson, Moderna, Oxford/AstraZeneca, Pfizer/BioNTech",https://data.gov.lv/dati/eng/dataset/covid19-vakcinacijas,1154040,637627,576056,17
Latvia,2021-07-04,"Johnson&Johnson, Moderna, Oxford/AstraZeneca, Pfizer/BioNTech",https://data.gov.lv/dati/eng/dataset/covid19-vakcinacijas,1156277,639044,577705,18
Latvia,2021-07-05,"Johnson&Johnson, Moderna, Oxford/AstraZeneca, Pfizer/BioNTech",https://data.gov.lv/dati/eng/dataset/covid19-vakcinacijas,1164034,643154,582898,18
Latvia,2021-07-06,"Johnson&Johnson, Moderna, Oxford/AstraZeneca, Pfizer/BioNTech",https://data.gov.lv/dati/eng/dataset/covid19-vakcinacijas,1172978,647983,589065,18
Latvia,2021-07-07,"Johnson&Johnson, Moderna, Oxford/AstraZeneca, Pfizer/BioNTech",https://data.gov.lv/dati/eng/dataset/covid19-vakcinacijas,1183181,653393,596406,18
Latvia,2021-07-08,"Johnson&Johnson, Moderna, Oxford/AstraZeneca, Pfizer/BioNTech",https://data.gov.lv/dati/eng/dataset/covid19-vakcinacijas,1191892,657854,602648,18
Latvia,2021-07-09,"Johnson&Johnson, Moderna, Oxford/AstraZeneca, Pfizer/BioNTech",https://data.gov.lv/dati/eng/dataset/covid19-vakcinacijas,1203236,663204,611178,18
Latvia,2021-07-10,"Johnson&Johnson, Moderna, Oxford/AstraZeneca, Pfizer/BioNTech",https://data.gov.lv/dati/eng/dataset/covid19-vakcinacijas,1211316,666150,617944,18
Latvia,2021-07-11,"Johnson&Johnson, Moderna, Oxford/AstraZeneca, Pfizer/BioNTech",https://data.gov.lv/dati/eng/dataset/covid19-vakcinacijas,1213390,667589,619495,18
Latvia,2021-07-12,"Johnson&Johnson, Moderna, Oxford/AstraZeneca, Pfizer/BioNTech, Sinopharm/Beijing",https://data.gov.lv/dati/eng/dataset/covid19-vakcinacijas,1219893,671167,624082,18
Latvia,2021-07-13,"Johnson&Johnson, Moderna, Oxford/AstraZeneca, Pfizer/BioNTech",https://data.gov.lv/dati/eng/dataset/covid19-vakcinacijas,1226545,675620,628416,18
Latvia,2021-07-14,"Johnson&Johnson, Moderna, Oxford/AstraZeneca, Pfizer/BioNTech, Sinopharm/Beijing",https://data.gov.lv/dati/eng/dataset/covid19-vakcinacijas,1232467,680475,631811,19
Latvia,2021-07-15,"Johnson&Johnson, Moderna, Oxford/AstraZeneca, Pfizer/BioNTech",https://data.gov.lv/dati/eng/dataset/covid19-vakcinacijas,1237298,684439,634364,19
Latvia,2021-07-16,"Johnson&Johnson, Moderna, Oxford/AstraZeneca, Pfizer/BioNTech",https://data.gov.lv/dati/eng/dataset/covid19-vakcinacijas,1243005,689070,637394,19
Latvia,2021-07-17,"Johnson&Johnson, Moderna, Oxford/AstraZeneca, Pfizer/BioNTech",https://data.gov.lv/dati/eng/dataset/covid19-vakcinacijas,1246677,692052,639666,19
Latvia,2021-07-18,"Johnson&Johnson, Moderna, Oxford/AstraZeneca, Pfizer/BioNTech",https://data.gov.lv/dati/eng/dataset/covid19-vakcinacijas,1247957,692949,640467,19
Latvia,2021-07-19,"Johnson&Johnson, Moderna, Oxford/AstraZeneca, Pfizer/BioNTech",https://data.gov.lv/dati/eng/dataset/covid19-vakcinacijas,1253079,696062,643670,19
Latvia,2021-07-20,"Johnson&Johnson, Moderna, Oxford/AstraZeneca, Pfizer/BioNTech, Sinopharm/Beijing",https://data.gov.lv/dati/eng/dataset/covid19-vakcinacijas,1259903,700063,647764,19
Latvia,2021-07-21,"Johnson&Johnson, Moderna, Oxford/AstraZeneca, Pfizer/BioNTech",https://data.gov.lv/dati/eng/dataset/covid19-vakcinacijas,1267304,704435,652233,20
Latvia,2021-07-22,"Johnson&Johnson, Moderna, Oxford/AstraZeneca, Pfizer/BioNTech",https://data.gov.lv/dati/eng/dataset/covid19-vakcinacijas,1273868,708093,656373,21
Latvia,2021-07-23,"Johnson&Johnson, Moderna, Oxford/AstraZeneca, Pfizer/BioNTech",https://data.gov.lv/dati/eng/dataset/covid19-vakcinacijas,1280179,711763,659995,21
Latvia,2021-07-24,"Johnson&Johnson, Moderna, Oxford/AstraZeneca, Pfizer/BioNTech",https://data.gov.lv/dati/eng/dataset/covid19-vakcinacijas,1284938,714900,662681,22
Latvia,2021-07-25,"Johnson&Johnson, Moderna, Oxford/AstraZeneca, Pfizer/BioNTech",https://data.gov.lv/dati/eng/dataset/covid19-vakcinacijas,1286318,715686,663532,24
Latvia,2021-07-26,"Johnson&Johnson, Moderna, Oxford/AstraZeneca, Pfizer/BioNTech",https://data.gov.lv/dati/eng/dataset/covid19-vakcinacijas,1292057,718578,667010,26
Latvia,2021-07-27,"Johnson&Johnson, Moderna, Oxford/AstraZeneca, Pfizer/BioNTech",https://data.gov.lv/dati/eng/dataset/covid19-vakcinacijas,1298356,722031,670460,26
Latvia,2021-07-28,"Johnson&Johnson, Moderna, Oxford/AstraZeneca, Pfizer/BioNTech",https://data.gov.lv/dati/eng/dataset/covid19-vakcinacijas,1305335,725718,674365,26
Latvia,2021-07-29,"Johnson&Johnson, Moderna, Oxford/AstraZeneca, Pfizer/BioNTech",https://data.gov.lv/dati/eng/dataset/covid19-vakcinacijas,1310881,728949,677309,26
Latvia,2021-07-30,"Johnson&Johnson, Moderna, Oxford/AstraZeneca, Pfizer/BioNTech",https://data.gov.lv/dati/eng/dataset/covid19-vakcinacijas,1317821,732758,680992,26
Latvia,2021-07-31,"Johnson&Johnson, Moderna, Oxford/AstraZeneca, Pfizer/BioNTech",https://data.gov.lv/dati/eng/dataset/covid19-vakcinacijas,1321676,735295,682974,26
Latvia,2021-08-01,"Johnson&Johnson, Moderna, Oxford/AstraZeneca, Pfizer/BioNTech",https://data.gov.lv/dati/eng/dataset/covid19-vakcinacijas,1323103,736230,683794,27
Latvia,2021-08-02,"Johnson&Johnson, Moderna, Oxford/AstraZeneca, Pfizer/BioNTech",https://data.gov.lv/dati/eng/dataset/covid19-vakcinacijas,1327985,739205,686357,27
Latvia,2021-08-03,"Johnson&Johnson, Moderna, Oxford/AstraZeneca, Pfizer/BioNTech",https://data.gov.lv/dati/eng/dataset/covid19-vakcinacijas,1334354,742874,689970,29
Latvia,2021-08-04,"Johnson&Johnson, Moderna, Oxford/AstraZeneca, Pfizer/BioNTech, Sinopharm/Beijing",https://data.gov.lv/dati/eng/dataset/covid19-vakcinacijas,1340909,746884,693338,30
Latvia,2021-08-05,"Johnson&Johnson, Moderna, Oxford/AstraZeneca, Pfizer/BioNTech",https://data.gov.lv/dati/eng/dataset/covid19-vakcinacijas,1346147,750079,695880,32
Latvia,2021-08-06,"Johnson&Johnson, Moderna, Oxford/AstraZeneca, Pfizer/BioNTech",https://data.gov.lv/dati/eng/dataset/covid19-vakcinacijas,1352721,754081,699269,32
Latvia,2021-08-07,"Johnson&Johnson, Moderna, Oxford/AstraZeneca, Pfizer/BioNTech",https://data.gov.lv/dati/eng/dataset/covid19-vakcinacijas,1356873,756938,701904,32
Latvia,2021-08-08,"Johnson&Johnson, Moderna, Oxford/AstraZeneca, Pfizer/BioNTech",https://data.gov.lv/dati/eng/dataset/covid19-vakcinacijas,1357989,757714,702541,32
Latvia,2021-08-09,"Johnson&Johnson, Moderna, Oxford/AstraZeneca, Pfizer/BioNTech",https://data.gov.lv/dati/eng/dataset/covid19-vakcinacijas,1362761,760457,704859,33
Latvia,2021-08-10,"Johnson&Johnson, Moderna, Oxford/AstraZeneca, Pfizer/BioNTech",https://data.gov.lv/dati/eng/dataset/covid19-vakcinacijas,1368763,763804,707998,33
Latvia,2021-08-11,"Johnson&Johnson, Moderna, Oxford/AstraZeneca, Pfizer/BioNTech",https://data.gov.lv/dati/eng/dataset/covid19-vakcinacijas,1376307,768461,711486,33
Latvia,2021-08-12,"Johnson&Johnson, Moderna, Oxford/AstraZeneca, Pfizer/BioNTech",https://data.gov.lv/dati/eng/dataset/covid19-vakcinacijas,1381646,771607,713978,33
Latvia,2021-08-13,"Johnson&Johnson, Moderna, Oxford/AstraZeneca, Pfizer/BioNTech",https://data.gov.lv/dati/eng/dataset/covid19-vakcinacijas,1388220,775647,716950,35
Latvia,2021-08-14,"Johnson&Johnson, Moderna, Oxford/AstraZeneca, Pfizer/BioNTech",https://data.gov.lv/dati/eng/dataset/covid19-vakcinacijas,1392130,777991,718830,35
Latvia,2021-08-15,"Johnson&Johnson, Moderna, Oxford/AstraZeneca, Pfizer/BioNTech",https://data.gov.lv/dati/eng/dataset/covid19-vakcinacijas,1393395,778680,719496,35
Latvia,2021-08-16,"Johnson&Johnson, Moderna, Oxford/AstraZeneca, Pfizer/BioNTech",https://data.gov.lv/dati/eng/dataset/covid19-vakcinacijas,1398196,781309,721883,35
Latvia,2021-08-17,"Johnson&Johnson, Moderna, Oxford/AstraZeneca, Pfizer/BioNTech",https://data.gov.lv/dati/eng/dataset/covid19-vakcinacijas,1404232,784473,725059,35
Latvia,2021-08-18,"Johnson&Johnson, Moderna, Oxford/AstraZeneca, Pfizer/BioNTech",https://data.gov.lv/dati/eng/dataset/covid19-vakcinacijas,1411633,789043,728512,35
Latvia,2021-08-19,"Johnson&Johnson, Moderna, Oxford/AstraZeneca, Pfizer/BioNTech",https://data.gov.lv/dati/eng/dataset/covid19-vakcinacijas,1417327,792347,731320,35
Latvia,2021-08-20,"Johnson&Johnson, Moderna, Oxford/AstraZeneca, Pfizer/BioNTech",https://data.gov.lv/dati/eng/dataset/covid19-vakcinacijas,1424396,796406,734867,35
Latvia,2021-08-21,"Johnson&Johnson, Moderna, Oxford/AstraZeneca, Pfizer/BioNTech",https://data.gov.lv/dati/eng/dataset/covid19-vakcinacijas,1428155,798569,736758,35
Latvia,2021-08-22,"Johnson&Johnson, Moderna, Oxford/AstraZeneca, Pfizer/BioNTech",https://data.gov.lv/dati/eng/dataset/covid19-vakcinacijas,1429448,799320,737360,35
Latvia,2021-08-23,"Johnson&Johnson, Moderna, Oxford/AstraZeneca, Pfizer/BioNTech",https://data.gov.lv/dati/eng/dataset/covid19-vakcinacijas,1434727,802195,740081,35
Latvia,2021-08-24,"Johnson&Johnson, Moderna, Oxford/AstraZeneca, Pfizer/BioNTech, Sinopharm/Beijing",https://data.gov.lv/dati/eng/dataset/covid19-vakcinacijas,1440865,805822,743035,35
Latvia,2021-08-25,"Johnson&Johnson, Moderna, Oxford/AstraZeneca, Pfizer/BioNTech",https://data.gov.lv/dati/eng/dataset/covid19-vakcinacijas,1447662,809480,746509,35
Latvia,2021-08-26,"Johnson&Johnson, Moderna, Oxford/AstraZeneca, Pfizer/BioNTech",https://data.gov.lv/dati/eng/dataset/covid19-vakcinacijas,1453218,812608,749195,36
Latvia,2021-08-27,"Johnson&Johnson, Moderna, Oxford/AstraZeneca, Pfizer/BioNTech",https://data.gov.lv/dati/eng/dataset/covid19-vakcinacijas,1460528,816894,752748,36
Latvia,2021-08-28,"Johnson&Johnson, Moderna, Oxford/AstraZeneca, Pfizer/BioNTech",https://data.gov.lv/dati/eng/dataset/covid19-vakcinacijas,1463991,818919,754294,37
Latvia,2021-08-29,"Johnson&Johnson, Moderna, Oxford/AstraZeneca, Pfizer/BioNTech",https://data.gov.lv/dati/eng/dataset/covid19-vakcinacijas,1465150,819609,754782,38
Latvia,2021-08-30,"Johnson&Johnson, Moderna, Oxford/AstraZeneca, Pfizer/BioNTech",https://data.gov.lv/dati/eng/dataset/covid19-vakcinacijas,1471013,822739,757852,38
Latvia,2021-08-31,"Johnson&Johnson, Moderna, Oxford/AstraZeneca, Pfizer/BioNTech",https://data.gov.lv/dati/eng/dataset/covid19-vakcinacijas,1477206,826289,760788,38
Latvia,2021-09-01,"Johnson&Johnson, Moderna, Oxford/AstraZeneca, Pfizer/BioNTech",https://data.gov.lv/dati/eng/dataset/covid19-vakcinacijas,1482972,828930,764069,39
Latvia,2021-09-02,"Johnson&Johnson, Moderna, Oxford/AstraZeneca, Pfizer/BioNTech",https://data.gov.lv/dati/eng/dataset/covid19-vakcinacijas,1488379,831806,766831,39
Latvia,2021-09-03,"Johnson&Johnson, Moderna, Oxford/AstraZeneca, Pfizer/BioNTech",https://data.gov.lv/dati/eng/dataset/covid19-vakcinacijas,1494899,834986,770327,41
Latvia,2021-09-04,"Johnson&Johnson, Moderna, Oxford/AstraZeneca, Pfizer/BioNTech",https://data.gov.lv/dati/eng/dataset/covid19-vakcinacijas,1498465,836579,772346,41
Latvia,2021-09-05,"Johnson&Johnson, Moderna, Oxford/AstraZeneca, Pfizer/BioNTech",https://data.gov.lv/dati/eng/dataset/covid19-vakcinacijas,1499481,837114,772831,42
Latvia,2021-09-06,"Johnson&Johnson, Moderna, Oxford/AstraZeneca, Pfizer/BioNTech",https://data.gov.lv/dati/eng/dataset/covid19-vakcinacijas,1503867,839332,775063,44
Latvia,2021-09-07,"Johnson&Johnson, Moderna, Oxford/AstraZeneca, Pfizer/BioNTech",https://data.gov.lv/dati/eng/dataset/covid19-vakcinacijas,1508919,842105,777442,45
Latvia,2021-09-08,"Johnson&Johnson, Moderna, Oxford/AstraZeneca, Pfizer/BioNTech",https://data.gov.lv/dati/eng/dataset/covid19-vakcinacijas,1515912,845398,781291,47
Latvia,2021-09-09,"Johnson&Johnson, Moderna, Oxford/AstraZeneca, Pfizer/BioNTech",https://data.gov.lv/dati/eng/dataset/covid19-vakcinacijas,1521733,848412,784268,50
Latvia,2021-09-10,"Johnson&Johnson, Moderna, Oxford/AstraZeneca, Pfizer/BioNTech",https://data.gov.lv/dati/eng/dataset/covid19-vakcinacijas,1528399,851809,787765,54
Latvia,2021-09-11,"Johnson&Johnson, Moderna, Oxford/AstraZeneca, Pfizer/BioNTech",https://data.gov.lv/dati/eng/dataset/covid19-vakcinacijas,1531308,853241,789266,54
Latvia,2021-09-12,"Johnson&Johnson, Moderna, Oxford/AstraZeneca, Pfizer/BioNTech",https://data.gov.lv/dati/eng/dataset/covid19-vakcinacijas,1532352,853849,789709,55
Latvia,2021-09-13,"Johnson&Johnson, Moderna, Oxford/AstraZeneca, Pfizer/BioNTech",https://data.gov.lv/dati/eng/dataset/covid19-vakcinacijas,1537033,855867,792444,55
Latvia,2021-09-14,"Johnson&Johnson, Moderna, Oxford/AstraZeneca, Pfizer/BioNTech",https://data.gov.lv/dati/eng/dataset/covid19-vakcinacijas,1542237,858428,795167,57
Latvia,2021-09-15,"Johnson&Johnson, Moderna, Oxford/AstraZeneca, Pfizer/BioNTech",https://data.gov.lv/dati/eng/dataset/covid19-vakcinacijas,1548351,861332,798492,60
Latvia,2021-09-16,"Johnson&Johnson, Moderna, Oxford/AstraZeneca, Pfizer/BioNTech",https://data.gov.lv/dati/eng/dataset/covid19-vakcinacijas,1554154,864304,801614,63
Latvia,2021-09-17,"Johnson&Johnson, Moderna, Oxford/AstraZeneca, Pfizer/BioNTech",https://data.gov.lv/dati/eng/dataset/covid19-vakcinacijas,1561501,868048,805917,69
Latvia,2021-09-18,"Johnson&Johnson, Moderna, Oxford/AstraZeneca, Pfizer/BioNTech",https://data.gov.lv/dati/eng/dataset/covid19-vakcinacijas,1565750,870615,808685,69
Latvia,2021-09-19,"Johnson&Johnson, Moderna, Oxford/AstraZeneca, Pfizer/BioNTech",https://data.gov.lv/dati/eng/dataset/covid19-vakcinacijas,1566816,871087,809361,69
Latvia,2021-09-20,"Johnson&Johnson, Moderna, Oxford/AstraZeneca, Pfizer/BioNTech",https://data.gov.lv/dati/eng/dataset/covid19-vakcinacijas,1571865,873482,812435,75
Latvia,2021-09-21,"Johnson&Johnson, Moderna, Oxford/AstraZeneca, Pfizer/BioNTech",https://data.gov.lv/dati/eng/dataset/covid19-vakcinacijas,1578237,876659,816288,87
Latvia,2021-09-22,"Johnson&Johnson, Moderna, Oxford/AstraZeneca, Pfizer/BioNTech",https://data.gov.lv/dati/eng/dataset/covid19-vakcinacijas,1584797,880663,819575,101
Latvia,2021-09-23,"Johnson&Johnson, Moderna, Oxford/AstraZeneca, Pfizer/BioNTech",https://data.gov.lv/dati/eng/dataset/covid19-vakcinacijas,1591779,885114,823946,111
Latvia,2021-09-24,"Johnson&Johnson, Moderna, Oxford/AstraZeneca, Pfizer/BioNTech",https://data.gov.lv/dati/eng/dataset/covid19-vakcinacijas,1600874,891224,830048,123
Latvia,2021-09-25,"Johnson&Johnson, Moderna, Oxford/AstraZeneca, Pfizer/BioNTech",https://data.gov.lv/dati/eng/dataset/covid19-vakcinacijas,1606903,895649,834443,128
Latvia,2021-09-26,"Johnson&Johnson, Moderna, Oxford/AstraZeneca, Pfizer/BioNTech",https://data.gov.lv/dati/eng/dataset/covid19-vakcinacijas,1608579,896747,835614,128
Latvia,2021-09-27,"Johnson&Johnson, Moderna, Oxford/AstraZeneca, Pfizer/BioNTech",https://data.gov.lv/dati/eng/dataset/covid19-vakcinacijas,1615086,901044,839955,135
Latvia,2021-09-28,"Johnson&Johnson, Moderna, Oxford/AstraZeneca, Pfizer/BioNTech",https://data.gov.lv/dati/eng/dataset/covid19-vakcinacijas,1621676,905223,844387,164
Latvia,2021-09-29,"Johnson&Johnson, Moderna, Oxford/AstraZeneca, Pfizer/BioNTech",https://data.gov.lv/dati/eng/dataset/covid19-vakcinacijas,1629682,910273,849664,193
Latvia,2021-09-30,"Johnson&Johnson, Moderna, Oxford/AstraZeneca, Pfizer/BioNTech",https://data.gov.lv/dati/eng/dataset/covid19-vakcinacijas,1637895,915780,855501,205
Latvia,2021-10-01,"Johnson&Johnson, Moderna, Oxford/AstraZeneca, Pfizer/BioNTech",https://data.gov.lv/dati/eng/dataset/covid19-vakcinacijas,1646695,921544,861583,221
Latvia,2021-10-02,"Johnson&Johnson, Moderna, Oxford/AstraZeneca, Pfizer/BioNTech",https://data.gov.lv/dati/eng/dataset/covid19-vakcinacijas,1651382,924934,864773,225
Latvia,2021-10-03,"Johnson&Johnson, Moderna, Pfizer/BioNTech",https://data.gov.lv/dati/eng/dataset/covid19-vakcinacijas,1653451,926448,866178,225
Latvia,2021-10-04,"Johnson&Johnson, Moderna, Pfizer/BioNTech",https://data.gov.lv/dati/eng/dataset/covid19-vakcinacijas,1659139,930161,869905,234
Latvia,2021-10-05,"Johnson&Johnson, Moderna, Pfizer/BioNTech",https://data.gov.lv/dati/eng/dataset/covid19-vakcinacijas,1666393,934917,874515,264
Latvia,2021-10-06,"Johnson&Johnson, Moderna, Pfizer/BioNTech",https://data.gov.lv/dati/eng/dataset/covid19-vakcinacijas,1674673,940347,879530,388
Latvia,2021-10-07,"Johnson&Johnson, Moderna, Oxford/AstraZeneca, Pfizer/BioNTech",https://data.gov.lv/dati/eng/dataset/covid19-vakcinacijas,1682306,945437,883963,571
Latvia,2021-10-08,"Johnson&Johnson, Moderna, Oxford/AstraZeneca, Pfizer/BioNTech",https://data.gov.lv/dati/eng/dataset/covid19-vakcinacijas,1693173,952993,890074,829
Latvia,2021-10-09,"Johnson&Johnson, Moderna, Oxford/AstraZeneca, Pfizer/BioNTech",https://data.gov.lv/dati/eng/dataset/covid19-vakcinacijas,1701206,959523,894951,861
Latvia,2021-10-10,"Johnson&Johnson, Moderna, Pfizer/BioNTech",https://data.gov.lv/dati/eng/dataset/covid19-vakcinacijas,1704660,962429,896905,877
Latvia,2021-10-11,"Johnson&Johnson, Moderna, Oxford/AstraZeneca, Pfizer/BioNTech",https://data.gov.lv/dati/eng/dataset/covid19-vakcinacijas,1713807,969538,901728,1111
Latvia,2021-10-12,"Johnson&Johnson, Moderna, Oxford/AstraZeneca, Pfizer/BioNTech",https://data.gov.lv/dati/eng/dataset/covid19-vakcinacijas,1725668,978894,907676,1380
Latvia,2021-10-13,"Johnson&Johnson, Moderna, Oxford/AstraZeneca, Pfizer/BioNTech",https://data.gov.lv/dati/eng/dataset/covid19-vakcinacijas,1740024,989778,914628,1732
Latvia,2021-10-14,"Johnson&Johnson, Moderna, Oxford/AstraZeneca, Pfizer/BioNTech",https://data.gov.lv/dati/eng/dataset/covid19-vakcinacijas,1754125,1001037,921675,2019
Latvia,2021-10-15,"Johnson&Johnson, Moderna, Oxford/AstraZeneca, Pfizer/BioNTech",https://data.gov.lv/dati/eng/dataset/covid19-vakcinacijas,1771831,1015611,930130,2460
Latvia,2021-10-16,"Johnson&Johnson, Moderna, Oxford/AstraZeneca, Pfizer/BioNTech",https://data.gov.lv/dati/eng/dataset/covid19-vakcinacijas,1784492,1026665,936437,2525
Latvia,2021-10-17,"Johnson&Johnson, Moderna, Oxford/AstraZeneca, Pfizer/BioNTech",https://data.gov.lv/dati/eng/dataset/covid19-vakcinacijas,1789491,1031161,938463,2574
Latvia,2021-10-18,"Johnson&Johnson, Moderna, Oxford/AstraZeneca, Pfizer/BioNTech",https://data.gov.lv/dati/eng/dataset/covid19-vakcinacijas,1802694,1041901,944309,2928
Latvia,2021-10-19,"Johnson&Johnson, Moderna, Oxford/AstraZeneca, Pfizer/BioNTech",https://data.gov.lv/dati/eng/dataset/covid19-vakcinacijas,1816896,1053734,950102,3294
Latvia,2021-10-20,"Johnson&Johnson, Moderna, Pfizer/BioNTech",https://data.gov.lv/dati/eng/dataset/covid19-vakcinacijas,1831889,1065679,956072,3787
Latvia,2021-10-21,"Johnson&Johnson, Moderna, Oxford/AstraZeneca, Pfizer/BioNTech",https://data.gov.lv/dati/eng/dataset/covid19-vakcinacijas,1847881,1078662,963028,4501
Latvia,2021-10-22,"Johnson&Johnson, Moderna, Pfizer/BioNTech",https://data.gov.lv/dati/eng/dataset/covid19-vakcinacijas,1864924,1092346,970485,5297
Latvia,2021-10-23,"Johnson&Johnson, Moderna, Oxford/AstraZeneca, Pfizer/BioNTech",https://data.gov.lv/dati/eng/dataset/covid19-vakcinacijas,1875244,1100971,975381,5524
Latvia,2021-10-24,"Johnson&Johnson, Moderna, Oxford/AstraZeneca, Pfizer/BioNTech",https://data.gov.lv/dati/eng/dataset/covid19-vakcinacijas,1878408,1103584,976876,5596
Latvia,2021-10-25,"Johnson&Johnson, Moderna, Oxford/AstraZeneca, Pfizer/BioNTech",https://data.gov.lv/dati/eng/dataset/covid19-vakcinacijas,1890168,1112792,982232,6199
Latvia,2021-10-26,"Johnson&Johnson, Moderna, Pfizer/BioNTech",https://data.gov.lv/dati/eng/dataset/covid19-vakcinacijas,1903172,1122821,987816,6968
Latvia,2021-10-27,"Johnson&Johnson, Moderna, Oxford/AstraZeneca, Pfizer/BioNTech",https://data.gov.lv/dati/eng/dataset/covid19-vakcinacijas,1917506,1133546,993864,7940
Latvia,2021-10-28,"Johnson&Johnson, Moderna, Oxford/AstraZeneca, Pfizer/BioNTech",https://data.gov.lv/dati/eng/dataset/covid19-vakcinacijas,1931683,1143616,1000060,9219
Latvia,2021-10-29,"Johnson&Johnson, Moderna, Oxford/AstraZeneca, Pfizer/BioNTech",https://data.gov.lv/dati/eng/dataset/covid19-vakcinacijas,1947861,1154343,1007570,10785
Latvia,2021-10-30,"Johnson&Johnson, Moderna, Oxford/AstraZeneca, Pfizer/BioNTech",https://data.gov.lv/dati/eng/dataset/covid19-vakcinacijas,1957110,1160468,1012898,11171
Latvia,2021-10-31,"Johnson&Johnson, Moderna, Pfizer/BioNTech",https://data.gov.lv/dati/eng/dataset/covid19-vakcinacijas,1959962,1162181,1014688,11252
Latvia,2021-11-01,"Johnson&Johnson, Moderna, Oxford/AstraZeneca, Pfizer/BioNTech",https://data.gov.lv/dati/eng/dataset/covid19-vakcinacijas,1971299,1168763,1020858,12188
Latvia,2021-11-02,"Johnson&Johnson, Moderna, Oxford/AstraZeneca, Pfizer/BioNTech",https://data.gov.lv/dati/eng/dataset/covid19-vakcinacijas,1985298,1176265,1028520,13457
Latvia,2021-11-03,"Johnson&Johnson, Moderna, Oxford/AstraZeneca, Pfizer/BioNTech",https://data.gov.lv/dati/eng/dataset/covid19-vakcinacijas,2000869,1184352,1037033,14958
Latvia,2021-11-04,"Johnson&Johnson, Moderna, Pfizer/BioNTech",https://data.gov.lv/dati/eng/dataset/covid19-vakcinacijas,2015686,1191465,1045446,16669
Latvia,2021-11-05,"Johnson&Johnson, Moderna, Oxford/AstraZeneca, Pfizer/BioNTech",https://data.gov.lv/dati/eng/dataset/covid19-vakcinacijas,2032294,1198359,1055494,18569
Latvia,2021-11-06,"Johnson&Johnson, Moderna, Oxford/AstraZeneca, Pfizer/BioNTech",https://data.gov.lv/dati/eng/dataset/covid19-vakcinacijas,2042523,1202550,1062584,19222
Latvia,2021-11-07,"Johnson&Johnson, Moderna, Oxford/AstraZeneca, Pfizer/BioNTech",https://data.gov.lv/dati/eng/dataset/covid19-vakcinacijas,2046131,1203821,1065269,19430
Latvia,2021-11-08,"Johnson&Johnson, Moderna, Oxford/AstraZeneca, Pfizer/BioNTech",https://data.gov.lv/dati/eng/dataset/covid19-vakcinacijas,2059392,1208771,1073691,21068
Latvia,2021-11-09,"Johnson&Johnson, Moderna, Pfizer/BioNTech",https://data.gov.lv/dati/eng/dataset/covid19-vakcinacijas,2074042,1214086,1082524,23338
Latvia,2021-11-10,"Johnson&Johnson, Moderna, Oxford/AstraZeneca, Pfizer/BioNTech",https://data.gov.lv/dati/eng/dataset/covid19-vakcinacijas,2089374,1219571,1091741,25655
Latvia,2021-11-11,"Johnson&Johnson, Moderna, Oxford/AstraZeneca, Pfizer/BioNTech",https://data.gov.lv/dati/eng/dataset/covid19-vakcinacijas,2104590,1225026,1101044,27940
Latvia,2021-11-12,"Johnson&Johnson, Moderna, Oxford/AstraZeneca, Pfizer/BioNTech",https://data.gov.lv/dati/eng/dataset/covid19-vakcinacijas,2119261,1230646,1109127,30753
Latvia,2021-11-13,"Johnson&Johnson, Moderna, Oxford/AstraZeneca, Pfizer/BioNTech",https://data.gov.lv/dati/eng/dataset/covid19-vakcinacijas,2129498,1234888,1114616,32928
Latvia,2021-11-14,"Johnson&Johnson, Moderna, Pfizer/BioNTech",https://data.gov.lv/dati/eng/dataset/covid19-vakcinacijas,2132405,1236265,1116425,33259
Latvia,2021-11-15,"Johnson&Johnson, Moderna, Pfizer/BioNTech",https://data.gov.lv/dati/eng/dataset/covid19-vakcinacijas,2142920,1240665,1121753,35663
Latvia,2021-11-16,"Johnson&Johnson, Moderna, Oxford/AstraZeneca, Pfizer/BioNTech",https://data.gov.lv/dati/eng/dataset/covid19-vakcinacijas,2154600,1245607,1127452,38456
Latvia,2021-11-17,"Johnson&Johnson, Moderna, Oxford/AstraZeneca, Pfizer/BioNTech",https://data.gov.lv/dati/eng/dataset/covid19-vakcinacijas,2168309,1250600,1134672,41777
Latvia,2021-11-18,"Johnson&Johnson, Moderna, Pfizer/BioNTech",https://data.gov.lv/dati/eng/dataset/covid19-vakcinacijas,2169619,1251253,1135426,41921
Latvia,2021-11-19,"Johnson&Johnson, Moderna, Oxford/AstraZeneca, Pfizer/BioNTech",https://data.gov.lv/dati/eng/dataset/covid19-vakcinacijas,2175739,1253089,1139309,42903
Latvia,2021-11-20,"Johnson&Johnson, Moderna, Pfizer/BioNTech",https://data.gov.lv/dati/eng/dataset/covid19-vakcinacijas,2181988,1255046,1143609,43703
Latvia,2021-11-21,"Johnson&Johnson, Moderna, Pfizer/BioNTech",https://data.gov.lv/dati/eng/dataset/covid19-vakcinacijas,2183868,1255782,1144819,43974
Latvia,2021-11-22,"Johnson&Johnson, Moderna, Oxford/AstraZeneca, Pfizer/BioNTech",https://data.gov.lv/dati/eng/dataset/covid19-vakcinacijas,2194657,1258354,1151888,46032
Latvia,2021-11-23,"Johnson&Johnson, Moderna, Oxford/AstraZeneca, Pfizer/BioNTech",https://data.gov.lv/dati/eng/dataset/covid19-vakcinacijas,2206311,1261370,1158268,49325
Latvia,2021-11-24,"Johnson&Johnson, Moderna, Oxford/AstraZeneca, Pfizer/BioNTech",https://data.gov.lv/dati/eng/dataset/covid19-vakcinacijas,2218760,1264714,1164743,53111
Latvia,2021-11-25,"Johnson&Johnson, Moderna, Oxford/AstraZeneca, Pfizer/BioNTech",https://data.gov.lv/dati/eng/dataset/covid19-vakcinacijas,2230672,1267410,1170976,57059
Latvia,2021-11-26,"Johnson&Johnson, Moderna, Oxford/AstraZeneca, Pfizer/BioNTech",https://data.gov.lv/dati/eng/dataset/covid19-vakcinacijas,2244589,1270659,1177929,61863
Latvia,2021-11-27,"Johnson&Johnson, Moderna, Pfizer/BioNTech",https://data.gov.lv/dati/eng/dataset/covid19-vakcinacijas,2251156,1272350,1181249,64100
Latvia,2021-11-28,"Johnson&Johnson, Moderna, Oxford/AstraZeneca, Pfizer/BioNTech",https://data.gov.lv/dati/eng/dataset/covid19-vakcinacijas,2253395,1272901,1182448,64829
Latvia,2021-11-29,"Johnson&Johnson, Moderna, Oxford/AstraZeneca, Pfizer/BioNTech",https://data.gov.lv/dati/eng/dataset/covid19-vakcinacijas,2263270,1275060,1187104,68640
Latvia,2021-11-30,"Johnson&Johnson, Moderna, Oxford/AstraZeneca, Pfizer/BioNTech",https://data.gov.lv/dati/eng/dataset/covid19-vakcinacijas,2274829,1277220,1192117,73733
Latvia,2021-12-01,"Johnson&Johnson, Moderna, Pfizer/BioNTech",https://data.gov.lv/dati/eng/dataset/covid19-vakcinacijas,2287708,1279564,1197371,79779
Latvia,2021-12-02,"Johnson&Johnson, Moderna, Pfizer/BioNTech",https://data.gov.lv/dati/eng/dataset/covid19-vakcinacijas,2300305,1281518,1202024,86475
Latvia,2021-12-03,"Johnson&Johnson, Moderna, Pfizer/BioNTech",https://data.gov.lv/dati/eng/dataset/covid19-vakcinacijas,2314162,1283440,1206750,94264
Latvia,2021-12-04,"Johnson&Johnson, Moderna, Pfizer/BioNTech",https://data.gov.lv/dati/eng/dataset/covid19-vakcinacijas,2321209,1284529,1209066,98298
Latvia,2021-12-05,"Johnson&Johnson, Moderna, Pfizer/BioNTech",https://data.gov.lv/dati/eng/dataset/covid19-vakcinacijas,2323250,1284816,1209634,99603
Latvia,2021-12-06,"Johnson&Johnson, Moderna, Oxford/AstraZeneca, Pfizer/BioNTech",https://data.gov.lv/dati/eng/dataset/covid19-vakcinacijas,2333028,1286201,1213213,104860
Latvia,2021-12-07,"Johnson&Johnson, Moderna, Oxford/AstraZeneca, Pfizer/BioNTech",https://data.gov.lv/dati/eng/dataset/covid19-vakcinacijas,2346262,1288037,1217257,112712
Latvia,2021-12-08,"Johnson&Johnson, Moderna, Oxford/AstraZeneca, Pfizer/BioNTech",https://data.gov.lv/dati/eng/dataset/covid19-vakcinacijas,2359857,1289800,1221456,120864
Latvia,2021-12-09,"Johnson&Johnson, Moderna, Oxford/AstraZeneca, Pfizer/BioNTech",https://data.gov.lv/dati/eng/dataset/covid19-vakcinacijas,2372812,1291549,1224411,129694
Latvia,2021-12-10,"Johnson&Johnson, Moderna, Oxford/AstraZeneca, Pfizer/BioNTech",https://data.gov.lv/dati/eng/dataset/covid19-vakcinacijas,2386935,1293137,1227901,139253
Latvia,2021-12-11,"Johnson&Johnson, Moderna, Pfizer/BioNTech",https://data.gov.lv/dati/eng/dataset/covid19-vakcinacijas,2393832,1294045,1229701,143796
Latvia,2021-12-12,"Johnson&Johnson, Moderna, Pfizer/BioNTech",https://data.gov.lv/dati/eng/dataset/covid19-vakcinacijas,2395875,1294353,1230268,145073
Latvia,2021-12-13,"Johnson&Johnson, Moderna, Oxford/AstraZeneca, Pfizer/BioNTech",https://data.gov.lv/dati/eng/dataset/covid19-vakcinacijas,2405104,1295496,1232945,150867
Latvia,2021-12-14,"Johnson&Johnson, Moderna, Oxford/AstraZeneca, Pfizer/BioNTech",https://data.gov.lv/dati/eng/dataset/covid19-vakcinacijas,2418590,1296945,1236132,160151
Latvia,2021-12-15,"Johnson&Johnson, Moderna, Oxford/AstraZeneca, Pfizer/BioNTech",https://data.gov.lv/dati/eng/dataset/covid19-vakcinacijas,2433007,1298621,1239341,170195
Latvia,2021-12-16,"Johnson&Johnson, Moderna, Oxford/AstraZeneca, Pfizer/BioNTech",https://data.gov.lv/dati/eng/dataset/covid19-vakcinacijas,2445846,1300286,1241170,180072
Latvia,2021-12-17,"Johnson&Johnson, Moderna, Oxford/AstraZeneca, Pfizer/BioNTech",https://data.gov.lv/dati/eng/dataset/covid19-vakcinacijas,2459487,1302011,1243459,190178
Latvia,2021-12-18,"Johnson&Johnson, Moderna, Oxford/AstraZeneca, Pfizer/BioNTech",https://data.gov.lv/dati/eng/dataset/covid19-vakcinacijas,2465181,1302761,1244707,194113
Latvia,2021-12-19,"Johnson&Johnson, Moderna, Pfizer/BioNTech",https://data.gov.lv/dati/eng/dataset/covid19-vakcinacijas,2466798,1303007,1245018,195245
Latvia,2021-12-20,"Johnson&Johnson, Moderna, Oxford/AstraZeneca, Pfizer/BioNTech",https://data.gov.lv/dati/eng/dataset/covid19-vakcinacijas,2477127,1304382,1247067,202627
Latvia,2021-12-21,"Johnson&Johnson, Moderna, Pfizer/BioNTech",https://data.gov.lv/dati/eng/dataset/covid19-vakcinacijas,2490149,1306092,1249474,212047
Latvia,2021-12-22,"Johnson&Johnson, Moderna, Pfizer/BioNTech",https://data.gov.lv/dati/eng/dataset/covid19-vakcinacijas,2503687,1308052,1252127,221405
Latvia,2021-12-23,"Johnson&Johnson, Moderna, Pfizer/BioNTech",https://data.gov.lv/dati/eng/dataset/covid19-vakcinacijas,2512278,1309318,1253993,227216
Latvia,2021-12-24,"Johnson&Johnson, Moderna, Pfizer/BioNTech",https://data.gov.lv/dati/eng/dataset/covid19-vakcinacijas,2512459,1309337,1254032,227347
Latvia,2021-12-25,"Johnson&Johnson, Moderna, Oxford/AstraZeneca, Pfizer/BioNTech",https://data.gov.lv/dati/eng/dataset/covid19-vakcinacijas,2513001,1309413,1254120,227738
Latvia,2021-12-26,"Johnson&Johnson, Moderna, Pfizer/BioNTech",https://data.gov.lv/dati/eng/dataset/covid19-vakcinacijas,2513445,1309468,1254234,228042
Latvia,2021-12-27,"Johnson&Johnson, Moderna, Oxford/AstraZeneca, Pfizer/BioNTech",https://data.gov.lv/dati/eng/dataset/covid19-vakcinacijas,2523973,1310650,1256764,235178
Latvia,2021-12-28,"Johnson&Johnson, Moderna, Oxford/AstraZeneca, Pfizer/BioNTech",https://data.gov.lv/dati/eng/dataset/covid19-vakcinacijas,2536548,1312125,1259049,244348
Latvia,2021-12-29,"Johnson&Johnson, Moderna, Pfizer/BioNTech",https://data.gov.lv/dati/eng/dataset/covid19-vakcinacijas,2548842,1313712,1261024,253397
Latvia,2021-12-30,"Johnson&Johnson, Moderna, Pfizer/BioNTech",https://data.gov.lv/dati/eng/dataset/covid19-vakcinacijas,2556122,1314648,1262507,258592
Latvia,2021-12-31,"Johnson&Johnson, Moderna, Pfizer/BioNTech",https://data.gov.lv/dati/eng/dataset/covid19-vakcinacijas,2556205,1314660,1262519,258654
Latvia,2022-01-01,"Moderna, Pfizer/BioNTech",https://data.gov.lv/dati/eng/dataset/covid19-vakcinacijas,2556286,1314669,1262529,258716
Latvia,2022-01-02,"Johnson&Johnson, Moderna, Pfizer/BioNTech",https://data.gov.lv/dati/eng/dataset/covid19-vakcinacijas,2557581,1314749,1262702,259784
Latvia,2022-01-03,"Johnson&Johnson, Moderna, Pfizer/BioNTech",https://data.gov.lv/dati/eng/dataset/covid19-vakcinacijas,2565948,1315703,1264473,265708
Latvia,2022-01-04,"Johnson&Johnson, Moderna, Pfizer/BioNTech",https://data.gov.lv/dati/eng/dataset/covid19-vakcinacijas,2577943,1317132,1266324,274733
Latvia,2022-01-05,"Johnson&Johnson, Moderna, Pfizer/BioNTech",https://data.gov.lv/dati/eng/dataset/covid19-vakcinacijas,2590983,1318489,1267875,285117
Latvia,2022-01-06,"Johnson&Johnson, Moderna, Pfizer/BioNTech",https://data.gov.lv/dati/eng/dataset/covid19-vakcinacijas,2604550,1319708,1269419,296193
Latvia,2022-01-07,"Johnson&Johnson, Moderna, Oxford/AstraZeneca, Pfizer/BioNTech",https://data.gov.lv/dati/eng/dataset/covid19-vakcinacijas,2619996,1321127,1271005,308913
Latvia,2022-01-08,"Johnson&Johnson, Moderna, Pfizer/BioNTech",https://data.gov.lv/dati/eng/dataset/covid19-vakcinacijas,2627942,1321745,1271807,315593
Latvia,2022-01-09,"Johnson&Johnson, Moderna, Pfizer/BioNTech",https://data.gov.lv/dati/eng/dataset/covid19-vakcinacijas,2629713,1321871,1271992,317093
Latvia,2022-01-10,"Johnson&Johnson, Moderna, Oxford/AstraZeneca, Pfizer/BioNTech",https://data.gov.lv/dati/eng/dataset/covid19-vakcinacijas,2639084,1322830,1272996,324718
Latvia,2022-01-11,"Johnson&Johnson, Moderna, Oxford/AstraZeneca, Pfizer/BioNTech",https://data.gov.lv/dati/eng/dataset/covid19-vakcinacijas,2651371,1324050,1274389,334646
Latvia,2022-01-12,"Johnson&Johnson, Moderna, Pfizer/BioNTech",https://data.gov.lv/dati/eng/dataset/covid19-vakcinacijas,2663355,1325202,1275655,344413
Latvia,2022-01-13,"Johnson&Johnson, Moderna, Pfizer/BioNTech",https://data.gov.lv/dati/eng/dataset/covid19-vakcinacijas,2674516,1326379,1276906,353381
Latvia,2022-01-14,"Johnson&Johnson, Moderna, Oxford/AstraZeneca, Pfizer/BioNTech",https://data.gov.lv/dati/eng/dataset/covid19-vakcinacijas,2687845,1327627,1277877,364696
Latvia,2022-01-15,"Johnson&Johnson, Moderna, Pfizer/BioNTech",https://data.gov.lv/dati/eng/dataset/covid19-vakcinacijas,2692960,1328169,1278201,369055
Latvia,2022-01-16,"Johnson&Johnson, Moderna, Pfizer/BioNTech",https://data.gov.lv/dati/eng/dataset/covid19-vakcinacijas,2694658,1328308,1278331,370527
Latvia,2022-01-17,"Johnson&Johnson, Moderna, Oxford/AstraZeneca, Pfizer/BioNTech",https://data.gov.lv/dati/eng/dataset/covid19-vakcinacijas,2701867,1329068,1279246,376220
Latvia,2022-01-18,"Johnson&Johnson, Moderna, Pfizer/BioNTech",https://data.gov.lv/dati/eng/dataset/covid19-vakcinacijas,2711533,1329981,1280340,384059
Latvia,2022-01-19,"Johnson&Johnson, Moderna, Oxford/AstraZeneca, Pfizer/BioNTech",https://data.gov.lv/dati/eng/dataset/covid19-vakcinacijas,2721592,1330957,1281424,392265
Latvia,2022-01-20,"Johnson&Johnson, Moderna, Oxford/AstraZeneca, Pfizer/BioNTech",https://data.gov.lv/dati/eng/dataset/covid19-vakcinacijas,2730841,1331910,1282270,399883
Latvia,2022-01-21,"Johnson&Johnson, Moderna, Oxford/AstraZeneca, Pfizer/BioNTech",https://data.gov.lv/dati/eng/dataset/covid19-vakcinacijas,2740787,1332835,1282767,408553
Latvia,2022-01-22,"Johnson&Johnson, Moderna, Pfizer/BioNTech",https://data.gov.lv/dati/eng/dataset/covid19-vakcinacijas,2745027,1333313,1283013,412167
Latvia,2022-01-23,"Johnson&Johnson, Moderna, Pfizer/BioNTech",https://data.gov.lv/dati/eng/dataset/covid19-vakcinacijas,2746350,1333433,1283102,413309
Latvia,2022-01-24,"Johnson&Johnson, Moderna, Pfizer/BioNTech",https://data.gov.lv/dati/eng/dataset/covid19-vakcinacijas,2751743,1333987,1283747,417619
Latvia,2022-01-25,"Johnson&Johnson, Moderna, Pfizer/BioNTech",https://data.gov.lv/dati/eng/dataset/covid19-vakcinacijas,2758668,1334655,1284601,423115
Latvia,2022-01-26,"Johnson&Johnson, Moderna, Pfizer/BioNTech",https://data.gov.lv/dati/eng/dataset/covid19-vakcinacijas,2765984,1335420,1285416,428961
Latvia,2022-01-27,"Johnson&Johnson, Moderna, Pfizer/BioNTech",https://data.gov.lv/dati/eng/dataset/covid19-vakcinacijas,2772542,1336066,1286175,434229
Latvia,2022-01-28,"Johnson&Johnson, Moderna, Oxford/AstraZeneca, Pfizer/BioNTech",https://data.gov.lv/dati/eng/dataset/covid19-vakcinacijas,2780639,1336781,1286868,441031
Latvia,2022-01-29,"Johnson&Johnson, Moderna, Pfizer/BioNTech",https://data.gov.lv/dati/eng/dataset/covid19-vakcinacijas,2784158,1337230,1287286,443765
Latvia,2022-01-30,"Johnson&Johnson, Moderna, Pfizer/BioNTech",https://data.gov.lv/dati/eng/dataset/covid19-vakcinacijas,2785148,1337308,1287370,444612
Latvia,2022-01-31,"Johnson&Johnson, Moderna, Oxford/AstraZeneca, Pfizer/BioNTech",https://data.gov.lv/dati/eng/dataset/covid19-vakcinacijas,2788564,1337593,1287903,447288
Latvia,2022-02-01,"Johnson&Johnson, Moderna, Oxford/AstraZeneca, Pfizer/BioNTech",https://data.gov.lv/dati/eng/dataset/covid19-vakcinacijas,2793002,1337988,1288583,450737
Latvia,2022-02-02,"Johnson&Johnson, Moderna, Oxford/AstraZeneca, Pfizer/BioNTech",https://data.gov.lv/dati/eng/dataset/covid19-vakcinacijas,2797644,1338420,1289323,454278
Latvia,2022-02-03,"Johnson&Johnson, Moderna, Oxford/AstraZeneca, Pfizer/BioNTech",https://data.gov.lv/dati/eng/dataset/covid19-vakcinacijas,2802175,1338775,1289958,457895
Latvia,2022-02-04,"Johnson&Johnson, Moderna, Pfizer/BioNTech",https://data.gov.lv/dati/eng/dataset/covid19-vakcinacijas,2807691,1339160,1290713,462337
Latvia,2022-02-05,"Johnson&Johnson, Moderna, Pfizer/BioNTech",https://data.gov.lv/dati/eng/dataset/covid19-vakcinacijas,2809762,1339314,1291080,463936
Latvia,2022-02-06,"Johnson&Johnson, Moderna, Pfizer/BioNTech",https://data.gov.lv/dati/eng/dataset/covid19-vakcinacijas,2810196,1339349,1291148,464276
Latvia,2022-02-07,"Johnson&Johnson, Moderna, Pfizer/BioNTech",https://data.gov.lv/dati/eng/dataset/covid19-vakcinacijas,2812832,1339539,1291624,466280
Latvia,2022-02-08,"Johnson&Johnson, Moderna, Pfizer/BioNTech",https://data.gov.lv/dati/eng/dataset/covid19-vakcinacijas,2816364,1339797,1292283,468945
Latvia,2022-02-09,"Johnson&Johnson, Moderna, Pfizer/BioNTech",https://data.gov.lv/dati/eng/dataset/covid19-vakcinacijas,2819773,1340050,1292896,471555
Latvia,2022-02-10,"Johnson&Johnson, Moderna, Pfizer/BioNTech",https://data.gov.lv/dati/eng/dataset/covid19-vakcinacijas,2823440,1340277,1293478,474473
Latvia,2022-02-11,"Johnson&Johnson, Moderna, Oxford/AstraZeneca, Pfizer/BioNTech",https://data.gov.lv/dati/eng/dataset/covid19-vakcinacijas,2827990,1340527,1294119,478180
Latvia,2022-02-12,"Johnson&Johnson, Moderna, Pfizer/BioNTech",https://data.gov.lv/dati/eng/dataset/covid19-vakcinacijas,2829827,1340609,1294379,479694
Latvia,2022-02-13,"Johnson&Johnson, Moderna, Pfizer/BioNTech",https://data.gov.lv/dati/eng/dataset/covid19-vakcinacijas,2830196,1340629,1294430,479998
Latvia,2022-02-14,"Johnson&Johnson, Moderna, Pfizer/BioNTech",https://data.gov.lv/dati/eng/dataset/covid19-vakcinacijas,2832141,1340738,1294807,481482
Latvia,2022-02-15,"Johnson&Johnson, Moderna, Oxford/AstraZeneca, Pfizer/BioNTech",https://data.gov.lv/dati/eng/dataset/covid19-vakcinacijas,2834472,1340918,1295278,483197
Latvia,2022-02-16,"Johnson&Johnson, Moderna, Oxford/AstraZeneca, Pfizer/BioNTech",https://data.gov.lv/dati/eng/dataset/covid19-vakcinacijas,2836669,1341090,1295779,484771
Latvia,2022-02-17,"Johnson&Johnson, Moderna, Pfizer/BioNTech",https://data.gov.lv/dati/eng/dataset/covid19-vakcinacijas,2838644,1341232,1296218,486200
Latvia,2022-02-18,"Johnson&Johnson, Moderna, Pfizer/BioNTech",https://data.gov.lv/dati/eng/dataset/covid19-vakcinacijas,2841155,1341393,1296780,488024
Latvia,2022-02-19,"Johnson&Johnson, Moderna, Pfizer/BioNTech",https://data.gov.lv/dati/eng/dataset/covid19-vakcinacijas,2842247,1341464,1297002,488840
Latvia,2022-02-20,"Johnson&Johnson, Moderna, Pfizer/BioNTech",https://data.gov.lv/dati/eng/dataset/covid19-vakcinacijas,2842453,1341490,1297026,489000
Latvia,2022-02-21,"Johnson&Johnson, Moderna, Pfizer/BioNTech",https://data.gov.lv/dati/eng/dataset/covid19-vakcinacijas,2843830,1341597,1297249,490077
Latvia,2022-02-22,"Johnson&Johnson, Moderna, Pfizer/BioNTech",https://data.gov.lv/dati/eng/dataset/covid19-vakcinacijas,2845509,1341702,1297573,491351
Latvia,2022-02-23,"Johnson&Johnson, Moderna, Pfizer/BioNTech",https://data.gov.lv/dati/eng/dataset/covid19-vakcinacijas,2847234,1341808,1297920,492632
Latvia,2022-02-24,"Johnson&Johnson, Moderna, Pfizer/BioNTech",https://data.gov.lv/dati/eng/dataset/covid19-vakcinacijas,2848928,1341906,1298210,493949
Latvia,2022-02-25,"Johnson&Johnson, Moderna, Pfizer/BioNTech",https://data.gov.lv/dati/eng/dataset/covid19-vakcinacijas,2851347,1342048,1298651,495803
Latvia,2022-02-26,"Johnson&Johnson, Moderna, Pfizer/BioNTech",https://data.gov.lv/dati/eng/dataset/covid19-vakcinacijas,2852342,1342094,1298791,496628
Latvia,2022-02-27,"Johnson&Johnson, Moderna, Pfizer/BioNTech",https://data.gov.lv/dati/eng/dataset/covid19-vakcinacijas,2852467,1342103,1298806,496732
Latvia,2022-02-28,"Johnson&Johnson, Moderna, Novavax, Pfizer/BioNTech",https://data.gov.lv/dati/eng/dataset/covid19-vakcinacijas,2853753,1342192,1298970,497790
Latvia,2022-03-01,"Johnson&Johnson, Moderna, Novavax, Pfizer/BioNTech",https://data.gov.lv/dati/eng/dataset/covid19-vakcinacijas,2854997,1342280,1299149,498780
Latvia,2022-03-02,"Johnson&Johnson, Moderna, Novavax, Pfizer/BioNTech",https://data.gov.lv/dati/eng/dataset/covid19-vakcinacijas,2856275,1342362,1299385,499747
Latvia,2022-03-03,"Johnson&Johnson, Moderna, Novavax, Pfizer/BioNTech",https://data.gov.lv/dati/eng/dataset/covid19-vakcinacijas,2857458,1342431,1299563,500697
Latvia,2022-03-04,"Johnson&Johnson, Moderna, Novavax, Pfizer/BioNTech",https://data.gov.lv/dati/eng/dataset/covid19-vakcinacijas,2859130,1342557,1299824,502008
Latvia,2022-03-05,"Johnson&Johnson, Moderna, Novavax, Pfizer/BioNTech",https://data.gov.lv/dati/eng/dataset/covid19-vakcinacijas,2859713,1342590,1299895,502490
Latvia,2022-03-06,"Johnson&Johnson, Moderna, Novavax, Pfizer/BioNTech",https://data.gov.lv/dati/eng/dataset/covid19-vakcinacijas,2859829,1342594,1299910,502590
Latvia,2022-03-07,"Johnson&Johnson, Moderna, Pfizer/BioNTech",https://data.gov.lv/dati/eng/dataset/covid19-vakcinacijas,2860514,1342650,1300011,503135
Latvia,2022-03-08,"Johnson&Johnson, Moderna, Novavax, Pfizer/BioNTech",https://data.gov.lv/dati/eng/dataset/covid19-vakcinacijas,2861310,1342738,1300160,503715
Latvia,2022-03-09,"Johnson&Johnson, Moderna, Novavax, Pfizer/BioNTech",https://data.gov.lv/dati/eng/dataset/covid19-vakcinacijas,2862549,1342820,1300381,504664
Latvia,2022-03-10,"Johnson&Johnson, Moderna, Novavax, Pfizer/BioNTech",https://data.gov.lv/dati/eng/dataset/covid19-vakcinacijas,2863444,1342891,1300523,505358
Latvia,2022-03-11,"Johnson&Johnson, Moderna, Novavax, Pfizer/BioNTech",https://data.gov.lv/dati/eng/dataset/covid19-vakcinacijas,2864828,1343031,1300766,506393
Latvia,2022-03-12,"Johnson&Johnson, Moderna, Oxford/AstraZeneca, Pfizer/BioNTech",https://data.gov.lv/dati/eng/dataset/covid19-vakcinacijas,2865178,1343059,1300827,506660
Latvia,2022-03-13,"Johnson&Johnson, Moderna, Pfizer/BioNTech",https://data.gov.lv/dati/eng/dataset/covid19-vakcinacijas,2865204,1343060,1300833,506680
Latvia,2022-03-14,"Johnson&Johnson, Moderna, Novavax, Pfizer/BioNTech",https://data.gov.lv/dati/eng/dataset/covid19-vakcinacijas,2865845,1343130,1300933,507176
Latvia,2022-03-15,"Johnson&Johnson, Moderna, Novavax, Pfizer/BioNTech",https://data.gov.lv/dati/eng/dataset/covid19-vakcinacijas,2866762,1343222,1301059,507894
Latvia,2022-03-16,"Johnson&Johnson, Moderna, Novavax, Oxford/AstraZeneca, Pfizer/BioNTech",https://data.gov.lv/dati/eng/dataset/covid19-vakcinacijas,2867803,1343330,1301247,508675
Latvia,2022-03-17,"Johnson&Johnson, Moderna, Pfizer/BioNTech",https://data.gov.lv/dati/eng/dataset/covid19-vakcinacijas,2868562,1343407,1301336,509274
Latvia,2022-03-18,"Johnson&Johnson, Moderna, Novavax, Pfizer/BioNTech",https://data.gov.lv/dati/eng/dataset/covid19-vakcinacijas,2869802,1343528,1301566,510187
Latvia,2022-03-19,"Johnson&Johnson, Moderna, Pfizer/BioNTech",https://data.gov.lv/dati/eng/dataset/covid19-vakcinacijas,2870002,1343554,1301587,510343
Latvia,2022-03-20,"Johnson&Johnson, Moderna, Pfizer/BioNTech",https://data.gov.lv/dati/eng/dataset/covid19-vakcinacijas,2870045,1343555,1301601,510372
Latvia,2022-03-21,"Johnson&Johnson, Moderna, Novavax, Pfizer/BioNTech",https://data.gov.lv/dati/eng/dataset/covid19-vakcinacijas,2870616,1343618,1301690,510804
Latvia,2022-03-22,"Johnson&Johnson, Moderna, Novavax, Pfizer/BioNTech",https://data.gov.lv/dati/eng/dataset/covid19-vakcinacijas,2871318,1343700,1301793,511350
Latvia,2022-03-23,"Johnson&Johnson, Moderna, Novavax, Pfizer/BioNTech",https://data.gov.lv/dati/eng/dataset/covid19-vakcinacijas,2872344,1343813,1301922,512143
Latvia,2022-03-24,"Johnson&Johnson, Moderna, Novavax, Pfizer/BioNTech",https://data.gov.lv/dati/eng/dataset/covid19-vakcinacijas,2872887,1343881,1302001,512549
Latvia,2022-03-25,"Johnson&Johnson, Moderna, Novavax, Pfizer/BioNTech",https://data.gov.lv/dati/eng/dataset/covid19-vakcinacijas,2873906,1344010,1302145,513314
Latvia,2022-03-26,"Johnson&Johnson, Moderna, Pfizer/BioNTech",https://data.gov.lv/dati/eng/dataset/covid19-vakcinacijas,2874060,1344031,1302171,513427
Latvia,2022-03-27,"Moderna, Pfizer/BioNTech",https://data.gov.lv/dati/eng/dataset/covid19-vakcinacijas,2874076,1344031,1302175,513439
Latvia,2022-03-28,"Johnson&Johnson, Moderna, Novavax, Pfizer/BioNTech",https://data.gov.lv/dati/eng/dataset/covid19-vakcinacijas,2874562,1344077,1302240,513823
Latvia,2022-03-29,"Johnson&Johnson, Moderna, Novavax, Pfizer/BioNTech",https://data.gov.lv/dati/eng/dataset/covid19-vakcinacijas,2875107,1344122,1302327,514240
Latvia,2022-03-30,"Johnson&Johnson, Moderna, Novavax, Pfizer/BioNTech",https://data.gov.lv/dati/eng/dataset/covid19-vakcinacijas,2875738,1344180,1302453,514688
