location,date,vaccine,source_url,total_vaccinations,people_vaccinated,people_fully_vaccinated,total_boosters
Liechtenstein,2020-12-21,Johnson&Johnson,https://opendata.swiss/en/dataset/covid-19-schweiz?detGeo=FL,0,0,0,0
Liechtenstein,2020-12-22,"Johnson&Johnson, Pfizer/BioNTech",https://opendata.swiss/en/dataset/covid-19-schweiz?detGeo=FL,0,0,0,0
Liechtenstein,2020-12-23,"Johnson&Johnson, Moderna, Pfizer/BioNTech",https://opendata.swiss/en/dataset/covid-19-schweiz?detGeo=FL,0,0,0,0
Liechtenstein,2020-12-24,"Johnson&Johnson, Moderna, Pfizer/BioNTech",https://opendata.swiss/en/dataset/covid-19-schweiz?detGeo=FL,0,0,0,0
Liechtenstein,2020-12-25,"Johnson&Johnson, Moderna, Pfizer/BioNTech",https://opendata.swiss/en/dataset/covid-19-schweiz?detGeo=FL,0,0,0,0
Liechtenstein,2020-12-26,"Johnson&Johnson, Moderna, Pfizer/BioNTech",https://opendata.swiss/en/dataset/covid-19-schweiz?detGeo=FL,0,0,0,0
Liechtenstein,2020-12-27,"Johnson&Johnson, Moderna, Pfizer/BioNTech",https://opendata.swiss/en/dataset/covid-19-schweiz?detGeo=FL,0,0,0,0
Liechtenstein,2020-12-28,"Johnson&Johnson, Moderna, Pfizer/BioNTech",https://opendata.swiss/en/dataset/covid-19-schweiz?detGeo=FL,0,0,0,0
Liechtenstein,2020-12-29,"Johnson&Johnson, Moderna, Pfizer/BioNTech",https://opendata.swiss/en/dataset/covid-19-schweiz?detGeo=FL,0,0,0,0
Liechtenstein,2020-12-30,"Johnson&Johnson, Moderna, Pfizer/BioNTech",https://opendata.swiss/en/dataset/covid-19-schweiz?detGeo=FL,0,0,0,0
Liechtenstein,2020-12-31,"Johnson&Johnson, Moderna, Pfizer/BioNTech",https://opendata.swiss/en/dataset/covid-19-schweiz?detGeo=FL,0,0,0,0
Liechtenstein,2021-01-01,"Johnson&Johnson, Moderna, Pfizer/BioNTech",https://opendata.swiss/en/dataset/covid-19-schweiz?detGeo=FL,0,0,0,0
Liechtenstein,2021-01-02,"Johnson&Johnson, Moderna, Pfizer/BioNTech",https://opendata.swiss/en/dataset/covid-19-schweiz?detGeo=FL,0,0,0,0
Liechtenstein,2021-01-03,"Johnson&Johnson, Moderna, Pfizer/BioNTech",https://opendata.swiss/en/dataset/covid-19-schweiz?detGeo=FL,0,0,0,0
Liechtenstein,2021-01-04,"Johnson&Johnson, Moderna, Pfizer/BioNTech",https://opendata.swiss/en/dataset/covid-19-schweiz?detGeo=FL,2,2,0,0
Liechtenstein,2021-01-05,"Johnson&Johnson, Moderna, Pfizer/BioNTech",https://opendata.swiss/en/dataset/covid-19-schweiz?detGeo=FL,2,2,0,0
Liechtenstein,2021-01-06,"Johnson&Johnson, Moderna, Pfizer/BioNTech",https://opendata.swiss/en/dataset/covid-19-schweiz?detGeo=FL,5,5,0,0
Liechtenstein,2021-01-07,"Johnson&Johnson, Moderna, Pfizer/BioNTech",https://opendata.swiss/en/dataset/covid-19-schweiz?detGeo=FL,6,6,0,0
Liechtenstein,2021-01-08,"Johnson&Johnson, Moderna, Pfizer/BioNTech",https://opendata.swiss/en/dataset/covid-19-schweiz?detGeo=FL,6,6,0,0
Liechtenstein,2021-01-09,"Johnson&Johnson, Moderna, Pfizer/BioNTech",https://opendata.swiss/en/dataset/covid-19-schweiz?detGeo=FL,6,6,0,0
Liechtenstein,2021-01-10,"Johnson&Johnson, Moderna, Pfizer/BioNTech",https://opendata.swiss/en/dataset/covid-19-schweiz?detGeo=FL,6,6,0,0
Liechtenstein,2021-01-11,"Johnson&Johnson, Moderna, Pfizer/BioNTech",https://opendata.swiss/en/dataset/covid-19-schweiz?detGeo=FL,7,7,0,0
Liechtenstein,2021-01-12,"Johnson&Johnson, Moderna, Pfizer/BioNTech",https://opendata.swiss/en/dataset/covid-19-schweiz?detGeo=FL,17,17,0,0
Liechtenstein,2021-01-13,"Johnson&Johnson, Moderna, Pfizer/BioNTech",https://opendata.swiss/en/dataset/covid-19-schweiz?detGeo=FL,17,17,0,0
Liechtenstein,2021-01-14,"Johnson&Johnson, Moderna, Pfizer/BioNTech",https://opendata.swiss/en/dataset/covid-19-schweiz?detGeo=FL,24,24,0,0
Liechtenstein,2021-01-15,"Johnson&Johnson, Moderna, Pfizer/BioNTech",https://opendata.swiss/en/dataset/covid-19-schweiz?detGeo=FL,44,44,0,0
Liechtenstein,2021-01-16,"Johnson&Johnson, Moderna, Pfizer/BioNTech",https://opendata.swiss/en/dataset/covid-19-schweiz?detGeo=FL,46,46,0,0
Liechtenstein,2021-01-17,"Johnson&Johnson, Moderna, Pfizer/BioNTech",https://opendata.swiss/en/dataset/covid-19-schweiz?detGeo=FL,46,46,0,0
Liechtenstein,2021-01-18,"Johnson&Johnson, Moderna, Pfizer/BioNTech",https://opendata.swiss/en/dataset/covid-19-schweiz?detGeo=FL,126,126,0,0
Liechtenstein,2021-01-19,"Johnson&Johnson, Moderna, Pfizer/BioNTech",https://opendata.swiss/en/dataset/covid-19-schweiz?detGeo=FL,211,211,0,0
Liechtenstein,2021-01-20,"Johnson&Johnson, Moderna, Pfizer/BioNTech",https://opendata.swiss/en/dataset/covid-19-schweiz?detGeo=FL,264,264,0,0
Liechtenstein,2021-01-21,"Johnson&Johnson, Moderna, Pfizer/BioNTech",https://opendata.swiss/en/dataset/covid-19-schweiz?detGeo=FL,322,322,0,0
Liechtenstein,2021-01-22,"Johnson&Johnson, Moderna, Pfizer/BioNTech",https://opendata.swiss/en/dataset/covid-19-schweiz?detGeo=FL,375,375,0,0
Liechtenstein,2021-01-23,"Johnson&Johnson, Moderna, Pfizer/BioNTech",https://opendata.swiss/en/dataset/covid-19-schweiz?detGeo=FL,380,380,0,0
Liechtenstein,2021-01-24,"Johnson&Johnson, Moderna, Pfizer/BioNTech",https://opendata.swiss/en/dataset/covid-19-schweiz?detGeo=FL,380,380,0,0
Liechtenstein,2021-01-25,"Johnson&Johnson, Moderna, Pfizer/BioNTech",https://opendata.swiss/en/dataset/covid-19-schweiz?detGeo=FL,452,452,0,0
Liechtenstein,2021-01-26,"Johnson&Johnson, Moderna, Pfizer/BioNTech",https://opendata.swiss/en/dataset/covid-19-schweiz?detGeo=FL,527,527,0,0
Liechtenstein,2021-01-27,"Johnson&Johnson, Moderna, Pfizer/BioNTech",https://opendata.swiss/en/dataset/covid-19-schweiz?detGeo=FL,535,535,0,0
Liechtenstein,2021-01-28,"Johnson&Johnson, Moderna, Pfizer/BioNTech",https://opendata.swiss/en/dataset/covid-19-schweiz?detGeo=FL,662,662,0,0
Liechtenstein,2021-01-29,"Johnson&Johnson, Moderna, Pfizer/BioNTech",https://opendata.swiss/en/dataset/covid-19-schweiz?detGeo=FL,841,813,0,0
Liechtenstein,2021-01-30,"Johnson&Johnson, Moderna, Pfizer/BioNTech",https://opendata.swiss/en/dataset/covid-19-schweiz?detGeo=FL,841,817,0,0
Liechtenstein,2021-01-31,"Johnson&Johnson, Moderna, Pfizer/BioNTech",https://opendata.swiss/en/dataset/covid-19-schweiz?detGeo=FL,841,818,0,0
Liechtenstein,2021-02-01,"Johnson&Johnson, Moderna, Pfizer/BioNTech",https://opendata.swiss/en/dataset/covid-19-schweiz?detGeo=FL,841,820,1,0
Liechtenstein,2021-02-02,"Johnson&Johnson, Moderna, Pfizer/BioNTech",https://opendata.swiss/en/dataset/covid-19-schweiz?detGeo=FL,841,837,5,0
Liechtenstein,2021-02-03,"Johnson&Johnson, Moderna, Pfizer/BioNTech",https://opendata.swiss/en/dataset/covid-19-schweiz?detGeo=FL,846,841,9,0
Liechtenstein,2021-02-04,"Johnson&Johnson, Moderna, Pfizer/BioNTech",https://opendata.swiss/en/dataset/covid-19-schweiz?detGeo=FL,882,882,10,0
Liechtenstein,2021-02-05,"Johnson&Johnson, Moderna, Pfizer/BioNTech",https://opendata.swiss/en/dataset/covid-19-schweiz?detGeo=FL,893,893,32,0
Liechtenstein,2021-02-06,"Johnson&Johnson, Moderna, Pfizer/BioNTech",https://opendata.swiss/en/dataset/covid-19-schweiz?detGeo=FL,893,893,32,0
Liechtenstein,2021-02-07,"Johnson&Johnson, Moderna, Pfizer/BioNTech",https://opendata.swiss/en/dataset/covid-19-schweiz?detGeo=FL,893,893,32,0
Liechtenstein,2021-02-08,"Johnson&Johnson, Moderna, Pfizer/BioNTech",https://opendata.swiss/en/dataset/covid-19-schweiz?detGeo=FL,952,895,115,0
Liechtenstein,2021-02-09,"Johnson&Johnson, Moderna, Pfizer/BioNTech",https://opendata.swiss/en/dataset/covid-19-schweiz?detGeo=FL,1027,897,194,0
Liechtenstein,2021-02-10,"Johnson&Johnson, Moderna, Pfizer/BioNTech",https://opendata.swiss/en/dataset/covid-19-schweiz?detGeo=FL,1080,904,243,0
Liechtenstein,2021-02-11,"Johnson&Johnson, Moderna, Pfizer/BioNTech",https://opendata.swiss/en/dataset/covid-19-schweiz?detGeo=FL,1145,910,300,0
Liechtenstein,2021-02-12,"Johnson&Johnson, Moderna, Pfizer/BioNTech",https://opendata.swiss/en/dataset/covid-19-schweiz?detGeo=FL,1175,913,348,0
Liechtenstein,2021-02-13,"Johnson&Johnson, Moderna, Pfizer/BioNTech",https://opendata.swiss/en/dataset/covid-19-schweiz?detGeo=FL,1175,913,348,0
Liechtenstein,2021-02-14,"Johnson&Johnson, Moderna, Pfizer/BioNTech",https://opendata.swiss/en/dataset/covid-19-schweiz?detGeo=FL,1175,913,348,0
Liechtenstein,2021-02-15,"Johnson&Johnson, Moderna, Pfizer/BioNTech",https://opendata.swiss/en/dataset/covid-19-schweiz?detGeo=FL,1250,915,414,0
Liechtenstein,2021-02-16,"Johnson&Johnson, Moderna, Pfizer/BioNTech",https://opendata.swiss/en/dataset/covid-19-schweiz?detGeo=FL,1495,1117,469,0
Liechtenstein,2021-02-17,"Johnson&Johnson, Moderna, Pfizer/BioNTech",https://opendata.swiss/en/dataset/covid-19-schweiz?detGeo=FL,1696,1317,470,0
Liechtenstein,2021-02-18,"Johnson&Johnson, Moderna, Pfizer/BioNTech",https://opendata.swiss/en/dataset/covid-19-schweiz?detGeo=FL,1816,1444,472,0
Liechtenstein,2021-02-19,"Johnson&Johnson, Moderna, Pfizer/BioNTech",https://opendata.swiss/en/dataset/covid-19-schweiz?detGeo=FL,1816,1447,508,0
Liechtenstein,2021-02-20,"Johnson&Johnson, Moderna, Pfizer/BioNTech",https://opendata.swiss/en/dataset/covid-19-schweiz?detGeo=FL,1816,1447,508,0
Liechtenstein,2021-02-21,"Johnson&Johnson, Moderna, Pfizer/BioNTech",https://opendata.swiss/en/dataset/covid-19-schweiz?detGeo=FL,1816,1447,508,0
Liechtenstein,2021-02-22,"Johnson&Johnson, Moderna, Pfizer/BioNTech",https://opendata.swiss/en/dataset/covid-19-schweiz?detGeo=FL,2019,1650,508,0
Liechtenstein,2021-02-23,"Johnson&Johnson, Moderna, Pfizer/BioNTech",https://opendata.swiss/en/dataset/covid-19-schweiz?detGeo=FL,2223,1854,527,0
Liechtenstein,2021-02-24,"Johnson&Johnson, Moderna, Pfizer/BioNTech",https://opendata.swiss/en/dataset/covid-19-schweiz?detGeo=FL,2223,1854,532,0
Liechtenstein,2021-02-25,"Johnson&Johnson, Moderna, Pfizer/BioNTech",https://opendata.swiss/en/dataset/covid-19-schweiz?detGeo=FL,2412,1863,648,0
Liechtenstein,2021-02-26,"Johnson&Johnson, Moderna, Pfizer/BioNTech",https://opendata.swiss/en/dataset/covid-19-schweiz?detGeo=FL,2602,1863,817,0
Liechtenstein,2021-02-27,"Johnson&Johnson, Moderna, Pfizer/BioNTech",https://opendata.swiss/en/dataset/covid-19-schweiz?detGeo=FL,2602,1863,817,0
Liechtenstein,2021-02-28,"Johnson&Johnson, Moderna, Pfizer/BioNTech",https://opendata.swiss/en/dataset/covid-19-schweiz?detGeo=FL,2602,1863,817,0
Liechtenstein,2021-03-01,"Johnson&Johnson, Moderna, Pfizer/BioNTech",https://opendata.swiss/en/dataset/covid-19-schweiz?detGeo=FL,2602,1866,818,0
Liechtenstein,2021-03-02,"Johnson&Johnson, Moderna, Pfizer/BioNTech",https://opendata.swiss/en/dataset/covid-19-schweiz?detGeo=FL,2602,1870,834,0
Liechtenstein,2021-03-03,"Johnson&Johnson, Moderna, Pfizer/BioNTech",https://opendata.swiss/en/dataset/covid-19-schweiz?detGeo=FL,2724,1994,845,0
Liechtenstein,2021-03-04,"Johnson&Johnson, Moderna, Pfizer/BioNTech",https://opendata.swiss/en/dataset/covid-19-schweiz?detGeo=FL,2920,2195,855,0
Liechtenstein,2021-03-05,"Johnson&Johnson, Moderna, Pfizer/BioNTech",https://opendata.swiss/en/dataset/covid-19-schweiz?detGeo=FL,3129,2404,858,0
Liechtenstein,2021-03-06,"Johnson&Johnson, Moderna, Pfizer/BioNTech",https://opendata.swiss/en/dataset/covid-19-schweiz?detGeo=FL,3129,2405,861,0
Liechtenstein,2021-03-07,"Johnson&Johnson, Moderna, Pfizer/BioNTech",https://opendata.swiss/en/dataset/covid-19-schweiz?detGeo=FL,3129,2405,861,0
Liechtenstein,2021-03-08,"Johnson&Johnson, Moderna, Pfizer/BioNTech",https://opendata.swiss/en/dataset/covid-19-schweiz?detGeo=FL,3129,2405,866,0
Liechtenstein,2021-03-09,"Johnson&Johnson, Moderna, Pfizer/BioNTech",https://opendata.swiss/en/dataset/covid-19-schweiz?detGeo=FL,3340,2616,869,0
Liechtenstein,2021-03-10,"Johnson&Johnson, Moderna, Pfizer/BioNTech",https://opendata.swiss/en/dataset/covid-19-schweiz?detGeo=FL,3541,2821,871,0
Liechtenstein,2021-03-11,"Johnson&Johnson, Moderna, Pfizer/BioNTech",https://opendata.swiss/en/dataset/covid-19-schweiz?detGeo=FL,3780,3063,880,0
Liechtenstein,2021-03-12,"Johnson&Johnson, Moderna, Pfizer/BioNTech",https://opendata.swiss/en/dataset/covid-19-schweiz?detGeo=FL,3780,3063,882,0
Liechtenstein,2021-03-13,"Johnson&Johnson, Moderna, Pfizer/BioNTech",https://opendata.swiss/en/dataset/covid-19-schweiz?detGeo=FL,3780,3063,882,0
Liechtenstein,2021-03-14,"Johnson&Johnson, Moderna, Pfizer/BioNTech",https://opendata.swiss/en/dataset/covid-19-schweiz?detGeo=FL,3780,3063,882,0
Liechtenstein,2021-03-15,"Johnson&Johnson, Moderna, Pfizer/BioNTech",https://opendata.swiss/en/dataset/covid-19-schweiz?detGeo=FL,3790,3074,885,0
Liechtenstein,2021-03-16,"Johnson&Johnson, Moderna, Pfizer/BioNTech",https://opendata.swiss/en/dataset/covid-19-schweiz?detGeo=FL,4005,3097,1084,0
Liechtenstein,2021-03-17,"Johnson&Johnson, Moderna, Pfizer/BioNTech",https://opendata.swiss/en/dataset/covid-19-schweiz?detGeo=FL,4237,3131,1300,0
Liechtenstein,2021-03-18,"Johnson&Johnson, Moderna, Pfizer/BioNTech",https://opendata.swiss/en/dataset/covid-19-schweiz?detGeo=FL,4367,3148,1428,0
Liechtenstein,2021-03-19,"Johnson&Johnson, Moderna, Pfizer/BioNTech",https://opendata.swiss/en/dataset/covid-19-schweiz?detGeo=FL,4367,3149,1431,0
Liechtenstein,2021-03-20,"Johnson&Johnson, Moderna, Pfizer/BioNTech",https://opendata.swiss/en/dataset/covid-19-schweiz?detGeo=FL,4367,3149,1431,0
Liechtenstein,2021-03-21,"Johnson&Johnson, Moderna, Pfizer/BioNTech",https://opendata.swiss/en/dataset/covid-19-schweiz?detGeo=FL,4367,3149,1431,0
Liechtenstein,2021-03-22,"Johnson&Johnson, Moderna, Pfizer/BioNTech",https://opendata.swiss/en/dataset/covid-19-schweiz?detGeo=FL,4570,3152,1633,0
Liechtenstein,2021-03-23,"Johnson&Johnson, Moderna, Pfizer/BioNTech",https://opendata.swiss/en/dataset/covid-19-schweiz?detGeo=FL,4773,3165,1832,0
Liechtenstein,2021-03-24,"Johnson&Johnson, Moderna, Pfizer/BioNTech",https://opendata.swiss/en/dataset/covid-19-schweiz?detGeo=FL,5012,3410,1833,0
Liechtenstein,2021-03-25,"Johnson&Johnson, Moderna, Pfizer/BioNTech",https://opendata.swiss/en/dataset/covid-19-schweiz?detGeo=FL,5252,3652,1835,0
Liechtenstein,2021-03-26,"Johnson&Johnson, Moderna, Pfizer/BioNTech",https://opendata.swiss/en/dataset/covid-19-schweiz?detGeo=FL,5491,3894,1837,0
Liechtenstein,2021-03-27,"Johnson&Johnson, Moderna, Pfizer/BioNTech",https://opendata.swiss/en/dataset/covid-19-schweiz?detGeo=FL,5491,3894,1837,0
Liechtenstein,2021-03-28,"Johnson&Johnson, Moderna, Pfizer/BioNTech",https://opendata.swiss/en/dataset/covid-19-schweiz?detGeo=FL,5491,3894,1837,0
Liechtenstein,2021-03-29,"Johnson&Johnson, Moderna, Pfizer/BioNTech",https://opendata.swiss/en/dataset/covid-19-schweiz?detGeo=FL,5730,4137,1842,0
Liechtenstein,2021-03-30,"Johnson&Johnson, Moderna, Pfizer/BioNTech",https://opendata.swiss/en/dataset/covid-19-schweiz?detGeo=FL,5980,4381,1853,0
Liechtenstein,2021-03-31,"Johnson&Johnson, Moderna, Pfizer/BioNTech",https://opendata.swiss/en/dataset/covid-19-schweiz?detGeo=FL,6103,4385,1974,0
Liechtenstein,2021-04-01,"Johnson&Johnson, Moderna, Pfizer/BioNTech",https://opendata.swiss/en/dataset/covid-19-schweiz?detGeo=FL,6300,4387,2173,0
Liechtenstein,2021-04-02,"Johnson&Johnson, Moderna, Pfizer/BioNTech",https://opendata.swiss/en/dataset/covid-19-schweiz?detGeo=FL,6506,4389,2374,0
Liechtenstein,2021-04-03,"Johnson&Johnson, Moderna, Pfizer/BioNTech",https://opendata.swiss/en/dataset/covid-19-schweiz?detGeo=FL,6506,4389,2374,0
Liechtenstein,2021-04-04,"Johnson&Johnson, Moderna, Pfizer/BioNTech",https://opendata.swiss/en/dataset/covid-19-schweiz?detGeo=FL,6506,4389,2374,0
Liechtenstein,2021-04-05,"Johnson&Johnson, Moderna, Pfizer/BioNTech",https://opendata.swiss/en/dataset/covid-19-schweiz?detGeo=FL,6506,4389,2374,0
Liechtenstein,2021-04-06,"Johnson&Johnson, Moderna, Pfizer/BioNTech",https://opendata.swiss/en/dataset/covid-19-schweiz?detGeo=FL,6716,4392,2585,0
Liechtenstein,2021-04-07,"Johnson&Johnson, Moderna, Pfizer/BioNTech",https://opendata.swiss/en/dataset/covid-19-schweiz?detGeo=FL,6916,4392,2785,0
Liechtenstein,2021-04-08,"Johnson&Johnson, Moderna, Pfizer/BioNTech",https://opendata.swiss/en/dataset/covid-19-schweiz?detGeo=FL,7156,4397,3030,0
Liechtenstein,2021-04-09,"Johnson&Johnson, Moderna, Pfizer/BioNTech",https://opendata.swiss/en/dataset/covid-19-schweiz?detGeo=FL,7416,4635,3030,0
Liechtenstein,2021-04-10,"Johnson&Johnson, Moderna, Pfizer/BioNTech",https://opendata.swiss/en/dataset/covid-19-schweiz?detGeo=FL,7416,4640,3032,0
Liechtenstein,2021-04-11,"Johnson&Johnson, Moderna, Pfizer/BioNTech",https://opendata.swiss/en/dataset/covid-19-schweiz?detGeo=FL,7416,4640,3032,0
Liechtenstein,2021-04-12,"Johnson&Johnson, Moderna, Pfizer/BioNTech",https://opendata.swiss/en/dataset/covid-19-schweiz?detGeo=FL,7695,4907,3043,0
Liechtenstein,2021-04-13,"Johnson&Johnson, Moderna, Pfizer/BioNTech",https://opendata.swiss/en/dataset/covid-19-schweiz?detGeo=FL,7970,5167,3059,0
Liechtenstein,2021-04-14,"Johnson&Johnson, Moderna, Pfizer/BioNTech",https://opendata.swiss/en/dataset/covid-19-schweiz?detGeo=FL,8277,5456,3093,0
Liechtenstein,2021-04-15,"Johnson&Johnson, Moderna, Pfizer/BioNTech",https://opendata.swiss/en/dataset/covid-19-schweiz?detGeo=FL,8574,5746,3111,0
Liechtenstein,2021-04-16,"Johnson&Johnson, Moderna, Pfizer/BioNTech",https://opendata.swiss/en/dataset/covid-19-schweiz?detGeo=FL,8862,6035,3115,0
Liechtenstein,2021-04-17,"Johnson&Johnson, Moderna, Pfizer/BioNTech",https://opendata.swiss/en/dataset/covid-19-schweiz?detGeo=FL,8862,6035,3118,0
Liechtenstein,2021-04-18,"Johnson&Johnson, Moderna, Pfizer/BioNTech",https://opendata.swiss/en/dataset/covid-19-schweiz?detGeo=FL,8862,6035,3118,0
Liechtenstein,2021-04-19,"Johnson&Johnson, Moderna, Pfizer/BioNTech",https://opendata.swiss/en/dataset/covid-19-schweiz?detGeo=FL,9420,6588,3128,0
Liechtenstein,2021-04-20,"Johnson&Johnson, Moderna, Pfizer/BioNTech",https://opendata.swiss/en/dataset/covid-19-schweiz?detGeo=FL,9962,7132,3130,0
Liechtenstein,2021-04-21,"Johnson&Johnson, Moderna, Pfizer/BioNTech",https://opendata.swiss/en/dataset/covid-19-schweiz?detGeo=FL,10460,7393,3369,0
Liechtenstein,2021-04-22,"Johnson&Johnson, Moderna, Pfizer/BioNTech",https://opendata.swiss/en/dataset/covid-19-schweiz?detGeo=FL,10963,7665,3620,0
Liechtenstein,2021-04-23,"Johnson&Johnson, Moderna, Pfizer/BioNTech",https://opendata.swiss/en/dataset/covid-19-schweiz?detGeo=FL,11461,7932,3856,0
Liechtenstein,2021-04-24,"Johnson&Johnson, Moderna, Pfizer/BioNTech",https://opendata.swiss/en/dataset/covid-19-schweiz?detGeo=FL,11461,7934,3857,0
Liechtenstein,2021-04-25,"Johnson&Johnson, Moderna, Pfizer/BioNTech",https://opendata.swiss/en/dataset/covid-19-schweiz?detGeo=FL,11461,7934,3857,0
Liechtenstein,2021-04-26,"Johnson&Johnson, Moderna, Pfizer/BioNTech",https://opendata.swiss/en/dataset/covid-19-schweiz?detGeo=FL,11701,7938,4097,0
Liechtenstein,2021-04-27,"Johnson&Johnson, Moderna, Pfizer/BioNTech",https://opendata.swiss/en/dataset/covid-19-schweiz?detGeo=FL,11950,7957,4328,0
Liechtenstein,2021-04-28,"Johnson&Johnson, Moderna, Pfizer/BioNTech",https://opendata.swiss/en/dataset/covid-19-schweiz?detGeo=FL,12223,8232,4331,0
Liechtenstein,2021-04-29,"Johnson&Johnson, Moderna, Pfizer/BioNTech",https://opendata.swiss/en/dataset/covid-19-schweiz?detGeo=FL,12492,8503,4340,0
Liechtenstein,2021-04-30,"Johnson&Johnson, Moderna, Pfizer/BioNTech",https://opendata.swiss/en/dataset/covid-19-schweiz?detGeo=FL,13002,9007,4350,0
Liechtenstein,2021-05-01,"Johnson&Johnson, Moderna, Pfizer/BioNTech",https://opendata.swiss/en/dataset/covid-19-schweiz?detGeo=FL,13002,9008,4350,0
Liechtenstein,2021-05-02,"Johnson&Johnson, Moderna, Pfizer/BioNTech",https://opendata.swiss/en/dataset/covid-19-schweiz?detGeo=FL,13002,9008,4350,0
Liechtenstein,2021-05-03,"Johnson&Johnson, Moderna, Pfizer/BioNTech",https://opendata.swiss/en/dataset/covid-19-schweiz?detGeo=FL,13281,9287,4351,0
Liechtenstein,2021-05-04,"Johnson&Johnson, Moderna, Pfizer/BioNTech",https://opendata.swiss/en/dataset/covid-19-schweiz?detGeo=FL,13553,9559,4351,0
Liechtenstein,2021-05-05,"Johnson&Johnson, Moderna, Pfizer/BioNTech",https://opendata.swiss/en/dataset/covid-19-schweiz?detGeo=FL,13834,9838,4354,0
Liechtenstein,2021-05-06,"Johnson&Johnson, Moderna, Pfizer/BioNTech",https://opendata.swiss/en/dataset/covid-19-schweiz?detGeo=FL,14114,10117,4362,0
Liechtenstein,2021-05-07,"Johnson&Johnson, Moderna, Pfizer/BioNTech",https://opendata.swiss/en/dataset/covid-19-schweiz?detGeo=FL,14374,10123,4594,0
Liechtenstein,2021-05-08,"Johnson&Johnson, Moderna, Pfizer/BioNTech",https://opendata.swiss/en/dataset/covid-19-schweiz?detGeo=FL,14374,10126,4599,0
Liechtenstein,2021-05-09,"Johnson&Johnson, Moderna, Pfizer/BioNTech",https://opendata.swiss/en/dataset/covid-19-schweiz?detGeo=FL,14374,10126,4599,0
Liechtenstein,2021-05-10,"Johnson&Johnson, Moderna, Pfizer/BioNTech",https://opendata.swiss/en/dataset/covid-19-schweiz?detGeo=FL,14935,10425,4862,0
Liechtenstein,2021-05-11,"Johnson&Johnson, Moderna, Pfizer/BioNTech",https://opendata.swiss/en/dataset/covid-19-schweiz?detGeo=FL,15475,10711,5121,0
Liechtenstein,2021-05-12,"Johnson&Johnson, Moderna, Pfizer/BioNTech",https://opendata.swiss/en/dataset/covid-19-schweiz?detGeo=FL,15771,10721,5411,0
Liechtenstein,2021-05-13,"Johnson&Johnson, Moderna, Pfizer/BioNTech",https://opendata.swiss/en/dataset/covid-19-schweiz?detGeo=FL,16057,10725,5689,0
Liechtenstein,2021-05-14,"Johnson&Johnson, Moderna, Pfizer/BioNTech",https://opendata.swiss/en/dataset/covid-19-schweiz?detGeo=FL,16339,10733,5967,0
Liechtenstein,2021-05-15,"Johnson&Johnson, Moderna, Pfizer/BioNTech",https://opendata.swiss/en/dataset/covid-19-schweiz?detGeo=FL,16339,10737,5968,0
Liechtenstein,2021-05-16,"Johnson&Johnson, Moderna, Pfizer/BioNTech",https://opendata.swiss/en/dataset/covid-19-schweiz?detGeo=FL,16339,10737,5970,0
Liechtenstein,2021-05-17,"Johnson&Johnson, Moderna, Pfizer/BioNTech",https://opendata.swiss/en/dataset/covid-19-schweiz?detGeo=FL,16898,10752,6517,0
Liechtenstein,2021-05-18,"Johnson&Johnson, Moderna, Pfizer/BioNTech",https://opendata.swiss/en/dataset/covid-19-schweiz?detGeo=FL,17444,10761,7058,0
Liechtenstein,2021-05-19,"Johnson&Johnson, Moderna, Pfizer/BioNTech",https://opendata.swiss/en/dataset/covid-19-schweiz?detGeo=FL,17985,11041,7318,0
Liechtenstein,2021-05-20,"Johnson&Johnson, Moderna, Pfizer/BioNTech",https://opendata.swiss/en/dataset/covid-19-schweiz?detGeo=FL,18527,11328,7580,0
Liechtenstein,2021-05-21,"Johnson&Johnson, Moderna, Pfizer/BioNTech",https://opendata.swiss/en/dataset/covid-19-schweiz?detGeo=FL,19086,11625,7844,0
Liechtenstein,2021-05-22,"Johnson&Johnson, Moderna, Pfizer/BioNTech",https://opendata.swiss/en/dataset/covid-19-schweiz?detGeo=FL,19086,11625,7845,0
Liechtenstein,2021-05-23,"Johnson&Johnson, Moderna, Pfizer/BioNTech",https://opendata.swiss/en/dataset/covid-19-schweiz?detGeo=FL,19086,11625,7845,0
Liechtenstein,2021-05-24,"Johnson&Johnson, Moderna, Pfizer/BioNTech",https://opendata.swiss/en/dataset/covid-19-schweiz?detGeo=FL,19086,11625,7845,0
Liechtenstein,2021-05-25,"Johnson&Johnson, Moderna, Pfizer/BioNTech",https://opendata.swiss/en/dataset/covid-19-schweiz?detGeo=FL,19645,12186,7850,0
Liechtenstein,2021-05-26,"Johnson&Johnson, Moderna, Pfizer/BioNTech",https://opendata.swiss/en/dataset/covid-19-schweiz?detGeo=FL,20192,12471,8122,0
Liechtenstein,2021-05-27,"Johnson&Johnson, Moderna, Pfizer/BioNTech",https://opendata.swiss/en/dataset/covid-19-schweiz?detGeo=FL,20760,12769,8406,0
Liechtenstein,2021-05-28,"Johnson&Johnson, Moderna, Pfizer/BioNTech",https://opendata.swiss/en/dataset/covid-19-schweiz?detGeo=FL,21289,12780,8920,0
Liechtenstein,2021-05-29,"Johnson&Johnson, Moderna, Pfizer/BioNTech",https://opendata.swiss/en/dataset/covid-19-schweiz?detGeo=FL,21289,12780,8921,0
Liechtenstein,2021-05-30,"Johnson&Johnson, Moderna, Pfizer/BioNTech",https://opendata.swiss/en/dataset/covid-19-schweiz?detGeo=FL,21289,12780,8921,0
Liechtenstein,2021-05-31,"Johnson&Johnson, Moderna, Pfizer/BioNTech",https://opendata.swiss/en/dataset/covid-19-schweiz?detGeo=FL,21844,13055,9202,0
Liechtenstein,2021-06-01,"Johnson&Johnson, Moderna, Pfizer/BioNTech",https://opendata.swiss/en/dataset/covid-19-schweiz?detGeo=FL,22394,13344,9465,0
Liechtenstein,2021-06-02,"Johnson&Johnson, Moderna, Pfizer/BioNTech",https://opendata.swiss/en/dataset/covid-19-schweiz?detGeo=FL,22954,13636,9737,0
Liechtenstein,2021-06-03,"Johnson&Johnson, Moderna, Pfizer/BioNTech",https://opendata.swiss/en/dataset/covid-19-schweiz?detGeo=FL,23504,13922,10005,0
Liechtenstein,2021-06-04,"Johnson&Johnson, Moderna, Pfizer/BioNTech",https://opendata.swiss/en/dataset/covid-19-schweiz?detGeo=FL,24064,14479,10014,0
Liechtenstein,2021-06-05,"Johnson&Johnson, Moderna, Pfizer/BioNTech",https://opendata.swiss/en/dataset/covid-19-schweiz?detGeo=FL,24064,14480,10015,0
Liechtenstein,2021-06-06,"Johnson&Johnson, Moderna, Pfizer/BioNTech",https://opendata.swiss/en/dataset/covid-19-schweiz?detGeo=FL,24064,14480,10015,0
Liechtenstein,2021-06-07,"Johnson&Johnson, Moderna, Pfizer/BioNTech",https://opendata.swiss/en/dataset/covid-19-schweiz?detGeo=FL,24645,14764,10316,0
Liechtenstein,2021-06-08,"Johnson&Johnson, Moderna, Pfizer/BioNTech",https://opendata.swiss/en/dataset/covid-19-schweiz?detGeo=FL,25223,15054,10606,0
Liechtenstein,2021-06-09,"Johnson&Johnson, Moderna, Pfizer/BioNTech",https://opendata.swiss/en/dataset/covid-19-schweiz?detGeo=FL,25791,15623,10609,0
Liechtenstein,2021-06-10,"Johnson&Johnson, Moderna, Pfizer/BioNTech",https://opendata.swiss/en/dataset/covid-19-schweiz?detGeo=FL,26361,16186,10620,0
Liechtenstein,2021-06-11,"Johnson&Johnson, Moderna, Pfizer/BioNTech",https://opendata.swiss/en/dataset/covid-19-schweiz?detGeo=FL,26939,16729,10655,0
Liechtenstein,2021-06-12,"Johnson&Johnson, Moderna, Pfizer/BioNTech",https://opendata.swiss/en/dataset/covid-19-schweiz?detGeo=FL,26939,16729,10658,0
Liechtenstein,2021-06-13,"Johnson&Johnson, Moderna, Pfizer/BioNTech",https://opendata.swiss/en/dataset/covid-19-schweiz?detGeo=FL,26939,16729,10658,0
Liechtenstein,2021-06-14,"Johnson&Johnson, Moderna, Pfizer/BioNTech",https://opendata.swiss/en/dataset/covid-19-schweiz?detGeo=FL,27502,17286,10670,0
Liechtenstein,2021-06-15,"Johnson&Johnson, Moderna, Pfizer/BioNTech",https://opendata.swiss/en/dataset/covid-19-schweiz?detGeo=FL,28059,17844,10675,0
Liechtenstein,2021-06-16,"Johnson&Johnson, Moderna, Pfizer/BioNTech",https://opendata.swiss/en/dataset/covid-19-schweiz?detGeo=FL,28619,18130,10950,0
Liechtenstein,2021-06-17,"Johnson&Johnson, Moderna, Pfizer/BioNTech",https://opendata.swiss/en/dataset/covid-19-schweiz?detGeo=FL,29170,18418,11215,0
Liechtenstein,2021-06-18,"Johnson&Johnson, Moderna, Pfizer/BioNTech",https://opendata.swiss/en/dataset/covid-19-schweiz?detGeo=FL,29750,18704,11511,0
Liechtenstein,2021-06-19,"Johnson&Johnson, Moderna, Pfizer/BioNTech",https://opendata.swiss/en/dataset/covid-19-schweiz?detGeo=FL,29750,18704,11511,0
Liechtenstein,2021-06-20,"Johnson&Johnson, Moderna, Pfizer/BioNTech",https://opendata.swiss/en/dataset/covid-19-schweiz?detGeo=FL,29750,18704,11511,0
Liechtenstein,2021-06-21,"Johnson&Johnson, Moderna, Pfizer/BioNTech",https://opendata.swiss/en/dataset/covid-19-schweiz?detGeo=FL,29750,18705,11512,0
Liechtenstein,2021-06-22,"Johnson&Johnson, Moderna, Pfizer/BioNTech",https://opendata.swiss/en/dataset/covid-19-schweiz?detGeo=FL,30275,18708,12037,0
Liechtenstein,2021-06-23,"Johnson&Johnson, Moderna, Pfizer/BioNTech",https://opendata.swiss/en/dataset/covid-19-schweiz?detGeo=FL,30571,18724,12324,0
Liechtenstein,2021-06-24,"Johnson&Johnson, Moderna, Pfizer/BioNTech",https://opendata.swiss/en/dataset/covid-19-schweiz?detGeo=FL,31089,18935,12633,0
Liechtenstein,2021-06-25,"Johnson&Johnson, Moderna, Pfizer/BioNTech",https://opendata.swiss/en/dataset/covid-19-schweiz?detGeo=FL,31367,19195,12651,0
Liechtenstein,2021-06-26,"Johnson&Johnson, Moderna, Pfizer/BioNTech",https://opendata.swiss/en/dataset/covid-19-schweiz?detGeo=FL,31367,19195,12652,0
Liechtenstein,2021-06-27,"Johnson&Johnson, Moderna, Pfizer/BioNTech",https://opendata.swiss/en/dataset/covid-19-schweiz?detGeo=FL,31367,19195,12652,0
Liechtenstein,2021-06-28,"Johnson&Johnson, Moderna, Pfizer/BioNTech",https://opendata.swiss/en/dataset/covid-19-schweiz?detGeo=FL,31656,19226,12911,0
Liechtenstein,2021-06-29,"Johnson&Johnson, Moderna, Pfizer/BioNTech",https://opendata.swiss/en/dataset/covid-19-schweiz?detGeo=FL,31955,19246,13195,0
Liechtenstein,2021-06-30,"Johnson&Johnson, Moderna, Pfizer/BioNTech",https://opendata.swiss/en/dataset/covid-19-schweiz?detGeo=FL,32497,19513,13474,0
Liechtenstein,2021-07-01,"Johnson&Johnson, Moderna, Pfizer/BioNTech",https://opendata.swiss/en/dataset/covid-19-schweiz?detGeo=FL,33043,19791,13743,0
Liechtenstein,2021-07-02,"Johnson&Johnson, Moderna, Pfizer/BioNTech",https://opendata.swiss/en/dataset/covid-19-schweiz?detGeo=FL,33642,19846,14286,0
Liechtenstein,2021-07-03,"Johnson&Johnson, Moderna, Pfizer/BioNTech",https://opendata.swiss/en/dataset/covid-19-schweiz?detGeo=FL,33642,19846,14287,0
Liechtenstein,2021-07-04,"Johnson&Johnson, Moderna, Pfizer/BioNTech",https://opendata.swiss/en/dataset/covid-19-schweiz?detGeo=FL,33642,19846,14287,0
Liechtenstein,2021-07-05,"Johnson&Johnson, Moderna, Pfizer/BioNTech",https://opendata.swiss/en/dataset/covid-19-schweiz?detGeo=FL,33938,19863,14569,0
Liechtenstein,2021-07-06,"Johnson&Johnson, Moderna, Pfizer/BioNTech",https://opendata.swiss/en/dataset/covid-19-schweiz?detGeo=FL,34476,20112,14858,0
Liechtenstein,2021-07-07,"Johnson&Johnson, Moderna, Pfizer/BioNTech",https://opendata.swiss/en/dataset/covid-19-schweiz?detGeo=FL,35065,20169,15391,0
Liechtenstein,2021-07-08,"Johnson&Johnson, Moderna, Pfizer/BioNTech",https://opendata.swiss/en/dataset/covid-19-schweiz?detGeo=FL,35654,20225,15928,0
Liechtenstein,2021-07-09,"Johnson&Johnson, Moderna, Pfizer/BioNTech",https://opendata.swiss/en/dataset/covid-19-schweiz?detGeo=FL,36259,20310,16446,0
Liechtenstein,2021-07-10,"Johnson&Johnson, Moderna, Pfizer/BioNTech",https://opendata.swiss/en/dataset/covid-19-schweiz?detGeo=FL,36259,20310,16446,0
Liechtenstein,2021-07-11,"Johnson&Johnson, Moderna, Pfizer/BioNTech",https://opendata.swiss/en/dataset/covid-19-schweiz?detGeo=FL,36259,20310,16446,0
Liechtenstein,2021-07-12,"Johnson&Johnson, Moderna, Pfizer/BioNTech",https://opendata.swiss/en/dataset/covid-19-schweiz?detGeo=FL,36843,20365,16977,0
Liechtenstein,2021-07-13,"Johnson&Johnson, Moderna, Pfizer/BioNTech",https://opendata.swiss/en/dataset/covid-19-schweiz?detGeo=FL,37430,20413,17518,0
Liechtenstein,2021-07-14,"Johnson&Johnson, Moderna, Pfizer/BioNTech",https://opendata.swiss/en/dataset/covid-19-schweiz?detGeo=FL,37724,20440,17786,0
Liechtenstein,2021-07-15,"Johnson&Johnson, Moderna, Pfizer/BioNTech",https://opendata.swiss/en/dataset/covid-19-schweiz?detGeo=FL,38273,20712,18062,0
Liechtenstein,2021-07-16,"Johnson&Johnson, Moderna, Pfizer/BioNTech",https://opendata.swiss/en/dataset/covid-19-schweiz?detGeo=FL,38589,20723,18366,0
Liechtenstein,2021-07-17,"Johnson&Johnson, Moderna, Pfizer/BioNTech",https://opendata.swiss/en/dataset/covid-19-schweiz?detGeo=FL,38589,20723,18366,0
Liechtenstein,2021-07-18,"Johnson&Johnson, Moderna, Pfizer/BioNTech",https://opendata.swiss/en/dataset/covid-19-schweiz?detGeo=FL,38589,20723,18366,0
Liechtenstein,2021-07-19,"Johnson&Johnson, Moderna, Pfizer/BioNTech",https://opendata.swiss/en/dataset/covid-19-schweiz?detGeo=FL,38589,20723,18367,0
Liechtenstein,2021-07-20,"Johnson&Johnson, Moderna, Pfizer/BioNTech",https://opendata.swiss/en/dataset/covid-19-schweiz?detGeo=FL,38589,20728,18369,0
Liechtenstein,2021-07-21,"Johnson&Johnson, Moderna, Pfizer/BioNTech",https://opendata.swiss/en/dataset/covid-19-schweiz?detGeo=FL,38589,20730,18370,0
Liechtenstein,2021-07-22,"Johnson&Johnson, Moderna, Pfizer/BioNTech",https://opendata.swiss/en/dataset/covid-19-schweiz?detGeo=FL,38834,20752,18592,0
Liechtenstein,2021-07-23,"Johnson&Johnson, Moderna, Pfizer/BioNTech",https://opendata.swiss/en/dataset/covid-19-schweiz?detGeo=FL,39224,20759,18976,0
Liechtenstein,2021-07-24,"Johnson&Johnson, Moderna, Pfizer/BioNTech",https://opendata.swiss/en/dataset/covid-19-schweiz?detGeo=FL,39224,20760,18976,0
Liechtenstein,2021-07-25,"Johnson&Johnson, Moderna, Pfizer/BioNTech",https://opendata.swiss/en/dataset/covid-19-schweiz?detGeo=FL,39224,20760,18976,0
Liechtenstein,2021-07-26,"Johnson&Johnson, Moderna, Pfizer/BioNTech",https://opendata.swiss/en/dataset/covid-19-schweiz?detGeo=FL,39224,20760,18977,0
Liechtenstein,2021-07-27,"Johnson&Johnson, Moderna, Pfizer/BioNTech",https://opendata.swiss/en/dataset/covid-19-schweiz?detGeo=FL,39224,20762,18978,0
Liechtenstein,2021-07-28,"Johnson&Johnson, Moderna, Pfizer/BioNTech",https://opendata.swiss/en/dataset/covid-19-schweiz?detGeo=FL,39224,20762,18980,0
Liechtenstein,2021-07-29,"Johnson&Johnson, Moderna, Pfizer/BioNTech",https://opendata.swiss/en/dataset/covid-19-schweiz?detGeo=FL,39224,20763,18981,0
Liechtenstein,2021-07-30,"Johnson&Johnson, Moderna, Pfizer/BioNTech",https://opendata.swiss/en/dataset/covid-19-schweiz?detGeo=FL,39224,20770,18982,0
Liechtenstein,2021-07-31,"Johnson&Johnson, Moderna, Pfizer/BioNTech",https://opendata.swiss/en/dataset/covid-19-schweiz?detGeo=FL,39224,20771,18982,0
Liechtenstein,2021-08-01,"Johnson&Johnson, Moderna, Pfizer/BioNTech",https://opendata.swiss/en/dataset/covid-19-schweiz?detGeo=FL,39224,20771,18982,0
Liechtenstein,2021-08-02,"Johnson&Johnson, Moderna, Pfizer/BioNTech",https://opendata.swiss/en/dataset/covid-19-schweiz?detGeo=FL,39224,20771,18982,0
Liechtenstein,2021-08-03,"Johnson&Johnson, Moderna, Pfizer/BioNTech",https://opendata.swiss/en/dataset/covid-19-schweiz?detGeo=FL,39224,20771,18982,0
Liechtenstein,2021-08-04,"Johnson&Johnson, Moderna, Pfizer/BioNTech",https://opendata.swiss/en/dataset/covid-19-schweiz?detGeo=FL,39224,20771,18982,0
Liechtenstein,2021-08-05,"Johnson&Johnson, Moderna, Pfizer/BioNTech",https://opendata.swiss/en/dataset/covid-19-schweiz?detGeo=FL,39224,20771,18982,0
Liechtenstein,2021-08-06,"Johnson&Johnson, Moderna, Pfizer/BioNTech",https://opendata.swiss/en/dataset/covid-19-schweiz?detGeo=FL,39224,20773,18982,0
Liechtenstein,2021-08-07,"Johnson&Johnson, Moderna, Pfizer/BioNTech",https://opendata.swiss/en/dataset/covid-19-schweiz?detGeo=FL,39224,20773,18982,0
Liechtenstein,2021-08-08,"Johnson&Johnson, Moderna, Pfizer/BioNTech",https://opendata.swiss/en/dataset/covid-19-schweiz?detGeo=FL,39224,20773,18982,0
Liechtenstein,2021-08-09,"Johnson&Johnson, Moderna, Pfizer/BioNTech",https://opendata.swiss/en/dataset/covid-19-schweiz?detGeo=FL,39814,20792,19552,0
Liechtenstein,2021-08-10,"Johnson&Johnson, Moderna, Pfizer/BioNTech",https://opendata.swiss/en/dataset/covid-19-schweiz?detGeo=FL,40096,20968,19658,0
Liechtenstein,2021-08-11,"Johnson&Johnson, Moderna, Pfizer/BioNTech",https://opendata.swiss/en/dataset/covid-19-schweiz?detGeo=FL,40410,20989,19952,0
Liechtenstein,2021-08-12,"Johnson&Johnson, Moderna, Pfizer/BioNTech",https://opendata.swiss/en/dataset/covid-19-schweiz?detGeo=FL,40632,20993,20168,0
Liechtenstein,2021-08-13,"Johnson&Johnson, Moderna, Pfizer/BioNTech",https://opendata.swiss/en/dataset/covid-19-schweiz?detGeo=FL,40942,21304,20171,0
Liechtenstein,2021-08-14,"Johnson&Johnson, Moderna, Pfizer/BioNTech",https://opendata.swiss/en/dataset/covid-19-schweiz?detGeo=FL,40942,21304,20171,0
Liechtenstein,2021-08-15,"Johnson&Johnson, Moderna, Pfizer/BioNTech",https://opendata.swiss/en/dataset/covid-19-schweiz?detGeo=FL,40942,21304,20171,0
Liechtenstein,2021-08-16,"Johnson&Johnson, Moderna, Pfizer/BioNTech",https://opendata.swiss/en/dataset/covid-19-schweiz?detGeo=FL,41231,21325,20440,0
Liechtenstein,2021-08-17,"Johnson&Johnson, Moderna, Pfizer/BioNTech",https://opendata.swiss/en/dataset/covid-19-schweiz?detGeo=FL,41517,21546,20506,0
Liechtenstein,2021-08-18,"Johnson&Johnson, Moderna, Pfizer/BioNTech",https://opendata.swiss/en/dataset/covid-19-schweiz?detGeo=FL,41761,21753,20546,0
Liechtenstein,2021-08-19,"Johnson&Johnson, Moderna, Pfizer/BioNTech",https://opendata.swiss/en/dataset/covid-19-schweiz?detGeo=FL,41761,21753,20546,0
Liechtenstein,2021-08-20,"Johnson&Johnson, Moderna, Pfizer/BioNTech",https://opendata.swiss/en/dataset/covid-19-schweiz?detGeo=FL,41761,21757,20549,0
Liechtenstein,2021-08-21,"Johnson&Johnson, Moderna, Pfizer/BioNTech",https://opendata.swiss/en/dataset/covid-19-schweiz?detGeo=FL,42166,22129,20575,0
Liechtenstein,2021-08-22,"Johnson&Johnson, Moderna, Pfizer/BioNTech",https://opendata.swiss/en/dataset/covid-19-schweiz?detGeo=FL,42166,22129,20575,0
Liechtenstein,2021-08-23,"Johnson&Johnson, Moderna, Pfizer/BioNTech",https://opendata.swiss/en/dataset/covid-19-schweiz?detGeo=FL,42312,22244,20606,0
Liechtenstein,2021-08-24,"Johnson&Johnson, Moderna, Pfizer/BioNTech",https://opendata.swiss/en/dataset/covid-19-schweiz?detGeo=FL,42593,22520,20609,0
Liechtenstein,2021-08-25,"Johnson&Johnson, Moderna, Pfizer/BioNTech",https://opendata.swiss/en/dataset/covid-19-schweiz?detGeo=FL,42726,22646,20617,0
Liechtenstein,2021-08-26,"Johnson&Johnson, Moderna, Pfizer/BioNTech",https://opendata.swiss/en/dataset/covid-19-schweiz?detGeo=FL,42863,22767,20633,0
Liechtenstein,2021-08-27,"Johnson&Johnson, Moderna, Pfizer/BioNTech",https://opendata.swiss/en/dataset/covid-19-schweiz?detGeo=FL,43159,23058,20642,0
Liechtenstein,2021-08-28,"Johnson&Johnson, Moderna, Pfizer/BioNTech",https://opendata.swiss/en/dataset/covid-19-schweiz?detGeo=FL,43159,23058,20643,0
Liechtenstein,2021-08-29,"Johnson&Johnson, Moderna, Pfizer/BioNTech",https://opendata.swiss/en/dataset/covid-19-schweiz?detGeo=FL,43159,23058,20643,0
Liechtenstein,2021-08-30,"Johnson&Johnson, Moderna, Pfizer/BioNTech",https://opendata.swiss/en/dataset/covid-19-schweiz?detGeo=FL,43159,23058,20644,0
Liechtenstein,2021-08-31,"Johnson&Johnson, Moderna, Pfizer/BioNTech",https://opendata.swiss/en/dataset/covid-19-schweiz?detGeo=FL,43159,23058,20644,0
Liechtenstein,2021-09-01,"Johnson&Johnson, Moderna, Pfizer/BioNTech",https://opendata.swiss/en/dataset/covid-19-schweiz?detGeo=FL,43159,23058,20644,0
Liechtenstein,2021-09-02,"Johnson&Johnson, Moderna, Pfizer/BioNTech",https://opendata.swiss/en/dataset/covid-19-schweiz?detGeo=FL,43159,23059,20644,0
Liechtenstein,2021-09-03,"Johnson&Johnson, Moderna, Pfizer/BioNTech",https://opendata.swiss/en/dataset/covid-19-schweiz?detGeo=FL,43159,23066,20644,0
Liechtenstein,2021-09-04,"Johnson&Johnson, Moderna, Pfizer/BioNTech",https://opendata.swiss/en/dataset/covid-19-schweiz?detGeo=FL,43159,23068,20644,0
Liechtenstein,2021-09-05,"Johnson&Johnson, Moderna, Pfizer/BioNTech",https://opendata.swiss/en/dataset/covid-19-schweiz?detGeo=FL,43159,23068,20644,0
Liechtenstein,2021-09-06,"Johnson&Johnson, Moderna, Pfizer/BioNTech",https://opendata.swiss/en/dataset/covid-19-schweiz?detGeo=FL,43159,23069,20646,0
Liechtenstein,2021-09-07,"Johnson&Johnson, Moderna, Pfizer/BioNTech",https://opendata.swiss/en/dataset/covid-19-schweiz?detGeo=FL,43315,23078,20797,0
Liechtenstein,2021-09-08,"Johnson&Johnson, Moderna, Pfizer/BioNTech",https://opendata.swiss/en/dataset/covid-19-schweiz?detGeo=FL,43315,23080,20798,0
Liechtenstein,2021-09-09,"Johnson&Johnson, Moderna, Pfizer/BioNTech",https://opendata.swiss/en/dataset/covid-19-schweiz?detGeo=FL,43316,23082,20799,0
Liechtenstein,2021-09-10,"Johnson&Johnson, Moderna, Pfizer/BioNTech",https://opendata.swiss/en/dataset/covid-19-schweiz?detGeo=FL,43626,23100,21102,0
Liechtenstein,2021-09-11,"Johnson&Johnson, Moderna, Pfizer/BioNTech",https://opendata.swiss/en/dataset/covid-19-schweiz?detGeo=FL,43626,23101,21103,0
Liechtenstein,2021-09-12,"Johnson&Johnson, Moderna, Pfizer/BioNTech",https://opendata.swiss/en/dataset/covid-19-schweiz?detGeo=FL,43626,23101,21103,0
Liechtenstein,2021-09-13,"Johnson&Johnson, Moderna, Pfizer/BioNTech",https://opendata.swiss/en/dataset/covid-19-schweiz?detGeo=FL,44272,23733,21110,0
Liechtenstein,2021-09-14,"Johnson&Johnson, Moderna, Pfizer/BioNTech",https://opendata.swiss/en/dataset/covid-19-schweiz?detGeo=FL,44584,23803,21361,0
Liechtenstein,2021-09-15,"Johnson&Johnson, Moderna, Pfizer/BioNTech",https://opendata.swiss/en/dataset/covid-19-schweiz?detGeo=FL,44800,23825,21562,0
Liechtenstein,2021-09-16,"Johnson&Johnson, Moderna, Pfizer/BioNTech",https://opendata.swiss/en/dataset/covid-19-schweiz?detGeo=FL,44810,23837,21562,0
Liechtenstein,2021-09-17,"Johnson&Johnson, Moderna, Pfizer/BioNTech",https://opendata.swiss/en/dataset/covid-19-schweiz?detGeo=FL,44997,24026,21579,0
Liechtenstein,2021-09-18,"Johnson&Johnson, Moderna, Pfizer/BioNTech",https://opendata.swiss/en/dataset/covid-19-schweiz?detGeo=FL,45381,24029,21960,0
Liechtenstein,2021-09-19,"Johnson&Johnson, Moderna, Pfizer/BioNTech",https://opendata.swiss/en/dataset/covid-19-schweiz?detGeo=FL,45381,24029,21960,0
Liechtenstein,2021-09-20,"Johnson&Johnson, Moderna, Pfizer/BioNTech",https://opendata.swiss/en/dataset/covid-19-schweiz?detGeo=FL,45745,24256,22096,0
Liechtenstein,2021-09-21,"Johnson&Johnson, Moderna, Pfizer/BioNTech",https://opendata.swiss/en/dataset/covid-19-schweiz?detGeo=FL,46115,24325,22396,0
Liechtenstein,2021-09-22,"Johnson&Johnson, Moderna, Pfizer/BioNTech",https://opendata.swiss/en/dataset/covid-19-schweiz?detGeo=FL,46254,24348,22515,0
Liechtenstein,2021-09-23,"Johnson&Johnson, Moderna, Pfizer/BioNTech",https://opendata.swiss/en/dataset/covid-19-schweiz?detGeo=FL,46400,24363,22656,0
Liechtenstein,2021-09-24,"Johnson&Johnson, Moderna, Pfizer/BioNTech",https://opendata.swiss/en/dataset/covid-19-schweiz?detGeo=FL,46734,24405,22956,0
Liechtenstein,2021-09-25,"Johnson&Johnson, Moderna, Pfizer/BioNTech",https://opendata.swiss/en/dataset/covid-19-schweiz?detGeo=FL,46734,24406,22956,0
Liechtenstein,2021-09-26,"Johnson&Johnson, Moderna, Pfizer/BioNTech",https://opendata.swiss/en/dataset/covid-19-schweiz?detGeo=FL,46734,24406,22956,0
Liechtenstein,2021-09-27,"Johnson&Johnson, Moderna, Pfizer/BioNTech",https://opendata.swiss/en/dataset/covid-19-schweiz?detGeo=FL,46761,24427,22966,0
Liechtenstein,2021-09-28,"Johnson&Johnson, Moderna, Pfizer/BioNTech",https://opendata.swiss/en/dataset/covid-19-schweiz?detGeo=FL,46853,24517,22975,0
Liechtenstein,2021-09-29,"Johnson&Johnson, Moderna, Pfizer/BioNTech",https://opendata.swiss/en/dataset/covid-19-schweiz?detGeo=FL,46873,24542,22976,0
Liechtenstein,2021-09-30,"Johnson&Johnson, Moderna, Pfizer/BioNTech",https://opendata.swiss/en/dataset/covid-19-schweiz?detGeo=FL,46881,24556,22986,0
Liechtenstein,2021-10-01,"Johnson&Johnson, Moderna, Pfizer/BioNTech",https://opendata.swiss/en/dataset/covid-19-schweiz?detGeo=FL,46909,24584,22996,0
Liechtenstein,2021-10-02,"Johnson&Johnson, Moderna, Pfizer/BioNTech",https://opendata.swiss/en/dataset/covid-19-schweiz?detGeo=FL,46909,24587,23002,0
Liechtenstein,2021-10-03,"Johnson&Johnson, Moderna, Pfizer/BioNTech",https://opendata.swiss/en/dataset/covid-19-schweiz?detGeo=FL,46909,24587,23002,0
Liechtenstein,2021-10-04,"Johnson&Johnson, Moderna, Pfizer/BioNTech",https://opendata.swiss/en/dataset/covid-19-schweiz?detGeo=FL,46928,24605,23006,0
Liechtenstein,2021-10-05,"Johnson&Johnson, Moderna, Pfizer/BioNTech",https://opendata.swiss/en/dataset/covid-19-schweiz?detGeo=FL,46928,24605,23010,0
Liechtenstein,2021-10-06,"Johnson&Johnson, Moderna, Pfizer/BioNTech",https://opendata.swiss/en/dataset/covid-19-schweiz?detGeo=FL,46948,24625,23012,0
Liechtenstein,2021-10-07,"Johnson&Johnson, Moderna, Pfizer/BioNTech",https://opendata.swiss/en/dataset/covid-19-schweiz?detGeo=FL,47071,24744,23018,0
Liechtenstein,2021-10-08,"Johnson&Johnson, Moderna, Pfizer/BioNTech",https://opendata.swiss/en/dataset/covid-19-schweiz?detGeo=FL,47098,24764,23032,0
Liechtenstein,2021-10-09,"Johnson&Johnson, Moderna, Pfizer/BioNTech",https://opendata.swiss/en/dataset/covid-19-schweiz?detGeo=FL,47098,24764,23032,0
Liechtenstein,2021-10-10,"Johnson&Johnson, Moderna, Pfizer/BioNTech",https://opendata.swiss/en/dataset/covid-19-schweiz?detGeo=FL,47098,24764,23032,0
Liechtenstein,2021-10-11,"Johnson&Johnson, Moderna, Pfizer/BioNTech",https://opendata.swiss/en/dataset/covid-19-schweiz?detGeo=FL,47098,24765,23038,0
Liechtenstein,2021-10-12,"Johnson&Johnson, Moderna, Pfizer/BioNTech",https://opendata.swiss/en/dataset/covid-19-schweiz?detGeo=FL,47172,24787,23089,0
Liechtenstein,2021-10-13,"Johnson&Johnson, Moderna, Pfizer/BioNTech",https://opendata.swiss/en/dataset/covid-19-schweiz?detGeo=FL,47193,24790,23112,0
Liechtenstein,2021-10-14,"Johnson&Johnson, Moderna, Pfizer/BioNTech",https://opendata.swiss/en/dataset/covid-19-schweiz?detGeo=FL,47222,24800,23133,0
Liechtenstein,2021-10-15,"Johnson&Johnson, Moderna, Pfizer/BioNTech",https://opendata.swiss/en/dataset/covid-19-schweiz?detGeo=FL,47262,24802,23179,0
Liechtenstein,2021-10-16,"Johnson&Johnson, Moderna, Pfizer/BioNTech",https://opendata.swiss/en/dataset/covid-19-schweiz?detGeo=FL,47262,24805,23183,0
Liechtenstein,2021-10-17,"Johnson&Johnson, Moderna, Pfizer/BioNTech",https://opendata.swiss/en/dataset/covid-19-schweiz?detGeo=FL,47262,24806,23183,0
Liechtenstein,2021-10-18,"Johnson&Johnson, Moderna, Pfizer/BioNTech",https://opendata.swiss/en/dataset/covid-19-schweiz?detGeo=FL,47546,24809,23463,0
Liechtenstein,2021-10-19,"Johnson&Johnson, Moderna, Pfizer/BioNTech",https://opendata.swiss/en/dataset/covid-19-schweiz?detGeo=FL,47976,24820,23873,0
Liechtenstein,2021-10-20,"Johnson&Johnson, Moderna, Pfizer/BioNTech",https://opendata.swiss/en/dataset/covid-19-schweiz?detGeo=FL,48239,24832,24121,0
Liechtenstein,2021-10-21,"Johnson&Johnson, Moderna, Pfizer/BioNTech",https://opendata.swiss/en/dataset/covid-19-schweiz?detGeo=FL,48264,24848,24140,0
Liechtenstein,2021-10-22,"Johnson&Johnson, Moderna, Pfizer/BioNTech",https://opendata.swiss/en/dataset/covid-19-schweiz?detGeo=FL,48310,24860,24166,0
Liechtenstein,2021-10-23,"Johnson&Johnson, Moderna, Pfizer/BioNTech",https://opendata.swiss/en/dataset/covid-19-schweiz?detGeo=FL,48310,24861,24167,0
Liechtenstein,2021-10-24,"Johnson&Johnson, Moderna, Pfizer/BioNTech",https://opendata.swiss/en/dataset/covid-19-schweiz?detGeo=FL,48310,24861,24167,0
Liechtenstein,2021-10-25,"Johnson&Johnson, Moderna, Pfizer/BioNTech",https://opendata.swiss/en/dataset/covid-19-schweiz?detGeo=FL,48432,24953,24237,0
Liechtenstein,2021-10-26,"Johnson&Johnson, Moderna, Pfizer/BioNTech",https://opendata.swiss/en/dataset/covid-19-schweiz?detGeo=FL,48544,24966,24330,0
Liechtenstein,2021-10-27,"Johnson&Johnson, Moderna, Pfizer/BioNTech",https://opendata.swiss/en/dataset/covid-19-schweiz?detGeo=FL,48628,25024,24358,0
Liechtenstein,2021-10-28,"Johnson&Johnson, Moderna, Pfizer/BioNTech",https://opendata.swiss/en/dataset/covid-19-schweiz?detGeo=FL,48710,25083,24425,0
Liechtenstein,2021-10-29,"Johnson&Johnson, Moderna, Pfizer/BioNTech",https://opendata.swiss/en/dataset/covid-19-schweiz?detGeo=FL,48746,25087,24455,0
Liechtenstein,2021-10-30,"Johnson&Johnson, Moderna, Pfizer/BioNTech",https://opendata.swiss/en/dataset/covid-19-schweiz?detGeo=FL,48746,25087,24455,0
Liechtenstein,2021-10-31,"Johnson&Johnson, Moderna, Pfizer/BioNTech",https://opendata.swiss/en/dataset/covid-19-schweiz?detGeo=FL,48746,25087,24455,0
Liechtenstein,2021-11-01,"Johnson&Johnson, Moderna, Pfizer/BioNTech",https://opendata.swiss/en/dataset/covid-19-schweiz?detGeo=FL,48746,25088,24456,0
Liechtenstein,2021-11-02,"Johnson&Johnson, Moderna, Pfizer/BioNTech",https://opendata.swiss/en/dataset/covid-19-schweiz?detGeo=FL,48890,25203,24514,0
Liechtenstein,2021-11-03,"Johnson&Johnson, Moderna, Pfizer/BioNTech",https://opendata.swiss/en/dataset/covid-19-schweiz?detGeo=FL,48979,25258,24549,0
Liechtenstein,2021-11-04,"Johnson&Johnson, Moderna, Pfizer/BioNTech",https://opendata.swiss/en/dataset/covid-19-schweiz?detGeo=FL,49094,25261,24661,0
Liechtenstein,2021-11-05,"Johnson&Johnson, Moderna, Pfizer/BioNTech",https://opendata.swiss/en/dataset/covid-19-schweiz?detGeo=FL,49151,25285,24709,0
Liechtenstein,2021-11-06,"Johnson&Johnson, Moderna, Pfizer/BioNTech",https://opendata.swiss/en/dataset/covid-19-schweiz?detGeo=FL,49151,25285,24709,0
Liechtenstein,2021-11-07,"Johnson&Johnson, Moderna, Pfizer/BioNTech",https://opendata.swiss/en/dataset/covid-19-schweiz?detGeo=FL,49151,25285,24709,0
Liechtenstein,2021-11-08,"Johnson&Johnson, Moderna, Pfizer/BioNTech",https://opendata.swiss/en/dataset/covid-19-schweiz?detGeo=FL,49246,25368,24733,0
Liechtenstein,2021-11-09,"Johnson&Johnson, Moderna, Pfizer/BioNTech",https://opendata.swiss/en/dataset/covid-19-schweiz?detGeo=FL,49295,25380,24759,1
Liechtenstein,2021-11-10,"Johnson&Johnson, Moderna, Pfizer/BioNTech",https://opendata.swiss/en/dataset/covid-19-schweiz?detGeo=FL,49319,25389,24774,1
Liechtenstein,2021-11-11,"Johnson&Johnson, Moderna, Pfizer/BioNTech",https://opendata.swiss/en/dataset/covid-19-schweiz?detGeo=FL,49407,25465,24785,1
Liechtenstein,2021-11-12,"Johnson&Johnson, Moderna, Pfizer/BioNTech",https://opendata.swiss/en/dataset/covid-19-schweiz?detGeo=FL,49485,25531,24799,2
Liechtenstein,2021-11-13,"Johnson&Johnson, Moderna, Pfizer/BioNTech",https://opendata.swiss/en/dataset/covid-19-schweiz?detGeo=FL,49485,25533,24800,2
Liechtenstein,2021-11-14,"Johnson&Johnson, Moderna, Pfizer/BioNTech",https://opendata.swiss/en/dataset/covid-19-schweiz?detGeo=FL,49485,25533,24800,2
Liechtenstein,2021-11-15,"Johnson&Johnson, Moderna, Pfizer/BioNTech",https://opendata.swiss/en/dataset/covid-19-schweiz?detGeo=FL,49506,25545,24804,4
Liechtenstein,2021-11-16,"Johnson&Johnson, Moderna, Pfizer/BioNTech",https://opendata.swiss/en/dataset/covid-19-schweiz?detGeo=FL,49572,25568,24824,17
Liechtenstein,2021-11-17,"Johnson&Johnson, Moderna, Pfizer/BioNTech",https://opendata.swiss/en/dataset/covid-19-schweiz?detGeo=FL,49594,25584,24838,20
Liechtenstein,2021-11-18,"Johnson&Johnson, Moderna, Pfizer/BioNTech",https://opendata.swiss/en/dataset/covid-19-schweiz?detGeo=FL,49692,25594,24840,107
Liechtenstein,2021-11-19,"Johnson&Johnson, Moderna, Pfizer/BioNTech",https://opendata.swiss/en/dataset/covid-19-schweiz?detGeo=FL,49856,25602,24851,245
Liechtenstein,2021-11-20,"Johnson&Johnson, Moderna, Pfizer/BioNTech",https://opendata.swiss/en/dataset/covid-19-schweiz?detGeo=FL,49856,25604,24853,247
Liechtenstein,2021-11-21,"Johnson&Johnson, Moderna, Pfizer/BioNTech",https://opendata.swiss/en/dataset/covid-19-schweiz?detGeo=FL,49856,25604,24853,247
Liechtenstein,2021-11-22,"Johnson&Johnson, Moderna, Pfizer/BioNTech",https://opendata.swiss/en/dataset/covid-19-schweiz?detGeo=FL,50058,25627,24916,354
Liechtenstein,2021-11-23,"Johnson&Johnson, Moderna, Pfizer/BioNTech",https://opendata.swiss/en/dataset/covid-19-schweiz?detGeo=FL,50209,25657,24927,459
Liechtenstein,2021-11-24,"Johnson&Johnson, Moderna, Pfizer/BioNTech",https://opendata.swiss/en/dataset/covid-19-schweiz?detGeo=FL,50507,25675,24992,664
Liechtenstein,2021-11-25,"Johnson&Johnson, Moderna, Pfizer/BioNTech",https://opendata.swiss/en/dataset/covid-19-schweiz?detGeo=FL,50569,25689,24997,707
Liechtenstein,2021-11-26,"Johnson&Johnson, Moderna, Pfizer/BioNTech",https://opendata.swiss/en/dataset/covid-19-schweiz?detGeo=FL,50588,25699,25004,722
Liechtenstein,2021-11-27,"Johnson&Johnson, Moderna, Pfizer/BioNTech",https://opendata.swiss/en/dataset/covid-19-schweiz?detGeo=FL,50609,25701,25005,748
Liechtenstein,2021-11-28,"Johnson&Johnson, Moderna, Pfizer/BioNTech",https://opendata.swiss/en/dataset/covid-19-schweiz?detGeo=FL,50609,25701,25005,749
Liechtenstein,2021-11-29,"Johnson&Johnson, Moderna, Pfizer/BioNTech",https://opendata.swiss/en/dataset/covid-19-schweiz?detGeo=FL,51044,25728,25033,1111
Liechtenstein,2021-11-30,"Johnson&Johnson, Moderna, Pfizer/BioNTech",https://opendata.swiss/en/dataset/covid-19-schweiz?detGeo=FL,51147,25741,25053,1185
Liechtenstein,2021-12-01,"Johnson&Johnson, Moderna, Pfizer/BioNTech",https://opendata.swiss/en/dataset/covid-19-schweiz?detGeo=FL,51597,25765,25121,1534
Liechtenstein,2021-12-02,"Johnson&Johnson, Moderna, Pfizer/BioNTech",https://opendata.swiss/en/dataset/covid-19-schweiz?detGeo=FL,51818,25776,25178,1685
Liechtenstein,2021-12-03,"Johnson&Johnson, Moderna, Pfizer/BioNTech",https://opendata.swiss/en/dataset/covid-19-schweiz?detGeo=FL,51846,25783,25181,1740
Liechtenstein,2021-12-04,"Johnson&Johnson, Moderna, Pfizer/BioNTech",https://opendata.swiss/en/dataset/covid-19-schweiz?detGeo=FL,51846,25783,25181,1743
Liechtenstein,2021-12-05,"Johnson&Johnson, Moderna, Pfizer/BioNTech",https://opendata.swiss/en/dataset/covid-19-schweiz?detGeo=FL,51846,25783,25181,1743
Liechtenstein,2021-12-06,"Johnson&Johnson, Moderna, Pfizer/BioNTech",https://opendata.swiss/en/dataset/covid-19-schweiz?detGeo=FL,52239,25812,25256,2018
Liechtenstein,2021-12-07,"Johnson&Johnson, Moderna, Pfizer/BioNTech",https://opendata.swiss/en/dataset/covid-19-schweiz?detGeo=FL,53036,25853,25272,2767
Liechtenstein,2021-12-08,"Johnson&Johnson, Moderna, Pfizer/BioNTech",https://opendata.swiss/en/dataset/covid-19-schweiz?detGeo=FL,53851,25867,25275,3569
Liechtenstein,2021-12-09,"Johnson&Johnson, Moderna, Pfizer/BioNTech",https://opendata.swiss/en/dataset/covid-19-schweiz?detGeo=FL,54672,25881,25286,4375
Liechtenstein,2021-12-10,"Johnson&Johnson, Moderna, Pfizer/BioNTech",https://opendata.swiss/en/dataset/covid-19-schweiz?detGeo=FL,55322,25897,25352,4958
Liechtenstein,2021-12-11,"Johnson&Johnson, Moderna, Pfizer/BioNTech",https://opendata.swiss/en/dataset/covid-19-schweiz?detGeo=FL,55922,25912,25352,5548
Liechtenstein,2021-12-12,"Johnson&Johnson, Moderna, Pfizer/BioNTech",https://opendata.swiss/en/dataset/covid-19-schweiz?detGeo=FL,56167,25912,25352,5792
Liechtenstein,2021-12-13,"Johnson&Johnson, Moderna, Pfizer/BioNTech",https://opendata.swiss/en/dataset/covid-19-schweiz?detGeo=FL,56836,25941,25430,6331
Liechtenstein,2021-12-14,"Johnson&Johnson, Moderna, Pfizer/BioNTech",https://opendata.swiss/en/dataset/covid-19-schweiz?detGeo=FL,57809,25968,25454,7257
Liechtenstein,2021-12-15,"Johnson&Johnson, Moderna, Pfizer/BioNTech",https://opendata.swiss/en/dataset/covid-19-schweiz?detGeo=FL,58644,25984,25472,8060
Liechtenstein,2021-12-16,"Johnson&Johnson, Moderna, Pfizer/BioNTech",https://opendata.swiss/en/dataset/covid-19-schweiz?detGeo=FL,59461,26011,25487,8845
Liechtenstein,2021-12-17,"Johnson&Johnson, Moderna, Pfizer/BioNTech",https://opendata.swiss/en/dataset/covid-19-schweiz?detGeo=FL,60370,26037,25492,9736
Liechtenstein,2021-12-18,"Johnson&Johnson, Moderna, Pfizer/BioNTech",https://opendata.swiss/en/dataset/covid-19-schweiz?detGeo=FL,60962,26053,25494,10312
Liechtenstein,2021-12-19,"Johnson&Johnson, Moderna, Pfizer/BioNTech",https://opendata.swiss/en/dataset/covid-19-schweiz?detGeo=FL,61208,26053,25494,10558
Liechtenstein,2021-12-20,"Johnson&Johnson, Moderna, Pfizer/BioNTech",https://opendata.swiss/en/dataset/covid-19-schweiz?detGeo=FL,61917,26086,25520,11198
Liechtenstein,2021-12-21,"Johnson&Johnson, Moderna, Pfizer/BioNTech",https://opendata.swiss/en/dataset/covid-19-schweiz?detGeo=FL,62424,26114,25547,11653
Liechtenstein,2021-12-22,"Johnson&Johnson, Moderna, Pfizer/BioNTech",https://opendata.swiss/en/dataset/covid-19-schweiz?detGeo=FL,62919,26147,25569,12104
Liechtenstein,2021-12-23,"Johnson&Johnson, Moderna, Pfizer/BioNTech",https://opendata.swiss/en/dataset/covid-19-schweiz?detGeo=FL,62944,26149,25580,12120
Liechtenstein,2021-12-24,"Johnson&Johnson, Moderna, Pfizer/BioNTech",https://opendata.swiss/en/dataset/covid-19-schweiz?detGeo=FL,62950,26149,25580,12122
Liechtenstein,2021-12-25,"Johnson&Johnson, Moderna, Pfizer/BioNTech",https://opendata.swiss/en/dataset/covid-19-schweiz?detGeo=FL,62950,26149,25580,12122
Liechtenstein,2021-12-26,"Johnson&Johnson, Moderna, Pfizer/BioNTech",https://opendata.swiss/en/dataset/covid-19-schweiz?detGeo=FL,62950,26149,25580,12122
Liechtenstein,2021-12-27,"Johnson&Johnson, Moderna, Pfizer/BioNTech",https://opendata.swiss/en/dataset/covid-19-schweiz?detGeo=FL,62950,26151,25582,12125
Liechtenstein,2021-12-28,"Johnson&Johnson, Moderna, Pfizer/BioNTech",https://opendata.swiss/en/dataset/covid-19-schweiz?detGeo=FL,63011,26156,25601,12165
Liechtenstein,2021-12-29,"Johnson&Johnson, Moderna, Pfizer/BioNTech",https://opendata.swiss/en/dataset/covid-19-schweiz?detGeo=FL,63011,26157,25601,12168
Liechtenstein,2021-12-30,"Johnson&Johnson, Moderna, Pfizer/BioNTech",https://opendata.swiss/en/dataset/covid-19-schweiz?detGeo=FL,63011,26157,25602,12170
Liechtenstein,2021-12-31,"Johnson&Johnson, Moderna, Pfizer/BioNTech",https://opendata.swiss/en/dataset/covid-19-schweiz?detGeo=FL,63011,26157,25602,12170
Liechtenstein,2022-01-01,"Johnson&Johnson, Moderna, Pfizer/BioNTech",https://opendata.swiss/en/dataset/covid-19-schweiz?detGeo=FL,63011,26157,25602,12170
Liechtenstein,2022-01-02,"Johnson&Johnson, Moderna, Pfizer/BioNTech",https://opendata.swiss/en/dataset/covid-19-schweiz?detGeo=FL,63011,26157,25602,12170
Liechtenstein,2022-01-03,"Johnson&Johnson, Moderna, Pfizer/BioNTech",https://opendata.swiss/en/dataset/covid-19-schweiz?detGeo=FL,63567,26202,25640,12644
Liechtenstein,2022-01-04,"Johnson&Johnson, Moderna, Pfizer/BioNTech",https://opendata.swiss/en/dataset/covid-19-schweiz?detGeo=FL,64101,26224,25672,13127
Liechtenstein,2022-01-05,"Johnson&Johnson, Moderna, Pfizer/BioNTech",https://opendata.swiss/en/dataset/covid-19-schweiz?detGeo=FL,64619,26230,25690,13625
Liechtenstein,2022-01-06,"Johnson&Johnson, Moderna, Pfizer/BioNTech",https://opendata.swiss/en/dataset/covid-19-schweiz?detGeo=FL,64619,26232,25692,13628
Liechtenstein,2022-01-07,"Johnson&Johnson, Moderna, Pfizer/BioNTech",https://opendata.swiss/en/dataset/covid-19-schweiz?detGeo=FL,64657,26236,25704,13648
Liechtenstein,2022-01-08,"Johnson&Johnson, Moderna, Pfizer/BioNTech",https://opendata.swiss/en/dataset/covid-19-schweiz?detGeo=FL,64805,26384,25705,13648
Liechtenstein,2022-01-09,"Johnson&Johnson, Moderna, Pfizer/BioNTech",https://opendata.swiss/en/dataset/covid-19-schweiz?detGeo=FL,64805,26384,25705,13648
Liechtenstein,2022-01-10,"Johnson&Johnson, Moderna, Pfizer/BioNTech",https://opendata.swiss/en/dataset/covid-19-schweiz?detGeo=FL,65319,26392,25741,14116
Liechtenstein,2022-01-11,"Johnson&Johnson, Moderna, Pfizer/BioNTech",https://opendata.swiss/en/dataset/covid-19-schweiz?detGeo=FL,65850,26410,25777,14591
Liechtenstein,2022-01-12,"Johnson&Johnson, Moderna, Pfizer/BioNTech",https://opendata.swiss/en/dataset/covid-19-schweiz?detGeo=FL,66206,26424,25805,14908
Liechtenstein,2022-01-13,"Johnson&Johnson, Moderna, Pfizer/BioNTech",https://opendata.swiss/en/dataset/covid-19-schweiz?detGeo=FL,66535,26435,25824,15211
Liechtenstein,2022-01-14,"Johnson&Johnson, Moderna, Pfizer/BioNTech",https://opendata.swiss/en/dataset/covid-19-schweiz?detGeo=FL,67036,26447,25864,15662
Liechtenstein,2022-01-15,"Johnson&Johnson, Moderna, Pfizer/BioNTech",https://opendata.swiss/en/dataset/covid-19-schweiz?detGeo=FL,67036,26447,25865,15664
Liechtenstein,2022-01-16,"Johnson&Johnson, Moderna, Pfizer/BioNTech",https://opendata.swiss/en/dataset/covid-19-schweiz?detGeo=FL,67036,26447,25865,15664
Liechtenstein,2022-01-17,"Johnson&Johnson, Moderna, Pfizer/BioNTech",https://opendata.swiss/en/dataset/covid-19-schweiz?detGeo=FL,67447,26500,25916,15998
Liechtenstein,2022-01-18,"Johnson&Johnson, Moderna, Pfizer/BioNTech",https://opendata.swiss/en/dataset/covid-19-schweiz?detGeo=FL,67688,26514,25937,16208
Liechtenstein,2022-01-19,"Johnson&Johnson, Moderna, Pfizer/BioNTech",https://opendata.swiss/en/dataset/covid-19-schweiz?detGeo=FL,67925,26525,25964,16405
Liechtenstein,2022-01-20,"Johnson&Johnson, Moderna, Pfizer/BioNTech",https://opendata.swiss/en/dataset/covid-19-schweiz?detGeo=FL,68168,26584,25975,16583
Liechtenstein,2022-01-21,"Johnson&Johnson, Moderna, Pfizer/BioNTech",https://opendata.swiss/en/dataset/covid-19-schweiz?detGeo=FL,68524,26591,25994,16924
Liechtenstein,2022-01-22,"Johnson&Johnson, Moderna, Pfizer/BioNTech",https://opendata.swiss/en/dataset/covid-19-schweiz?detGeo=FL,68524,26592,25995,16924
Liechtenstein,2022-01-23,"Johnson&Johnson, Moderna, Pfizer/BioNTech",https://opendata.swiss/en/dataset/covid-19-schweiz?detGeo=FL,68524,26592,25995,16924
Liechtenstein,2022-01-24,"Johnson&Johnson, Moderna, Pfizer/BioNTech",https://opendata.swiss/en/dataset/covid-19-schweiz?detGeo=FL,68541,26594,25998,16935
Liechtenstein,2022-01-25,"Johnson&Johnson, Moderna, Pfizer/BioNTech",https://opendata.swiss/en/dataset/covid-19-schweiz?detGeo=FL,68575,26596,26001,16967
Liechtenstein,2022-01-26,"Johnson&Johnson, Moderna, Pfizer/BioNTech",https://opendata.swiss/en/dataset/covid-19-schweiz?detGeo=FL,68761,26622,26004,17124
Liechtenstein,2022-01-27,"Johnson&Johnson, Moderna, Pfizer/BioNTech",https://opendata.swiss/en/dataset/covid-19-schweiz?detGeo=FL,68761,26624,26005,17130
Liechtenstein,2022-01-28,"Johnson&Johnson, Moderna, Pfizer/BioNTech",https://opendata.swiss/en/dataset/covid-19-schweiz?detGeo=FL,68773,26626,26007,17146
Liechtenstein,2022-01-29,"Johnson&Johnson, Moderna, Pfizer/BioNTech",https://opendata.swiss/en/dataset/covid-19-schweiz?detGeo=FL,68773,26626,26007,17146
Liechtenstein,2022-01-30,"Johnson&Johnson, Moderna, Pfizer/BioNTech",https://opendata.swiss/en/dataset/covid-19-schweiz?detGeo=FL,68773,26626,26007,17146
Liechtenstein,2022-01-31,"Johnson&Johnson, Moderna, Pfizer/BioNTech",https://opendata.swiss/en/dataset/covid-19-schweiz?detGeo=FL,69084,26645,26042,17400
Liechtenstein,2022-02-01,"Johnson&Johnson, Moderna, Pfizer/BioNTech",https://opendata.swiss/en/dataset/covid-19-schweiz?detGeo=FL,69352,26676,26070,17609
Liechtenstein,2022-02-02,"Johnson&Johnson, Moderna, Pfizer/BioNTech",https://opendata.swiss/en/dataset/covid-19-schweiz?detGeo=FL,69352,26676,26071,17610
Liechtenstein,2022-02-03,"Johnson&Johnson, Moderna, Pfizer/BioNTech",https://opendata.swiss/en/dataset/covid-19-schweiz?detGeo=FL,69352,26676,26071,17610
Liechtenstein,2022-02-04,"Johnson&Johnson, Moderna, Pfizer/BioNTech",https://opendata.swiss/en/dataset/covid-19-schweiz?detGeo=FL,69363,26676,26074,17619
Liechtenstein,2022-02-05,"Johnson&Johnson, Moderna, Pfizer/BioNTech",https://opendata.swiss/en/dataset/covid-19-schweiz?detGeo=FL,69473,26676,26183,17619
Liechtenstein,2022-02-06,"Johnson&Johnson, Moderna, Pfizer/BioNTech",https://opendata.swiss/en/dataset/covid-19-schweiz?detGeo=FL,69473,26676,26183,17619
Liechtenstein,2022-02-07,"Johnson&Johnson, Moderna, Pfizer/BioNTech",https://opendata.swiss/en/dataset/covid-19-schweiz?detGeo=FL,69575,26676,26192,17712
Liechtenstein,2022-02-08,"Johnson&Johnson, Moderna, Pfizer/BioNTech",https://opendata.swiss/en/dataset/covid-19-schweiz?detGeo=FL,69725,26687,26225,17811
Liechtenstein,2022-02-09,"Johnson&Johnson, Moderna, Pfizer/BioNTech",https://opendata.swiss/en/dataset/covid-19-schweiz?detGeo=FL,69738,26687,26229,17820
Liechtenstein,2022-02-10,"Johnson&Johnson, Moderna, Pfizer/BioNTech",https://opendata.swiss/en/dataset/covid-19-schweiz?detGeo=FL,69738,26687,26229,17821
Liechtenstein,2022-02-11,"Johnson&Johnson, Moderna, Pfizer/BioNTech",https://opendata.swiss/en/dataset/covid-19-schweiz?detGeo=FL,69738,26687,26229,17822
Liechtenstein,2022-02-12,"Johnson&Johnson, Moderna, Pfizer/BioNTech",https://opendata.swiss/en/dataset/covid-19-schweiz?detGeo=FL,69942,26699,26240,18002
Liechtenstein,2022-02-13,"Johnson&Johnson, Moderna, Pfizer/BioNTech",https://opendata.swiss/en/dataset/covid-19-schweiz?detGeo=FL,69942,26699,26240,18002
Liechtenstein,2022-02-14,"Johnson&Johnson, Moderna, Pfizer/BioNTech",https://opendata.swiss/en/dataset/covid-19-schweiz?detGeo=FL,69953,26699,26242,18011
Liechtenstein,2022-02-15,"Johnson&Johnson, Moderna, Pfizer/BioNTech",https://opendata.swiss/en/dataset/covid-19-schweiz?detGeo=FL,69958,26699,26242,18017
Liechtenstein,2022-02-16,"Johnson&Johnson, Moderna, Pfizer/BioNTech",https://opendata.swiss/en/dataset/covid-19-schweiz?detGeo=FL,69969,26699,26244,18028
Liechtenstein,2022-02-17,"Johnson&Johnson, Moderna, Pfizer/BioNTech",https://opendata.swiss/en/dataset/covid-19-schweiz?detGeo=FL,70107,26704,26296,18103
Liechtenstein,2022-02-18,"Johnson&Johnson, Moderna, Pfizer/BioNTech",https://opendata.swiss/en/dataset/covid-19-schweiz?detGeo=FL,70107,26704,26296,18103
Liechtenstein,2022-02-19,"Johnson&Johnson, Moderna, Pfizer/BioNTech",https://opendata.swiss/en/dataset/covid-19-schweiz?detGeo=FL,70107,26704,26296,18104
Liechtenstein,2022-02-20,"Johnson&Johnson, Moderna, Pfizer/BioNTech",https://opendata.swiss/en/dataset/covid-19-schweiz?detGeo=FL,70107,26704,26296,18104
Liechtenstein,2022-02-21,"Johnson&Johnson, Moderna, Pfizer/BioNTech",https://opendata.swiss/en/dataset/covid-19-schweiz?detGeo=FL,70107,26704,26296,18104
Liechtenstein,2022-02-22,"Johnson&Johnson, Moderna, Pfizer/BioNTech",https://opendata.swiss/en/dataset/covid-19-schweiz?detGeo=FL,70229,26708,26354,18165
Liechtenstein,2022-02-23,"Johnson&Johnson, Moderna, Pfizer/BioNTech",https://opendata.swiss/en/dataset/covid-19-schweiz?detGeo=FL,70229,26708,26354,18165
Liechtenstein,2022-02-24,"Johnson&Johnson, Moderna, Pfizer/BioNTech",https://opendata.swiss/en/dataset/covid-19-schweiz?detGeo=FL,70229,26708,26354,18165
Liechtenstein,2022-02-25,"Johnson&Johnson, Moderna, Pfizer/BioNTech",https://opendata.swiss/en/dataset/covid-19-schweiz?detGeo=FL,70229,26708,26354,18166
Liechtenstein,2022-02-26,"Johnson&Johnson, Moderna, Pfizer/BioNTech",https://opendata.swiss/en/dataset/covid-19-schweiz?detGeo=FL,70229,26708,26354,18166
Liechtenstein,2022-02-27,"Johnson&Johnson, Moderna, Pfizer/BioNTech",https://opendata.swiss/en/dataset/covid-19-schweiz?detGeo=FL,70229,26708,26354,18168
Liechtenstein,2022-02-28,"Johnson&Johnson, Moderna, Pfizer/BioNTech",https://opendata.swiss/en/dataset/covid-19-schweiz?detGeo=FL,70229,26708,26354,18168
Liechtenstein,2022-03-01,"Johnson&Johnson, Moderna, Pfizer/BioNTech",https://opendata.swiss/en/dataset/covid-19-schweiz?detGeo=FL,70229,26708,26354,18168
Liechtenstein,2022-03-02,"Johnson&Johnson, Moderna, Pfizer/BioNTech",https://opendata.swiss/en/dataset/covid-19-schweiz?detGeo=FL,70229,26708,26354,18169
Liechtenstein,2022-03-03,"Johnson&Johnson, Moderna, Pfizer/BioNTech",https://opendata.swiss/en/dataset/covid-19-schweiz?detGeo=FL,70229,26708,26354,18169
Liechtenstein,2022-03-04,"Johnson&Johnson, Moderna, Pfizer/BioNTech",https://opendata.swiss/en/dataset/covid-19-schweiz?detGeo=FL,70229,26708,26354,18169
Liechtenstein,2022-03-05,"Johnson&Johnson, Moderna, Pfizer/BioNTech",https://opendata.swiss/en/dataset/covid-19-schweiz?detGeo=FL,70229,26709,26354,18169
Liechtenstein,2022-03-06,"Johnson&Johnson, Moderna, Pfizer/BioNTech",https://opendata.swiss/en/dataset/covid-19-schweiz?detGeo=FL,70229,26709,26354,18169
Liechtenstein,2022-03-07,"Johnson&Johnson, Moderna, Pfizer/BioNTech",https://opendata.swiss/en/dataset/covid-19-schweiz?detGeo=FL,70233,26709,26356,18171
Liechtenstein,2022-03-08,"Johnson&Johnson, Moderna, Pfizer/BioNTech",https://opendata.swiss/en/dataset/covid-19-schweiz?detGeo=FL,70233,26709,26356,18171
Liechtenstein,2022-03-09,"Johnson&Johnson, Moderna, Pfizer/BioNTech",https://opendata.swiss/en/dataset/covid-19-schweiz?detGeo=FL,70233,26709,26356,18172
Liechtenstein,2022-03-10,"Johnson&Johnson, Moderna, Pfizer/BioNTech",https://opendata.swiss/en/dataset/covid-19-schweiz?detGeo=FL,70233,26709,26356,18172
Liechtenstein,2022-03-11,"Johnson&Johnson, Moderna, Pfizer/BioNTech",https://opendata.swiss/en/dataset/covid-19-schweiz?detGeo=FL,70336,26715,26385,18235
Liechtenstein,2022-03-12,"Johnson&Johnson, Moderna, Pfizer/BioNTech",https://opendata.swiss/en/dataset/covid-19-schweiz?detGeo=FL,70336,26716,26386,18236
Liechtenstein,2022-03-13,"Johnson&Johnson, Moderna, Pfizer/BioNTech",https://opendata.swiss/en/dataset/covid-19-schweiz?detGeo=FL,70336,26716,26386,18236
Liechtenstein,2022-03-14,"Johnson&Johnson, Moderna, Pfizer/BioNTech",https://opendata.swiss/en/dataset/covid-19-schweiz?detGeo=FL,70336,26716,26386,18236
Liechtenstein,2022-03-15,"Johnson&Johnson, Moderna, Pfizer/BioNTech",https://opendata.swiss/en/dataset/covid-19-schweiz?detGeo=FL,70336,26716,26386,18236
Liechtenstein,2022-03-16,"Johnson&Johnson, Moderna, Pfizer/BioNTech",https://opendata.swiss/en/dataset/covid-19-schweiz?detGeo=FL,70336,26716,26387,18236
Liechtenstein,2022-03-17,"Johnson&Johnson, Moderna, Pfizer/BioNTech",https://opendata.swiss/en/dataset/covid-19-schweiz?detGeo=FL,70336,26716,26387,18236
Liechtenstein,2022-03-18,"Johnson&Johnson, Moderna, Pfizer/BioNTech",https://opendata.swiss/en/dataset/covid-19-schweiz?detGeo=FL,70336,26716,26387,18236
Liechtenstein,2022-03-19,"Johnson&Johnson, Moderna, Pfizer/BioNTech",https://opendata.swiss/en/dataset/covid-19-schweiz?detGeo=FL,70336,26716,26387,18236
Liechtenstein,2022-03-20,"Johnson&Johnson, Moderna, Pfizer/BioNTech",https://opendata.swiss/en/dataset/covid-19-schweiz?detGeo=FL,70336,26716,26387,18236
Liechtenstein,2022-03-21,"Johnson&Johnson, Moderna, Pfizer/BioNTech",https://opendata.swiss/en/dataset/covid-19-schweiz?detGeo=FL,70336,26716,26387,18236
Liechtenstein,2022-03-22,"Johnson&Johnson, Moderna, Pfizer/BioNTech",https://opendata.swiss/en/dataset/covid-19-schweiz?detGeo=FL,70336,26716,26387,18236
Liechtenstein,2022-03-23,"Johnson&Johnson, Moderna, Pfizer/BioNTech",https://opendata.swiss/en/dataset/covid-19-schweiz?detGeo=FL,70336,26717,26388,18236
Liechtenstein,2022-03-24,"Johnson&Johnson, Moderna, Pfizer/BioNTech",https://opendata.swiss/en/dataset/covid-19-schweiz?detGeo=FL,70434,26721,26395,18320
Liechtenstein,2022-03-25,"Johnson&Johnson, Moderna, Pfizer/BioNTech",https://opendata.swiss/en/dataset/covid-19-schweiz?detGeo=FL,70434,26721,26395,18320
Liechtenstein,2022-03-26,"Johnson&Johnson, Moderna, Pfizer/BioNTech",https://opendata.swiss/en/dataset/covid-19-schweiz?detGeo=FL,70434,26721,26395,18320
Liechtenstein,2022-03-27,"Johnson&Johnson, Moderna, Pfizer/BioNTech",https://opendata.swiss/en/dataset/covid-19-schweiz?detGeo=FL,70434,26721,26395,18320
Liechtenstein,2022-03-28,"Johnson&Johnson, Moderna, Pfizer/BioNTech",https://opendata.swiss/en/dataset/covid-19-schweiz?detGeo=FL,70434,26721,26395,18320
Liechtenstein,2022-03-29,"Johnson&Johnson, Moderna, Pfizer/BioNTech",https://opendata.swiss/en/dataset/covid-19-schweiz?detGeo=FL,70434,26721,26395,18320
Liechtenstein,2022-03-30,"Johnson&Johnson, Moderna, Pfizer/BioNTech",https://opendata.swiss/en/dataset/covid-19-schweiz?detGeo=FL,70434,26721,26395,18320
