location,date,vaccine,source_url,total_vaccinations,people_vaccinated,people_fully_vaccinated,total_boosters
Lithuania,2020-12-27,Pfizer/BioNTech,https://experience.arcgis.com/experience/cab84dcfe0464c2a8050a78f817924ca/page/page_3/,2417,2417,0,0
Lithuania,2020-12-28,Pfizer/BioNTech,https://experience.arcgis.com/experience/cab84dcfe0464c2a8050a78f817924ca/page/page_3/,5214,5214,0,0
Lithuania,2020-12-29,Pfizer/BioNTech,https://experience.arcgis.com/experience/cab84dcfe0464c2a8050a78f817924ca/page/page_3/,8194,8194,0,0
Lithuania,2020-12-30,Pfizer/BioNTech,https://experience.arcgis.com/experience/cab84dcfe0464c2a8050a78f817924ca/page/page_3/,9725,9725,0,0
Lithuania,2020-12-31,Pfizer/BioNTech,https://experience.arcgis.com/experience/cab84dcfe0464c2a8050a78f817924ca/page/page_3/,9755,9755,0,0
Lithuania,2021-01-01,Pfizer/BioNTech,https://experience.arcgis.com/experience/cab84dcfe0464c2a8050a78f817924ca/page/page_3/,9755,9755,0,0
Lithuania,2021-01-02,Pfizer/BioNTech,https://experience.arcgis.com/experience/cab84dcfe0464c2a8050a78f817924ca/page/page_3/,9755,9755,0,0
Lithuania,2021-01-03,Pfizer/BioNTech,https://experience.arcgis.com/experience/cab84dcfe0464c2a8050a78f817924ca/page/page_3/,9755,9755,0,0
Lithuania,2021-01-04,Pfizer/BioNTech,https://experience.arcgis.com/experience/cab84dcfe0464c2a8050a78f817924ca/page/page_3/,9756,9756,0,0
Lithuania,2021-01-05,Pfizer/BioNTech,https://experience.arcgis.com/experience/cab84dcfe0464c2a8050a78f817924ca/page/page_3/,10378,10378,0,0
Lithuania,2021-01-06,Pfizer/BioNTech,https://experience.arcgis.com/experience/cab84dcfe0464c2a8050a78f817924ca/page/page_3/,13889,13889,0,0
Lithuania,2021-01-07,Pfizer/BioNTech,https://experience.arcgis.com/experience/cab84dcfe0464c2a8050a78f817924ca/page/page_3/,18084,18084,0,0
Lithuania,2021-01-08,Pfizer/BioNTech,https://experience.arcgis.com/experience/cab84dcfe0464c2a8050a78f817924ca/page/page_3/,23301,23301,0,0
Lithuania,2021-01-09,Pfizer/BioNTech,https://experience.arcgis.com/experience/cab84dcfe0464c2a8050a78f817924ca/page/page_3/,23605,23605,0,0
Lithuania,2021-01-10,Pfizer/BioNTech,https://experience.arcgis.com/experience/cab84dcfe0464c2a8050a78f817924ca/page/page_3/,23607,23607,0,0
Lithuania,2021-01-11,"Moderna, Pfizer/BioNTech",https://experience.arcgis.com/experience/cab84dcfe0464c2a8050a78f817924ca/page/page_3/,25825,25825,0,0
Lithuania,2021-01-12,"Moderna, Oxford/AstraZeneca, Pfizer/BioNTech",https://experience.arcgis.com/experience/cab84dcfe0464c2a8050a78f817924ca/page/page_3/,27930,27930,0,0
Lithuania,2021-01-13,"Moderna, Oxford/AstraZeneca, Pfizer/BioNTech",https://experience.arcgis.com/experience/cab84dcfe0464c2a8050a78f817924ca/page/page_3/,34140,34140,0,0
Lithuania,2021-01-14,"Moderna, Oxford/AstraZeneca, Pfizer/BioNTech",https://experience.arcgis.com/experience/cab84dcfe0464c2a8050a78f817924ca/page/page_3/,42830,42830,0,0
Lithuania,2021-01-15,"Moderna, Oxford/AstraZeneca, Pfizer/BioNTech",https://experience.arcgis.com/experience/cab84dcfe0464c2a8050a78f817924ca/page/page_3/,50212,50212,0,0
Lithuania,2021-01-16,"Moderna, Oxford/AstraZeneca, Pfizer/BioNTech",https://experience.arcgis.com/experience/cab84dcfe0464c2a8050a78f817924ca/page/page_3/,51320,51320,0,0
Lithuania,2021-01-17,"Moderna, Oxford/AstraZeneca, Pfizer/BioNTech",https://experience.arcgis.com/experience/cab84dcfe0464c2a8050a78f817924ca/page/page_3/,52460,51366,1094,0
Lithuania,2021-01-18,"Moderna, Oxford/AstraZeneca, Pfizer/BioNTech",https://experience.arcgis.com/experience/cab84dcfe0464c2a8050a78f817924ca/page/page_3/,56996,54217,2779,0
Lithuania,2021-01-19,"Moderna, Oxford/AstraZeneca, Pfizer/BioNTech",https://experience.arcgis.com/experience/cab84dcfe0464c2a8050a78f817924ca/page/page_3/,63269,56560,6709,0
Lithuania,2021-01-20,"Moderna, Oxford/AstraZeneca, Pfizer/BioNTech",https://experience.arcgis.com/experience/cab84dcfe0464c2a8050a78f817924ca/page/page_3/,66732,58177,8555,0
Lithuania,2021-01-21,"Moderna, Oxford/AstraZeneca, Pfizer/BioNTech",https://experience.arcgis.com/experience/cab84dcfe0464c2a8050a78f817924ca/page/page_3/,68331,59137,9194,0
Lithuania,2021-01-22,"Moderna, Oxford/AstraZeneca, Pfizer/BioNTech",https://experience.arcgis.com/experience/cab84dcfe0464c2a8050a78f817924ca/page/page_3/,68726,59462,9264,0
Lithuania,2021-01-23,"Moderna, Oxford/AstraZeneca, Pfizer/BioNTech",https://experience.arcgis.com/experience/cab84dcfe0464c2a8050a78f817924ca/page/page_3/,68728,59464,9264,0
Lithuania,2021-01-24,"Moderna, Oxford/AstraZeneca, Pfizer/BioNTech",https://experience.arcgis.com/experience/cab84dcfe0464c2a8050a78f817924ca/page/page_3/,68728,59464,9264,0
Lithuania,2021-01-25,"Moderna, Oxford/AstraZeneca, Pfizer/BioNTech",https://experience.arcgis.com/experience/cab84dcfe0464c2a8050a78f817924ca/page/page_3/,68837,59570,9267,0
Lithuania,2021-01-26,"Moderna, Oxford/AstraZeneca, Pfizer/BioNTech",https://experience.arcgis.com/experience/cab84dcfe0464c2a8050a78f817924ca/page/page_3/,71998,62070,9928,0
Lithuania,2021-01-27,"Moderna, Oxford/AstraZeneca, Pfizer/BioNTech",https://experience.arcgis.com/experience/cab84dcfe0464c2a8050a78f817924ca/page/page_3/,78932,65913,13019,0
Lithuania,2021-01-28,"Moderna, Oxford/AstraZeneca, Pfizer/BioNTech",https://experience.arcgis.com/experience/cab84dcfe0464c2a8050a78f817924ca/page/page_3/,86074,69295,16779,0
Lithuania,2021-01-29,"Moderna, Oxford/AstraZeneca, Pfizer/BioNTech",https://experience.arcgis.com/experience/cab84dcfe0464c2a8050a78f817924ca/page/page_3/,94190,72280,21910,0
Lithuania,2021-01-30,"Moderna, Oxford/AstraZeneca, Pfizer/BioNTech",https://experience.arcgis.com/experience/cab84dcfe0464c2a8050a78f817924ca/page/page_3/,94834,72475,22359,0
Lithuania,2021-01-31,"Moderna, Oxford/AstraZeneca, Pfizer/BioNTech",https://experience.arcgis.com/experience/cab84dcfe0464c2a8050a78f817924ca/page/page_3/,94843,72484,22359,0
Lithuania,2021-02-01,"Moderna, Oxford/AstraZeneca, Pfizer/BioNTech",https://experience.arcgis.com/experience/cab84dcfe0464c2a8050a78f817924ca/page/page_3/,97752,73530,24222,0
Lithuania,2021-02-02,"Moderna, Oxford/AstraZeneca, Pfizer/BioNTech",https://experience.arcgis.com/experience/cab84dcfe0464c2a8050a78f817924ca/page/page_3/,101684,75179,26505,0
Lithuania,2021-02-03,"Moderna, Oxford/AstraZeneca, Pfizer/BioNTech",https://experience.arcgis.com/experience/cab84dcfe0464c2a8050a78f817924ca/page/page_3/,108536,76846,31690,0
Lithuania,2021-02-04,"Moderna, Oxford/AstraZeneca, Pfizer/BioNTech",https://experience.arcgis.com/experience/cab84dcfe0464c2a8050a78f817924ca/page/page_3/,118453,78334,40119,0
Lithuania,2021-02-05,"Moderna, Oxford/AstraZeneca, Pfizer/BioNTech",https://experience.arcgis.com/experience/cab84dcfe0464c2a8050a78f817924ca/page/page_3/,125841,79269,46572,0
Lithuania,2021-02-06,"Moderna, Oxford/AstraZeneca, Pfizer/BioNTech",https://experience.arcgis.com/experience/cab84dcfe0464c2a8050a78f817924ca/page/page_3/,126577,79339,47238,0
Lithuania,2021-02-07,"Moderna, Oxford/AstraZeneca, Pfizer/BioNTech",https://experience.arcgis.com/experience/cab84dcfe0464c2a8050a78f817924ca/page/page_3/,126674,79340,47334,0
Lithuania,2021-02-08,"Moderna, Oxford/AstraZeneca, Pfizer/BioNTech",https://experience.arcgis.com/experience/cab84dcfe0464c2a8050a78f817924ca/page/page_3/,129364,79556,49808,0
Lithuania,2021-02-09,"Moderna, Oxford/AstraZeneca, Pfizer/BioNTech",https://experience.arcgis.com/experience/cab84dcfe0464c2a8050a78f817924ca/page/page_3/,132245,80634,51611,0
Lithuania,2021-02-10,"Moderna, Oxford/AstraZeneca, Pfizer/BioNTech",https://experience.arcgis.com/experience/cab84dcfe0464c2a8050a78f817924ca/page/page_3/,138437,85153,53284,0
Lithuania,2021-02-11,"Moderna, Oxford/AstraZeneca, Pfizer/BioNTech",https://experience.arcgis.com/experience/cab84dcfe0464c2a8050a78f817924ca/page/page_3/,147550,92944,54606,0
Lithuania,2021-02-12,"Moderna, Oxford/AstraZeneca, Pfizer/BioNTech",https://experience.arcgis.com/experience/cab84dcfe0464c2a8050a78f817924ca/page/page_3/,154892,99288,55604,0
Lithuania,2021-02-13,"Moderna, Oxford/AstraZeneca, Pfizer/BioNTech",https://experience.arcgis.com/experience/cab84dcfe0464c2a8050a78f817924ca/page/page_3/,155342,99738,55604,0
Lithuania,2021-02-14,"Moderna, Oxford/AstraZeneca, Pfizer/BioNTech",https://experience.arcgis.com/experience/cab84dcfe0464c2a8050a78f817924ca/page/page_3/,155343,99738,55605,0
Lithuania,2021-02-15,"Moderna, Oxford/AstraZeneca, Pfizer/BioNTech",https://experience.arcgis.com/experience/cab84dcfe0464c2a8050a78f817924ca/page/page_3/,160000,103698,56302,0
Lithuania,2021-02-16,"Moderna, Oxford/AstraZeneca, Pfizer/BioNTech",https://experience.arcgis.com/experience/cab84dcfe0464c2a8050a78f817924ca/page/page_3/,160540,104011,56529,0
Lithuania,2021-02-17,"Moderna, Oxford/AstraZeneca, Pfizer/BioNTech",https://experience.arcgis.com/experience/cab84dcfe0464c2a8050a78f817924ca/page/page_3/,168848,108362,60486,0
Lithuania,2021-02-18,"Moderna, Oxford/AstraZeneca, Pfizer/BioNTech",https://experience.arcgis.com/experience/cab84dcfe0464c2a8050a78f817924ca/page/page_3/,180226,114873,65353,0
Lithuania,2021-02-19,"Moderna, Oxford/AstraZeneca, Pfizer/BioNTech",https://experience.arcgis.com/experience/cab84dcfe0464c2a8050a78f817924ca/page/page_3/,190752,122063,68689,0
Lithuania,2021-02-20,"Moderna, Oxford/AstraZeneca, Pfizer/BioNTech",https://experience.arcgis.com/experience/cab84dcfe0464c2a8050a78f817924ca/page/page_3/,191764,123013,68751,0
Lithuania,2021-02-21,"Moderna, Oxford/AstraZeneca, Pfizer/BioNTech",https://experience.arcgis.com/experience/cab84dcfe0464c2a8050a78f817924ca/page/page_3/,191767,123016,68751,0
Lithuania,2021-02-22,"Moderna, Oxford/AstraZeneca, Pfizer/BioNTech",https://experience.arcgis.com/experience/cab84dcfe0464c2a8050a78f817924ca/page/page_3/,197245,126910,70334,1
Lithuania,2021-02-23,"Moderna, Oxford/AstraZeneca, Pfizer/BioNTech",https://experience.arcgis.com/experience/cab84dcfe0464c2a8050a78f817924ca/page/page_3/,205932,134483,71447,2
Lithuania,2021-02-24,"Moderna, Oxford/AstraZeneca, Pfizer/BioNTech",https://experience.arcgis.com/experience/cab84dcfe0464c2a8050a78f817924ca/page/page_3/,217705,145323,72380,2
Lithuania,2021-02-25,"Moderna, Oxford/AstraZeneca, Pfizer/BioNTech",https://experience.arcgis.com/experience/cab84dcfe0464c2a8050a78f817924ca/page/page_3/,229599,156265,73331,3
Lithuania,2021-02-26,"Moderna, Oxford/AstraZeneca, Pfizer/BioNTech",https://experience.arcgis.com/experience/cab84dcfe0464c2a8050a78f817924ca/page/page_3/,239670,165282,74384,4
Lithuania,2021-02-27,"Moderna, Oxford/AstraZeneca, Pfizer/BioNTech",https://experience.arcgis.com/experience/cab84dcfe0464c2a8050a78f817924ca/page/page_3/,240482,166063,74415,4
Lithuania,2021-02-28,"Moderna, Oxford/AstraZeneca, Pfizer/BioNTech",https://experience.arcgis.com/experience/cab84dcfe0464c2a8050a78f817924ca/page/page_3/,240938,166519,74415,4
Lithuania,2021-03-01,"Moderna, Oxford/AstraZeneca, Pfizer/BioNTech",https://experience.arcgis.com/experience/cab84dcfe0464c2a8050a78f817924ca/page/page_3/,248522,173951,74567,4
Lithuania,2021-03-02,"Moderna, Oxford/AstraZeneca, Pfizer/BioNTech",https://experience.arcgis.com/experience/cab84dcfe0464c2a8050a78f817924ca/page/page_3/,257900,182709,75187,4
Lithuania,2021-03-03,"Moderna, Oxford/AstraZeneca, Pfizer/BioNTech",https://experience.arcgis.com/experience/cab84dcfe0464c2a8050a78f817924ca/page/page_3/,269947,192478,77465,4
Lithuania,2021-03-04,"Moderna, Oxford/AstraZeneca, Pfizer/BioNTech",https://experience.arcgis.com/experience/cab84dcfe0464c2a8050a78f817924ca/page/page_3/,285477,202768,82705,4
Lithuania,2021-03-05,"Moderna, Oxford/AstraZeneca, Pfizer/BioNTech",https://experience.arcgis.com/experience/cab84dcfe0464c2a8050a78f817924ca/page/page_3/,299552,212128,87419,5
Lithuania,2021-03-06,"Moderna, Oxford/AstraZeneca, Pfizer/BioNTech",https://experience.arcgis.com/experience/cab84dcfe0464c2a8050a78f817924ca/page/page_3/,300180,212613,87562,5
Lithuania,2021-03-07,"Moderna, Oxford/AstraZeneca, Pfizer/BioNTech",https://experience.arcgis.com/experience/cab84dcfe0464c2a8050a78f817924ca/page/page_3/,300184,212616,87563,5
Lithuania,2021-03-08,"Moderna, Oxford/AstraZeneca, Pfizer/BioNTech",https://experience.arcgis.com/experience/cab84dcfe0464c2a8050a78f817924ca/page/page_3/,309144,220610,88529,5
Lithuania,2021-03-09,"Moderna, Oxford/AstraZeneca, Pfizer/BioNTech",https://experience.arcgis.com/experience/cab84dcfe0464c2a8050a78f817924ca/page/page_3/,321080,231164,89910,6
Lithuania,2021-03-10,"Moderna, Oxford/AstraZeneca, Pfizer/BioNTech",https://experience.arcgis.com/experience/cab84dcfe0464c2a8050a78f817924ca/page/page_3/,336778,244284,92488,6
Lithuania,2021-03-11,"Moderna, Oxford/AstraZeneca, Pfizer/BioNTech",https://experience.arcgis.com/experience/cab84dcfe0464c2a8050a78f817924ca/page/page_3/,337926,244744,93176,6
Lithuania,2021-03-12,"Moderna, Oxford/AstraZeneca, Pfizer/BioNTech",https://experience.arcgis.com/experience/cab84dcfe0464c2a8050a78f817924ca/page/page_3/,355922,255397,100519,6
Lithuania,2021-03-13,"Moderna, Oxford/AstraZeneca, Pfizer/BioNTech",https://experience.arcgis.com/experience/cab84dcfe0464c2a8050a78f817924ca/page/page_3/,357672,256433,101233,6
Lithuania,2021-03-14,"Moderna, Oxford/AstraZeneca, Pfizer/BioNTech",https://experience.arcgis.com/experience/cab84dcfe0464c2a8050a78f817924ca/page/page_3/,357703,256462,101235,6
Lithuania,2021-03-15,"Moderna, Oxford/AstraZeneca, Pfizer/BioNTech",https://experience.arcgis.com/experience/cab84dcfe0464c2a8050a78f817924ca/page/page_3/,365745,263368,102370,7
Lithuania,2021-03-16,"Moderna, Oxford/AstraZeneca, Pfizer/BioNTech",https://experience.arcgis.com/experience/cab84dcfe0464c2a8050a78f817924ca/page/page_3/,375981,268929,107045,7
Lithuania,2021-03-17,"Moderna, Oxford/AstraZeneca, Pfizer/BioNTech",https://experience.arcgis.com/experience/cab84dcfe0464c2a8050a78f817924ca/page/page_3/,386561,271552,115002,7
Lithuania,2021-03-18,"Moderna, Oxford/AstraZeneca, Pfizer/BioNTech",https://experience.arcgis.com/experience/cab84dcfe0464c2a8050a78f817924ca/page/page_3/,394997,274320,120669,8
Lithuania,2021-03-19,"Moderna, Oxford/AstraZeneca, Pfizer/BioNTech",https://experience.arcgis.com/experience/cab84dcfe0464c2a8050a78f817924ca/page/page_3/,404319,277470,126841,8
Lithuania,2021-03-20,"Moderna, Oxford/AstraZeneca, Pfizer/BioNTech",https://experience.arcgis.com/experience/cab84dcfe0464c2a8050a78f817924ca/page/page_3/,405060,277957,127095,8
Lithuania,2021-03-21,"Moderna, Oxford/AstraZeneca, Pfizer/BioNTech",https://experience.arcgis.com/experience/cab84dcfe0464c2a8050a78f817924ca/page/page_3/,405098,277973,127117,8
Lithuania,2021-03-22,"Moderna, Oxford/AstraZeneca, Pfizer/BioNTech",https://experience.arcgis.com/experience/cab84dcfe0464c2a8050a78f817924ca/page/page_3/,413377,284872,128496,9
Lithuania,2021-03-23,"Moderna, Oxford/AstraZeneca, Pfizer/BioNTech",https://experience.arcgis.com/experience/cab84dcfe0464c2a8050a78f817924ca/page/page_3/,426315,292114,134191,10
Lithuania,2021-03-24,"Moderna, Oxford/AstraZeneca, Pfizer/BioNTech",https://experience.arcgis.com/experience/cab84dcfe0464c2a8050a78f817924ca/page/page_3/,443993,304293,139690,10
Lithuania,2021-03-25,"Moderna, Oxford/AstraZeneca, Pfizer/BioNTech",https://experience.arcgis.com/experience/cab84dcfe0464c2a8050a78f817924ca/page/page_3/,461046,314426,146610,10
Lithuania,2021-03-26,"Moderna, Oxford/AstraZeneca, Pfizer/BioNTech",https://experience.arcgis.com/experience/cab84dcfe0464c2a8050a78f817924ca/page/page_3/,477550,324240,153297,13
Lithuania,2021-03-27,"Moderna, Oxford/AstraZeneca, Pfizer/BioNTech",https://experience.arcgis.com/experience/cab84dcfe0464c2a8050a78f817924ca/page/page_3/,480707,327284,153410,13
Lithuania,2021-03-28,"Moderna, Oxford/AstraZeneca, Pfizer/BioNTech",https://experience.arcgis.com/experience/cab84dcfe0464c2a8050a78f817924ca/page/page_3/,480896,327389,153494,13
Lithuania,2021-03-29,"Moderna, Oxford/AstraZeneca, Pfizer/BioNTech",https://experience.arcgis.com/experience/cab84dcfe0464c2a8050a78f817924ca/page/page_3/,488779,333216,155550,13
Lithuania,2021-03-30,"Moderna, Oxford/AstraZeneca, Pfizer/BioNTech",https://experience.arcgis.com/experience/cab84dcfe0464c2a8050a78f817924ca/page/page_3/,501733,339972,161747,14
Lithuania,2021-03-31,"Moderna, Oxford/AstraZeneca, Pfizer/BioNTech",https://experience.arcgis.com/experience/cab84dcfe0464c2a8050a78f817924ca/page/page_3/,522596,353434,169148,14
Lithuania,2021-04-01,"Moderna, Oxford/AstraZeneca, Pfizer/BioNTech",https://experience.arcgis.com/experience/cab84dcfe0464c2a8050a78f817924ca/page/page_3/,540975,369104,171857,14
Lithuania,2021-04-02,"Moderna, Oxford/AstraZeneca, Pfizer/BioNTech",https://experience.arcgis.com/experience/cab84dcfe0464c2a8050a78f817924ca/page/page_3/,560875,381980,178880,15
Lithuania,2021-04-03,"Moderna, Oxford/AstraZeneca, Pfizer/BioNTech",https://experience.arcgis.com/experience/cab84dcfe0464c2a8050a78f817924ca/page/page_3/,569544,390039,179490,15
Lithuania,2021-04-04,"Moderna, Oxford/AstraZeneca, Pfizer/BioNTech",https://experience.arcgis.com/experience/cab84dcfe0464c2a8050a78f817924ca/page/page_3/,571956,392449,179492,15
Lithuania,2021-04-05,"Moderna, Oxford/AstraZeneca, Pfizer/BioNTech",https://experience.arcgis.com/experience/cab84dcfe0464c2a8050a78f817924ca/page/page_3/,575681,396128,179538,15
Lithuania,2021-04-06,"Moderna, Oxford/AstraZeneca, Pfizer/BioNTech",https://experience.arcgis.com/experience/cab84dcfe0464c2a8050a78f817924ca/page/page_3/,590408,407867,182525,16
Lithuania,2021-04-07,"Moderna, Oxford/AstraZeneca, Pfizer/BioNTech",https://experience.arcgis.com/experience/cab84dcfe0464c2a8050a78f817924ca/page/page_3/,603183,419550,183616,17
Lithuania,2021-04-08,"Moderna, Oxford/AstraZeneca, Pfizer/BioNTech",https://experience.arcgis.com/experience/cab84dcfe0464c2a8050a78f817924ca/page/page_3/,630196,441459,188717,20
Lithuania,2021-04-09,"Moderna, Oxford/AstraZeneca, Pfizer/BioNTech",https://experience.arcgis.com/experience/cab84dcfe0464c2a8050a78f817924ca/page/page_3/,663749,471390,192336,23
Lithuania,2021-04-10,"Moderna, Oxford/AstraZeneca, Pfizer/BioNTech",https://experience.arcgis.com/experience/cab84dcfe0464c2a8050a78f817924ca/page/page_3/,679398,486852,192523,23
Lithuania,2021-04-11,"Moderna, Oxford/AstraZeneca, Pfizer/BioNTech",https://experience.arcgis.com/experience/cab84dcfe0464c2a8050a78f817924ca/page/page_3/,681134,488547,192564,23
Lithuania,2021-04-12,"Moderna, Oxford/AstraZeneca, Pfizer/BioNTech",https://experience.arcgis.com/experience/cab84dcfe0464c2a8050a78f817924ca/page/page_3/,689919,496844,193051,24
Lithuania,2021-04-13,"Moderna, Oxford/AstraZeneca, Pfizer/BioNTech",https://experience.arcgis.com/experience/cab84dcfe0464c2a8050a78f817924ca/page/page_3/,708799,512760,196013,26
Lithuania,2021-04-14,"Moderna, Oxford/AstraZeneca, Pfizer/BioNTech",https://experience.arcgis.com/experience/cab84dcfe0464c2a8050a78f817924ca/page/page_3/,735661,532972,202663,26
Lithuania,2021-04-15,"Moderna, Oxford/AstraZeneca, Pfizer/BioNTech",https://experience.arcgis.com/experience/cab84dcfe0464c2a8050a78f817924ca/page/page_3/,758908,551044,207837,27
Lithuania,2021-04-16,"Moderna, Oxford/AstraZeneca, Pfizer/BioNTech",https://experience.arcgis.com/experience/cab84dcfe0464c2a8050a78f817924ca/page/page_3/,779403,566636,212739,28
Lithuania,2021-04-17,"Moderna, Oxford/AstraZeneca, Pfizer/BioNTech",https://experience.arcgis.com/experience/cab84dcfe0464c2a8050a78f817924ca/page/page_3/,781922,568955,212939,28
Lithuania,2021-04-18,"Moderna, Oxford/AstraZeneca, Pfizer/BioNTech",https://experience.arcgis.com/experience/cab84dcfe0464c2a8050a78f817924ca/page/page_3/,782008,569038,212942,28
Lithuania,2021-04-19,"Moderna, Oxford/AstraZeneca, Pfizer/BioNTech",https://experience.arcgis.com/experience/cab84dcfe0464c2a8050a78f817924ca/page/page_3/,787866,573896,213942,28
Lithuania,2021-04-20,"Moderna, Oxford/AstraZeneca, Pfizer/BioNTech",https://experience.arcgis.com/experience/cab84dcfe0464c2a8050a78f817924ca/page/page_3/,803163,584614,218520,29
Lithuania,2021-04-21,"Johnson&Johnson, Moderna, Oxford/AstraZeneca, Pfizer/BioNTech",https://experience.arcgis.com/experience/cab84dcfe0464c2a8050a78f817924ca/page/page_3/,829897,598504,231363,32
Lithuania,2021-04-22,"Johnson&Johnson, Moderna, Oxford/AstraZeneca, Pfizer/BioNTech",https://experience.arcgis.com/experience/cab84dcfe0464c2a8050a78f817924ca/page/page_3/,856136,614242,241862,34
Lithuania,2021-04-23,"Johnson&Johnson, Moderna, Oxford/AstraZeneca, Pfizer/BioNTech",https://experience.arcgis.com/experience/cab84dcfe0464c2a8050a78f817924ca/page/page_3/,880837,630838,249961,40
Lithuania,2021-04-24,"Johnson&Johnson, Moderna, Oxford/AstraZeneca, Pfizer/BioNTech",https://experience.arcgis.com/experience/cab84dcfe0464c2a8050a78f817924ca/page/page_3/,885409,634816,250555,40
Lithuania,2021-04-25,"Johnson&Johnson, Moderna, Oxford/AstraZeneca, Pfizer/BioNTech",https://experience.arcgis.com/experience/cab84dcfe0464c2a8050a78f817924ca/page/page_3/,885686,635088,250560,40
Lithuania,2021-04-26,"Johnson&Johnson, Moderna, Oxford/AstraZeneca, Pfizer/BioNTech",https://experience.arcgis.com/experience/cab84dcfe0464c2a8050a78f817924ca/page/page_3/,891869,640013,251823,40
Lithuania,2021-04-27,"Johnson&Johnson, Moderna, Oxford/AstraZeneca, Pfizer/BioNTech",https://experience.arcgis.com/experience/cab84dcfe0464c2a8050a78f817924ca/page/page_3/,904946,651871,253067,40
Lithuania,2021-04-28,"Johnson&Johnson, Moderna, Oxford/AstraZeneca, Pfizer/BioNTech",https://experience.arcgis.com/experience/cab84dcfe0464c2a8050a78f817924ca/page/page_3/,920273,665740,254604,42
Lithuania,2021-04-29,"Johnson&Johnson, Moderna, Oxford/AstraZeneca, Pfizer/BioNTech",https://experience.arcgis.com/experience/cab84dcfe0464c2a8050a78f817924ca/page/page_3/,953013,678687,274445,49
Lithuania,2021-04-30,"Johnson&Johnson, Moderna, Oxford/AstraZeneca, Pfizer/BioNTech",https://experience.arcgis.com/experience/cab84dcfe0464c2a8050a78f817924ca/page/page_3/,990797,690016,300960,55
Lithuania,2021-05-01,"Johnson&Johnson, Moderna, Oxford/AstraZeneca, Pfizer/BioNTech",https://experience.arcgis.com/experience/cab84dcfe0464c2a8050a78f817924ca/page/page_3/,1006587,696725,310059,58
Lithuania,2021-05-02,"Johnson&Johnson, Moderna, Oxford/AstraZeneca, Pfizer/BioNTech",https://experience.arcgis.com/experience/cab84dcfe0464c2a8050a78f817924ca/page/page_3/,1007337,696755,310779,58
Lithuania,2021-05-03,"Johnson&Johnson, Moderna, Oxford/AstraZeneca, Pfizer/BioNTech",https://experience.arcgis.com/experience/cab84dcfe0464c2a8050a78f817924ca/page/page_3/,1020698,706173,314787,58
Lithuania,2021-05-04,"Johnson&Johnson, Moderna, Oxford/AstraZeneca, Pfizer/BioNTech",https://experience.arcgis.com/experience/cab84dcfe0464c2a8050a78f817924ca/page/page_3/,1048922,717333,332003,62
Lithuania,2021-05-05,"Johnson&Johnson, Moderna, Oxford/AstraZeneca, Pfizer/BioNTech",https://experience.arcgis.com/experience/cab84dcfe0464c2a8050a78f817924ca/page/page_3/,1083487,729921,354238,69
Lithuania,2021-05-06,"Johnson&Johnson, Moderna, Oxford/AstraZeneca, Pfizer/BioNTech",https://experience.arcgis.com/experience/cab84dcfe0464c2a8050a78f817924ca/page/page_3/,1118837,744967,374862,74
Lithuania,2021-05-07,"Johnson&Johnson, Moderna, Oxford/AstraZeneca, Pfizer/BioNTech",https://experience.arcgis.com/experience/cab84dcfe0464c2a8050a78f817924ca/page/page_3/,1151914,764059,389700,79
Lithuania,2021-05-08,"Johnson&Johnson, Moderna, Oxford/AstraZeneca, Pfizer/BioNTech",https://experience.arcgis.com/experience/cab84dcfe0464c2a8050a78f817924ca/page/page_3/,1167591,778187,391398,79
Lithuania,2021-05-09,"Johnson&Johnson, Moderna, Oxford/AstraZeneca, Pfizer/BioNTech",https://experience.arcgis.com/experience/cab84dcfe0464c2a8050a78f817924ca/page/page_3/,1174731,785271,391455,79
Lithuania,2021-05-10,"Johnson&Johnson, Moderna, Oxford/AstraZeneca, Pfizer/BioNTech",https://experience.arcgis.com/experience/cab84dcfe0464c2a8050a78f817924ca/page/page_3/,1194583,800912,396493,80
Lithuania,2021-05-11,"Johnson&Johnson, Moderna, Oxford/AstraZeneca, Pfizer/BioNTech",https://experience.arcgis.com/experience/cab84dcfe0464c2a8050a78f817924ca/page/page_3/,1220762,816694,407253,83
Lithuania,2021-05-12,"Johnson&Johnson, Moderna, Oxford/AstraZeneca, Pfizer/BioNTech",https://experience.arcgis.com/experience/cab84dcfe0464c2a8050a78f817924ca/page/page_3/,1252333,835225,420509,85
Lithuania,2021-05-13,"Johnson&Johnson, Moderna, Oxford/AstraZeneca, Pfizer/BioNTech",https://experience.arcgis.com/experience/cab84dcfe0464c2a8050a78f817924ca/page/page_3/,1282174,851832,434202,86
Lithuania,2021-05-14,"Johnson&Johnson, Moderna, Oxford/AstraZeneca, Pfizer/BioNTech",https://experience.arcgis.com/experience/cab84dcfe0464c2a8050a78f817924ca/page/page_3/,1313503,868403,449284,94
Lithuania,2021-05-15,"Johnson&Johnson, Moderna, Oxford/AstraZeneca, Pfizer/BioNTech",https://experience.arcgis.com/experience/cab84dcfe0464c2a8050a78f817924ca/page/page_3/,1319647,871513,452334,94
Lithuania,2021-05-16,"Johnson&Johnson, Moderna, Oxford/AstraZeneca, Pfizer/BioNTech",https://experience.arcgis.com/experience/cab84dcfe0464c2a8050a78f817924ca/page/page_3/,1320152,871806,452546,94
Lithuania,2021-05-17,"Johnson&Johnson, Moderna, Oxford/AstraZeneca, Pfizer/BioNTech",https://experience.arcgis.com/experience/cab84dcfe0464c2a8050a78f817924ca/page/page_3/,1335534,882583,457583,97
Lithuania,2021-05-18,"Johnson&Johnson, Moderna, Oxford/AstraZeneca, Pfizer/BioNTech",https://experience.arcgis.com/experience/cab84dcfe0464c2a8050a78f817924ca/page/page_3/,1359634,893355,471536,100
Lithuania,2021-05-19,"Johnson&Johnson, Moderna, Oxford/AstraZeneca, Pfizer/BioNTech",https://experience.arcgis.com/experience/cab84dcfe0464c2a8050a78f817924ca/page/page_3/,1392256,909687,488471,111
Lithuania,2021-05-20,"Johnson&Johnson, Moderna, Oxford/AstraZeneca, Pfizer/BioNTech",https://experience.arcgis.com/experience/cab84dcfe0464c2a8050a78f817924ca/page/page_3/,1423927,925511,505492,119
Lithuania,2021-05-21,"Johnson&Johnson, Moderna, Oxford/AstraZeneca, Pfizer/BioNTech",https://experience.arcgis.com/experience/cab84dcfe0464c2a8050a78f817924ca/page/page_3/,1448928,936092,520891,126
Lithuania,2021-05-22,"Johnson&Johnson, Moderna, Oxford/AstraZeneca, Pfizer/BioNTech",https://experience.arcgis.com/experience/cab84dcfe0464c2a8050a78f817924ca/page/page_3/,1457822,938499,527594,127
Lithuania,2021-05-23,"Johnson&Johnson, Moderna, Oxford/AstraZeneca, Pfizer/BioNTech",https://experience.arcgis.com/experience/cab84dcfe0464c2a8050a78f817924ca/page/page_3/,1459342,939991,527947,127
Lithuania,2021-05-24,"Johnson&Johnson, Moderna, Oxford/AstraZeneca, Pfizer/BioNTech",https://experience.arcgis.com/experience/cab84dcfe0464c2a8050a78f817924ca/page/page_3/,1472864,945405,537129,129
Lithuania,2021-05-25,"Johnson&Johnson, Moderna, Oxford/AstraZeneca, Pfizer/BioNTech",https://experience.arcgis.com/experience/cab84dcfe0464c2a8050a78f817924ca/page/page_3/,1497777,960333,548015,136
Lithuania,2021-05-26,"Johnson&Johnson, Moderna, Oxford/AstraZeneca, Pfizer/BioNTech",https://experience.arcgis.com/experience/cab84dcfe0464c2a8050a78f817924ca/page/page_3/,1526341,976662,561057,140
Lithuania,2021-05-27,"Johnson&Johnson, Moderna, Oxford/AstraZeneca, Pfizer/BioNTech",https://experience.arcgis.com/experience/cab84dcfe0464c2a8050a78f817924ca/page/page_3/,1555756,991864,576348,156
Lithuania,2021-05-28,"Johnson&Johnson, Moderna, Oxford/AstraZeneca, Pfizer/BioNTech",https://experience.arcgis.com/experience/cab84dcfe0464c2a8050a78f817924ca/page/page_3/,1586900,1008901,591927,159
Lithuania,2021-05-29,"Johnson&Johnson, Moderna, Oxford/AstraZeneca, Pfizer/BioNTech",https://experience.arcgis.com/experience/cab84dcfe0464c2a8050a78f817924ca/page/page_3/,1595356,1014384,598007,159
Lithuania,2021-05-30,"Johnson&Johnson, Moderna, Oxford/AstraZeneca, Pfizer/BioNTech",https://experience.arcgis.com/experience/cab84dcfe0464c2a8050a78f817924ca/page/page_3/,1595951,1014949,598037,159
Lithuania,2021-05-31,"Johnson&Johnson, Moderna, Oxford/AstraZeneca, Pfizer/BioNTech",https://experience.arcgis.com/experience/cab84dcfe0464c2a8050a78f817924ca/page/page_3/,1614077,1020087,611446,164
Lithuania,2021-06-01,"Johnson&Johnson, Moderna, Oxford/AstraZeneca, Pfizer/BioNTech",https://experience.arcgis.com/experience/cab84dcfe0464c2a8050a78f817924ca/page/page_3/,1646290,1038057,626402,165
Lithuania,2021-06-02,"Johnson&Johnson, Moderna, Oxford/AstraZeneca, Pfizer/BioNTech",https://experience.arcgis.com/experience/cab84dcfe0464c2a8050a78f817924ca/page/page_3/,1686408,1057181,648098,171
Lithuania,2021-06-03,"Johnson&Johnson, Moderna, Oxford/AstraZeneca, Pfizer/BioNTech",https://experience.arcgis.com/experience/cab84dcfe0464c2a8050a78f817924ca/page/page_3/,1723026,1077891,665105,175
Lithuania,2021-06-04,"Johnson&Johnson, Moderna, Oxford/AstraZeneca, Pfizer/BioNTech",https://experience.arcgis.com/experience/cab84dcfe0464c2a8050a78f817924ca/page/page_3/,1764222,1097710,688021,181
Lithuania,2021-06-05,"Johnson&Johnson, Moderna, Oxford/AstraZeneca, Pfizer/BioNTech",https://experience.arcgis.com/experience/cab84dcfe0464c2a8050a78f817924ca/page/page_3/,1780172,1110052,694018,182
Lithuania,2021-06-06,"Johnson&Johnson, Moderna, Oxford/AstraZeneca, Pfizer/BioNTech",https://experience.arcgis.com/experience/cab84dcfe0464c2a8050a78f817924ca/page/page_3/,1785791,1115474,694219,182
Lithuania,2021-06-07,"Johnson&Johnson, Moderna, Oxford/AstraZeneca, Pfizer/BioNTech",https://experience.arcgis.com/experience/cab84dcfe0464c2a8050a78f817924ca/page/page_3/,1807369,1122301,710569,191
Lithuania,2021-06-08,"Johnson&Johnson, Moderna, Oxford/AstraZeneca, Pfizer/BioNTech",https://experience.arcgis.com/experience/cab84dcfe0464c2a8050a78f817924ca/page/page_3/,1833821,1134258,726623,195
Lithuania,2021-06-09,"Johnson&Johnson, Moderna, Oxford/AstraZeneca, Pfizer/BioNTech",https://experience.arcgis.com/experience/cab84dcfe0464c2a8050a78f817924ca/page/page_3/,1861606,1145832,744749,199
Lithuania,2021-06-10,"Johnson&Johnson, Moderna, Oxford/AstraZeneca, Pfizer/BioNTech",https://experience.arcgis.com/experience/cab84dcfe0464c2a8050a78f817924ca/page/page_3/,1886760,1154799,762720,205
Lithuania,2021-06-11,"Johnson&Johnson, Moderna, Oxford/AstraZeneca, Pfizer/BioNTech",https://experience.arcgis.com/experience/cab84dcfe0464c2a8050a78f817924ca/page/page_3/,1909875,1165672,776738,209
Lithuania,2021-06-12,"Johnson&Johnson, Moderna, Oxford/AstraZeneca, Pfizer/BioNTech",https://experience.arcgis.com/experience/cab84dcfe0464c2a8050a78f817924ca/page/page_3/,1915818,1169729,779604,210
Lithuania,2021-06-13,"Johnson&Johnson, Moderna, Oxford/AstraZeneca, Pfizer/BioNTech",https://experience.arcgis.com/experience/cab84dcfe0464c2a8050a78f817924ca/page/page_3/,1920018,1172877,783682,210
Lithuania,2021-06-14,"Johnson&Johnson, Moderna, Oxford/AstraZeneca, Pfizer/BioNTech",https://experience.arcgis.com/experience/cab84dcfe0464c2a8050a78f817924ca/page/page_3/,1939675,1176981,799898,218
Lithuania,2021-06-15,"Johnson&Johnson, Moderna, Oxford/AstraZeneca, Pfizer/BioNTech",https://experience.arcgis.com/experience/cab84dcfe0464c2a8050a78f817924ca/page/page_3/,1964007,1185098,818064,222
Lithuania,2021-06-16,"Johnson&Johnson, Moderna, Oxford/AstraZeneca, Pfizer/BioNTech",https://experience.arcgis.com/experience/cab84dcfe0464c2a8050a78f817924ca/page/page_3/,1992889,1192015,841167,232
Lithuania,2021-06-17,"Johnson&Johnson, Moderna, Oxford/AstraZeneca, Pfizer/BioNTech",https://experience.arcgis.com/experience/cab84dcfe0464c2a8050a78f817924ca/page/page_3/,2021905,1201827,861630,239
Lithuania,2021-06-18,"Johnson&Johnson, Moderna, Oxford/AstraZeneca, Pfizer/BioNTech",https://experience.arcgis.com/experience/cab84dcfe0464c2a8050a78f817924ca/page/page_3/,2047548,1207793,881785,248
Lithuania,2021-06-19,"Johnson&Johnson, Moderna, Oxford/AstraZeneca, Pfizer/BioNTech",https://experience.arcgis.com/experience/cab84dcfe0464c2a8050a78f817924ca/page/page_3/,2054059,1209040,887618,249
Lithuania,2021-06-20,"Johnson&Johnson, Moderna, Oxford/AstraZeneca, Pfizer/BioNTech",https://experience.arcgis.com/experience/cab84dcfe0464c2a8050a78f817924ca/page/page_3/,2055118,1209401,888583,249
Lithuania,2021-06-21,"Johnson&Johnson, Moderna, Oxford/AstraZeneca, Pfizer/BioNTech",https://experience.arcgis.com/experience/cab84dcfe0464c2a8050a78f817924ca/page/page_3/,2071190,1214052,901091,254
Lithuania,2021-06-22,"Johnson&Johnson, Moderna, Oxford/AstraZeneca, Pfizer/BioNTech",https://experience.arcgis.com/experience/cab84dcfe0464c2a8050a78f817924ca/page/page_3/,2096579,1218097,922922,257
Lithuania,2021-06-23,"Johnson&Johnson, Moderna, Oxford/AstraZeneca, Pfizer/BioNTech",https://experience.arcgis.com/experience/cab84dcfe0464c2a8050a78f817924ca/page/page_3/,2124134,1221427,947210,270
Lithuania,2021-06-24,"Johnson&Johnson, Moderna, Oxford/AstraZeneca, Pfizer/BioNTech",https://experience.arcgis.com/experience/cab84dcfe0464c2a8050a78f817924ca/page/page_3/,2134380,1223039,955978,271
Lithuania,2021-06-25,"Johnson&Johnson, Moderna, Oxford/AstraZeneca, Pfizer/BioNTech",https://experience.arcgis.com/experience/cab84dcfe0464c2a8050a78f817924ca/page/page_3/,2163361,1227267,981159,278
Lithuania,2021-06-26,"Johnson&Johnson, Moderna, Oxford/AstraZeneca, Pfizer/BioNTech",https://experience.arcgis.com/experience/cab84dcfe0464c2a8050a78f817924ca/page/page_3/,2171795,1228207,988672,280
Lithuania,2021-06-27,"Johnson&Johnson, Moderna, Oxford/AstraZeneca, Pfizer/BioNTech",https://experience.arcgis.com/experience/cab84dcfe0464c2a8050a78f817924ca/page/page_3/,2178022,1228850,994329,280
Lithuania,2021-06-28,"Johnson&Johnson, Moderna, Oxford/AstraZeneca, Pfizer/BioNTech",https://experience.arcgis.com/experience/cab84dcfe0464c2a8050a78f817924ca/page/page_3/,2197978,1231972,1011536,284
Lithuania,2021-06-29,"Johnson&Johnson, Moderna, Oxford/AstraZeneca, Pfizer/BioNTech",https://experience.arcgis.com/experience/cab84dcfe0464c2a8050a78f817924ca/page/page_3/,2222924,1236332,1033476,286
Lithuania,2021-06-30,"Johnson&Johnson, Moderna, Oxford/AstraZeneca, Pfizer/BioNTech",https://experience.arcgis.com/experience/cab84dcfe0464c2a8050a78f817924ca/page/page_3/,2246367,1241858,1053131,295
Lithuania,2021-07-01,"Johnson&Johnson, Moderna, Oxford/AstraZeneca, Pfizer/BioNTech",https://experience.arcgis.com/experience/cab84dcfe0464c2a8050a78f817924ca/page/page_3/,2263651,1247322,1066382,297
Lithuania,2021-07-02,"Johnson&Johnson, Moderna, Oxford/AstraZeneca, Pfizer/BioNTech",https://experience.arcgis.com/experience/cab84dcfe0464c2a8050a78f817924ca/page/page_3/,2283331,1252118,1082505,302
Lithuania,2021-07-03,"Johnson&Johnson, Moderna, Oxford/AstraZeneca, Pfizer/BioNTech",https://experience.arcgis.com/experience/cab84dcfe0464c2a8050a78f817924ca/page/page_3/,2289035,1254106,1086673,302
Lithuania,2021-07-04,"Johnson&Johnson, Moderna, Oxford/AstraZeneca, Pfizer/BioNTech",https://experience.arcgis.com/experience/cab84dcfe0464c2a8050a78f817924ca/page/page_3/,2289488,1254391,1087042,302
Lithuania,2021-07-05,"Johnson&Johnson, Moderna, Oxford/AstraZeneca, Pfizer/BioNTech",https://experience.arcgis.com/experience/cab84dcfe0464c2a8050a78f817924ca/page/page_3/,2302555,1258006,1097294,307
Lithuania,2021-07-06,"Johnson&Johnson, Moderna, Oxford/AstraZeneca, Pfizer/BioNTech",https://experience.arcgis.com/experience/cab84dcfe0464c2a8050a78f817924ca/page/page_3/,2307269,1259460,1100834,307
Lithuania,2021-07-07,"Johnson&Johnson, Moderna, Oxford/AstraZeneca, Pfizer/BioNTech",https://experience.arcgis.com/experience/cab84dcfe0464c2a8050a78f817924ca/page/page_3/,2323530,1264816,1113409,315
Lithuania,2021-07-08,"Johnson&Johnson, Moderna, Oxford/AstraZeneca, Pfizer/BioNTech",https://experience.arcgis.com/experience/cab84dcfe0464c2a8050a78f817924ca/page/page_3/,2340491,1270479,1126771,321
Lithuania,2021-07-09,"Johnson&Johnson, Moderna, Oxford/AstraZeneca, Pfizer/BioNTech",https://experience.arcgis.com/experience/cab84dcfe0464c2a8050a78f817924ca/page/page_3/,2354939,1275669,1137504,328
Lithuania,2021-07-10,"Johnson&Johnson, Moderna, Oxford/AstraZeneca, Pfizer/BioNTech",https://experience.arcgis.com/experience/cab84dcfe0464c2a8050a78f817924ca/page/page_3/,2359092,1277673,1141108,328
Lithuania,2021-07-11,"Johnson&Johnson, Moderna, Oxford/AstraZeneca, Pfizer/BioNTech",https://experience.arcgis.com/experience/cab84dcfe0464c2a8050a78f817924ca/page/page_3/,2359386,1277890,1141304,328
Lithuania,2021-07-12,"Johnson&Johnson, Moderna, Oxford/AstraZeneca, Pfizer/BioNTech",https://experience.arcgis.com/experience/cab84dcfe0464c2a8050a78f817924ca/page/page_3/,2370945,1280946,1150632,332
Lithuania,2021-07-13,"Johnson&Johnson, Moderna, Oxford/AstraZeneca, Pfizer/BioNTech",https://experience.arcgis.com/experience/cab84dcfe0464c2a8050a78f817924ca/page/page_3/,2380873,1285241,1157708,333
Lithuania,2021-07-14,"Johnson&Johnson, Moderna, Oxford/AstraZeneca, Pfizer/BioNTech",https://experience.arcgis.com/experience/cab84dcfe0464c2a8050a78f817924ca/page/page_3/,2389684,1289557,1163379,335
Lithuania,2021-07-15,"Johnson&Johnson, Moderna, Oxford/AstraZeneca, Pfizer/BioNTech",https://experience.arcgis.com/experience/cab84dcfe0464c2a8050a78f817924ca/page/page_3/,2400539,1296238,1170385,341
Lithuania,2021-07-16,"Johnson&Johnson, Moderna, Oxford/AstraZeneca, Pfizer/BioNTech",https://experience.arcgis.com/experience/cab84dcfe0464c2a8050a78f817924ca/page/page_3/,2413053,1302588,1178924,350
Lithuania,2021-07-17,"Johnson&Johnson, Moderna, Oxford/AstraZeneca, Pfizer/BioNTech",https://experience.arcgis.com/experience/cab84dcfe0464c2a8050a78f817924ca/page/page_3/,2416191,1304453,1180767,351
Lithuania,2021-07-18,"Johnson&Johnson, Moderna, Oxford/AstraZeneca, Pfizer/BioNTech",https://experience.arcgis.com/experience/cab84dcfe0464c2a8050a78f817924ca/page/page_3/,2417728,1305370,1181545,351
Lithuania,2021-07-19,"Johnson&Johnson, Moderna, Oxford/AstraZeneca, Pfizer/BioNTech",https://experience.arcgis.com/experience/cab84dcfe0464c2a8050a78f817924ca/page/page_3/,2428625,1309954,1188666,355
Lithuania,2021-07-20,"Johnson&Johnson, Moderna, Oxford/AstraZeneca, Pfizer/BioNTech",https://experience.arcgis.com/experience/cab84dcfe0464c2a8050a78f817924ca/page/page_3/,2440183,1317085,1194844,355
Lithuania,2021-07-21,"Johnson&Johnson, Moderna, Oxford/AstraZeneca, Pfizer/BioNTech",https://experience.arcgis.com/experience/cab84dcfe0464c2a8050a78f817924ca/page/page_3/,2453237,1325160,1200577,360
Lithuania,2021-07-22,"Johnson&Johnson, Moderna, Oxford/AstraZeneca, Pfizer/BioNTech",https://experience.arcgis.com/experience/cab84dcfe0464c2a8050a78f817924ca/page/page_3/,2470205,1337052,1207199,363
Lithuania,2021-07-23,"Johnson&Johnson, Moderna, Oxford/AstraZeneca, Pfizer/BioNTech",https://experience.arcgis.com/experience/cab84dcfe0464c2a8050a78f817924ca/page/page_3/,2486184,1348807,1213191,367
Lithuania,2021-07-24,"Johnson&Johnson, Moderna, Oxford/AstraZeneca, Pfizer/BioNTech",https://experience.arcgis.com/experience/cab84dcfe0464c2a8050a78f817924ca/page/page_3/,2490078,1351939,1214579,367
Lithuania,2021-07-25,"Johnson&Johnson, Moderna, Oxford/AstraZeneca, Pfizer/BioNTech",https://experience.arcgis.com/experience/cab84dcfe0464c2a8050a78f817924ca/page/page_3/,2491535,1353234,1215354,367
Lithuania,2021-07-26,"Johnson&Johnson, Moderna, Oxford/AstraZeneca, Pfizer/BioNTech",https://experience.arcgis.com/experience/cab84dcfe0464c2a8050a78f817924ca/page/page_3/,2507737,1363330,1222756,370
Lithuania,2021-07-27,"Johnson&Johnson, Moderna, Oxford/AstraZeneca, Pfizer/BioNTech",https://experience.arcgis.com/experience/cab84dcfe0464c2a8050a78f817924ca/page/page_3/,2522855,1374242,1227943,375
Lithuania,2021-07-28,"Johnson&Johnson, Moderna, Oxford/AstraZeneca, Pfizer/BioNTech",https://experience.arcgis.com/experience/cab84dcfe0464c2a8050a78f817924ca/page/page_3/,2539712,1385873,1233441,378
Lithuania,2021-07-29,"Johnson&Johnson, Moderna, Oxford/AstraZeneca, Pfizer/BioNTech",https://experience.arcgis.com/experience/cab84dcfe0464c2a8050a78f817924ca/page/page_3/,2560766,1401432,1239397,385
Lithuania,2021-07-30,"Johnson&Johnson, Moderna, Oxford/AstraZeneca, Pfizer/BioNTech",https://experience.arcgis.com/experience/cab84dcfe0464c2a8050a78f817924ca/page/page_3/,2577107,1411830,1246102,388
Lithuania,2021-07-31,"Johnson&Johnson, Moderna, Oxford/AstraZeneca, Pfizer/BioNTech",https://experience.arcgis.com/experience/cab84dcfe0464c2a8050a78f817924ca/page/page_3/,2583395,1415128,1249985,388
Lithuania,2021-08-01,"Johnson&Johnson, Moderna, Oxford/AstraZeneca, Pfizer/BioNTech",https://experience.arcgis.com/experience/cab84dcfe0464c2a8050a78f817924ca/page/page_3/,2586246,1415919,1252401,388
Lithuania,2021-08-02,"Johnson&Johnson, Moderna, Oxford/AstraZeneca, Pfizer/BioNTech",https://experience.arcgis.com/experience/cab84dcfe0464c2a8050a78f817924ca/page/page_3/,2602262,1423253,1262057,392
Lithuania,2021-08-03,"Johnson&Johnson, Moderna, Oxford/AstraZeneca, Pfizer/BioNTech",https://experience.arcgis.com/experience/cab84dcfe0464c2a8050a78f817924ca/page/page_3/,2615095,1432227,1266787,400
Lithuania,2021-08-04,"Johnson&Johnson, Moderna, Oxford/AstraZeneca, Pfizer/BioNTech",https://experience.arcgis.com/experience/cab84dcfe0464c2a8050a78f817924ca/page/page_3/,2630957,1444229,1274191,412
Lithuania,2021-08-05,"Johnson&Johnson, Moderna, Oxford/AstraZeneca, Pfizer/BioNTech",https://experience.arcgis.com/experience/cab84dcfe0464c2a8050a78f817924ca/page/page_3/,2656346,1465344,1288837,422
Lithuania,2021-08-06,"Johnson&Johnson, Moderna, Oxford/AstraZeneca, Pfizer/BioNTech",https://experience.arcgis.com/experience/cab84dcfe0464c2a8050a78f817924ca/page/page_3/,2679495,1483851,1302009,479
Lithuania,2021-08-07,"Johnson&Johnson, Moderna, Oxford/AstraZeneca, Pfizer/BioNTech",https://experience.arcgis.com/experience/cab84dcfe0464c2a8050a78f817924ca/page/page_3/,2686022,1489628,1306875,481
Lithuania,2021-08-08,"Johnson&Johnson, Moderna, Oxford/AstraZeneca, Pfizer/BioNTech",https://experience.arcgis.com/experience/cab84dcfe0464c2a8050a78f817924ca/page/page_3/,2687235,1490775,1307789,482
Lithuania,2021-08-09,"Johnson&Johnson, Moderna, Oxford/AstraZeneca, Pfizer/BioNTech",https://experience.arcgis.com/experience/cab84dcfe0464c2a8050a78f817924ca/page/page_3/,2705274,1503853,1318790,494
Lithuania,2021-08-10,"Johnson&Johnson, Moderna, Oxford/AstraZeneca, Pfizer/BioNTech",https://experience.arcgis.com/experience/cab84dcfe0464c2a8050a78f817924ca/page/page_3/,2721794,1515401,1329135,505
Lithuania,2021-08-11,"Johnson&Johnson, Moderna, Oxford/AstraZeneca, Pfizer/BioNTech",https://experience.arcgis.com/experience/cab84dcfe0464c2a8050a78f817924ca/page/page_3/,2739973,1526734,1340625,591
Lithuania,2021-08-12,"Johnson&Johnson, Moderna, Oxford/AstraZeneca, Pfizer/BioNTech",https://experience.arcgis.com/experience/cab84dcfe0464c2a8050a78f817924ca/page/page_3/,2762921,1540975,1355162,607
Lithuania,2021-08-13,"Johnson&Johnson, Moderna, Oxford/AstraZeneca, Pfizer/BioNTech",https://experience.arcgis.com/experience/cab84dcfe0464c2a8050a78f817924ca/page/page_3/,2782640,1552437,1367962,714
Lithuania,2021-08-14,"Johnson&Johnson, Moderna, Oxford/AstraZeneca, Pfizer/BioNTech",https://experience.arcgis.com/experience/cab84dcfe0464c2a8050a78f817924ca/page/page_3/,2786338,1555139,1370415,714
Lithuania,2021-08-15,"Johnson&Johnson, Moderna, Oxford/AstraZeneca, Pfizer/BioNTech",https://experience.arcgis.com/experience/cab84dcfe0464c2a8050a78f817924ca/page/page_3/,2787205,1555882,1371027,715
Lithuania,2021-08-16,"Johnson&Johnson, Moderna, Oxford/AstraZeneca, Pfizer/BioNTech",https://experience.arcgis.com/experience/cab84dcfe0464c2a8050a78f817924ca/page/page_3/,2807405,1566401,1385128,735
Lithuania,2021-08-17,"Johnson&Johnson, Moderna, Oxford/AstraZeneca, Pfizer/BioNTech",https://experience.arcgis.com/experience/cab84dcfe0464c2a8050a78f817924ca/page/page_3/,2824515,1574942,1396336,774
Lithuania,2021-08-18,"Johnson&Johnson, Moderna, Oxford/AstraZeneca, Pfizer/BioNTech",https://experience.arcgis.com/experience/cab84dcfe0464c2a8050a78f817924ca/page/page_3/,2846770,1587100,1411568,920
Lithuania,2021-08-19,"Johnson&Johnson, Moderna, Oxford/AstraZeneca, Pfizer/BioNTech",https://experience.arcgis.com/experience/cab84dcfe0464c2a8050a78f817924ca/page/page_3/,2870489,1597856,1427988,1017
Lithuania,2021-08-20,"Johnson&Johnson, Moderna, Oxford/AstraZeneca, Pfizer/BioNTech",https://experience.arcgis.com/experience/cab84dcfe0464c2a8050a78f817924ca/page/page_3/,2889267,1607294,1440407,1141
Lithuania,2021-08-21,"Johnson&Johnson, Moderna, Oxford/AstraZeneca, Pfizer/BioNTech",https://experience.arcgis.com/experience/cab84dcfe0464c2a8050a78f817924ca/page/page_3/,2892493,1609392,1442355,1142
Lithuania,2021-08-22,"Johnson&Johnson, Moderna, Oxford/AstraZeneca, Pfizer/BioNTech",https://experience.arcgis.com/experience/cab84dcfe0464c2a8050a78f817924ca/page/page_3/,2893057,1609811,1442755,1142
Lithuania,2021-08-23,"Johnson&Johnson, Moderna, Oxford/AstraZeneca, Pfizer/BioNTech",https://experience.arcgis.com/experience/cab84dcfe0464c2a8050a78f817924ca/page/page_3/,2908832,1617772,1453626,1169
Lithuania,2021-08-24,"Johnson&Johnson, Moderna, Oxford/AstraZeneca, Pfizer/BioNTech",https://experience.arcgis.com/experience/cab84dcfe0464c2a8050a78f817924ca/page/page_3/,2922590,1623939,1462935,1210
Lithuania,2021-08-25,"Johnson&Johnson, Moderna, Oxford/AstraZeneca, Pfizer/BioNTech",https://experience.arcgis.com/experience/cab84dcfe0464c2a8050a78f817924ca/page/page_3/,2938342,1631691,1473433,1339
Lithuania,2021-08-26,"Johnson&Johnson, Moderna, Oxford/AstraZeneca, Pfizer/BioNTech",https://experience.arcgis.com/experience/cab84dcfe0464c2a8050a78f817924ca/page/page_3/,2956638,1639775,1485699,1458
Lithuania,2021-08-27,"Johnson&Johnson, Moderna, Oxford/AstraZeneca, Pfizer/BioNTech",https://experience.arcgis.com/experience/cab84dcfe0464c2a8050a78f817924ca/page/page_3/,2973368,1647467,1497104,1520
Lithuania,2021-08-28,"Johnson&Johnson, Moderna, Oxford/AstraZeneca, Pfizer/BioNTech",https://experience.arcgis.com/experience/cab84dcfe0464c2a8050a78f817924ca/page/page_3/,2975802,1649044,1498488,1521
Lithuania,2021-08-29,"Johnson&Johnson, Moderna, Oxford/AstraZeneca, Pfizer/BioNTech",https://experience.arcgis.com/experience/cab84dcfe0464c2a8050a78f817924ca/page/page_3/,2976262,1649389,1498718,1521
Lithuania,2021-08-30,"Johnson&Johnson, Moderna, Oxford/AstraZeneca, Pfizer/BioNTech",https://experience.arcgis.com/experience/cab84dcfe0464c2a8050a78f817924ca/page/page_3/,2989767,1654878,1508187,1538
Lithuania,2021-08-31,"Johnson&Johnson, Moderna, Oxford/AstraZeneca, Pfizer/BioNTech",https://experience.arcgis.com/experience/cab84dcfe0464c2a8050a78f817924ca/page/page_3/,3000672,1659947,1515367,1557
Lithuania,2021-09-01,"Johnson&Johnson, Moderna, Oxford/AstraZeneca, Pfizer/BioNTech",https://experience.arcgis.com/experience/cab84dcfe0464c2a8050a78f817924ca/page/page_3/,3011116,1664788,1522033,1632
Lithuania,2021-09-02,"Johnson&Johnson, Moderna, Oxford/AstraZeneca, Pfizer/BioNTech",https://experience.arcgis.com/experience/cab84dcfe0464c2a8050a78f817924ca/page/page_3/,3024854,1670562,1531228,1694
Lithuania,2021-09-03,"Johnson&Johnson, Moderna, Oxford/AstraZeneca, Pfizer/BioNTech",https://experience.arcgis.com/experience/cab84dcfe0464c2a8050a78f817924ca/page/page_3/,3036991,1675453,1539022,1748
Lithuania,2021-09-04,"Johnson&Johnson, Moderna, Oxford/AstraZeneca, Pfizer/BioNTech",https://experience.arcgis.com/experience/cab84dcfe0464c2a8050a78f817924ca/page/page_3/,3039301,1676967,1540289,1754
Lithuania,2021-09-05,"Johnson&Johnson, Moderna, Oxford/AstraZeneca, Pfizer/BioNTech",https://experience.arcgis.com/experience/cab84dcfe0464c2a8050a78f817924ca/page/page_3/,3039544,1677080,1540422,1754
Lithuania,2021-09-06,"Johnson&Johnson, Moderna, Oxford/AstraZeneca, Pfizer/BioNTech",https://experience.arcgis.com/experience/cab84dcfe0464c2a8050a78f817924ca/page/page_3/,3049673,1680980,1547400,1783
Lithuania,2021-09-07,"Johnson&Johnson, Moderna, Oxford/AstraZeneca, Pfizer/BioNTech",https://experience.arcgis.com/experience/cab84dcfe0464c2a8050a78f817924ca/page/page_3/,3059107,1684936,1553472,2109
Lithuania,2021-09-08,"Johnson&Johnson, Moderna, Oxford/AstraZeneca, Pfizer/BioNTech",https://experience.arcgis.com/experience/cab84dcfe0464c2a8050a78f817924ca/page/page_3/,3069589,1688740,1559550,3036
Lithuania,2021-09-09,"Johnson&Johnson, Moderna, Oxford/AstraZeneca, Pfizer/BioNTech",https://experience.arcgis.com/experience/cab84dcfe0464c2a8050a78f817924ca/page/page_3/,3082522,1693299,1566827,4608
Lithuania,2021-09-10,"Johnson&Johnson, Moderna, Oxford/AstraZeneca, Pfizer/BioNTech",https://experience.arcgis.com/experience/cab84dcfe0464c2a8050a78f817924ca/page/page_3/,3094686,1698080,1573139,6288
Lithuania,2021-09-11,"Johnson&Johnson, Moderna, Oxford/AstraZeneca, Pfizer/BioNTech",https://experience.arcgis.com/experience/cab84dcfe0464c2a8050a78f817924ca/page/page_3/,3096703,1699328,1574146,6385
Lithuania,2021-09-12,"Johnson&Johnson, Moderna, Oxford/AstraZeneca, Pfizer/BioNTech",https://experience.arcgis.com/experience/cab84dcfe0464c2a8050a78f817924ca/page/page_3/,3096939,1699459,1574203,6433
Lithuania,2021-09-13,"Johnson&Johnson, Moderna, Oxford/AstraZeneca, Pfizer/BioNTech",https://experience.arcgis.com/experience/cab84dcfe0464c2a8050a78f817924ca/page/page_3/,3107691,1703724,1580166,7622
Lithuania,2021-09-14,"Johnson&Johnson, Moderna, Oxford/AstraZeneca, Pfizer/BioNTech",https://experience.arcgis.com/experience/cab84dcfe0464c2a8050a78f817924ca/page/page_3/,3117690,1707769,1585045,9370
Lithuania,2021-09-15,"Johnson&Johnson, Moderna, Oxford/AstraZeneca, Pfizer/BioNTech",https://experience.arcgis.com/experience/cab84dcfe0464c2a8050a78f817924ca/page/page_3/,3127637,1711469,1590154,11034
Lithuania,2021-09-16,"Johnson&Johnson, Moderna, Oxford/AstraZeneca, Pfizer/BioNTech",https://experience.arcgis.com/experience/cab84dcfe0464c2a8050a78f817924ca/page/page_3/,3138539,1715451,1595648,12930
Lithuania,2021-09-17,"Johnson&Johnson, Moderna, Oxford/AstraZeneca, Pfizer/BioNTech",https://experience.arcgis.com/experience/cab84dcfe0464c2a8050a78f817924ca/page/page_3/,3149527,1719111,1601156,15140
Lithuania,2021-09-18,"Johnson&Johnson, Moderna, Oxford/AstraZeneca, Pfizer/BioNTech",https://experience.arcgis.com/experience/cab84dcfe0464c2a8050a78f817924ca/page/page_3/,3151098,1719915,1601867,15242
Lithuania,2021-09-19,"Johnson&Johnson, Moderna, Oxford/AstraZeneca, Pfizer/BioNTech",https://experience.arcgis.com/experience/cab84dcfe0464c2a8050a78f817924ca/page/page_3/,3151322,1720021,1601922,15305
Lithuania,2021-09-20,"Johnson&Johnson, Moderna, Oxford/AstraZeneca, Pfizer/BioNTech",https://experience.arcgis.com/experience/cab84dcfe0464c2a8050a78f817924ca/page/page_3/,3159512,1722851,1606497,16539
Lithuania,2021-09-21,"Johnson&Johnson, Moderna, Oxford/AstraZeneca, Pfizer/BioNTech",https://experience.arcgis.com/experience/cab84dcfe0464c2a8050a78f817924ca/page/page_3/,3167504,1725844,1610912,18093
Lithuania,2021-09-22,"Johnson&Johnson, Moderna, Oxford/AstraZeneca, Pfizer/BioNTech",https://experience.arcgis.com/experience/cab84dcfe0464c2a8050a78f817924ca/page/page_3/,3175653,1729422,1615838,19337
Lithuania,2021-09-23,"Johnson&Johnson, Moderna, Oxford/AstraZeneca, Pfizer/BioNTech",https://experience.arcgis.com/experience/cab84dcfe0464c2a8050a78f817924ca/page/page_3/,3185129,1733028,1621100,20939
Lithuania,2021-09-24,"Johnson&Johnson, Moderna, Oxford/AstraZeneca, Pfizer/BioNTech",https://experience.arcgis.com/experience/cab84dcfe0464c2a8050a78f817924ca/page/page_3/,3194308,1736437,1626081,22642
Lithuania,2021-09-25,"Johnson&Johnson, Moderna, Oxford/AstraZeneca, Pfizer/BioNTech",https://experience.arcgis.com/experience/cab84dcfe0464c2a8050a78f817924ca/page/page_3/,3195662,1737199,1626839,22738
Lithuania,2021-09-26,"Johnson&Johnson, Moderna, Oxford/AstraZeneca, Pfizer/BioNTech",https://experience.arcgis.com/experience/cab84dcfe0464c2a8050a78f817924ca/page/page_3/,3195905,1737320,1626915,22784
Lithuania,2021-09-27,"Johnson&Johnson, Moderna, Oxford/AstraZeneca, Pfizer/BioNTech",https://experience.arcgis.com/experience/cab84dcfe0464c2a8050a78f817924ca/page/page_3/,3203268,1740220,1631694,23594
Lithuania,2021-09-28,"Johnson&Johnson, Moderna, Oxford/AstraZeneca, Pfizer/BioNTech",https://experience.arcgis.com/experience/cab84dcfe0464c2a8050a78f817924ca/page/page_3/,3210505,1743126,1636205,24937
Lithuania,2021-09-29,"Johnson&Johnson, Moderna, Oxford/AstraZeneca, Pfizer/BioNTech",https://experience.arcgis.com/experience/cab84dcfe0464c2a8050a78f817924ca/page/page_3/,3217979,1745837,1640720,26567
Lithuania,2021-09-30,"Johnson&Johnson, Moderna, Oxford/AstraZeneca, Pfizer/BioNTech",https://experience.arcgis.com/experience/cab84dcfe0464c2a8050a78f817924ca/page/page_3/,3227063,1749247,1646398,28392
Lithuania,2021-10-01,"Johnson&Johnson, Moderna, Oxford/AstraZeneca, Pfizer/BioNTech",https://experience.arcgis.com/experience/cab84dcfe0464c2a8050a78f817924ca/page/page_3/,3235852,1752237,1651774,30281
Lithuania,2021-10-02,"Johnson&Johnson, Moderna, Oxford/AstraZeneca, Pfizer/BioNTech",https://experience.arcgis.com/experience/cab84dcfe0464c2a8050a78f817924ca/page/page_3/,3236999,1752918,1652563,30374
Lithuania,2021-10-03,"Johnson&Johnson, Moderna, Oxford/AstraZeneca, Pfizer/BioNTech",https://experience.arcgis.com/experience/cab84dcfe0464c2a8050a78f817924ca/page/page_3/,3237436,1753174,1652798,30437
Lithuania,2021-10-04,"Johnson&Johnson, Moderna, Oxford/AstraZeneca, Pfizer/BioNTech",https://experience.arcgis.com/experience/cab84dcfe0464c2a8050a78f817924ca/page/page_3/,3244664,1755602,1657479,31792
Lithuania,2021-10-05,"Johnson&Johnson, Moderna, Oxford/AstraZeneca, Pfizer/BioNTech",https://experience.arcgis.com/experience/cab84dcfe0464c2a8050a78f817924ca/page/page_3/,3251206,1757809,1661454,33280
Lithuania,2021-10-06,"Johnson&Johnson, Moderna, Oxford/AstraZeneca, Pfizer/BioNTech",https://experience.arcgis.com/experience/cab84dcfe0464c2a8050a78f817924ca/page/page_3/,3258033,1760055,1665465,34854
Lithuania,2021-10-07,"Johnson&Johnson, Moderna, Oxford/AstraZeneca, Pfizer/BioNTech",https://experience.arcgis.com/experience/cab84dcfe0464c2a8050a78f817924ca/page/page_3/,3265931,1762737,1669935,36893
Lithuania,2021-10-08,"Johnson&Johnson, Moderna, Oxford/AstraZeneca, Pfizer/BioNTech",https://experience.arcgis.com/experience/cab84dcfe0464c2a8050a78f817924ca/page/page_3/,3274365,1765982,1674675,38968
Lithuania,2021-10-09,"Johnson&Johnson, Moderna, Oxford/AstraZeneca, Pfizer/BioNTech",https://experience.arcgis.com/experience/cab84dcfe0464c2a8050a78f817924ca/page/page_3/,3275557,1766614,1675468,39116
Lithuania,2021-10-10,"Johnson&Johnson, Moderna, Oxford/AstraZeneca, Pfizer/BioNTech",https://experience.arcgis.com/experience/cab84dcfe0464c2a8050a78f817924ca/page/page_3/,3276017,1766866,1675682,39205
Lithuania,2021-10-11,"Johnson&Johnson, Moderna, Oxford/AstraZeneca, Pfizer/BioNTech",https://experience.arcgis.com/experience/cab84dcfe0464c2a8050a78f817924ca/page/page_3/,3282275,1769278,1679596,40477
Lithuania,2021-10-12,"Johnson&Johnson, Moderna, Oxford/AstraZeneca, Pfizer/BioNTech",https://experience.arcgis.com/experience/cab84dcfe0464c2a8050a78f817924ca/page/page_3/,3288058,1771483,1682666,42112
Lithuania,2021-10-13,"Johnson&Johnson, Moderna, Oxford/AstraZeneca, Pfizer/BioNTech",https://experience.arcgis.com/experience/cab84dcfe0464c2a8050a78f817924ca/page/page_3/,3294066,1773684,1685773,43890
Lithuania,2021-10-14,"Johnson&Johnson, Moderna, Oxford/AstraZeneca, Pfizer/BioNTech",https://experience.arcgis.com/experience/cab84dcfe0464c2a8050a78f817924ca/page/page_3/,3301361,1776377,1689349,46146
Lithuania,2021-10-15,"Johnson&Johnson, Moderna, Oxford/AstraZeneca, Pfizer/BioNTech",https://experience.arcgis.com/experience/cab84dcfe0464c2a8050a78f817924ca/page/page_3/,3309594,1779609,1693570,48509
Lithuania,2021-10-16,"Johnson&Johnson, Moderna, Oxford/AstraZeneca, Pfizer/BioNTech",https://experience.arcgis.com/experience/cab84dcfe0464c2a8050a78f817924ca/page/page_3/,3310809,1780201,1694175,48808
Lithuania,2021-10-17,"Johnson&Johnson, Moderna, Oxford/AstraZeneca, Pfizer/BioNTech",https://experience.arcgis.com/experience/cab84dcfe0464c2a8050a78f817924ca/page/page_3/,3311262,1780429,1694366,48927
Lithuania,2021-10-18,"Johnson&Johnson, Moderna, Oxford/AstraZeneca, Pfizer/BioNTech",https://experience.arcgis.com/experience/cab84dcfe0464c2a8050a78f817924ca/page/page_3/,3317899,1783082,1697847,50875
Lithuania,2021-10-19,"Johnson&Johnson, Moderna, Oxford/AstraZeneca, Pfizer/BioNTech",https://experience.arcgis.com/experience/cab84dcfe0464c2a8050a78f817924ca/page/page_3/,3323702,1785171,1700312,53145
Lithuania,2021-10-20,"Johnson&Johnson, Moderna, Oxford/AstraZeneca, Pfizer/BioNTech",https://experience.arcgis.com/experience/cab84dcfe0464c2a8050a78f817924ca/page/page_3/,3330868,1787606,1702820,56401
Lithuania,2021-10-21,"Johnson&Johnson, Moderna, Oxford/AstraZeneca, Pfizer/BioNTech",https://experience.arcgis.com/experience/cab84dcfe0464c2a8050a78f817924ca/page/page_3/,3339986,1790802,1706003,60603
Lithuania,2021-10-22,"Johnson&Johnson, Moderna, Oxford/AstraZeneca, Pfizer/BioNTech",https://experience.arcgis.com/experience/cab84dcfe0464c2a8050a78f817924ca/page/page_3/,3349867,1794577,1709583,64829
Lithuania,2021-10-23,"Johnson&Johnson, Moderna, Oxford/AstraZeneca, Pfizer/BioNTech",https://experience.arcgis.com/experience/cab84dcfe0464c2a8050a78f817924ca/page/page_3/,3351128,1795227,1710102,65202
Lithuania,2021-10-24,"Johnson&Johnson, Moderna, Oxford/AstraZeneca, Pfizer/BioNTech",https://experience.arcgis.com/experience/cab84dcfe0464c2a8050a78f817924ca/page/page_3/,3351839,1795647,1710413,65405
Lithuania,2021-10-25,"Johnson&Johnson, Moderna, Oxford/AstraZeneca, Pfizer/BioNTech",https://experience.arcgis.com/experience/cab84dcfe0464c2a8050a78f817924ca/page/page_3/,3359914,1798874,1713640,68553
Lithuania,2021-10-26,"Johnson&Johnson, Moderna, Oxford/AstraZeneca, Pfizer/BioNTech",https://experience.arcgis.com/experience/cab84dcfe0464c2a8050a78f817924ca/page/page_3/,3367762,1801987,1716383,72093
Lithuania,2021-10-27,"Johnson&Johnson, Moderna, Oxford/AstraZeneca, Pfizer/BioNTech",https://experience.arcgis.com/experience/cab84dcfe0464c2a8050a78f817924ca/page/page_3/,3375838,1804723,1718923,76075
Lithuania,2021-10-28,"Johnson&Johnson, Moderna, Oxford/AstraZeneca, Pfizer/BioNTech",https://experience.arcgis.com/experience/cab84dcfe0464c2a8050a78f817924ca/page/page_3/,3385006,1807807,1721782,80590
Lithuania,2021-10-29,"Johnson&Johnson, Moderna, Oxford/AstraZeneca, Pfizer/BioNTech",https://experience.arcgis.com/experience/cab84dcfe0464c2a8050a78f817924ca/page/page_3/,3395026,1811535,1725218,85095
Lithuania,2021-10-30,"Johnson&Johnson, Moderna, Oxford/AstraZeneca, Pfizer/BioNTech",https://experience.arcgis.com/experience/cab84dcfe0464c2a8050a78f817924ca/page/page_3/,3396010,1811986,1725582,85463
Lithuania,2021-10-31,"Johnson&Johnson, Moderna, Oxford/AstraZeneca, Pfizer/BioNTech",https://experience.arcgis.com/experience/cab84dcfe0464c2a8050a78f817924ca/page/page_3/,3396599,1812242,1725778,85713
Lithuania,2021-11-01,"Johnson&Johnson, Moderna, Oxford/AstraZeneca, Pfizer/BioNTech",https://experience.arcgis.com/experience/cab84dcfe0464c2a8050a78f817924ca/page/page_3/,3396787,1812322,1725806,85795
Lithuania,2021-11-02,"Johnson&Johnson, Moderna, Oxford/AstraZeneca, Pfizer/BioNTech",https://experience.arcgis.com/experience/cab84dcfe0464c2a8050a78f817924ca/page/page_3/,3396994,1812402,1725899,85856
Lithuania,2021-11-03,"Johnson&Johnson, Moderna, Oxford/AstraZeneca, Pfizer/BioNTech",https://experience.arcgis.com/experience/cab84dcfe0464c2a8050a78f817924ca/page/page_3/,3408016,1815743,1729923,91026
Lithuania,2021-11-04,"Johnson&Johnson, Moderna, Oxford/AstraZeneca, Pfizer/BioNTech",https://experience.arcgis.com/experience/cab84dcfe0464c2a8050a78f817924ca/page/page_3/,3421050,1819405,1733048,98711
Lithuania,2021-11-05,"Johnson&Johnson, Moderna, Oxford/AstraZeneca, Pfizer/BioNTech",https://experience.arcgis.com/experience/cab84dcfe0464c2a8050a78f817924ca/page/page_3/,3433320,1823018,1736173,105691
Lithuania,2021-11-06,"Johnson&Johnson, Moderna, Oxford/AstraZeneca, Pfizer/BioNTech",https://experience.arcgis.com/experience/cab84dcfe0464c2a8050a78f817924ca/page/page_3/,3434978,1823611,1736627,106527
Lithuania,2021-11-07,"Johnson&Johnson, Moderna, Oxford/AstraZeneca, Pfizer/BioNTech",https://experience.arcgis.com/experience/cab84dcfe0464c2a8050a78f817924ca/page/page_3/,3436053,1823989,1736884,107128
Lithuania,2021-11-08,"Johnson&Johnson, Moderna, Oxford/AstraZeneca, Pfizer/BioNTech",https://experience.arcgis.com/experience/cab84dcfe0464c2a8050a78f817924ca/page/page_3/,3445390,1826814,1739272,112378
Lithuania,2021-11-09,"Johnson&Johnson, Moderna, Oxford/AstraZeneca, Pfizer/BioNTech",https://experience.arcgis.com/experience/cab84dcfe0464c2a8050a78f817924ca/page/page_3/,3456914,1829755,1741483,119834
Lithuania,2021-11-10,"Johnson&Johnson, Moderna, Oxford/AstraZeneca, Pfizer/BioNTech",https://experience.arcgis.com/experience/cab84dcfe0464c2a8050a78f817924ca/page/page_3/,3467418,1831991,1743604,126872
Lithuania,2021-11-11,"Johnson&Johnson, Moderna, Oxford/AstraZeneca, Pfizer/BioNTech",https://experience.arcgis.com/experience/cab84dcfe0464c2a8050a78f817924ca/page/page_3/,3481815,1834782,1746442,136799
Lithuania,2021-11-12,"Johnson&Johnson, Moderna, Oxford/AstraZeneca, Pfizer/BioNTech",https://experience.arcgis.com/experience/cab84dcfe0464c2a8050a78f817924ca/page/page_3/,3496420,1838029,1749608,146258
Lithuania,2021-11-13,"Johnson&Johnson, Moderna, Oxford/AstraZeneca, Pfizer/BioNTech",https://experience.arcgis.com/experience/cab84dcfe0464c2a8050a78f817924ca/page/page_3/,3498387,1838663,1750059,147390
Lithuania,2021-11-14,"Johnson&Johnson, Moderna, Oxford/AstraZeneca, Pfizer/BioNTech",https://experience.arcgis.com/experience/cab84dcfe0464c2a8050a78f817924ca/page/page_3/,3499360,1838959,1750295,147951
Lithuania,2021-11-15,"Johnson&Johnson, Moderna, Oxford/AstraZeneca, Pfizer/BioNTech",https://experience.arcgis.com/experience/cab84dcfe0464c2a8050a78f817924ca/page/page_3/,3509448,1841408,1753225,153789
Lithuania,2021-11-16,"Johnson&Johnson, Moderna, Oxford/AstraZeneca, Pfizer/BioNTech",https://experience.arcgis.com/experience/cab84dcfe0464c2a8050a78f817924ca/page/page_3/,3520727,1843925,1755757,161158
Lithuania,2021-11-17,"Johnson&Johnson, Moderna, Oxford/AstraZeneca, Pfizer/BioNTech",https://experience.arcgis.com/experience/cab84dcfe0464c2a8050a78f817924ca/page/page_3/,3535296,1846288,1758135,171911
Lithuania,2021-11-18,"Johnson&Johnson, Moderna, Oxford/AstraZeneca, Pfizer/BioNTech",https://experience.arcgis.com/experience/cab84dcfe0464c2a8050a78f817924ca/page/page_3/,3554934,1849077,1760966,187024
Lithuania,2021-11-19,"Johnson&Johnson, Moderna, Oxford/AstraZeneca, Pfizer/BioNTech",https://experience.arcgis.com/experience/cab84dcfe0464c2a8050a78f817924ca/page/page_3/,3574734,1852135,1764169,201837
Lithuania,2021-11-20,"Johnson&Johnson, Moderna, Oxford/AstraZeneca, Pfizer/BioNTech",https://experience.arcgis.com/experience/cab84dcfe0464c2a8050a78f817924ca/page/page_3/,3577827,1852725,1764645,204158
Lithuania,2021-11-21,"Johnson&Johnson, Moderna, Oxford/AstraZeneca, Pfizer/BioNTech",https://experience.arcgis.com/experience/cab84dcfe0464c2a8050a78f817924ca/page/page_3/,3579056,1852903,1764807,205161
Lithuania,2021-11-22,"Johnson&Johnson, Moderna, Oxford/AstraZeneca, Pfizer/BioNTech",https://experience.arcgis.com/experience/cab84dcfe0464c2a8050a78f817924ca/page/page_3/,3593535,1855166,1766515,216760
Lithuania,2021-11-23,"Johnson&Johnson, Moderna, Oxford/AstraZeneca, Pfizer/BioNTech",https://experience.arcgis.com/experience/cab84dcfe0464c2a8050a78f817924ca/page/page_3/,3609210,1857361,1767938,229825
Lithuania,2021-11-24,"Johnson&Johnson, Moderna, Oxford/AstraZeneca, Pfizer/BioNTech",https://experience.arcgis.com/experience/cab84dcfe0464c2a8050a78f817924ca/page/page_3/,3627285,1859517,1770377,244190
Lithuania,2021-11-25,"Johnson&Johnson, Moderna, Oxford/AstraZeneca, Pfizer/BioNTech",https://experience.arcgis.com/experience/cab84dcfe0464c2a8050a78f817924ca/page/page_3/,3647559,1862075,1773324,260003
Lithuania,2021-11-26,"Johnson&Johnson, Moderna, Oxford/AstraZeneca, Pfizer/BioNTech",https://experience.arcgis.com/experience/cab84dcfe0464c2a8050a78f817924ca/page/page_3/,3668285,1864932,1776565,275921
Lithuania,2021-11-27,"Johnson&Johnson, Moderna, Oxford/AstraZeneca, Pfizer/BioNTech",https://experience.arcgis.com/experience/cab84dcfe0464c2a8050a78f817924ca/page/page_3/,3673072,1865779,1777239,279596
Lithuania,2021-11-28,"Johnson&Johnson, Moderna, Oxford/AstraZeneca, Pfizer/BioNTech",https://experience.arcgis.com/experience/cab84dcfe0464c2a8050a78f817924ca/page/page_3/,3675265,1866081,1777491,281386
Lithuania,2021-11-29,"Johnson&Johnson, Moderna, Oxford/AstraZeneca, Pfizer/BioNTech",https://experience.arcgis.com/experience/cab84dcfe0464c2a8050a78f817924ca/page/page_3/,3689682,1868396,1780307,291808
Lithuania,2021-11-30,"Johnson&Johnson, Moderna, Oxford/AstraZeneca, Pfizer/BioNTech",https://experience.arcgis.com/experience/cab84dcfe0464c2a8050a78f817924ca/page/page_3/,3705039,1870613,1783114,303136
Lithuania,2021-12-01,"Johnson&Johnson, Moderna, Oxford/AstraZeneca, Pfizer/BioNTech",https://experience.arcgis.com/experience/cab84dcfe0464c2a8050a78f817924ca/page/page_3/,3723694,1873098,1785522,317886
Lithuania,2021-12-02,"Johnson&Johnson, Moderna, Oxford/AstraZeneca, Pfizer/BioNTech",https://experience.arcgis.com/experience/cab84dcfe0464c2a8050a78f817924ca/page/page_3/,3744976,1875672,1788279,334979
Lithuania,2021-12-03,"Johnson&Johnson, Moderna, Oxford/AstraZeneca, Pfizer/BioNTech",https://experience.arcgis.com/experience/cab84dcfe0464c2a8050a78f817924ca/page/page_3/,3766670,1878423,1791432,352051
Lithuania,2021-12-04,"Johnson&Johnson, Moderna, Oxford/AstraZeneca, Pfizer/BioNTech",https://experience.arcgis.com/experience/cab84dcfe0464c2a8050a78f817924ca/page/page_3/,3771345,1879040,1791967,355862
Lithuania,2021-12-05,"Johnson&Johnson, Moderna, Oxford/AstraZeneca, Pfizer/BioNTech",https://experience.arcgis.com/experience/cab84dcfe0464c2a8050a78f817924ca/page/page_3/,3773666,1879275,1792164,357861
Lithuania,2021-12-06,"Johnson&Johnson, Moderna, Oxford/AstraZeneca, Pfizer/BioNTech",https://experience.arcgis.com/experience/cab84dcfe0464c2a8050a78f817924ca/page/page_3/,3789418,1881589,1794814,369834
Lithuania,2021-12-07,"Johnson&Johnson, Moderna, Oxford/AstraZeneca, Pfizer/BioNTech",https://experience.arcgis.com/experience/cab84dcfe0464c2a8050a78f817924ca/page/page_3/,3807284,1883613,1797156,384339
Lithuania,2021-12-08,"Johnson&Johnson, Moderna, Oxford/AstraZeneca, Pfizer/BioNTech",https://experience.arcgis.com/experience/cab84dcfe0464c2a8050a78f817924ca/page/page_3/,3826466,1885699,1799370,400067
Lithuania,2021-12-09,"Johnson&Johnson, Moderna, Oxford/AstraZeneca, Pfizer/BioNTech",https://experience.arcgis.com/experience/cab84dcfe0464c2a8050a78f817924ca/page/page_3/,3846774,1887708,1801791,416840
Lithuania,2021-12-10,"Johnson&Johnson, Moderna, Oxford/AstraZeneca, Pfizer/BioNTech",https://experience.arcgis.com/experience/cab84dcfe0464c2a8050a78f817924ca/page/page_3/,3868906,1889919,1804494,435090
Lithuania,2021-12-11,"Johnson&Johnson, Moderna, Oxford/AstraZeneca, Pfizer/BioNTech",https://experience.arcgis.com/experience/cab84dcfe0464c2a8050a78f817924ca/page/page_3/,3873370,1890380,1804895,438887
Lithuania,2021-12-12,"Johnson&Johnson, Moderna, Oxford/AstraZeneca, Pfizer/BioNTech",https://experience.arcgis.com/experience/cab84dcfe0464c2a8050a78f817924ca/page/page_3/,3875693,1890573,1805033,440963
Lithuania,2021-12-13,"Johnson&Johnson, Moderna, Oxford/AstraZeneca, Pfizer/BioNTech",https://experience.arcgis.com/experience/cab84dcfe0464c2a8050a78f817924ca/page/page_3/,3891301,1892432,1807239,453470
Lithuania,2021-12-14,"Johnson&Johnson, Moderna, Oxford/AstraZeneca, Pfizer/BioNTech",https://experience.arcgis.com/experience/cab84dcfe0464c2a8050a78f817924ca/page/page_3/,3907666,1894016,1809086,467158
Lithuania,2021-12-15,"Johnson&Johnson, Moderna, Oxford/AstraZeneca, Pfizer/BioNTech",https://experience.arcgis.com/experience/cab84dcfe0464c2a8050a78f817924ca/page/page_3/,3925526,1895833,1810959,481964
Lithuania,2021-12-16,"Johnson&Johnson, Moderna, Oxford/AstraZeneca, Pfizer/BioNTech",https://experience.arcgis.com/experience/cab84dcfe0464c2a8050a78f817924ca/page/page_3/,3945898,1898014,1813221,498637
Lithuania,2021-12-17,"Johnson&Johnson, Moderna, Oxford/AstraZeneca, Pfizer/BioNTech",https://experience.arcgis.com/experience/cab84dcfe0464c2a8050a78f817924ca/page/page_3/,3967164,1900825,1815716,515584
Lithuania,2021-12-18,"Johnson&Johnson, Moderna, Oxford/AstraZeneca, Pfizer/BioNTech",https://experience.arcgis.com/experience/cab84dcfe0464c2a8050a78f817924ca/page/page_3/,3971890,1901710,1816108,519204
Lithuania,2021-12-19,"Johnson&Johnson, Moderna, Oxford/AstraZeneca, Pfizer/BioNTech",https://experience.arcgis.com/experience/cab84dcfe0464c2a8050a78f817924ca/page/page_3/,3974430,1902091,1816260,521284
Lithuania,2021-12-20,"Johnson&Johnson, Moderna, Oxford/AstraZeneca, Pfizer/BioNTech",https://experience.arcgis.com/experience/cab84dcfe0464c2a8050a78f817924ca/page/page_3/,3990699,1904286,1818574,534052
Lithuania,2021-12-21,"Johnson&Johnson, Moderna, Oxford/AstraZeneca, Pfizer/BioNTech",https://experience.arcgis.com/experience/cab84dcfe0464c2a8050a78f817924ca/page/page_3/,4007281,1906262,1820523,547434
Lithuania,2021-12-22,"Johnson&Johnson, Moderna, Oxford/AstraZeneca, Pfizer/BioNTech",https://experience.arcgis.com/experience/cab84dcfe0464c2a8050a78f817924ca/page/page_3/,4024476,1908041,1822416,561569
Lithuania,2021-12-23,"Johnson&Johnson, Moderna, Oxford/AstraZeneca, Pfizer/BioNTech",https://experience.arcgis.com/experience/cab84dcfe0464c2a8050a78f817924ca/page/page_3/,4041057,1909651,1824204,575354
Lithuania,2021-12-24,"Johnson&Johnson, Moderna, Oxford/AstraZeneca, Pfizer/BioNTech",https://experience.arcgis.com/experience/cab84dcfe0464c2a8050a78f817924ca/page/page_3/,4041347,1909686,1824216,575598
Lithuania,2021-12-25,"Johnson&Johnson, Moderna, Oxford/AstraZeneca, Pfizer/BioNTech",https://experience.arcgis.com/experience/cab84dcfe0464c2a8050a78f817924ca/page/page_3/,4041347,1909686,1824216,575598
Lithuania,2021-12-26,"Johnson&Johnson, Moderna, Oxford/AstraZeneca, Pfizer/BioNTech",https://experience.arcgis.com/experience/cab84dcfe0464c2a8050a78f817924ca/page/page_3/,4041686,1909725,1824254,575860
Lithuania,2021-12-27,"Johnson&Johnson, Moderna, Oxford/AstraZeneca, Pfizer/BioNTech",https://experience.arcgis.com/experience/cab84dcfe0464c2a8050a78f817924ca/page/page_3/,4062862,1911590,1826742,593263
Lithuania,2021-12-28,"Johnson&Johnson, Moderna, Oxford/AstraZeneca, Pfizer/BioNTech",https://experience.arcgis.com/experience/cab84dcfe0464c2a8050a78f817924ca/page/page_3/,4085376,1913438,1828300,612824
Lithuania,2021-12-29,"Johnson&Johnson, Moderna, Oxford/AstraZeneca, Pfizer/BioNTech",https://experience.arcgis.com/experience/cab84dcfe0464c2a8050a78f817924ca/page/page_3/,4106897,1915380,1830015,631153
Lithuania,2021-12-30,"Johnson&Johnson, Moderna, Oxford/AstraZeneca, Pfizer/BioNTech",https://experience.arcgis.com/experience/cab84dcfe0464c2a8050a78f817924ca/page/page_3/,4124663,1917058,1831426,646280
Lithuania,2021-12-31,"Johnson&Johnson, Moderna, Oxford/AstraZeneca, Pfizer/BioNTech",https://experience.arcgis.com/experience/cab84dcfe0464c2a8050a78f817924ca/page/page_3/,4131614,1917782,1832160,652011
Lithuania,2022-01-01,"Johnson&Johnson, Moderna, Oxford/AstraZeneca, Pfizer/BioNTech",https://experience.arcgis.com/experience/cab84dcfe0464c2a8050a78f817924ca/page/page_3/,4131614,1917782,1832160,652011
Lithuania,2022-01-02,"Johnson&Johnson, Moderna, Oxford/AstraZeneca, Pfizer/BioNTech",https://experience.arcgis.com/experience/cab84dcfe0464c2a8050a78f817924ca/page/page_3/,4131732,1917786,1832164,652121
Lithuania,2022-01-03,"Johnson&Johnson, Moderna, Oxford/AstraZeneca, Pfizer/BioNTech",https://experience.arcgis.com/experience/cab84dcfe0464c2a8050a78f817924ca/page/page_3/,4149288,1919424,1833799,666868
Lithuania,2022-01-04,"Johnson&Johnson, Moderna, Oxford/AstraZeneca, Pfizer/BioNTech",https://experience.arcgis.com/experience/cab84dcfe0464c2a8050a78f817924ca/page/page_3/,4169363,1921163,1835233,684193
Lithuania,2022-01-05,"Johnson&Johnson, Moderna, Oxford/AstraZeneca, Pfizer/BioNTech",https://experience.arcgis.com/experience/cab84dcfe0464c2a8050a78f817924ca/page/page_3/,4191352,1923019,1836984,703006
Lithuania,2022-01-06,"Johnson&Johnson, Moderna, Oxford/AstraZeneca, Pfizer/BioNTech",https://experience.arcgis.com/experience/cab84dcfe0464c2a8050a78f817924ca/page/page_3/,4213906,1925074,1839057,721904
Lithuania,2022-01-07,"Johnson&Johnson, Moderna, Oxford/AstraZeneca, Pfizer/BioNTech",https://experience.arcgis.com/experience/cab84dcfe0464c2a8050a78f817924ca/page/page_3/,4237228,1927195,1841482,741223
Lithuania,2022-01-08,"Johnson&Johnson, Moderna, Oxford/AstraZeneca, Pfizer/BioNTech",https://experience.arcgis.com/experience/cab84dcfe0464c2a8050a78f817924ca/page/page_3/,4241884,1927664,1842196,744811
Lithuania,2022-01-09,"Johnson&Johnson, Moderna, Oxford/AstraZeneca, Pfizer/BioNTech",https://experience.arcgis.com/experience/cab84dcfe0464c2a8050a78f817924ca/page/page_3/,4244286,1927871,1842521,746704
Lithuania,2022-01-10,"Johnson&Johnson, Moderna, Oxford/AstraZeneca, Pfizer/BioNTech",https://experience.arcgis.com/experience/cab84dcfe0464c2a8050a78f817924ca/page/page_3/,4260855,1929397,1844233,760493
Lithuania,2022-01-11,"Johnson&Johnson, Moderna, Oxford/AstraZeneca, Pfizer/BioNTech",https://experience.arcgis.com/experience/cab84dcfe0464c2a8050a78f817924ca/page/page_3/,4275789,1930526,1845600,773138
Lithuania,2022-01-12,"Johnson&Johnson, Moderna, Oxford/AstraZeneca, Pfizer/BioNTech",https://experience.arcgis.com/experience/cab84dcfe0464c2a8050a78f817924ca/page/page_3/,4290333,1931695,1846960,785371
Lithuania,2022-01-13,"Johnson&Johnson, Moderna, Oxford/AstraZeneca, Pfizer/BioNTech",https://experience.arcgis.com/experience/cab84dcfe0464c2a8050a78f817924ca/page/page_3/,4304430,1933007,1848280,797151
Lithuania,2022-01-14,"Johnson&Johnson, Moderna, Oxford/AstraZeneca, Pfizer/BioNTech",https://experience.arcgis.com/experience/cab84dcfe0464c2a8050a78f817924ca/page/page_3/,4319443,1934429,1849209,810036
Lithuania,2022-01-15,"Johnson&Johnson, Moderna, Oxford/AstraZeneca, Pfizer/BioNTech",https://experience.arcgis.com/experience/cab84dcfe0464c2a8050a78f817924ca/page/page_3/,4322610,1934819,1849398,812664
Lithuania,2022-01-16,"Johnson&Johnson, Moderna, Oxford/AstraZeneca, Pfizer/BioNTech",https://experience.arcgis.com/experience/cab84dcfe0464c2a8050a78f817924ca/page/page_3/,4323498,1934898,1849453,813434
Lithuania,2022-01-17,"Johnson&Johnson, Moderna, Oxford/AstraZeneca, Pfizer/BioNTech",https://experience.arcgis.com/experience/cab84dcfe0464c2a8050a78f817924ca/page/page_3/,4333095,1935708,1850565,821270
Lithuania,2022-01-18,"Johnson&Johnson, Moderna, Oxford/AstraZeneca, Pfizer/BioNTech",https://experience.arcgis.com/experience/cab84dcfe0464c2a8050a78f817924ca/page/page_3/,4342737,1936439,1851761,829077
Lithuania,2022-01-19,"Johnson&Johnson, Moderna, Oxford/AstraZeneca, Pfizer/BioNTech",https://experience.arcgis.com/experience/cab84dcfe0464c2a8050a78f817924ca/page/page_3/,4352119,1937140,1852912,836620
Lithuania,2022-01-20,"Johnson&Johnson, Moderna, Oxford/AstraZeneca, Pfizer/BioNTech",https://experience.arcgis.com/experience/cab84dcfe0464c2a8050a78f817924ca/page/page_3/,4361684,1937907,1853974,844417
Lithuania,2022-01-21,"Johnson&Johnson, Moderna, Oxford/AstraZeneca, Pfizer/BioNTech",https://experience.arcgis.com/experience/cab84dcfe0464c2a8050a78f817924ca/page/page_3/,4372254,1938815,1854972,853117
Lithuania,2022-01-22,"Johnson&Johnson, Moderna, Oxford/AstraZeneca, Pfizer/BioNTech",https://experience.arcgis.com/experience/cab84dcfe0464c2a8050a78f817924ca/page/page_3/,4373533,1938943,1855101,854144
Lithuania,2022-01-23,"Johnson&Johnson, Moderna, Oxford/AstraZeneca, Pfizer/BioNTech",https://experience.arcgis.com/experience/cab84dcfe0464c2a8050a78f817924ca/page/page_3/,4373686,1938948,1855114,854279
Lithuania,2022-01-24,"Johnson&Johnson, Moderna, Oxford/AstraZeneca, Pfizer/BioNTech",https://experience.arcgis.com/experience/cab84dcfe0464c2a8050a78f817924ca/page/page_3/,4380468,1939542,1855974,859632
Lithuania,2022-01-25,"Johnson&Johnson, Moderna, Oxford/AstraZeneca, Pfizer/BioNTech",https://experience.arcgis.com/experience/cab84dcfe0464c2a8050a78f817924ca/page/page_3/,4387175,1940082,1856870,864938
Lithuania,2022-01-26,"Johnson&Johnson, Moderna, Oxford/AstraZeneca, Pfizer/BioNTech",https://experience.arcgis.com/experience/cab84dcfe0464c2a8050a78f817924ca/page/page_3/,4394247,1940646,1857952,870379
Lithuania,2022-01-27,"Johnson&Johnson, Moderna, Oxford/AstraZeneca, Pfizer/BioNTech",https://experience.arcgis.com/experience/cab84dcfe0464c2a8050a78f817924ca/page/page_3/,4401630,1941221,1859045,876117
Lithuania,2022-01-28,"Johnson&Johnson, Moderna, Oxford/AstraZeneca, Pfizer/BioNTech",https://experience.arcgis.com/experience/cab84dcfe0464c2a8050a78f817924ca/page/page_3/,4410112,1941906,1860446,882535
Lithuania,2022-01-29,"Johnson&Johnson, Moderna, Oxford/AstraZeneca, Pfizer/BioNTech",https://experience.arcgis.com/experience/cab84dcfe0464c2a8050a78f817924ca/page/page_3/,4411147,1942025,1860672,883225
Lithuania,2022-01-30,"Johnson&Johnson, Moderna, Oxford/AstraZeneca, Pfizer/BioNTech",https://experience.arcgis.com/experience/cab84dcfe0464c2a8050a78f817924ca/page/page_3/,4411290,1942033,1860687,883345
Lithuania,2022-01-31,"Johnson&Johnson, Moderna, Oxford/AstraZeneca, Pfizer/BioNTech",https://experience.arcgis.com/experience/cab84dcfe0464c2a8050a78f817924ca/page/page_3/,4414835,1942379,1861411,885827
Lithuania,2022-02-01,"Johnson&Johnson, Moderna, Oxford/AstraZeneca, Pfizer/BioNTech",https://experience.arcgis.com/experience/cab84dcfe0464c2a8050a78f817924ca/page/page_3/,4418050,1942746,1862091,888008
Lithuania,2022-02-02,"Johnson&Johnson, Moderna, Oxford/AstraZeneca, Pfizer/BioNTech",https://experience.arcgis.com/experience/cab84dcfe0464c2a8050a78f817924ca/page/page_3/,4421366,1943121,1862806,890251
Lithuania,2022-02-03,"Johnson&Johnson, Moderna, Oxford/AstraZeneca, Pfizer/BioNTech",https://experience.arcgis.com/experience/cab84dcfe0464c2a8050a78f817924ca/page/page_3/,4424583,1943409,1863549,892447
Lithuania,2022-02-04,"Johnson&Johnson, Moderna, Oxford/AstraZeneca, Pfizer/BioNTech",https://experience.arcgis.com/experience/cab84dcfe0464c2a8050a78f817924ca/page/page_3/,4428335,1943794,1864420,894949
Lithuania,2022-02-05,"Johnson&Johnson, Moderna, Oxford/AstraZeneca, Pfizer/BioNTech",https://experience.arcgis.com/experience/cab84dcfe0464c2a8050a78f817924ca/page/page_3/,4428787,1943849,1864563,895204
Lithuania,2022-02-06,"Johnson&Johnson, Moderna, Oxford/AstraZeneca, Pfizer/BioNTech",https://experience.arcgis.com/experience/cab84dcfe0464c2a8050a78f817924ca/page/page_3/,4428890,1943857,1864574,895288
Lithuania,2022-02-07,"Johnson&Johnson, Moderna, Oxford/AstraZeneca, Pfizer/BioNTech",https://experience.arcgis.com/experience/cab84dcfe0464c2a8050a78f817924ca/page/page_3/,4430602,1944043,1864982,896410
Lithuania,2022-02-08,"Johnson&Johnson, Moderna, Oxford/AstraZeneca, Pfizer/BioNTech",https://experience.arcgis.com/experience/cab84dcfe0464c2a8050a78f817924ca/page/page_3/,4432288,1944190,1865362,897578
Lithuania,2022-02-09,"Johnson&Johnson, Moderna, Oxford/AstraZeneca, Pfizer/BioNTech",https://experience.arcgis.com/experience/cab84dcfe0464c2a8050a78f817924ca/page/page_3/,4434121,1944362,1865791,898810
Lithuania,2022-02-10,"Johnson&Johnson, Moderna, Oxford/AstraZeneca, Pfizer/BioNTech",https://experience.arcgis.com/experience/cab84dcfe0464c2a8050a78f817924ca/page/page_3/,4435874,1944533,1866231,899947
Lithuania,2022-02-11,"Johnson&Johnson, Moderna, Oxford/AstraZeneca, Pfizer/BioNTech",https://experience.arcgis.com/experience/cab84dcfe0464c2a8050a78f817924ca/page/page_3/,4438219,1944793,1866830,901435
Lithuania,2022-02-12,"Johnson&Johnson, Moderna, Oxford/AstraZeneca, Pfizer/BioNTech",https://experience.arcgis.com/experience/cab84dcfe0464c2a8050a78f817924ca/page/page_3/,4438428,1944814,1866892,901561
Lithuania,2022-02-13,"Johnson&Johnson, Moderna, Oxford/AstraZeneca, Pfizer/BioNTech",https://experience.arcgis.com/experience/cab84dcfe0464c2a8050a78f817924ca/page/page_3/,4438503,1944822,1866906,901614
Lithuania,2022-02-14,"Johnson&Johnson, Moderna, Oxford/AstraZeneca, Pfizer/BioNTech",https://experience.arcgis.com/experience/cab84dcfe0464c2a8050a78f817924ca/page/page_3/,4439714,1944980,1867253,902324
Lithuania,2022-02-15,"Johnson&Johnson, Moderna, Oxford/AstraZeneca, Pfizer/BioNTech",https://experience.arcgis.com/experience/cab84dcfe0464c2a8050a78f817924ca/page/page_3/,4441143,1945120,1867611,903265
Lithuania,2022-02-16,"Johnson&Johnson, Moderna, Oxford/AstraZeneca, Pfizer/BioNTech",https://experience.arcgis.com/experience/cab84dcfe0464c2a8050a78f817924ca/page/page_3/,4441144,1945120,1867611,903266
Lithuania,2022-02-17,"Johnson&Johnson, Moderna, Oxford/AstraZeneca, Pfizer/BioNTech",https://experience.arcgis.com/experience/cab84dcfe0464c2a8050a78f817924ca/page/page_3/,4442780,1945303,1868121,904212
Lithuania,2022-02-18,"Johnson&Johnson, Moderna, Oxford/AstraZeneca, Pfizer/BioNTech",https://experience.arcgis.com/experience/cab84dcfe0464c2a8050a78f817924ca/page/page_3/,4444581,1945510,1868666,905267
Lithuania,2022-02-19,"Johnson&Johnson, Moderna, Oxford/AstraZeneca, Pfizer/BioNTech",https://experience.arcgis.com/experience/cab84dcfe0464c2a8050a78f817924ca/page/page_3/,4444734,1945530,1868718,905349
Lithuania,2022-02-20,"Johnson&Johnson, Moderna, Oxford/AstraZeneca, Pfizer/BioNTech",https://experience.arcgis.com/experience/cab84dcfe0464c2a8050a78f817924ca/page/page_3/,4444789,1945534,1868729,905389
Lithuania,2022-02-21,"Johnson&Johnson, Moderna, Oxford/AstraZeneca, Pfizer/BioNTech",https://experience.arcgis.com/experience/cab84dcfe0464c2a8050a78f817924ca/page/page_3/,4445826,1945677,1868971,906044
Lithuania,2022-02-22,"Johnson&Johnson, Moderna, Oxford/AstraZeneca, Pfizer/BioNTech",https://experience.arcgis.com/experience/cab84dcfe0464c2a8050a78f817924ca/page/page_3/,4446773,1945808,1869180,906653
Lithuania,2022-02-23,"Johnson&Johnson, Moderna, Oxford/AstraZeneca, Pfizer/BioNTech",https://experience.arcgis.com/experience/cab84dcfe0464c2a8050a78f817924ca/page/page_3/,4447721,1945905,1869401,907293
Lithuania,2022-02-24,"Johnson&Johnson, Moderna, Oxford/AstraZeneca, Pfizer/BioNTech",https://experience.arcgis.com/experience/cab84dcfe0464c2a8050a78f817924ca/page/page_3/,4448738,1946022,1869658,907936
Lithuania,2022-02-25,"Johnson&Johnson, Moderna, Oxford/AstraZeneca, Pfizer/BioNTech",https://experience.arcgis.com/experience/cab84dcfe0464c2a8050a78f817924ca/page/page_3/,4450049,1946170,1869980,908779
Lithuania,2022-02-26,"Johnson&Johnson, Moderna, Oxford/AstraZeneca, Pfizer/BioNTech",https://experience.arcgis.com/experience/cab84dcfe0464c2a8050a78f817924ca/page/page_3/,4450138,1946180,1870009,908829
Lithuania,2022-02-27,"Johnson&Johnson, Moderna, Oxford/AstraZeneca, Pfizer/BioNTech",https://experience.arcgis.com/experience/cab84dcfe0464c2a8050a78f817924ca/page/page_3/,4450214,1946187,1870018,908889
Lithuania,2022-02-28,"Johnson&Johnson, Moderna, Oxford/AstraZeneca, Pfizer/BioNTech",https://experience.arcgis.com/experience/cab84dcfe0464c2a8050a78f817924ca/page/page_3/,4450897,1946274,1870171,909332
Lithuania,2022-03-01,"Johnson&Johnson, Moderna, Oxford/AstraZeneca, Pfizer/BioNTech",https://experience.arcgis.com/experience/cab84dcfe0464c2a8050a78f817924ca/page/page_3/,4451521,1946355,1870298,909745
Lithuania,2022-03-02,"Johnson&Johnson, Moderna, Oxford/AstraZeneca, Pfizer/BioNTech",https://experience.arcgis.com/experience/cab84dcfe0464c2a8050a78f817924ca/page/page_3/,4452136,1946436,1870426,910151
Lithuania,2022-03-03,"Johnson&Johnson, Moderna, Oxford/AstraZeneca, Pfizer/BioNTech",https://experience.arcgis.com/experience/cab84dcfe0464c2a8050a78f817924ca/page/page_3/,4452837,1946527,1870556,910633
Lithuania,2022-03-04,"Johnson&Johnson, Moderna, Oxford/AstraZeneca, Pfizer/BioNTech",https://experience.arcgis.com/experience/cab84dcfe0464c2a8050a78f817924ca/page/page_3/,4453976,1946738,1870777,911341
Lithuania,2022-03-05,"Johnson&Johnson, Moderna, Oxford/AstraZeneca, Pfizer/BioNTech",https://experience.arcgis.com/experience/cab84dcfe0464c2a8050a78f817924ca/page/page_3/,4454061,1946751,1870792,911398
Lithuania,2022-03-06,"Johnson&Johnson, Moderna, Oxford/AstraZeneca, Pfizer/BioNTech",https://experience.arcgis.com/experience/cab84dcfe0464c2a8050a78f817924ca/page/page_3/,4454140,1946759,1870799,911462
Lithuania,2022-03-07,"Johnson&Johnson, Moderna, Oxford/AstraZeneca, Pfizer/BioNTech",https://experience.arcgis.com/experience/cab84dcfe0464c2a8050a78f817924ca/page/page_3/,4454800,1946835,1870921,911922
Lithuania,2022-03-08,"Johnson&Johnson, Moderna, Novavax, Oxford/AstraZeneca, Pfizer/BioNTech",https://experience.arcgis.com/experience/cab84dcfe0464c2a8050a78f817924ca/page/page_3/,4455441,1946925,1871015,912378
Lithuania,2022-03-09,"Johnson&Johnson, Moderna, Novavax, Oxford/AstraZeneca, Pfizer/BioNTech",https://experience.arcgis.com/experience/cab84dcfe0464c2a8050a78f817924ca/page/page_3/,4456147,1947036,1871109,912883
Lithuania,2022-03-10,"Johnson&Johnson, Moderna, Novavax, Oxford/AstraZeneca, Pfizer/BioNTech",https://experience.arcgis.com/experience/cab84dcfe0464c2a8050a78f817924ca/page/page_3/,4457158,1947174,1871290,913579
Lithuania,2022-03-11,"Johnson&Johnson, Moderna, Novavax, Oxford/AstraZeneca, Pfizer/BioNTech",https://experience.arcgis.com/experience/cab84dcfe0464c2a8050a78f817924ca/page/page_3/,4457162,1947175,1871291,913581
Lithuania,2022-03-12,"Johnson&Johnson, Moderna, Novavax, Oxford/AstraZeneca, Pfizer/BioNTech",https://experience.arcgis.com/experience/cab84dcfe0464c2a8050a78f817924ca/page/page_3/,4457228,1947184,1871299,913630
Lithuania,2022-03-13,"Johnson&Johnson, Moderna, Novavax, Oxford/AstraZeneca, Pfizer/BioNTech",https://experience.arcgis.com/experience/cab84dcfe0464c2a8050a78f817924ca/page/page_3/,4457324,1947193,1871307,913709
Lithuania,2022-03-14,"Johnson&Johnson, Moderna, Novavax, Oxford/AstraZeneca, Pfizer/BioNTech",https://experience.arcgis.com/experience/cab84dcfe0464c2a8050a78f817924ca/page/page_3/,4458078,1947339,1871458,914171
Lithuania,2022-03-15,"Johnson&Johnson, Moderna, Novavax, Oxford/AstraZeneca, Pfizer/BioNTech",https://experience.arcgis.com/experience/cab84dcfe0464c2a8050a78f817924ca/page/page_3/,4458834,1947485,1871558,914682
Lithuania,2022-03-16,"Johnson&Johnson, Moderna, Novavax, Oxford/AstraZeneca, Pfizer/BioNTech",https://experience.arcgis.com/experience/cab84dcfe0464c2a8050a78f817924ca/page/page_3/,4459508,1947572,1871648,915179
Lithuania,2022-03-17,"Johnson&Johnson, Moderna, Novavax, Oxford/AstraZeneca, Pfizer/BioNTech",https://experience.arcgis.com/experience/cab84dcfe0464c2a8050a78f817924ca/page/page_3/,4460194,1947675,1871751,915658
Lithuania,2022-03-18,"Johnson&Johnson, Moderna, Novavax, Oxford/AstraZeneca, Pfizer/BioNTech",https://experience.arcgis.com/experience/cab84dcfe0464c2a8050a78f817924ca/page/page_3/,4461126,1947810,1871894,916314
Lithuania,2022-03-19,"Johnson&Johnson, Moderna, Novavax, Oxford/AstraZeneca, Pfizer/BioNTech",https://experience.arcgis.com/experience/cab84dcfe0464c2a8050a78f817924ca/page/page_3/,4461188,1947827,1871903,916350
Lithuania,2022-03-20,"Johnson&Johnson, Moderna, Novavax, Oxford/AstraZeneca, Pfizer/BioNTech",https://experience.arcgis.com/experience/cab84dcfe0464c2a8050a78f817924ca/page/page_3/,4461257,1947831,1871911,916407
Lithuania,2022-03-21,"Johnson&Johnson, Moderna, Novavax, Oxford/AstraZeneca, Pfizer/BioNTech",https://experience.arcgis.com/experience/cab84dcfe0464c2a8050a78f817924ca/page/page_3/,4461789,1947908,1871987,916787
Lithuania,2022-03-22,"Johnson&Johnson, Moderna, Novavax, Oxford/AstraZeneca, Pfizer/BioNTech",https://experience.arcgis.com/experience/cab84dcfe0464c2a8050a78f817924ca/page/page_3/,4462319,1947982,1872065,917168
Lithuania,2022-03-23,"Johnson&Johnson, Moderna, Novavax, Oxford/AstraZeneca, Pfizer/BioNTech",https://experience.arcgis.com/experience/cab84dcfe0464c2a8050a78f817924ca/page/page_3/,4462894,1948062,1872138,917593
Lithuania,2022-03-24,"Johnson&Johnson, Moderna, Novavax, Oxford/AstraZeneca, Pfizer/BioNTech",https://experience.arcgis.com/experience/cab84dcfe0464c2a8050a78f817924ca/page/page_3/,4463563,1948148,1872212,918103
Lithuania,2022-03-25,"Johnson&Johnson, Moderna, Novavax, Oxford/AstraZeneca, Pfizer/BioNTech",https://experience.arcgis.com/experience/cab84dcfe0464c2a8050a78f817924ca/page/page_3/,4464460,1948310,1872344,918710
Lithuania,2022-03-26,"Johnson&Johnson, Moderna, Novavax, Oxford/AstraZeneca, Pfizer/BioNTech",https://experience.arcgis.com/experience/cab84dcfe0464c2a8050a78f817924ca/page/page_3/,4464521,1948322,1872353,918750
Lithuania,2022-03-27,"Johnson&Johnson, Moderna, Novavax, Oxford/AstraZeneca, Pfizer/BioNTech",https://experience.arcgis.com/experience/cab84dcfe0464c2a8050a78f817924ca/page/page_3/,4464591,1948332,1872359,918804
Lithuania,2022-03-28,"Johnson&Johnson, Moderna, Novavax, Oxford/AstraZeneca, Pfizer/BioNTech",https://experience.arcgis.com/experience/cab84dcfe0464c2a8050a78f817924ca/page/page_3/,4465173,1948432,1872446,919198
Lithuania,2022-03-29,"Johnson&Johnson, Moderna, Novavax, Oxford/AstraZeneca, Pfizer/BioNTech",https://experience.arcgis.com/experience/cab84dcfe0464c2a8050a78f817924ca/page/page_3/,4465792,1948518,1872523,919656
Lithuania,2022-03-30,"Johnson&Johnson, Moderna, Novavax, Oxford/AstraZeneca, Pfizer/BioNTech",https://experience.arcgis.com/experience/cab84dcfe0464c2a8050a78f817924ca/page/page_3/,4466497,1948598,1872619,920183
Lithuania,2022-03-31,"Johnson&Johnson, Moderna, Novavax, Oxford/AstraZeneca, Pfizer/BioNTech",https://experience.arcgis.com/experience/cab84dcfe0464c2a8050a78f817924ca/page/page_3/,4467242,1948718,1872726,920701
