location,date,vaccine,source_url,total_vaccinations,people_vaccinated,people_fully_vaccinated,total_boosters
Macao,2021-02-08,Sinopharm/Beijing,https://www.asgam.com/index.php/2021/02/11/macau-vaccinates-first-595-residents-as-more-than-4000-register/,0,,,
Macao,2021-02-09,Sinopharm/Beijing,https://www.asgam.com/index.php/2021/02/11/macau-vaccinates-first-595-residents-as-more-than-4000-register/,595,,,
Macao,2021-02-17,Sinopharm/Beijing,https://www.macaubusiness.com/residents-will-be-resistant-to-vaccination-at-first-health-bureau-doctors-association-president/,2000,,,
Macao,2021-02-22,Sinopharm/Beijing,https://www.gov.mo/zh-hant/news/366405/,3700,,,
Macao,2021-02-24,Sinopharm/Beijing,https://www.gov.mo/zh-hant/news/366595/,9284,,,
Macao,2021-02-25,Sinopharm/Beijing,https://www.gov.mo/zh-hant/news/366747/,10691,,,
Macao,2021-02-26,Sinopharm/Beijing,https://www.gov.mo/zh-hant/news/366898/,11982,,,
Macao,2021-02-28,Sinopharm/Beijing,https://www.gov.mo/zh-hant/news/366973/,14426,,,
Macao,2021-03-01,Sinopharm/Beijing,https://www.gov.mo/zh-hant/news/367211/,15094,,,
Macao,2021-03-02,Sinopharm/Beijing,https://www.gov.mo/zh-hant/news/367552/,16044,,,
Macao,2021-03-03,"Sinopharm/Beijing, Pfizer/BioNTech",https://www.gov.mo/zh-hant/news/367675/,17071,,,
Macao,2021-03-04,"Sinopharm/Beijing, Pfizer/BioNTech",https://www.gov.mo/zh-hant/news/367797/,18098,,,
Macao,2021-03-05,"Sinopharm/Beijing, Pfizer/BioNTech",https://www.gov.mo/zh-hant/news/367971/,19028,,,
Macao,2021-03-06,"Sinopharm/Beijing, Pfizer/BioNTech",https://www.gov.mo/zh-hant/news/367988/,20218,,,
Macao,2021-03-07,"Sinopharm/Beijing, Pfizer/BioNTech",https://www.gov.mo/zh-hant/news/368017/,21056,,,
Macao,2021-03-08,"Sinopharm/Beijing, Pfizer/BioNTech",https://www.gov.mo/zh-hant/news/368091/,21840,,,
Macao,2021-03-09,"Sinopharm/Beijing, Pfizer/BioNTech",https://www.gov.mo/zh-hant/news/368251/,22865,,,
Macao,2021-03-10,"Sinopharm/Beijing, Pfizer/BioNTech",https://www.gov.mo/zh-hant/news/368355/,24040,,,
Macao,2021-03-11,"Sinopharm/Beijing, Pfizer/BioNTech",https://www.gov.mo/zh-hant/news/368525/,25394,,,
Macao,2021-03-12,"Sinopharm/Beijing, Pfizer/BioNTech",https://www.gov.mo/zh-hant/news/368822/,26440,,,
Macao,2021-03-13,"Sinopharm/Beijing, Pfizer/BioNTech",https://www.gov.mo/zh-hant/news/368881/,27637,,,
Macao,2021-03-14,"Sinopharm/Beijing, Pfizer/BioNTech",https://www.gov.mo/zh-hant/news/368936/,28767,,,
Macao,2021-03-15,"Sinopharm/Beijing, Pfizer/BioNTech",https://www.gov.mo/zh-hant/news/369127/,29833,,,
Macao,2021-03-16,"Sinopharm/Beijing, Pfizer/BioNTech",https://www.gov.mo/zh-hant/news/369269/,30913,,,
Macao,2021-03-17,"Sinopharm/Beijing, Pfizer/BioNTech",https://www.gov.mo/zh-hant/news/369435/,31867,,,
Macao,2021-03-18,"Sinopharm/Beijing, Pfizer/BioNTech",https://www.gov.mo/zh-hant/news/369543/,32841,,,
Macao,2021-03-19,"Sinopharm/Beijing, Pfizer/BioNTech",https://www.gov.mo/zh-hant/news/369746/,33927,,,
Macao,2021-03-20,"Sinopharm/Beijing, Pfizer/BioNTech",https://www.gov.mo/zh-hant/news/369786/,35271,,,
Macao,2021-03-21,"Sinopharm/Beijing, Pfizer/BioNTech",https://www.gov.mo/zh-hant/news/369806/,36459,,,
Macao,2021-03-22,"Sinopharm/Beijing, Pfizer/BioNTech",https://www.gov.mo/zh-hant/news/369918/,37707,,,
Macao,2021-03-23,"Sinopharm/Beijing, Pfizer/BioNTech",https://www.gov.mo/zh-hant/news/370103/,39257,,,
Macao,2021-03-24,"Sinopharm/Beijing, Pfizer/BioNTech",https://www.gov.mo/zh-hant/news/370363/,40701,,,
Macao,2021-03-25,"Sinopharm/Beijing, Pfizer/BioNTech",https://www.gov.mo/zh-hant/news/370483/,41948,,,
Macao,2021-03-26,"Sinopharm/Beijing, Pfizer/BioNTech",https://www.gov.mo/zh-hant/news/370703/,43211,,,
Macao,2021-03-27,"Sinopharm/Beijing, Pfizer/BioNTech",https://www.gov.mo/zh-hant/news/370776/,44908,,,
Macao,2021-03-28,"Sinopharm/Beijing, Pfizer/BioNTech",https://www.gov.mo/zh-hant/news/370821/,46286,,,
Macao,2021-03-29,"Sinopharm/Beijing, Pfizer/BioNTech",https://www.gov.mo/zh-hant/news/371037/,47483,,,
Macao,2021-03-30,"Sinopharm/Beijing, Pfizer/BioNTech",https://www.gov.mo/zh-hant/news/371234/,49308,,,
Macao,2021-03-31,"Sinopharm/Beijing, Pfizer/BioNTech",https://www.gov.mo/zh-hant/news/371579/,51017,,,
Macao,2021-04-01,"Sinopharm/Beijing, Pfizer/BioNTech",https://www.gov.mo/zh-hant/news/372183/,52772,,,
Macao,2021-04-02,"Sinopharm/Beijing, Pfizer/BioNTech",https://www.gov.mo/zh-hant/news/372234/,53626,,,
Macao,2021-04-03,"Sinopharm/Beijing, Pfizer/BioNTech",https://www.gov.mo/zh-hant/news/372274/,54704,,,
Macao,2021-04-04,"Sinopharm/Beijing, Pfizer/BioNTech",https://www.gov.mo/zh-hant/news/372281/,55951,,,
Macao,2021-04-05,"Sinopharm/Beijing, Pfizer/BioNTech",https://www.gov.mo/zh-hant/news/372290/,56530,,,
Macao,2021-04-06,"Sinopharm/Beijing, Pfizer/BioNTech",https://www.gov.mo/zh-hant/news/372303/,57251,,,
Macao,2021-04-07,"Sinopharm/Beijing, Pfizer/BioNTech",https://www.gov.mo/zh-hant/news/372612/,58676,41117,17559,
Macao,2021-04-08,"Sinopharm/Beijing, Pfizer/BioNTech",https://www.gov.mo/zh-hant/news/372680/,60778,41914,18864,
Macao,2021-04-09,"Sinopharm/Beijing, Pfizer/BioNTech",https://www.gov.mo/zh-hant/news/372797/,62893,42802,20091,
Macao,2021-04-10,"Sinopharm/Beijing, Pfizer/BioNTech",https://www.gov.mo/zh-hant/news/372866/,65514,43967,21547,
Macao,2021-04-11,"Sinopharm/Beijing, Pfizer/BioNTech",https://www.gov.mo/zh-hant/news/372906/,67431,44838,22593,
Macao,2021-04-12,"Sinopharm/Beijing, Pfizer/BioNTech",https://www.gov.mo/zh-hant/news/372985/,69149,45648,23501,
Macao,2021-04-13,"Sinopharm/Beijing, Pfizer/BioNTech",https://www.gov.mo/zh-hant/news/373074/,71196,46732,24464,
Macao,2021-04-14,"Sinopharm/Beijing, Pfizer/BioNTech",https://www.gov.mo/zh-hant/news/373255/,73100,47812,25288,
Macao,2021-04-15,"Sinopharm/Beijing, Pfizer/BioNTech",https://www.gov.mo/zh-hant/news/373374/,75087,48974,26113,
Macao,2021-04-16,"Sinopharm/Beijing, Pfizer/BioNTech",https://www.gov.mo/zh-hant/news/373511/,77236,50184,27052,
Macao,2021-04-17,"Sinopharm/Beijing, Pfizer/BioNTech",https://www.gov.mo/zh-hant/news/373539/,79921,51612,28309,
Macao,2021-04-18,"Sinopharm/Beijing, Pfizer/BioNTech",https://www.gov.mo/zh-hant/news/373563/,81893,52688,29205,
Macao,2021-04-19,"Sinopharm/Beijing, Pfizer/BioNTech",https://www.gov.mo/zh-hant/news/373726/,83257,53466,29791,
Macao,2021-04-20,"Sinopharm/Beijing, Pfizer/BioNTech",https://www.gov.mo/zh-hant/news/373802/,85011,54622,30389,
Macao,2021-04-21,"Sinopharm/Beijing, Pfizer/BioNTech",https://www.gov.mo/zh-hant/news/373924/,86653,55750,30903,
Macao,2021-04-22,"Sinopharm/Beijing, Pfizer/BioNTech",https://www.gov.mo/zh-hant/news/374082/,88292,56931,31361,
Macao,2021-04-23,"Sinopharm/Beijing, Pfizer/BioNTech",https://www.gov.mo/zh-hant/news/374256/,90063,58186,31877,
Macao,2021-04-24,"Sinopharm/Beijing, Pfizer/BioNTech",https://www.gov.mo/zh-hant/news/374417/,91763,59402,32361,
Macao,2021-04-25,"Sinopharm/Beijing, Pfizer/BioNTech",https://www.gov.mo/zh-hant/news/374471/,93688,60800,32888,
Macao,2021-04-26,"Sinopharm/Beijing, Pfizer/BioNTech",https://www.gov.mo/zh-hant/news/374714/,95629,62155,33474,
Macao,2021-04-27,"Sinopharm/Beijing, Pfizer/BioNTech",https://www.gov.mo/zh-hant/news/374842/,98021,64047,34109,
Macao,2021-04-28,"Sinopharm/Beijing, Pfizer/BioNTech",https://www.gov.mo/zh-hant/news/375035/,100454,65813,34776,
Macao,2021-04-29,"Sinopharm/Beijing, Pfizer/BioNTech",https://www.gov.mo/zh-hant/news/375183/,102444,67115,35464,
Macao,2021-04-30,"Sinopharm/Beijing, Pfizer/BioNTech",https://www.gov.mo/zh-hant/news/375619/,104136,68211,36062,
Macao,2021-05-01,"Sinopharm/Beijing, Pfizer/BioNTech",https://www.gov.mo/zh-hant/news/375676/,106197,69708,36627,
Macao,2021-05-02,"Sinopharm/Beijing, Pfizer/BioNTech",https://www.gov.mo/zh-hant/news/375701/,107714,70655,37197,
Macao,2021-05-03,"Sinopharm/Beijing, Pfizer/BioNTech",https://www.gov.mo/zh-hant/news/375732/,108174,70972,37340,
Macao,2021-05-04,"Pfizer/BioNTech, Sinopharm/Beijing",https://www.gov.mo/zh-hant/news/375926/,109255,71719,37674,
Macao,2021-05-05,"Pfizer/BioNTech, Sinopharm/Beijing",https://www.gov.mo/zh-hant/news/376099/,110952,72879,38213,
Macao,2021-05-06,"Pfizer/BioNTech, Sinopharm/Beijing",https://www.gov.mo/zh-hant/news/376221/,112748,74059,38831,
Macao,2021-05-07,"Pfizer/BioNTech, Sinopharm/Beijing",https://www.gov.mo/zh-hant/news/376468/,114572,75191,39525,
Macao,2021-05-08,"Pfizer/BioNTech, Sinopharm/Beijing",https://www.gov.mo/zh-hant/news/376584/,116885,76529,40505,
Macao,2021-05-09,"Pfizer/BioNTech, Sinopharm/Beijing",https://www.gov.mo/zh-hant/news/376702/,118687,77597,41241,
Macao,2021-05-10,"Pfizer/BioNTech, Sinopharm/Beijing",https://www.gov.mo/zh-hant/news/376885/,120294,78460,41989,
Macao,2021-05-11,"Pfizer/BioNTech, Sinopharm/Beijing",https://www.gov.mo/zh-hant/news/377051/,122288,79526,42929,
Macao,2021-05-12,"Pfizer/BioNTech, Sinopharm/Beijing",https://www.gov.mo/zh-hant/news/378120/,124193,80557,43809,
Macao,2021-05-13,"Pfizer/BioNTech, Sinopharm/Beijing",https://www.gov.mo/zh-hant/news/381644/,126141,81529,44794,
Macao,2021-05-14,"Pfizer/BioNTech, Sinopharm/Beijing",https://www.gov.mo/zh-hant/news/384646/,128147,82451,45884,
Macao,2021-05-15,"Pfizer/BioNTech, Sinopharm/Beijing",https://www.gov.mo/zh-hant/news/388572/,130761,83766,47193,
Macao,2021-05-16,"Pfizer/BioNTech, Sinopharm/Beijing",https://www.gov.mo/zh-hant/news/389817/,132910,84844,48270,
Macao,2021-05-17,"Pfizer/BioNTech, Sinopharm/Beijing",https://www.gov.mo/zh-hant/news/393459/,134586,85731,49070,
Macao,2021-05-18,"Pfizer/BioNTech, Sinopharm/Beijing",https://www.gov.mo/zh-hant/news/396232/,136887,86956,50158,
Macao,2021-05-19,"Pfizer/BioNTech, Sinopharm/Beijing",https://www.gov.mo/zh-hant/news/399670/,138414,87904,50723,
Macao,2021-05-20,"Pfizer/BioNTech, Sinopharm/Beijing",https://www.gov.mo/zh-hant/news/403583/,140121,88771,51618,
Macao,2021-05-21,"Pfizer/BioNTech, Sinopharm/Beijing",https://www.gov.mo/zh-hant/news/406792/,142900,90267,52918,
Macao,2021-05-22,"Pfizer/BioNTech, Sinopharm/Beijing",https://www.gov.mo/zh-hant/news/410848/,146189,92135,54383,
Macao,2021-05-23,"Pfizer/BioNTech, Sinopharm/Beijing",https://www.gov.mo/zh-hant/news/413752/,148793,93566,55580,
Macao,2021-05-24,"Pfizer/BioNTech, Sinopharm/Beijing",https://www.gov.mo/zh-hant/news/418351/,151389,95212,56568,
Macao,2021-05-25,"Pfizer/BioNTech, Sinopharm/Beijing",https://www.gov.mo/zh-hant/news/421287/,154743,97452,57746,
Macao,2021-05-26,"Pfizer/BioNTech, Sinopharm/Beijing",https://www.gov.mo/zh-hant/news/424558/,157263,98911,58837,
Macao,2021-05-27,"Pfizer/BioNTech, Sinopharm/Beijing",https://www.gov.mo/zh-hant/news/428325/,159510,100194,59823,
Macao,2021-05-28,"Pfizer/BioNTech, Sinopharm/Beijing",https://www.gov.mo/zh-hant/news/431831/,162723,102047,61228,
Macao,2021-05-29,"Pfizer/BioNTech, Sinopharm/Beijing",https://www.gov.mo/zh-hant/news/435104/,166856,104579,62859,
Macao,2021-05-31,"Pfizer/BioNTech, Sinopharm/Beijing",https://www.gov.mo/zh-hant/news/441875/,173404,108989,65119,
Macao,2021-06-01,"Pfizer/BioNTech, Sinopharm/Beijing",https://www.gov.mo/zh-hant/news/445260/,177950,112559,66169,
Macao,2021-06-02,"Pfizer/BioNTech, Sinopharm/Beijing",https://www.gov.mo/zh-hant/news/448046/,182969,116564,67247,
Macao,2021-06-03,"Pfizer/BioNTech, Sinopharm/Beijing",https://www.gov.mo/zh-hant/news/451222/,187652,120395,68149,
Macao,2021-06-04,"Pfizer/BioNTech, Sinopharm/Beijing",https://www.gov.mo/zh-hant/news/454974/,192660,124303,69296,
Macao,2021-06-05,"Pfizer/BioNTech, Sinopharm/Beijing",https://www.gov.mo/zh-hant/news/458055/,198781,129062,70708,
Macao,2021-06-06,"Pfizer/BioNTech, Sinopharm/Beijing",https://www.gov.mo/zh-hant/news/460846/,203833,132985,71858,
Macao,2021-06-07,"Pfizer/BioNTech, Sinopharm/Beijing",https://www.gov.mo/zh-hant/news/466362/,209051,137338,72763,
Macao,2021-06-08,"Pfizer/BioNTech, Sinopharm/Beijing",https://www.gov.mo/zh-hant/news/467124/,215775,143117,73733,
Macao,2021-06-09,"Pfizer/BioNTech, Sinopharm/Beijing",https://www.gov.mo/zh-hant/news/470598/,223082,149506,74684,
Macao,2021-06-10,"Pfizer/BioNTech, Sinopharm/Beijing",https://www.gov.mo/zh-hant/news/476375/,230336,155838,75631,
Macao,2021-06-11,"Pfizer/BioNTech, Sinopharm/Beijing",https://www.gov.mo/zh-hant/news/481731/,237236,161811,76579,
Macao,2021-06-12,"Pfizer/BioNTech, Sinopharm/Beijing",https://www.gov.mo/zh-hant/news/485491/,244994,168333,77849,
Macao,2021-06-13,"Pfizer/BioNTech, Sinopharm/Beijing",https://www.gov.mo/zh-hant/news/488127/,250889,173166,78920,
Macao,2021-06-14,"Pfizer/BioNTech, Sinopharm/Beijing",https://www.gov.mo/zh-hant/news/491515/,255556,177279,79485,
Macao,2021-06-15,"Pfizer/BioNTech, Sinopharm/Beijing",https://www.gov.mo/zh-hant/news/496214/,261228,181797,80656,
Macao,2021-06-16,"Pfizer/BioNTech, Sinopharm/Beijing",https://www.gov.mo/zh-hant/news/500478/,267738,187087,81890,
Macao,2021-06-17,"Pfizer/BioNTech, Sinopharm/Beijing",https://www.gov.mo/zh-hant/news/504584/,273738,191961,83036,
Macao,2021-06-18,"Pfizer/BioNTech, Sinopharm/Beijing",https://www.gov.mo/zh-hant/news/508330/,279931,196744,84461,
Macao,2021-06-19,"Pfizer/BioNTech, Sinopharm/Beijing",https://www.gov.mo/zh-hant/news/511379/,286740,201950,86069,
Macao,2021-06-20,"Pfizer/BioNTech, Sinopharm/Beijing",https://www.gov.mo/zh-hant/news/514196/,291995,205772,87506,
Macao,2021-06-21,"Pfizer/BioNTech, Sinopharm/Beijing",https://www.gov.mo/zh-hant/news/517185/,296817,209350,88756,
Macao,2021-06-22,"Pfizer/BioNTech, Sinopharm/Beijing",https://www.gov.mo/zh-hant/news/520718/,302379,213450,90235,
Macao,2021-06-23,"Pfizer/BioNTech, Sinopharm/Beijing",https://www.gov.mo/zh-hant/news/524428/,307506,217211,91618,
Macao,2021-06-24,"Pfizer/BioNTech, Sinopharm/Beijing",https://www.gov.mo/zh-hant/news/527796/,311919,220215,93039,
Macao,2021-06-25,"Pfizer/BioNTech, Sinopharm/Beijing",https://www.gov.mo/zh-hant/news/531643/,316456,223074,94729,
Macao,2021-06-26,"Pfizer/BioNTech, Sinopharm/Beijing",https://www.gov.mo/zh-hant/news/535158/,321521,226057,96821,
Macao,2021-06-27,"Pfizer/BioNTech, Sinopharm/Beijing",https://www.gov.mo/zh-hant/news/539095/,325418,228119,98665,
Macao,2021-06-28,"Pfizer/BioNTech, Sinopharm/Beijing",https://www.gov.mo/zh-hant/news/542538/,329495,229957,100914,
Macao,2021-06-29,"Pfizer/BioNTech, Sinopharm/Beijing",https://www.gov.mo/zh-hant/news/545342/,335125,232597,103923,
Macao,2021-06-30,"Pfizer/BioNTech, Sinopharm/Beijing",https://www.gov.mo/zh-hant/news/548651/,340645,235018,107030,
Macao,2021-07-01,"Pfizer/BioNTech, Sinopharm/Beijing",https://www.gov.mo/zh-hant/news/552495/,347396,238489,110322,
Macao,2021-07-02,"Pfizer/BioNTech, Sinopharm/Beijing",https://www.gov.mo/zh-hant/news/555520/,354557,242025,113957,
Macao,2021-07-03,"Pfizer/BioNTech, Sinopharm/Beijing",https://www.gov.mo/zh-hant/news/559159/,361996,245261,118169,
Macao,2021-07-04,"Pfizer/BioNTech, Sinopharm/Beijing",https://www.gov.mo/zh-hant/news/562189/,367958,247278,118169,
Macao,2021-07-05,"Pfizer/BioNTech, Sinopharm/Beijing",https://www.gov.mo/zh-hant/news/565521/,373898,249564,125793,
Macao,2021-07-06,"Pfizer/BioNTech, Sinopharm/Beijing",https://www.gov.mo/zh-hant/news/569471/,381076,252020,,
Macao,2021-07-07,"Pfizer/BioNTech, Sinopharm/Beijing",https://www.gov.mo/zh-hant/news/573437/,387925,254109,,
Macao,2021-07-08,"Pfizer/BioNTech, Sinopharm/Beijing",https://www.gov.mo/zh-hant/news/577597/,394909,256136,140317,
Macao,2021-07-09,"Pfizer/BioNTech, Sinopharm/Beijing",https://www.gov.mo/zh-hant/news/580438/,401532,257597,145489,
Macao,2021-07-10,"Pfizer/BioNTech, Sinopharm/Beijing",https://www.gov.mo/zh-hant/news/584175/,407780,259544,149809,
Macao,2021-07-11,"Pfizer/BioNTech, Sinopharm/Beijing",https://www.gov.mo/zh-hant/news/587365/,412135,261242,152477,
Macao,2021-07-12,"Pfizer/BioNTech, Sinopharm/Beijing",https://www.gov.mo/zh-hant/news/590034/,417496,262222,156869,
Macao,2021-07-13,"Pfizer/BioNTech, Sinopharm/Beijing",https://www.gov.mo/zh-hant/news/593240/,423905,263428,162082,
Macao,2021-07-14,"Pfizer/BioNTech, Sinopharm/Beijing",https://www.gov.mo/zh-hant/news/596772/,429228,264465,166376,
Macao,2021-07-15,"Pfizer/BioNTech, Sinopharm/Beijing",https://www.gov.mo/zh-hant/news/600257/,434726,265516,170829,
Macao,2021-07-16,"Pfizer/BioNTech, Sinopharm/Beijing",https://www.gov.mo/zh-hant/news/604127/,440549,266623,175554,
Macao,2021-07-17,"Pfizer/BioNTech, Sinopharm/Beijing",https://www.gov.mo/zh-hant/news/606445/,446916,267742,180808,
Macao,2021-07-18,"Pfizer/BioNTech, Sinopharm/Beijing",https://www.gov.mo/zh-hant/news/609562/,451721,268722,184637,
Macao,2021-07-19,"Pfizer/BioNTech, Sinopharm/Beijing",https://www.gov.mo/zh-hant/news/613478/,456510,269923,188238,
Macao,2021-07-20,"Pfizer/BioNTech, Sinopharm/Beijing",https://www.gov.mo/zh-hant/news/617600/,461931,271308,192284,
Macao,2021-07-21,"Pfizer/BioNTech, Sinopharm/Beijing",https://www.gov.mo/zh-hant/news/620487/,466296,272403,195562,
Macao,2021-07-22,"Pfizer/BioNTech, Sinopharm/Beijing",https://www.gov.mo/zh-hant/news/624285/,470805,273508,198980,
Macao,2021-07-23,"Pfizer/BioNTech, Sinopharm/Beijing",https://www.gov.mo/zh-hant/news/629409/,475063,274416,202337,
Macao,2021-07-24,"Pfizer/BioNTech, Sinopharm/Beijing",https://www.gov.mo/zh-hant/news/632080/,480435,275721,206413,
Macao,2021-07-25,"Pfizer/BioNTech, Sinopharm/Beijing",https://www.gov.mo/zh-hant/news/635582/,484119,276654,209171,
Macao,2021-07-26,"Pfizer/BioNTech, Sinopharm/Beijing",https://www.gov.mo/zh-hant/news/640011/,488756,278050,212419,
Macao,2021-07-27,"Pfizer/BioNTech, Sinopharm/Beijing",https://www.gov.mo/zh-hant/news/642568/,492987,279472,215237,
Macao,2021-07-28,"Pfizer/BioNTech, Sinopharm/Beijing",https://www.gov.mo/zh-hant/news/645950/,497048,280803,217975,
Macao,2021-07-29,"Pfizer/BioNTech, Sinopharm/Beijing",https://www.gov.mo/zh-hant/news/649679/,501061,282047,220753,
Macao,2021-07-30,"Pfizer/BioNTech, Sinopharm/Beijing",https://www.gov.mo/zh-hant/news/653807/,505332,283293,223784,
Macao,2021-07-31,"Pfizer/BioNTech, Sinopharm/Beijing",https://www.gov.mo/zh-hant/news/656437/,509754,284657,226851,
Macao,2021-08-01,"Pfizer/BioNTech, Sinopharm/Beijing",https://www.gov.mo/zh-hant/news/658450/,513239,285858,229139,
Macao,2021-08-02,"Pfizer/BioNTech, Sinopharm/Beijing",https://www.gov.mo/zh-hant/news/661526/,516374,286954,231182,
Macao,2021-08-03,"Pfizer/BioNTech, Sinopharm/Beijing",https://www.gov.mo/zh-hant/news/665818/,519521,288085,233203,
Macao,2021-08-04,"Pfizer/BioNTech, Sinopharm/Beijing",https://www.gov.mo/zh-hant/news/669901/,522376,289637,234511,
Macao,2021-08-05,"Pfizer/BioNTech, Sinopharm/Beijing",https://www.gov.mo/zh-hant/news/673405/,523016,289941,234849,
Macao,2021-08-08,"Pfizer/BioNTech, Sinopharm/Beijing",https://www.gov.mo/zh-hant/news/685564/,526406,291569,236612,
Macao,2021-08-09,"Pfizer/BioNTech, Sinopharm/Beijing",https://www.gov.mo/zh-hant/news/689523/,531317,293807,239292,
Macao,2021-08-11,"Pfizer/BioNTech, Sinopharm/Beijing",https://www.gov.mo/zh-hant/news/696871/,540087,297948,243941,
Macao,2021-08-12,"Pfizer/BioNTech, Sinopharm/Beijing",https://www.gov.mo/zh-hant/news/701045/,543272,299677,245400,
Macao,2021-08-13,"Pfizer/BioNTech, Sinopharm/Beijing",https://www.gov.mo/zh-hant/news/705395/,547953,302079,247683,
Macao,2021-08-16,"Pfizer/BioNTech, Sinopharm/Beijing",https://www.gov.mo/zh-hant/news/716617/,561045,309579,253297,
Macao,2021-08-18,"Pfizer/BioNTech, Sinopharm/Beijing",https://www.gov.mo/zh-hant/news/722927/,568863,313538,257174,
Macao,2021-08-23,"Pfizer/BioNTech, Sinopharm/Beijing",https://www.gov.mo/zh-hant/news/741789/,582592,320034,264424,
Macao,2021-08-30,"Pfizer/BioNTech, Sinopharm/Beijing",https://www.gov.mo/zh-hant/news/764134/,598356,326165,274109,
Macao,2021-09-02,"Pfizer/BioNTech, Sinopharm/Beijing",https://www.gov.mo/zh-hant/news/774896/,603152,327783,277313,
Macao,2021-09-06,"Pfizer/BioNTech, Sinopharm/Beijing",https://www.gov.mo/zh-hant/news/788293/,607741,329375,280322,
Macao,2021-09-13,"Pfizer/BioNTech, Sinopharm/Beijing",https://www.gov.mo/zh-hant/news/812923/,621410,332204,291195,
Macao,2021-09-16,"Pfizer/BioNTech, Sinopharm/Beijing",https://www.gov.mo/zh-hant/news/813745/,633071,338450,296643,
Macao,2021-09-20,"Pfizer/BioNTech, Sinopharm/Beijing",https://www.gov.mo/zh-hant/news/814428/,649564,348347,303260,
Macao,2021-09-29,"Pfizer/BioNTech, Sinopharm/Beijing",https://www.gov.mo/zh-hant/news/817673/,667489,360658,308922,
Macao,2021-09-30,"Pfizer/BioNTech, Sinopharm/Beijing",https://www.gov.mo/zh-hant/news/818120/,672372,363744,310726,
Macao,2021-10-01,"Pfizer/BioNTech, Sinopharm/Beijing",https://www.gov.mo/zh-hant/news/818765/,676994,367079,312016,
Macao,2021-10-03,"Pfizer/BioNTech, Sinopharm/Beijing",https://www.gov.mo/zh-hant/news/819129/,684611,372726,313997,
Macao,2021-10-16,"Pfizer/BioNTech, Sinopharm/Beijing",https://www.gov.mo/zh-hant/news/824488/,739977,417135,325440,
Macao,2021-10-18,"Pfizer/BioNTech, Sinopharm/Beijing",https://www.gov.mo/zh-hant/news/825088/,751518,425260,328961,
Macao,2021-10-25,"Pfizer/BioNTech, Sinopharm/Beijing",https://www.gov.mo/zh-hant/news/828595/,790170,451006,343230,
Macao,2021-11-04,"Pfizer/BioNTech, Sinopharm/Beijing",https://www.gov.mo/zh-hant/news/830634/,821561,464836,361897,
Macao,2021-11-22,"Pfizer/BioNTech, Sinopharm/Beijing",https://www.ssm.gov.mo/apps1/PreventCOVID-19/en.aspx,893583,479857,418483,
Macao,2021-11-23,"Pfizer/BioNTech, Sinopharm/Beijing",https://www.ssm.gov.mo/apps1/PreventCOVID-19/en.aspx,897014,480343,420969,
Macao,2021-11-24,"Pfizer/BioNTech, Sinopharm/Beijing",https://www.ssm.gov.mo/apps1/PreventCOVID-19/en.aspx,899935,480892,422937,
Macao,2021-11-26,"Pfizer/BioNTech, Sinopharm/Beijing",https://www.ssm.gov.mo/apps1/PreventCOVID-19/en.aspx,906441,482017,427325,
Macao,2021-11-28,"Pfizer/BioNTech, Sinopharm/Beijing",https://www.ssm.gov.mo/apps1/PreventCOVID-19/en.aspx,912689,482895,431656,
Macao,2021-11-30,"Pfizer/BioNTech, Sinopharm/Beijing",https://www.ssm.gov.mo/apps1/PreventCOVID-19/en.aspx,918971,484255,435527,
Macao,2021-12-02,"Pfizer/BioNTech, Sinopharm/Beijing",https://www.ssm.gov.mo/apps1/PreventCOVID-19/en.aspx,924015,485074,438627,
Macao,2021-12-03,"Pfizer/BioNTech, Sinopharm/Beijing",https://www.ssm.gov.mo/apps1/PreventCOVID-19/en.aspx,926474,485553,440037,
Macao,2021-12-04,"Pfizer/BioNTech, Sinopharm/Beijing",https://www.ssm.gov.mo/apps1/PreventCOVID-19/en.aspx,929018,486049,441620,
Macao,2021-12-05,"Pfizer/BioNTech, Sinopharm/Beijing",https://www.ssm.gov.mo/apps1/PreventCOVID-19/en.aspx,930802,486338,442605,
Macao,2021-12-07,"Pfizer/BioNTech, Sinopharm/Beijing",https://www.ssm.gov.mo/apps1/PreventCOVID-19/en.aspx,934977,487082,444719,
Macao,2021-12-09,"Pfizer/BioNTech, Sinopharm/Beijing",https://www.ssm.gov.mo/apps1/PreventCOVID-19/en.aspx,938595,487672,446555,
Macao,2021-12-11,"Pfizer/BioNTech, Sinopharm/Beijing",https://www.ssm.gov.mo/apps1/PreventCOVID-19/en.aspx,942227,488314,448433,
Macao,2021-12-13,"Pfizer/BioNTech, Sinopharm/Beijing",https://www.ssm.gov.mo/apps1/PreventCOVID-19/en.aspx,945950,488871,450342,
Macao,2021-12-15,"Pfizer/BioNTech, Sinopharm/Beijing",https://www.ssm.gov.mo/apps1/PreventCOVID-19/en.aspx,949981,489450,452324,
Macao,2021-12-16,"Pfizer/BioNTech, Sinopharm/Beijing",https://www.ssm.gov.mo/apps1/PreventCOVID-19/en.aspx,952275,489783,453558,
Macao,2021-12-17,"Pfizer/BioNTech, Sinopharm/Beijing",https://www.ssm.gov.mo/apps1/PreventCOVID-19/en.aspx,954266,490067,454419,
Macao,2021-12-18,"Pfizer/BioNTech, Sinopharm/Beijing",https://www.ssm.gov.mo/apps1/PreventCOVID-19/en.aspx,956156,490428,455298,
Macao,2021-12-20,"Pfizer/BioNTech, Sinopharm/Beijing",https://www.ssm.gov.mo/apps1/PreventCOVID-19/en.aspx,958743,490865,456329,
Macao,2021-12-22,"Pfizer/BioNTech, Sinopharm/Beijing",https://www.ssm.gov.mo/apps1/PreventCOVID-19/en.aspx,960421,491162,456945,
Macao,2021-12-23,"Pfizer/BioNTech, Sinopharm/Beijing",https://www.ssm.gov.mo/apps1/PreventCOVID-19/en.aspx,963077,491671,458034,
Macao,2021-12-25,"Pfizer/BioNTech, Sinopharm/Beijing",https://www.ssm.gov.mo/apps1/PreventCOVID-19/en.aspx,965178,492002,458823,
Macao,2021-12-27,"Pfizer/BioNTech, Sinopharm/Beijing",https://www.ssm.gov.mo/apps1/PreventCOVID-19/en.aspx,967344,492243,459583,
Macao,2021-12-29,"Pfizer/BioNTech, Sinopharm/Beijing",https://www.ssm.gov.mo/apps1/PreventCOVID-19/en.aspx,970888,492828,460950,
Macao,2021-12-30,"Pfizer/BioNTech, Sinopharm/Beijing",https://www.ssm.gov.mo/apps1/PreventCOVID-19/en.aspx,972604,493104,461609,
Macao,2022-01-01,"Pfizer/BioNTech, Sinopharm/Beijing",https://www.ssm.gov.mo/apps1/PreventCOVID-19/en.aspx,974947,493491,462517,
Macao,2022-01-02,"Pfizer/BioNTech, Sinopharm/Beijing",https://www.ssm.gov.mo/apps1/PreventCOVID-19/en.aspx,975878,493642,462859,
Macao,2022-01-03,"Pfizer/BioNTech, Sinopharm/Beijing",https://www.ssm.gov.mo/apps1/PreventCOVID-19/en.aspx,977270,493856,463318,
Macao,2022-01-04,"Pfizer/BioNTech, Sinopharm/Beijing",https://www.ssm.gov.mo/apps1/PreventCOVID-19/en.aspx,979041,494133,463904,
Macao,2022-01-05,"Pfizer/BioNTech, Sinopharm/Beijing",https://www.ssm.gov.mo/apps1/PreventCOVID-19/en.aspx,980845,494416,464430,
Macao,2022-01-06,"Pfizer/BioNTech, Sinopharm/Beijing",https://www.ssm.gov.mo/apps1/PreventCOVID-19/en.aspx,982600,494698,464879,
Macao,2022-01-07,"Pfizer/BioNTech, Sinopharm/Beijing",https://www.ssm.gov.mo/apps1/PreventCOVID-19/en.aspx,984870,495078,465602,
Macao,2022-01-09,"Pfizer/BioNTech, Sinopharm/Beijing",https://www.ssm.gov.mo/apps1/PreventCOVID-19/en.aspx,989499,496041,466732,
Macao,2022-01-10,"Pfizer/BioNTech, Sinopharm/Beijing",https://www.ssm.gov.mo/apps1/PreventCOVID-19/en.aspx,992120,496703,467292,
Macao,2022-01-11,"Pfizer/BioNTech, Sinopharm/Beijing",https://www.ssm.gov.mo/apps1/PreventCOVID-19/en.aspx,994523,497250,467736,
Macao,2022-01-12,"Pfizer/BioNTech, Sinopharm/Beijing",https://www.ssm.gov.mo/apps1/PreventCOVID-19/en.aspx,996946,497682,468141,
Macao,2022-01-13,"Pfizer/BioNTech, Sinopharm/Beijing",https://www.ssm.gov.mo/apps1/PreventCOVID-19/en.aspx,999488,498185,468595,
Macao,2022-01-14,"Pfizer/BioNTech, Sinopharm/Beijing",https://www.ssm.gov.mo/apps1/PreventCOVID-19/en.aspx,1002337,498918,469128,
Macao,2022-01-15,"Pfizer/BioNTech, Sinopharm/Beijing",https://www.ssm.gov.mo/apps1/PreventCOVID-19/en.aspx,1005378,499836,469841,
Macao,2022-01-16,"Pfizer/BioNTech, Sinopharm/Beijing",https://www.ssm.gov.mo/apps1/PreventCOVID-19/en.aspx,1007906,500457,470284,
Macao,2022-01-17,"Pfizer/BioNTech, Sinopharm/Beijing",https://www.ssm.gov.mo/apps1/PreventCOVID-19/en.aspx,1010511,501090,470761,
Macao,2022-01-18,"Pfizer/BioNTech, Sinopharm/Beijing",https://www.ssm.gov.mo/apps1/PreventCOVID-19/en.aspx,1012834,501581,471143,
Macao,2022-01-19,"Pfizer/BioNTech, Sinopharm/Beijing",https://www.ssm.gov.mo/apps1/PreventCOVID-19/en.aspx,1014978,501999,471513,
Macao,2022-01-20,"Pfizer/BioNTech, Sinopharm/Beijing",https://www.ssm.gov.mo/apps1/PreventCOVID-19/en.aspx,1017416,502469,471871,
Macao,2022-01-21,"Pfizer/BioNTech, Sinopharm/Beijing",https://www.ssm.gov.mo/apps1/PreventCOVID-19/en.aspx,1020354,503085,472366,
Macao,2022-01-22,"Pfizer/BioNTech, Sinopharm/Beijing",https://www.ssm.gov.mo/apps1/PreventCOVID-19/en.aspx,1023489,504000,472999,
Macao,2022-01-23,"Pfizer/BioNTech, Sinopharm/Beijing",https://www.ssm.gov.mo/apps1/PreventCOVID-19/en.aspx,1026051,504721,473452,
Macao,2022-01-24,"Pfizer/BioNTech, Sinopharm/Beijing",https://www.ssm.gov.mo/apps1/PreventCOVID-19/en.aspx,1028688,505364,473891,
Macao,2022-01-25,"Pfizer/BioNTech, Sinopharm/Beijing",https://www.ssm.gov.mo/apps1/PreventCOVID-19/en.aspx,1031074,505982,474396,
Macao,2022-01-26,"Pfizer/BioNTech, Sinopharm/Beijing",https://www.ssm.gov.mo/docs/19164/19164_1ebb6efcd6274dafb9b29a64c7bd2355_000_.pdf,1033274,506575,474820,69132
Macao,2022-01-27,"Pfizer/BioNTech, Sinopharm/Beijing",https://www.ssm.gov.mo/docs/19164/19164_b8268b93297c49589d014024dc884ee7_000_.pdf,1035345,507142,475257,70381
Macao,2022-01-28,"Pfizer/BioNTech, Sinopharm/Beijing",https://www.ssm.gov.mo/docs/19164/19164_69a8d189bcc24cb5a6ea536c31b9c4fa_000_.pdf,1037410,507638,475740,71619
Macao,2022-01-29,"Pfizer/BioNTech, Sinopharm/Beijing",https://www.ssm.gov.mo/docs/19164/19164_b44042e99d20495c926847ab2277dac1_000_.pdf,1039254,508153,476200,72555
Macao,2022-01-31,"Pfizer/BioNTech, Sinopharm/Beijing",https://www.ssm.gov.mo/docs/19164/19164_71d503575ba8470fbf93712533770b69_000_.pdf,1041508,508709,476908,73660
Macao,2022-02-01,"Pfizer/BioNTech, Sinopharm/Beijing",https://www.ssm.gov.mo/docs/19164/19164_8f637f38914545358835dbb6e50d4793_000_.pdf,1041721,508749,476954,73797
Macao,2022-02-02,"Pfizer/BioNTech, Sinopharm/Beijing",https://www.ssm.gov.mo/docs/19164/19164_09d75fda1c614d72bed83f10c6f54fc9_000_.pdf,1041948,508782,477009,73940
Macao,2022-02-03,"Pfizer/BioNTech, Sinopharm/Beijing",https://www.ssm.gov.mo/docs/19164/19164_240ba9ca66c2452da202686a6448e734_000_.pdf,1042227,508840,477091,74095
Macao,2022-02-04,"Pfizer/BioNTech, Sinopharm/Beijing",https://www.ssm.gov.mo/docs/19164/19164_fb6f3b0090cc4eab8007a8e4404b6fd9_000_.pdf,1043078,509055,477323,74540
Macao,2022-02-06,"Pfizer/BioNTech, Sinopharm/Beijing",https://www.ssm.gov.mo/docs/19164/19164_ade704e23bd64e19acaa6fd35f19509f_000_.pdf,1045319,509572,478058,75611
Macao,2022-02-08,"Pfizer/BioNTech, Sinopharm/Beijing",https://www.ssm.gov.mo/docs/19164/19164_6cd2374979604d4bbbbbff6543264509_000_.pdf,1048882,510421,479265,77349
Macao,2022-02-09,"Pfizer/BioNTech, Sinopharm/Beijing",https://www.ssm.gov.mo/docs/19164/19164_6ed052576702411db1ac1ecca85ad2ef_000_.pdf,1050804,510845,479793,78479
Macao,2022-02-10,"Pfizer/BioNTech, Sinopharm/Beijing",https://www.ssm.gov.mo/docs/19164/19164_d84c02b1fbca46908a0300101669ec02_000_.pdf,1052938,511306,480284,79843
Macao,2022-02-11,"Pfizer/BioNTech, Sinopharm/Beijing",https://www.ssm.gov.mo/docs/19164/19164_8cae123e8fd4434a845b01c295540756_000_.pdf,1055563,511864,480937,81468
Macao,2022-02-13,"Pfizer/BioNTech, Sinopharm/Beijing",https://www.ssm.gov.mo/docs/19164/19164_01ad1c489e5a4e02b29c474d38a4bf28_000_.pdf,1060471,512878,482131,84382
Macao,2022-02-14,"Pfizer/BioNTech, Sinopharm/Beijing",https://www.ssm.gov.mo/docs/19164/19164_114f5c21bc4c4d9aa9b39e81dc697782_000_.pdf,1062673,513291,482703,85816
Macao,2022-02-15,"Pfizer/BioNTech, Sinopharm/Beijing",https://www.ssm.gov.mo/docs/19164/19164_86267416182b433b942d9699e3647ead_000_.pdf,1064835,513782,483282,87236
Macao,2022-02-16,"Pfizer/BioNTech, Sinopharm/Beijing",https://www.ssm.gov.mo/docs/19164/19164_0bb6414667e045ef97326255efd0ce33_000_.pdf,1067656,514290,483884,89231
Macao,2022-02-17,"Pfizer/BioNTech, Sinopharm/Beijing",https://www.ssm.gov.mo/docs/19164/19164_55e522ab15fe4ecc8d74d814b9bc074b_000_.pdf,1070837,514852,484488,91553
Macao,2022-02-18,"Pfizer/BioNTech, Sinopharm/Beijing",https://www.ssm.gov.mo/docs/19164/19164_1d97dc3ed7f246a68e0c36d5e8a37163_000_.pdf,1074173,515531,485170,93835
Macao,2022-02-19,"Pfizer/BioNTech, Sinopharm/Beijing",https://www.ssm.gov.mo/docs/19164/19164_ab034fe795fb42f3bea0ddad05d12899_000_.pdf,1077695,516877,486009,95408
Macao,2022-02-20,"Pfizer/BioNTech, Sinopharm/Beijing",https://www.ssm.gov.mo/docs/19164/19164_df22af65ba6b48079d55375e603498a5_000_.pdf,1080297,517657,486572,96734
Macao,2022-02-21,"Pfizer/BioNTech, Sinopharm/Beijing",https://www.ssm.gov.mo/docs/19164/19164_e94bd324fe224f42bd8c41e2f69b2261_000_.pdf,1083121,518355,487193,98437
Macao,2022-02-22,"Pfizer/BioNTech, Sinopharm/Beijing",https://www.ssm.gov.mo/docs/19164/19164_b5b593f1cf7049b5b3ca3865eaeb4d02_000_.pdf,1086159,519045,487697,100519
Macao,2022-02-23,"Pfizer/BioNTech, Sinopharm/Beijing",https://www.ssm.gov.mo/docs/19164/19164_0c22b732823f45c2a76a9678ad85cb5b_000_.pdf,1088997,519837,488194,102385
Macao,2022-02-24,"Pfizer/BioNTech, Sinopharm/Beijing",https://www.ssm.gov.mo/docs/19164/19164_92f428cbf36c4940b16f591e4e8139ff_000_.pdf,1092080,520702,488708,104321
Macao,2022-02-25,"Pfizer/BioNTech, Sinopharm/Beijing",https://www.ssm.gov.mo/docs/19164/19164_7feb872760e4437aae5bf724051d6c32_000_.pdf,1096054,521902,489302,106723
Macao,2022-02-28,"Pfizer/BioNTech, Sinopharm/Beijing",https://www.ssm.gov.mo/docs/19164/19164_913a423e798943709c0760d08e15fdef_000_.pdf,1110726,527963,491721,113254
Macao,2022-03-01,"Pfizer/BioNTech, Sinopharm/Beijing",https://www.ssm.gov.mo/docs/19164/19164_3ba6ab14cef04f20abc9c5e45aa5ba8e_000_.pdf,1115323,529598,492281,115899
Macao,2022-03-02,"Pfizer/BioNTech, Sinopharm/Beijing",https://www.ssm.gov.mo/docs/19164/19164_15b4bea03a734acfae24e66f2f52d4d2_000_.pdf,1118657,530695,492644,117924
Macao,2022-03-03,"Pfizer/BioNTech, Sinopharm/Beijing",https://www.ssm.gov.mo/docs/19164/19164_0fae86fe647f4812abef61dfed4c94e9_000_.pdf,1123724,532538,493132,120917
Macao,2022-03-04,"Pfizer/BioNTech, Sinopharm/Beijing",https://www.ssm.gov.mo/docs/19164/19164_d9e994b3d6b0476aabdbdd0c4f16b1ec_000_.pdf,1129138,534758,493569,123876
Macao,2022-03-07,"Pfizer/BioNTech, Sinopharm/Beijing",https://www.ssm.gov.mo/docs/19164/19164_7f59e264ba0142fca75de6e4af5c0fce_000_.pdf,1146256,543710,495159,130726
Macao,2022-03-08,"Pfizer/BioNTech, Sinopharm/Beijing",https://www.ssm.gov.mo/docs/19164/19164_bae18ec2e0e4438ebfb4c68e87cc9df2_000_.pdf,1150812,545419,495649,133286
Macao,2022-03-09,"Pfizer/BioNTech, Sinopharm/Beijing",https://www.ssm.gov.mo/docs/19164/19164_55fa8d4167d44d1f8805a7fbe14f5a48_000_.pdf,1154651,546805,495992,135562
Macao,2022-03-10,"Pfizer/BioNTech, Sinopharm/Beijing",https://www.ssm.gov.mo/docs/19164/19164_bfc968fb62654fcb882afcfe790eae39_000_.pdf,1158664,548370,496404,137831
Macao,2022-03-11,"Pfizer/BioNTech, Sinopharm/Beijing",https://www.ssm.gov.mo/docs/19164/19164_9e99615e89e34c25ba204d337f2ce0a9_000_.pdf,1163782,550737,496874,140303
Macao,2022-03-12,"Pfizer/BioNTech, Sinopharm/Beijing",https://www.ssm.gov.mo/docs/19164/19164_cf58b91bdf6b483da9509d53756e85ee_000_.pdf,1170192,554553,497632,142221
Macao,2022-03-13,"Pfizer/BioNTech, Sinopharm/Beijing",https://www.ssm.gov.mo/docs/19164/19164_5897ba712d9c4eb6b5dbf21b97cd2334_000_.pdf,1174158,556102,498179,144143
Macao,2022-03-14,"Pfizer/BioNTech, Sinopharm/Beijing",https://www.ssm.gov.mo/docs/19164/19164_9b05734d764f4a898e08082c67371980_000_.pdf,1178266,557718,498656,146313
Macao,2022-03-15,"Pfizer/BioNTech, Sinopharm/Beijing",https://www.ssm.gov.mo/docs/19164/19164_d31978ffe4d747529411ac4aea61dfcd_000_.pdf,1181999,558780,499097,148768
Macao,2022-03-16,"Pfizer/BioNTech, Sinopharm/Beijing",https://www.ssm.gov.mo/docs/19164/19164_80329814dc6c4d478aa0ef2666173d8e_000_.pdf,1186299,560444,499597,151213
Macao,2022-03-17,"Pfizer/BioNTech, Sinopharm/Beijing",https://www.ssm.gov.mo/docs/19164/19164_4fb13db57a724e7c81f8616279a12b5c_000_.pdf,1190277,561723,500160,153684
Macao,2022-03-18,"Pfizer/BioNTech, Sinopharm/Beijing",https://www.ssm.gov.mo/docs/19164/19164_3b20f188ed3e40afa77f8a01f88d1876_000_.pdf,1195644,564069,500979,156409
Macao,2022-03-20,"Pfizer/BioNTech, Sinopharm/Beijing",https://www.ssm.gov.mo/docs/19164/19164_850c7eb40d1b4643b5b2beecedeca786_000_.pdf,1206620,569565,502710,160486
Macao,2022-03-21,"Pfizer/BioNTech, Sinopharm/Beijing",https://www.ssm.gov.mo/docs/19164/19164_38c3611ec1584cf38b9fcee985ad5c19_000_.pdf,1210824,570848,503468,163057
Macao,2022-03-22,"Pfizer/BioNTech, Sinopharm/Beijing",https://www.ssm.gov.mo/docs/19164/19164_cbae600d57974aa6b98cbb9e3f4da7b9_000_.pdf,1214641,571954,504084,165466
Macao,2022-03-23,"Pfizer/BioNTech, Sinopharm/Beijing",https://www.ssm.gov.mo/docs/19164/19164_3e652177d0e54f219d2149937bbb838d_000_.pdf,1217772,572819,504663,167416
Macao,2022-03-24,"Pfizer/BioNTech, Sinopharm/Beijing",https://www.ssm.gov.mo/docs/19164/19164_b792c8729e0e435780b5f5bb282575ea_000_.pdf,1220674,573533,505274,169227
Macao,2022-03-25,"Pfizer/BioNTech, Sinopharm/Beijing",https://www.ssm.gov.mo/docs/19164/19164_089b74024c0e484f851f29f5591e4de5_000_.pdf,1225442,575415,506238,171390
Macao,2022-03-27,"Pfizer/BioNTech, Sinopharm/Beijing",https://www.ssm.gov.mo/docs/19164/19164_7925f7ad681e4c7f8f630855f23d590e_000_.pdf,1234964,579206,508878,174695
Macao,2022-03-28,"Pfizer/BioNTech, Sinopharm/Beijing",https://www.ssm.gov.mo/docs/19164/19164_dd2dfe6b739b4964b394d629e656af72_000_.pdf,1238228,579965,509829,176487
Macao,2022-03-30,"Pfizer/BioNTech, Sinopharm/Beijing",https://www.ssm.gov.mo/docs/19164/19164_29236228fbba4a7b879ec16ddca0242f_000_.pdf,1244108,581211,511510,179935
Macao,2022-03-31,"Pfizer/BioNTech, Sinopharm/Beijing",https://www.ssm.gov.mo/docs/19164/19164_a7c55c64c4ae42ffa8f7da6c4ba460b4_000_.pdf,1246959,581872,512314,181527
