location,date,vaccine,source_url,total_vaccinations,people_vaccinated,people_fully_vaccinated,total_boosters
Maldives,2021-02-02,Oxford/AstraZeneca,https://twitter.com/HPA_MV/status/1356649067024183299,880,880,0,
Maldives,2021-02-03,Oxford/AstraZeneca,https://twitter.com/HPA_MV/status/1357011756833456135,1578,1578,0,
Maldives,2021-02-04,Oxford/AstraZeneca,https://twitter.com/HPA_MV/status/1357374641090789377,3204,3204,0,
Maldives,2021-02-05,Oxford/AstraZeneca,https://twitter.com/HPA_MV/status/1357736076589342720,4269,4269,0,
Maldives,2021-02-06,Oxford/AstraZeneca,https://twitter.com/HPA_MV/status/1358098454896136195,6854,6854,0,
Maldives,2021-02-07,Oxford/AstraZeneca,https://twitter.com/HPA_MV/status/1358464324738707459,9752,9752,0,
Maldives,2021-02-08,Oxford/AstraZeneca,https://twitter.com/HPA_MV/status/1358823392561033223,12934,12934,0,
Maldives,2021-02-09,Oxford/AstraZeneca,https://twitter.com/HPA_MV/status/1359185795861602304,16251,16251,0,
Maldives,2021-02-10,Oxford/AstraZeneca,https://twitter.com/HPA_MV/status/1359548125615181826,20161,20161,0,
Maldives,2021-02-11,Oxford/AstraZeneca,https://twitter.com/HPA_MV/status/1359910513426243584,25327,25327,0,
Maldives,2021-02-12,Oxford/AstraZeneca,https://twitter.com/HPA_MV/status/1360273096108892160,27367,27367,0,
Maldives,2021-02-13,Oxford/AstraZeneca,https://twitter.com/HPA_MV/status/1360636939469266944,33106,33106,0,
Maldives,2021-02-14,Oxford/AstraZeneca,https://twitter.com/HPA_MV/status/1360999555999875072,38591,38591,0,
Maldives,2021-02-15,Oxford/AstraZeneca,https://twitter.com/HPA_MV/status/1361362658117750786,43817,43817,0,
Maldives,2021-02-16,Oxford/AstraZeneca,https://twitter.com/HPA_MV/status/1361722717821632515,50047,50047,0,
Maldives,2021-02-17,Oxford/AstraZeneca,https://twitter.com/HPA_MV/status/1362087215065612295,56218,56218,0,
Maldives,2021-02-18,Oxford/AstraZeneca,https://twitter.com/HPA_MV/status/1362449026935881729,64048,64048,0,
Maldives,2021-02-19,Oxford/AstraZeneca,https://twitter.com/HPA_MV/status/1362470543723790336,64048,64048,0,
Maldives,2021-02-20,Oxford/AstraZeneca,https://twitter.com/HPA_MV/status/1363176863099715584,70009,70009,0,
Maldives,2021-02-21,Oxford/AstraZeneca,https://twitter.com/HPA_MV/status/1363547822302384137,75013,75013,0,
Maldives,2021-02-22,Oxford/AstraZeneca,https://twitter.com/HPA_MV/status/1363901092355006471,80159,80159,0,
Maldives,2021-02-23,Oxford/AstraZeneca,https://twitter.com/HPA_MV/status/1364262813653487623,85110,85110,0,
Maldives,2021-02-24,Oxford/AstraZeneca,https://twitter.com/HPA_MV/status/1364621580018593799,90865,90865,0,
Maldives,2021-02-25,Oxford/AstraZeneca,https://twitter.com/HPA_MV/status/1365003354817122307,98311,98311,0,
Maldives,2021-02-26,Oxford/AstraZeneca,https://twitter.com/HPA_MV/status/1365351011389493256,99419,99419,0,
Maldives,2021-02-27,Oxford/AstraZeneca,https://twitter.com/HPA_MV/status/1365710323005747205,105492,105492,0,
Maldives,2021-02-28,Oxford/AstraZeneca,https://twitter.com/HPA_MV/status/1366073931422183430,111415,111415,0,
Maldives,2021-03-01,Oxford/AstraZeneca,https://twitter.com/HPA_MV/status/1366436605741981699,117115,117115,0,
Maldives,2021-03-02,Oxford/AstraZeneca,https://twitter.com/HPA_MV/status/1366798802603155457,123665,123665,0,
Maldives,2021-03-03,Oxford/AstraZeneca,https://twitter.com/HPA_MV/status/1367158279718252545,129424,129424,0,
Maldives,2021-03-04,Oxford/AstraZeneca,https://twitter.com/HPA_MV/status/1367524905370202118,137124,137124,0,
Maldives,2021-03-05,Oxford/AstraZeneca,https://twitter.com/HPA_MV/status/1367883045831839748,138827,138827,0,
Maldives,2021-03-06,Oxford/AstraZeneca,https://twitter.com/HPA_MV/status/1368247419624914948,145768,145768,0,
Maldives,2021-03-07,Oxford/AstraZeneca,https://twitter.com/HPA_MV/status/1368611069422354440,151643,151643,0,
Maldives,2021-03-08,Oxford/AstraZeneca,https://twitter.com/HPA_MV/status/1368970090503413765,157813,157813,0,
Maldives,2021-03-09,Oxford/AstraZeneca,https://twitter.com/HPA_MV/status/1369336807326941190,165675,165675,0,
Maldives,2021-03-10,Oxford/AstraZeneca,https://twitter.com/HPA_MV/status/1369702549054517248,175456,175456,0,
Maldives,2021-03-11,Oxford/AstraZeneca,https://twitter.com/HPA_MV/status/1370061165888409605,186930,186930,0,
Maldives,2021-03-12,Oxford/AstraZeneca,https://twitter.com/HPA_MV/status/1370419731929436162,188436,188436,0,
Maldives,2021-03-13,Oxford/AstraZeneca,https://twitter.com/HPA_MV/status/1370784892825563140,198206,198206,0,
Maldives,2021-03-14,Oxford/AstraZeneca,https://twitter.com/HPA_MV/status/1371153339115839495,206114,206114,0,
Maldives,2021-03-15,"Oxford/AstraZeneca, Sinopharm/Beijing",https://twitter.com/HPA_MV/status/1371507306538659840,212711,212711,0,
Maldives,2021-03-16,"Oxford/AstraZeneca, Sinopharm/Beijing",https://twitter.com/HPA_MV/status/1371869526321737730,214486,214486,0,
Maldives,2021-03-17,"Oxford/AstraZeneca, Sinopharm/Beijing",https://twitter.com/HPA_MV/status/1372234519085002753,215852,215852,0,
Maldives,2021-03-18,"Oxford/AstraZeneca, Sinopharm/Beijing",https://twitter.com/HPA_MV/status/1372599360995913729,217597,217597,0,
Maldives,2021-03-19,"Oxford/AstraZeneca, Sinopharm/Beijing",https://twitter.com/HPA_MV/status/1372956436846755847,218046,218046,0,
Maldives,2021-03-20,"Oxford/AstraZeneca, Sinopharm/Beijing",https://twitter.com/HPA_MV/status/1373321135975202819,218645,218645,0,
Maldives,2021-03-21,"Oxford/AstraZeneca, Sinopharm/Beijing",https://twitter.com/HPA_MV/status/1373685000504279044,218912,218912,0,
Maldives,2021-03-22,"Oxford/AstraZeneca, Sinopharm/Beijing",https://twitter.com/HPA_MV/status/1374046146587418630,220768,220768,0,
Maldives,2021-03-23,"Oxford/AstraZeneca, Sinopharm/Beijing",https://twitter.com/HPA_MV/status/1374419673261830144,222970,222970,0,
Maldives,2021-03-24,"Oxford/AstraZeneca, Sinopharm/Beijing",https://twitter.com/HPA_MV/status/1374776952796643341,224979,224979,0,
Maldives,2021-03-25,"Oxford/AstraZeneca, Sinopharm/Beijing",https://twitter.com/HPA_MV/status/1375132628068798464,227423,227423,0,
Maldives,2021-03-26,"Oxford/AstraZeneca, Sinopharm/Beijing, Pfizer/BioNTech",https://twitter.com/HPA_MV/status/1375492849450422278,227696,227696,0,
Maldives,2021-03-27,"Oxford/AstraZeneca, Sinopharm/Beijing, Pfizer/BioNTech",https://twitter.com/HPA_MV/status/1375856137849856003,230130,230130,0,
Maldives,2021-03-28,"Oxford/AstraZeneca, Sinopharm/Beijing, Pfizer/BioNTech",https://twitter.com/HPA_MV/status/1376221896581148676,232175,232175,0,
Maldives,2021-03-29,"Oxford/AstraZeneca, Sinopharm/Beijing, Pfizer/BioNTech",https://twitter.com/HPA_MV/status/1376584073519398912,233875,233875,0,
Maldives,2021-03-30,"Oxford/AstraZeneca, Sinopharm/Beijing, Pfizer/BioNTech",https://twitter.com/HPA_MV/status/1376946234313740289,235682,235682,0,
Maldives,2021-03-31,"Oxford/AstraZeneca, Sinopharm/Beijing, Pfizer/BioNTech",https://twitter.com/HPA_MV/status/1377309854155468808,237716,237716,0,
Maldives,2021-04-01,"Oxford/AstraZeneca, Sinopharm/Beijing, Pfizer/BioNTech",https://twitter.com/HPA_MV/status/1377684021711233025,240773,240773,0,
Maldives,2021-04-02,"Oxford/AstraZeneca, Sinopharm/Beijing, Pfizer/BioNTech",https://twitter.com/HPA_MV/status/1378032701614133248,241127,241127,0,
Maldives,2021-04-03,"Oxford/AstraZeneca, Sinopharm/Beijing, Pfizer/BioNTech",https://twitter.com/HPA_MV/status/1378395561506729987,245470,243749,1721,
Maldives,2021-04-04,"Oxford/AstraZeneca, Sinopharm/Beijing, Pfizer/BioNTech",https://twitter.com/HPA_MV/status/1378760475136065537,250633,246896,3737,
Maldives,2021-04-05,"Oxford/AstraZeneca, Sinopharm/Beijing, Pfizer/BioNTech",https://twitter.com/HPA_MV/status/1379123879285678084,256892,251139,5753,
Maldives,2021-04-06,"Oxford/AstraZeneca, Sinopharm/Beijing, Pfizer/BioNTech",https://twitter.com/HPA_MV/status/1379494654308016132,263832,255881,7951,
Maldives,2021-04-07,"Oxford/AstraZeneca, Sinopharm/Beijing, Pfizer/BioNTech",https://twitter.com/HPA_MV/status/1379996506330046474,270854,260285,10569,
Maldives,2021-04-08,"Oxford/AstraZeneca, Sinopharm/Beijing, Pfizer/BioNTech",https://twitter.com/HPA_MV/status/1380210035133796352,280186,265235,14951,
Maldives,2021-04-09,"Oxford/AstraZeneca, Sinopharm/Beijing, Pfizer/BioNTech",https://twitter.com/HPA_MV/status/1380578774912135172,282926,267795,15131,
Maldives,2021-04-10,"Oxford/AstraZeneca, Sinopharm/Beijing, Pfizer/BioNTech",https://twitter.com/HPA_MV/status/1380938448425512963,283753,268459,15294,
Maldives,2021-04-12,"Oxford/AstraZeneca, Sinopharm/Beijing, Pfizer/BioNTech",https://twitter.com/HPA_MV/status/1381860285703577602,299029,273660,25369,
Maldives,2021-04-14,"Oxford/AstraZeneca, Sinopharm/Beijing, Pfizer/BioNTech",https://twitter.com/HPA_MV/status/1382649191558647809,303752,274782,28970,
Maldives,2021-04-15,"Oxford/AstraZeneca, Sinopharm/Beijing, Pfizer/BioNTech",https://twitter.com/HPA_MV/status/1383025530220388358,312053,277522,34531,
Maldives,2021-04-16,"Oxford/AstraZeneca, Sinopharm/Beijing, Pfizer/BioNTech",https://twitter.com/HPA_MV/status/1383394786787221510,313363,278069,35294,
Maldives,2021-04-17,"Oxford/AstraZeneca, Sinopharm/Beijing, Pfizer/BioNTech",https://twitter.com/HPA_MV/status/1383758067930566663,319532,279302,40230,
Maldives,2021-04-18,"Oxford/AstraZeneca, Sinopharm/Beijing, Pfizer/BioNTech",https://twitter.com/HPA_MV/status/1384123171196964870,327665,281848,45817,
Maldives,2021-04-19,"Oxford/AstraZeneca, Sinopharm/Beijing, Pfizer/BioNTech",https://twitter.com/HPA_MV/status/1384486740094689287,335323,283973,51350,
Maldives,2021-04-20,"Oxford/AstraZeneca, Sinopharm/Beijing, Pfizer/BioNTech",https://twitter.com/HPA_MV/status/1384845511522455553,342379,285562,56817,
Maldives,2021-04-21,"Oxford/AstraZeneca, Sinopharm/Beijing, Pfizer/BioNTech",https://twitter.com/HPA_MV/status/1385209993524252674,349757,287171,62586,
Maldives,2021-04-22,"Oxford/AstraZeneca, Sinopharm/Beijing, Pfizer/BioNTech",https://twitter.com/HPA_MV/status/1385633118783086595,358705,288903,69802,
Maldives,2021-04-23,"Oxford/AstraZeneca, Sinopharm/Beijing, Pfizer/BioNTech",https://twitter.com/HPA_MV/status/1386005168500527104,360997,290014,70983,
Maldives,2021-04-24,"Oxford/AstraZeneca, Sinopharm/Beijing, Pfizer/BioNTech",https://twitter.com/HPA_MV/status/1386366350868762625,368150,291227,76923,
Maldives,2021-04-25,"Oxford/AstraZeneca, Sinopharm/Beijing, Pfizer/BioNTech",https://twitter.com/HPA_MV/status/1386722164112465922,375240,292413,82827,
Maldives,2021-04-26,"Oxford/AstraZeneca, Sinopharm/Beijing, Pfizer/BioNTech",https://twitter.com/HPA_MV/status/1387128747778723846,382078,293429,88649,
Maldives,2021-04-27,"Oxford/AstraZeneca, Sinopharm/Beijing, Pfizer/BioNTech",https://twitter.com/HPA_MV/status/1387449737515724800,386881,294269,92612,
Maldives,2021-04-28,"Oxford/AstraZeneca, Sinopharm/Beijing, Pfizer/BioNTech",https://twitter.com/HPA_MV/status/1387800811632140291,392590,295251,97339,
Maldives,2021-04-29,"Oxford/AstraZeneca, Sinopharm/Beijing, Pfizer/BioNTech",https://twitter.com/HPA_MV/status/1388187302212476934,397875,296529,101346,
Maldives,2021-05-01,"Oxford/AstraZeneca, Sinopharm/Beijing, Pfizer/BioNTech",https://twitter.com/HPA_MV/status/1388549670012555265,399550,296961,102589,
Maldives,2021-05-02,"Oxford/AstraZeneca, Sinopharm/Beijing, Pfizer/BioNTech",https://twitter.com/HPA_MV/status/1389275638519918592,406133,297639,108494,
Maldives,2021-05-03,"Oxford/AstraZeneca, Sinopharm/Beijing, Pfizer/BioNTech",https://twitter.com/HPA_MV/status/1389637945666068486,412636,298396,114240,
Maldives,2021-05-04,"Oxford/AstraZeneca, Sinopharm/Beijing, Pfizer/BioNTech",https://twitter.com/HPA_MV/status/1389996641650831360,418925,299407,119518,
Maldives,2021-05-05,"Oxford/AstraZeneca, Sinopharm/Beijing, Pfizer/BioNTech",https://twitter.com/HPA_MV/status/1390357550453780484,423770,300189,123581,
Maldives,2021-05-06,"Oxford/AstraZeneca, Sinopharm/Beijing, Pfizer/BioNTech",https://twitter.com/HPA_MV/status/1390720397394407424,427228,300438,126790,
Maldives,2021-05-07,"Oxford/AstraZeneca, Sinopharm/Beijing, Pfizer/BioNTech",https://twitter.com/HPA_MV/status/1391078928287100930,428831,300664,128167,
Maldives,2021-05-08,"Oxford/AstraZeneca, Sinopharm/Beijing, Pfizer/BioNTech",https://twitter.com/HPA_MV/status/1391450118717509638,431792,300906,130886,
Maldives,2021-05-09,"Oxford/AstraZeneca, Sinopharm/Beijing, Pfizer/BioNTech",https://twitter.com/HPA_MV/status/1391808030082101249,435236,301239,133997,
Maldives,2021-05-10,"Oxford/AstraZeneca, Sinopharm/Beijing, Pfizer/BioNTech",https://twitter.com/HPA_MV/status/1392166706852761600,437912,301707,136205,
Maldives,2021-05-11,"Oxford/AstraZeneca, Sinopharm/Beijing, Pfizer/BioNTech",https://twitter.com/HPA_MV/status/1392535851821793285,440987,302097,138890,
Maldives,2021-05-12,"Oxford/AstraZeneca, Sinopharm/Beijing, Pfizer/BioNTech",https://twitter.com/HPA_MV/status/1392899118750572545,442560,302482,140078,
Maldives,2021-05-13,"Oxford/AstraZeneca, Sinopharm/Beijing, Pfizer/BioNTech",https://twitter.com/HPA_MV/status/1393262640143552513,443176,302506,140670,
Maldives,2021-05-14,"Oxford/AstraZeneca, Sinopharm/Beijing, Pfizer/BioNTech",https://twitter.com/HPA_MV/status/1393801066282590211,443936,302688,141248,
Maldives,2021-05-15,"Oxford/AstraZeneca, Sinopharm/Beijing, Pfizer/BioNTech",https://twitter.com/HPA_MV/status/1393981009394237443,445887,302974,142913,
Maldives,2021-05-16,"Oxford/AstraZeneca, Sinopharm/Beijing, Pfizer/BioNTech",https://twitter.com/HPA_MV/status/1394341449873846273,448708,303336,145372,
Maldives,2021-05-17,"Oxford/AstraZeneca, Sinopharm/Beijing, Pfizer/BioNTech",https://twitter.com/HPA_MV/status/1394704840098336769,451601,303919,147682,
Maldives,2021-05-18,"Oxford/AstraZeneca, Sinopharm/Beijing, Pfizer/BioNTech",https://twitter.com/HPA_MV/status/1395069142827339783,453829,304394,149435,
Maldives,2021-05-19,"Oxford/AstraZeneca, Sinopharm/Beijing, Pfizer/BioNTech",https://twitter.com/HPA_MV/status/1395430105183244288,455940,304861,151079,
Maldives,2021-05-21,"Oxford/AstraZeneca, Sinopharm/Beijing, Pfizer/BioNTech",https://twitter.com/HPA_MV/status/1396150256476180481,459347,305401,153946,
Maldives,2021-05-22,"Oxford/AstraZeneca, Sinopharm/Beijing, Pfizer/BioNTech",https://twitter.com/HPA_MV/status/1396512166765686787,461852,305850,156002,
Maldives,2021-05-23,"Oxford/AstraZeneca, Sinopharm/Beijing, Pfizer/BioNTech",https://twitter.com/HPA_MV/status/1396881963068235777,464505,306430,158075,
Maldives,2021-05-24,"Oxford/AstraZeneca, Sinopharm/Beijing, Pfizer/BioNTech",https://twitter.com/HPA_MV/status/1397417308327346178,466740,307210,159530,
Maldives,2021-05-25,"Oxford/AstraZeneca, Sinopharm/Beijing, Pfizer/BioNTech",https://twitter.com/HPA_MV/status/1397599080637816835,469381,307927,161454,
Maldives,2021-05-26,"Oxford/AstraZeneca, Sinopharm/Beijing, Pfizer/BioNTech",https://twitter.com/HPA_MV/status/1397972206680825856,470836,308423,162413,
Maldives,2021-05-27,"Oxford/AstraZeneca, Sinopharm/Beijing, Pfizer/BioNTech",https://twitter.com/HPA_MV/status/1398329149698105344,472694,308905,163789,
Maldives,2021-05-28,"Oxford/AstraZeneca, Sinopharm/Beijing, Pfizer/BioNTech",https://twitter.com/HPA_MV/status/1398837788447940612,473035,309022,164013,
Maldives,2021-05-29,"Oxford/AstraZeneca, Sinopharm/Beijing, Pfizer/BioNTech",https://twitter.com/HPA_MV/status/1399048273604669442,474625,309444,165181,
Maldives,2021-05-30,"Oxford/AstraZeneca, Sinopharm/Beijing, Pfizer/BioNTech",https://twitter.com/HPA_MV/status/1399411520442834952,476305,309815,166490,
Maldives,2021-05-31,"Oxford/AstraZeneca, Sinopharm/Beijing, Pfizer/BioNTech",https://twitter.com/HPA_MV/status/1399775029793984518,477916,310159,167757,
Maldives,2021-06-01,"Oxford/AstraZeneca, Sinopharm/Beijing, Pfizer/BioNTech",https://twitter.com/HPA_MV/status/1400145687048720385,479294,310405,168889,
Maldives,2021-06-02,"Oxford/AstraZeneca, Sinopharm/Beijing, Pfizer/BioNTech",https://twitter.com/HPA_MV/status/1400498386898325506,480939,310834,170105,
Maldives,2021-06-03,"Oxford/AstraZeneca, Sinopharm/Beijing, Pfizer/BioNTech",https://twitter.com/HPA_MV/status/1400860547814285313,482340,311225,171115,
Maldives,2021-06-04,"Oxford/AstraZeneca, Sinopharm/Beijing, Pfizer/BioNTech",https://twitter.com/HPA_MV/status/1401226081449824256,482628,311325,171303,
Maldives,2021-06-05,"Oxford/AstraZeneca, Sinopharm/Beijing, Pfizer/BioNTech",https://twitter.com/HPA_MV/status/1401589732920872967,484003,311740,172263,
Maldives,2021-06-06,"Oxford/AstraZeneca, Sinopharm/Beijing, Pfizer/BioNTech",https://twitter.com/HPA_MV/status/1401951092070502403,485424,312133,173291,
Maldives,2021-06-07,"Oxford/AstraZeneca, Sinopharm/Beijing, Pfizer/BioNTech",https://twitter.com/HPA_MV/status/1402312091025887233,486833,312574,174259,
Maldives,2021-06-08,"Oxford/AstraZeneca, Sinopharm/Beijing, Pfizer/BioNTech",https://twitter.com/HPA_MV/status/1402673671081136128,488203,313085,175118,
Maldives,2021-06-09,"Oxford/AstraZeneca, Sinopharm/Beijing, Pfizer/BioNTech",https://twitter.com/HPA_MV/status/1403035128738107395,489415,313485,175930,
Maldives,2021-06-10,"Oxford/AstraZeneca, Sinopharm/Beijing, Pfizer/BioNTech",https://twitter.com/HPA_MV/status/1403397593137238016,490407,313609,176798,
Maldives,2021-06-12,"Oxford/AstraZeneca, Sinopharm/Beijing, Pfizer/BioNTech",https://twitter.com/HPA_MV/status/1404122386648076293,491834,313865,177969,
Maldives,2021-06-13,"Oxford/AstraZeneca, Sinopharm/Beijing, Pfizer/BioNTech",https://twitter.com/HPA_MV/status/1404487445643632640,492718,314059,178659,
Maldives,2021-06-14,"Oxford/AstraZeneca, Sinopharm/Beijing, Pfizer/BioNTech",https://twitter.com/HPA_MV/status/1404849477651877890,493630,314194,179436,
Maldives,2021-06-15,"Oxford/AstraZeneca, Sinopharm/Beijing, Pfizer/BioNTech",https://twitter.com/HPA_MV/status/1405210768585359362,494794,314538,180256,
Maldives,2021-06-16,"Oxford/AstraZeneca, Sinopharm/Beijing, Pfizer/BioNTech",https://twitter.com/HPA_MV/status/1405586473227735045,495873,314755,181118,
Maldives,2021-06-17,"Oxford/AstraZeneca, Sinopharm/Beijing, Pfizer/BioNTech",https://twitter.com/HPA_MV/status/1405936816344109057,496662,314903,181759,
Maldives,2021-06-19,"Oxford/AstraZeneca, Sinopharm/Beijing, Pfizer/BioNTech",https://twitter.com/HPA_MV/status/1406663443378176003,497871,315156,182715,
Maldives,2021-06-20,"Oxford/AstraZeneca, Sinopharm/Beijing, Pfizer/BioNTech",https://twitter.com/HPA_MV/status/1407024013407264769,498655,315282,183373,
Maldives,2021-06-21,"Oxford/AstraZeneca, Sinopharm/Beijing, Pfizer/BioNTech",https://twitter.com/HPA_MV/status/1407384168397348866,499609,315397,184212,
Maldives,2021-06-22,"Oxford/AstraZeneca, Sinopharm/Beijing, Pfizer/BioNTech",https://twitter.com/HPA_MV/status/1407746469176614914,500485,315620,184865,
Maldives,2021-06-23,"Oxford/AstraZeneca, Sinopharm/Beijing, Pfizer/BioNTech",https://twitter.com/HPA_MV/status/1408127209609469954,501493,315822,185671,
Maldives,2021-06-24,"Oxford/AstraZeneca, Sinopharm/Beijing, Pfizer/BioNTech",https://twitter.com/HPA_MV/status/1408472848981659649,502546,315975,186571,
Maldives,2021-06-25,"Oxford/AstraZeneca, Sinopharm/Beijing, Pfizer/BioNTech",https://twitter.com/HPA_MV/status/1408836987239366657,502846,316069,186777,
Maldives,2021-06-26,"Oxford/AstraZeneca, Sinopharm/Beijing, Pfizer/BioNTech",https://twitter.com/HPA_MV/status/1409196492418469889,503997,316261,187736,
Maldives,2021-06-27,"Oxford/AstraZeneca, Sinopharm/Beijing, Pfizer/BioNTech",https://twitter.com/HPA_MV/status/1409558575102390278,505285,316497,188788,
Maldives,2021-06-28,"Oxford/AstraZeneca, Sinopharm/Beijing, Pfizer/BioNTech",https://twitter.com/HPA_MV/status/1409921912474509313,506233,316704,189529,
Maldives,2021-06-29,"Oxford/AstraZeneca, Sinopharm/Beijing, Pfizer/BioNTech",https://twitter.com/HPA_MV/status/1410285195463254022,507074,316847,190227,
Maldives,2021-06-30,"Oxford/AstraZeneca, Sinopharm/Beijing, Pfizer/BioNTech",https://twitter.com/HPA_MV/status/1410659180805988352,507741,317012,190729,
Maldives,2021-07-01,"Oxford/AstraZeneca, Sinopharm/Beijing, Pfizer/BioNTech",https://twitter.com/HPA_MV/status/1411009044769173507,508655,317214,191441,
Maldives,2021-07-02,"Oxford/AstraZeneca, Sinopharm/Beijing, Pfizer/BioNTech",https://twitter.com/HPA_MV/status/1411372206672605185,508969,317244,191725,
Maldives,2021-07-03,"Oxford/AstraZeneca, Sinopharm/Beijing, Pfizer/BioNTech",https://twitter.com/HPA_MV/status/1411736581195517954,509637,317316,192321,
Maldives,2021-07-04,"Oxford/AstraZeneca, Sinopharm/Beijing, Pfizer/BioNTech",https://twitter.com/HPA_MV/status/1412095228677292032,512200,317398,194802,
Maldives,2021-07-05,"Oxford/AstraZeneca, Sinopharm/Beijing, Pfizer/BioNTech",https://twitter.com/HPA_MV/status/1412457963894104070,517333,317549,199784,
Maldives,2021-07-06,"Oxford/AstraZeneca, Sinopharm/Beijing, Pfizer/BioNTech",https://twitter.com/HPA_MV/status/1412821390806241281,524007,317762,206245,
Maldives,2021-07-07,"Oxford/AstraZeneca, Sinopharm/Beijing, Pfizer/BioNTech",https://twitter.com/HPA_MV/status/1413196180989771779,530921,317869,213052,
Maldives,2021-07-08,"Oxford/AstraZeneca, Sinopharm/Beijing, Pfizer/BioNTech",https://twitter.com/HPA_MV/status/1413546936792092673,537803,318142,219661,
Maldives,2021-07-09,"Oxford/AstraZeneca, Sinopharm/Beijing, Pfizer/BioNTech",https://twitter.com/HPA_MV/status/1413909468362928128,539092,318142,220950,
Maldives,2021-07-11,"Oxford/AstraZeneca, Sinopharm/Beijing, Pfizer/BioNTech",https://twitter.com/HPA_MV/status/1414633752156774407,554371,318756,235615,
Maldives,2021-07-12,"Oxford/AstraZeneca, Sinopharm/Beijing, Pfizer/BioNTech",https://twitter.com/HPA_MV/status/1415000625922801665,561748,319378,242370,
Maldives,2021-07-13,"Oxford/AstraZeneca, Sinopharm/Beijing, Pfizer/BioNTech",https://twitter.com/HPA_MV/status/1415358803357233157,566553,319712,246841,
Maldives,2021-07-14,"Oxford/AstraZeneca, Sinopharm/Beijing, Pfizer/BioNTech",https://twitter.com/HPA_MV/status/1415732059549552643,571291,320059,251232,
Maldives,2021-07-15,"Oxford/AstraZeneca, Sinopharm/Beijing, Pfizer/BioNTech",https://twitter.com/HPA_MV/status/1416082931634769920,575737,320457,255280,
Maldives,2021-07-16,"Oxford/AstraZeneca, Sinopharm/Beijing, Pfizer/BioNTech",https://twitter.com/HPA_MV/status/1416445794949898241,576436,320482,255954,
Maldives,2021-07-17,"Oxford/AstraZeneca, Sinopharm/Beijing, Pfizer/BioNTech",https://twitter.com/HPA_MV/status/1416815739898499073,579301,320776,258525,
Maldives,2021-07-19,"Oxford/AstraZeneca, Sinopharm/Beijing, Pfizer/BioNTech",https://twitter.com/HPA_MV/status/1417541645705252865,580648,320887,259761,
Maldives,2021-07-21,"Oxford/AstraZeneca, Sinopharm/Beijing, Pfizer/BioNTech",https://twitter.com/HPA_MV/status/1418267748501622785,581272,320991,260281,
Maldives,2021-07-22,"Oxford/AstraZeneca, Sinopharm/Beijing, Pfizer/BioNTech",https://twitter.com/HPA_MV/status/1418623213832073216,581726,321107,260619,
Maldives,2021-07-23,"Oxford/AstraZeneca, Sinopharm/Beijing, Pfizer/BioNTech",https://twitter.com/HPA_MV/status/1419000122944278531,582029,321255,260774,
Maldives,2021-07-24,"Oxford/AstraZeneca, Sinopharm/Beijing, Pfizer/BioNTech",https://twitter.com/HPA_MV/status/1419348686241353733,582341,321350,260991,
Maldives,2021-07-26,"Oxford/AstraZeneca, Sinopharm/Beijing, Pfizer/BioNTech",https://twitter.com/HPA_MV/status/1420067868377423874,583034,321429,261605,
Maldives,2021-07-27,"Oxford/AstraZeneca, Sinopharm/Beijing, Pfizer/BioNTech",https://twitter.com/HPA_MV/status/1420435788374839297,583651,321523,262128,
Maldives,2021-07-28,"Oxford/AstraZeneca, Sinopharm/Beijing, Pfizer/BioNTech",https://twitter.com/HPA_MV/status/1420791791238844417,584661,321594,263067,
Maldives,2021-07-30,"Oxford/AstraZeneca, Sinopharm/Beijing, Pfizer/BioNTech",https://twitter.com/HPA_MV/status/1421528304813707264,586677,321764,264913,
Maldives,2021-07-31,"Oxford/AstraZeneca, Sinopharm/Beijing, Pfizer/BioNTech",https://twitter.com/HPA_MV/status/1421883677923942401,590954,322710,268244,
Maldives,2021-08-01,"Oxford/AstraZeneca, Sinopharm/Beijing, Pfizer/BioNTech",https://twitter.com/HPA_MV/status/1422252428326359040,595120,323568,271552,
Maldives,2021-08-02,"Oxford/AstraZeneca, Sinopharm/Beijing, Pfizer/BioNTech",https://twitter.com/HPA_MV/status/1422614152997072901,600009,325060,274949,
Maldives,2021-08-03,"Oxford/AstraZeneca, Sinopharm/Beijing, Pfizer/BioNTech",https://twitter.com/HPA_MV/status/1422975906197348358,604808,326339,278469,
Maldives,2021-08-04,"Oxford/AstraZeneca, Sinopharm/Beijing, Pfizer/BioNTech",https://twitter.com/HPA_MV/status/1423342788687532035,607932,327579,280353,
Maldives,2021-08-06,"Oxford/AstraZeneca, Sinopharm/Beijing, Pfizer/BioNTech",https://twitter.com/HPA_MV/status/1424057205473480715,612056,329403,282653,
Maldives,2021-08-07,"Oxford/AstraZeneca, Sinopharm/Beijing, Pfizer/BioNTech",https://twitter.com/HPA_MV/status/1424431323691708423,614833,330504,284329,
Maldives,2021-08-08,"Oxford/AstraZeneca, Sinopharm/Beijing, Pfizer/BioNTech",https://twitter.com/HPA_MV/status/1424779312578760704,617585,331654,285931,
Maldives,2021-08-09,"Oxford/AstraZeneca, Sinopharm/Beijing, Pfizer/BioNTech",https://twitter.com/HPA_MV/status/1425143080626180096,620415,332816,287599,
Maldives,2021-08-10,"Oxford/AstraZeneca, Sinopharm/Beijing, Pfizer/BioNTech",https://twitter.com/HPA_MV/status/1425661513499516940,631716,339980,291736,
Maldives,2021-08-11,"Oxford/AstraZeneca, Sinopharm/Beijing, Pfizer/BioNTech",https://twitter.com/HPA_MV/status/1425880365848088576,633914,341009,292905,
Maldives,2021-08-12,"Oxford/AstraZeneca, Sinopharm/Beijing, Pfizer/BioNTech",https://twitter.com/HPA_MV/status/1426231391793020929,636620,342511,294109,
Maldives,2021-08-13,"Oxford/AstraZeneca, Sinopharm/Beijing, Pfizer/BioNTech",https://twitter.com/HPA_MV/status/1426592014276075526,637157,342793,294364,
Maldives,2021-08-14,"Oxford/AstraZeneca, Sinopharm/Beijing, Pfizer/BioNTech",https://twitter.com/HPA_MV/status/1426956626490101760,638940,343901,295039,
Maldives,2021-08-15,"Oxford/AstraZeneca, Sinopharm/Beijing, Pfizer/BioNTech",https://twitter.com/HPA_MV/status/1427328852737495042,645008,349136,295872,
Maldives,2021-08-16,"Oxford/AstraZeneca, Sinopharm/Beijing, Pfizer/BioNTech",https://twitter.com/HPA_MV/status/1427687703122825218,650690,354192,296498,
Maldives,2021-08-17,"Oxford/AstraZeneca, Sinopharm/Beijing, Pfizer/BioNTech",https://twitter.com/HPA_MV/status/1428041953640206336,653886,356883,297003,
Maldives,2021-08-18,"Oxford/AstraZeneca, Sinopharm/Beijing, Pfizer/BioNTech",https://twitter.com/HPA_MV/status/1428417562744815624,657203,359647,297556,
Maldives,2021-08-19,"Oxford/AstraZeneca, Sinopharm/Beijing, Pfizer/BioNTech",https://twitter.com/HPA_MV/status/1428769062700535811,662392,364064,298328,
Maldives,2021-08-20,"Oxford/AstraZeneca, Sinopharm/Beijing, Pfizer/BioNTech",https://twitter.com/HPA_MV/status/1429129939731640321,663265,364847,298418,
Maldives,2021-08-21,"Oxford/AstraZeneca, Sinopharm/Beijing, Pfizer/BioNTech",https://twitter.com/HPA_MV/status/1429492004539428866,667225,368148,299077,
Maldives,2021-08-22,"Oxford/AstraZeneca, Sinopharm/Beijing, Pfizer/BioNTech",https://twitter.com/HPA_MV/status/1429852008882728964,672365,372777,299588,
Maldives,2021-08-23,"Oxford/AstraZeneca, Sinopharm/Beijing, Pfizer/BioNTech",https://twitter.com/HPA_MV/status/1430217117253574656,676694,376630,300064,
Maldives,2021-08-24,"Oxford/AstraZeneca, Sinopharm/Beijing, Pfizer/BioNTech",https://twitter.com/HPA_MV/status/1430577841867952128,679806,379379,300427,
Maldives,2021-08-25,"Oxford/AstraZeneca, Sinopharm/Beijing, Pfizer/BioNTech",https://twitter.com/HPA_MV/status/1430954864012500995,681050,380379,300671,
Maldives,2021-08-26,"Oxford/AstraZeneca, Sinopharm/Beijing, Pfizer/BioNTech",https://twitter.com/HPA_MV/status/1431302756099182605,682823,381745,301078,
Maldives,2021-08-27,"Oxford/AstraZeneca, Sinopharm/Beijing, Pfizer/BioNTech",https://twitter.com/HPA_MV/status/1431665809781182465,683091,381902,301189,
Maldives,2021-08-28,"Oxford/AstraZeneca, Sinopharm/Beijing, Pfizer/BioNTech",https://twitter.com/HPA_MV/status/1432027128330002432,684200,382677,301523,
Maldives,2021-08-29,"Oxford/AstraZeneca, Sinopharm/Beijing, Pfizer/BioNTech",https://twitter.com/HPA_MV/status/1432389418585710592,684946,383089,301857,
Maldives,2021-08-30,"Oxford/AstraZeneca, Sinopharm/Beijing, Pfizer/BioNTech",https://twitter.com/HPA_MV/status/1432751151842091009,685802,383620,302182,
Maldives,2021-08-31,"Oxford/AstraZeneca, Sinopharm/Beijing, Pfizer/BioNTech",https://twitter.com/HPA_MV/status/1433114307835822080,686956,384444,302512,
Maldives,2021-09-03,"Oxford/AstraZeneca, Sinopharm/Beijing, Pfizer/BioNTech",https://twitter.com/HPA_MV/status/1434200688435728388,689039,385554,303485,
Maldives,2021-09-04,"Oxford/AstraZeneca, Sinopharm/Beijing, Pfizer/BioNTech",https://twitter.com/HPA_MV/status/1434563552182820868,689522,385855,303667,
Maldives,2021-09-05,"Oxford/AstraZeneca, Sinopharm/Beijing, Pfizer/BioNTech",https://twitter.com/HPA_MV/status/1434929116633919491,690218,386253,303965,
Maldives,2021-09-06,"Oxford/AstraZeneca, Sinopharm/Beijing, Pfizer/BioNTech",https://twitter.com/HPA_MV/status/1435306764145098753,692085,386514,305571,
Maldives,2021-09-07,"Oxford/AstraZeneca, Sinopharm/Beijing, Pfizer/BioNTech",https://twitter.com/HPA_MV/status/1435662823766429704,694902,386807,308095,
Maldives,2021-09-08,"Oxford/AstraZeneca, Sinopharm/Beijing, Pfizer/BioNTech",https://twitter.com/HPA_MV/status/1436013043171794980,697787,387195,310592,
Maldives,2021-09-09,"Oxford/AstraZeneca, Sinopharm/Beijing, Pfizer/BioNTech",https://twitter.com/HPA_MV/status/1436375587744980992,702063,388053,314010,
Maldives,2021-09-10,"Oxford/AstraZeneca, Sinopharm/Beijing, Pfizer/BioNTech",https://twitter.com/HPA_MV/status/1436738545255804932,703328,388299,315029,
Maldives,2021-09-11,"Oxford/AstraZeneca, Sinopharm/Beijing, Pfizer/BioNTech",https://twitter.com/HPA_MV/status/1437101274005073920,707856,388776,319080,
Maldives,2021-09-12,"Oxford/AstraZeneca, Sinopharm/Beijing, Pfizer/BioNTech",https://twitter.com/HPA_MV/status/1437462742428880898,710805,389235,321570,
Maldives,2021-09-13,"Oxford/AstraZeneca, Sinopharm/Beijing, Pfizer/BioNTech",https://twitter.com/HPA_MV/status/1437826277692428296,713236,389557,323679,
Maldives,2021-09-14,"Oxford/AstraZeneca, Sinopharm/Beijing, Pfizer/BioNTech",https://twitter.com/HPA_MV/status/1438188802565033984,715975,389821,326154,
Maldives,2021-09-15,"Oxford/AstraZeneca, Sinopharm/Beijing, Pfizer/BioNTech",https://twitter.com/HPA_MV/status/1438557483132342279,718915,390285,328630,
Maldives,2021-09-16,"Oxford/AstraZeneca, Sinopharm/Beijing, Pfizer/BioNTech",https://twitter.com/HPA_MV/status/1438918138653904896,720666,390644,330022,
Maldives,2021-09-17,"Oxford/AstraZeneca, Sinopharm/Beijing, Pfizer/BioNTech",https://twitter.com/HPA_MV/status/1439275313742028807,720978,390672,330306,
Maldives,2021-09-18,"Oxford/AstraZeneca, Sinopharm/Beijing, Pfizer/BioNTech",https://twitter.com/HPA_MV/status/1439637544279298048,722370,390965,331405,
Maldives,2021-09-20,"Oxford/AstraZeneca, Sinopharm/Beijing, Pfizer/BioNTech",https://twitter.com/HPA_MV/status/1440361389021818890,723682,391153,332529,
Maldives,2021-09-21,"Oxford/AstraZeneca, Sinopharm/Beijing, Pfizer/BioNTech",https://twitter.com/HPA_MV/status/1440735146278150149,724971,391309,333662,
Maldives,2021-09-23,"Oxford/AstraZeneca, Sinopharm/Beijing, Pfizer/BioNTech",https://twitter.com/HPA_MV/status/1441448455939887115,726741,391542,335199,
Maldives,2021-09-24,"Oxford/AstraZeneca, Sinopharm/Beijing, Pfizer/BioNTech",https://twitter.com/HPA_MV/status/1441812965322227726,726875,391582,335293,
Maldives,2021-09-25,"Oxford/AstraZeneca, Sinopharm/Beijing, Pfizer/BioNTech",https://twitter.com/HPA_MV/status/1442174377538195456,727664,391738,335926,
Maldives,2021-09-27,"Oxford/AstraZeneca, Sinopharm/Beijing, Pfizer/BioNTech",https://twitter.com/HPA_MV/status/1442899057748316166,729253,391960,337293,
Maldives,2021-09-29,"Oxford/AstraZeneca, Sinopharm/Beijing, Pfizer/BioNTech",https://twitter.com/HPA_MV/status/1443788060978679835,730513,392114,338399,
Maldives,2021-09-30,"Oxford/AstraZeneca, Sinopharm/Beijing, Pfizer/BioNTech",https://twitter.com/HPA_MV/status/1443988234212503555,731796,392315,339481,
Maldives,2021-10-02,"Oxford/AstraZeneca, Sinopharm/Beijing, Pfizer/BioNTech",https://twitter.com/HPA_MV/status/1444709860570894341,733220,392490,340730,
Maldives,2021-10-03,"Oxford/AstraZeneca, Sinopharm/Beijing, Pfizer/BioNTech",https://twitter.com/HPA_MV/status/1445075226694324235,733992,392591,341401,
Maldives,2021-10-04,"Oxford/AstraZeneca, Sinopharm/Beijing, Pfizer/BioNTech",https://twitter.com/HPA_MV/status/1445438122418847749,735018,392681,342337,
Maldives,2021-10-05,"Oxford/AstraZeneca, Sinopharm/Beijing, Pfizer/BioNTech",https://twitter.com/HPA_MV/status/1445804202387668998,735922,392773,343149,
Maldives,2021-10-06,"Oxford/AstraZeneca, Sinopharm/Beijing, Pfizer/BioNTech",https://twitter.com/HPA_MV/status/1446169894270083079,737010,392887,344123,
Maldives,2021-10-08,"Oxford/AstraZeneca, Sinopharm/Beijing, Pfizer/BioNTech",https://twitter.com/HPA_MV/status/1446884834152828928,738169,392966,345203,
Maldives,2021-10-09,"Oxford/AstraZeneca, Sinopharm/Beijing, Pfizer/BioNTech",https://twitter.com/HPA_MV/status/1447256636838477825,739055,393059,345996,
Maldives,2021-10-10,"Oxford/AstraZeneca, Sinopharm/Beijing, Pfizer/BioNTech",https://twitter.com/HPA_MV/status/1447609292098473987,739914,393133,346781,
Maldives,2021-10-11,"Oxford/AstraZeneca, Sinopharm/Beijing, Pfizer/BioNTech",https://twitter.com/HPA_MV/status/1447972909905899521,740902,393344,347558,
Maldives,2021-10-12,"Oxford/AstraZeneca, Sinopharm/Beijing, Pfizer/BioNTech",https://twitter.com/HPA_MV/status/1448335827642163203,742075,393413,348662,
Maldives,2021-10-13,"Oxford/AstraZeneca, Sinopharm/Beijing, Pfizer/BioNTech",https://twitter.com/HPA_MV/status/1448701698562662435,742929,393501,349428,
Maldives,2021-10-14,"Oxford/AstraZeneca, Sinopharm/Beijing, Pfizer/BioNTech",https://twitter.com/HPA_MV/status/1449075851488686081,744350,393611,350739,
Maldives,2021-10-16,"Oxford/AstraZeneca, Sinopharm/Beijing, Pfizer/BioNTech",https://twitter.com/HPA_MV/status/1449786034288402432,744848,393679,351169,
Maldives,2021-10-17,"Oxford/AstraZeneca, Sinopharm/Beijing, Pfizer/BioNTech",https://twitter.com/HPA_MV/status/1450151222690779136,745288,393718,351570,
Maldives,2021-10-19,"Oxford/AstraZeneca, Sinopharm/Beijing, Pfizer/BioNTech",https://twitter.com/HPA_MV/status/1450872499084750850,746440,393813,352627,
Maldives,2021-10-20,"Oxford/AstraZeneca, Sinopharm/Beijing, Pfizer/BioNTech",https://twitter.com/HPA_MV/status/1451236128321785887,746986,393878,353108,
Maldives,2021-10-21,"Oxford/AstraZeneca, Sinopharm/Beijing, Pfizer/BioNTech",https://twitter.com/HPA_MV/status/1451607286867062789,747719,393946,353773,
Maldives,2021-10-23,"Oxford/AstraZeneca, Sinopharm/Beijing, Pfizer/BioNTech",https://twitter.com/HPA_MV/status/1452321035907371017,748413,394049,354364,
Maldives,2021-10-24,"Oxford/AstraZeneca, Sinopharm/Beijing, Pfizer/BioNTech",https://twitter.com/HPA_MV/status/1452690852568965122,748858,394099,354759,
Maldives,2021-10-25,"Oxford/AstraZeneca, Sinopharm/Beijing, Pfizer/BioNTech",https://twitter.com/HPA_MV/status/1453044719580172305,749426,394176,355250,
Maldives,2021-10-26,"Oxford/AstraZeneca, Sinopharm/Beijing, Pfizer/BioNTech",https://twitter.com/HPA_MV/status/1453422870747484162,750014,394228,355786,
Maldives,2021-10-28,"Oxford/AstraZeneca, Sinopharm/Beijing, Pfizer/BioNTech",https://twitter.com/HPA_MV/status/1454137003285483523,751551,394463,357088,
Maldives,2021-10-30,"Oxford/AstraZeneca, Sinopharm/Beijing, Pfizer/BioNTech",https://twitter.com/HPA_MV/status/1454858349485301766,751880,394522,357358,
Maldives,2021-10-31,"Oxford/AstraZeneca, Sinopharm/Beijing, Pfizer/BioNTech",https://twitter.com/HPA_MV/status/1455220013644730373,752341,394574,357767,
Maldives,2021-11-01,"Oxford/AstraZeneca, Sinopharm/Beijing, Pfizer/BioNTech",https://twitter.com/HPA_MV/status/1455587399547949057,752815,394633,358182,
Maldives,2021-11-02,"Oxford/AstraZeneca, Sinopharm/Beijing, Pfizer/BioNTech",https://twitter.com/HPA_MV/status/1455945274153574401,753443,394699,358744,
Maldives,2021-11-06,"Oxford/AstraZeneca, Sinopharm/Beijing, Pfizer/BioNTech",https://twitter.com/HPA_MV/status/1457395770194219017,754195,394801,359394,
Maldives,2021-11-08,"Oxford/AstraZeneca, Sinopharm/Beijing, Pfizer/BioNTech",https://twitter.com/HPA_MV/status/1458119464457670660,754629,394871,359758,
Maldives,2021-11-09,"Oxford/AstraZeneca, Sinopharm/Beijing, Pfizer/BioNTech",https://twitter.com/HPA_MV/status/1458490099235127297,755091,394930,360161,
Maldives,2021-11-10,"Oxford/AstraZeneca, Sinopharm/Beijing, Pfizer/BioNTech",https://twitter.com/HPA_MV/status/1458845403105751040,755588,395004,360584,
Maldives,2021-11-14,"Oxford/AstraZeneca, Sinopharm/Beijing, Pfizer/BioNTech",https://twitter.com/HPA_MV/status/1460294284884647937,756045,395068,360977,
Maldives,2021-11-15,"Oxford/AstraZeneca, Sinopharm/Beijing, Pfizer/BioNTech",https://twitter.com/HPA_MV/status/1460659367083053058,756322,395125,361197,
Maldives,2021-11-16,"Oxford/AstraZeneca, Sinopharm/Beijing, Pfizer/BioNTech",https://twitter.com/HPA_MV/status/1461034435961257985,761976,395195,361391,5390
Maldives,2021-11-17,"Oxford/AstraZeneca, Sinopharm/Beijing, Pfizer/BioNTech",https://twitter.com/HPA_MV/status/1461381175772024837,762498,395233,361635,5630
Maldives,2021-11-18,"Oxford/AstraZeneca, Sinopharm/Beijing, Pfizer/BioNTech",https://twitter.com/HPA_MV/status/1461744100915310594,763252,395302,361941,6009
Maldives,2021-11-21,"Oxford/AstraZeneca, Sinopharm/Beijing, Pfizer/BioNTech",https://twitter.com/HPA_MV/status/1462830455548301313,764421,395373,362326,6722
Maldives,2021-11-22,"Oxford/AstraZeneca, Sinopharm/Beijing, Pfizer/BioNTech",https://twitter.com/HPA_MV/status/1463199917283823618,765229,395419,362517,7293
Maldives,2021-11-23,"Oxford/AstraZeneca, Sinopharm/Beijing, Pfizer/BioNTech",https://twitter.com/HPA_MV/status/1463555389136375815,766159,395470,362742,7947
Maldives,2021-11-25,"Oxford/AstraZeneca, Sinopharm/Beijing, Pfizer/BioNTech",https://twitter.com/HPA_MV/status/1464280878201274371,767794,395586,363150,9058
Maldives,2021-11-27,"Oxford/AstraZeneca, Sinopharm/Beijing, Pfizer/BioNTech",https://twitter.com/HPA_MV/status/1465007260006961155,768490,395622,363310,9558
Maldives,2021-11-28,"Oxford/AstraZeneca, Sinopharm/Beijing, Pfizer/BioNTech",https://twitter.com/HPA_MV/status/1465366507815276550,769583,395672,363580,10331
Maldives,2021-11-30,"Oxford/AstraZeneca, Sinopharm/Beijing, Pfizer/BioNTech",https://twitter.com/HPA_MV/status/1466092375579586567,772056,395781,364082,12193
Maldives,2021-12-01,"Oxford/AstraZeneca, Sinopharm/Beijing, Pfizer/BioNTech",https://twitter.com/HPA_MV/status/1466632370787078148,772883,395807,364229,12847
Maldives,2021-12-02,"Oxford/AstraZeneca, Sinopharm/Beijing, Pfizer/BioNTech",https://twitter.com/HPA_MV/status/1466816913351184385,774438,395879,364402,14157
Maldives,2021-12-04,"Oxford/AstraZeneca, Sinopharm/Beijing, Pfizer/BioNTech",https://twitter.com/HPA_MV/status/1467544999269056513,775843,395907,364520,15416
Maldives,2021-12-05,"Oxford/AstraZeneca, Sinopharm/Beijing, Pfizer/BioNTech",https://twitter.com/HPA_MV/status/1467906305377538052,776498,395956,364692,15850
Maldives,2021-12-06,"Oxford/AstraZeneca, Sinopharm/Beijing, Pfizer/BioNTech",https://twitter.com/HPA_MV/status/1468265871525044224,777331,396004,364814,16513
Maldives,2021-12-07,"Oxford/AstraZeneca, Sinopharm/Beijing, Pfizer/BioNTech",https://twitter.com/HPA_MV/status/1468783795314708481,778312,396066,365046,17200
Maldives,2021-12-09,"Oxford/AstraZeneca, Sinopharm/Beijing, Pfizer/BioNTech",https://twitter.com/HPA_MV/status/1469358052503552001,780425,396146,365332,18947
Maldives,2021-12-11,"Oxford/AstraZeneca, Sinopharm/Beijing, Pfizer/BioNTech",https://twitter.com/HPA_MV/status/1470082713730224129,781076,396162,365482,19432
Maldives,2021-12-12,"Oxford/AstraZeneca, Sinopharm/Beijing, Pfizer/BioNTech",https://twitter.com/HPA_MV/status/1470442232985505794,781907,396207,365604,20096
Maldives,2021-12-13,"Oxford/AstraZeneca, Sinopharm/Beijing, Pfizer/BioNTech",https://twitter.com/HPA_MV/status/1470812772468285444,782632,396254,365725,20653
Maldives,2021-12-14,"Oxford/AstraZeneca, Sinopharm/Beijing, Pfizer/BioNTech",https://twitter.com/HPA_MV/status/1471164570374840330,783271,396288,365882,21101
Maldives,2021-12-15,"Oxford/AstraZeneca, Sinopharm/Beijing, Pfizer/BioNTech",https://twitter.com/HPA_MV/status/1471533926820704257,783957,396322,366038,21597
Maldives,2021-12-16,"Oxford/AstraZeneca, Sinopharm/Beijing, Pfizer/BioNTech",https://twitter.com/HPA_MV/status/1471889698188525570,784616,396358,366165,22093
Maldives,2021-12-18,"Oxford/AstraZeneca, Sinopharm/Beijing, Pfizer/BioNTech",https://twitter.com/HPA_MV/status/1472614216133529604,784878,396369,366210,22299
Maldives,2021-12-19,"Oxford/AstraZeneca, Sinopharm/Beijing, Pfizer/BioNTech",https://twitter.com/HPA_MV/status/1472977608430145537,785241,396410,366358,22473
Maldives,2021-12-20,"Oxford/AstraZeneca, Sinopharm/Beijing, Pfizer/BioNTech",https://twitter.com/HPA_MV/status/1473338406419656708,785693,396452,366452,22789
Maldives,2021-12-22,"Oxford/AstraZeneca, Sinopharm/Beijing, Pfizer/BioNTech",https://twitter.com/HPA_MV/status/1474079562535297035,786987,396511,366748,23728
Maldives,2021-12-26,"Oxford/AstraZeneca, Sinopharm/Beijing, Pfizer/BioNTech",https://twitter.com/HPA_MV/status/1475513995016638465,787873,396635,367068,24170
Maldives,2021-12-27,"Oxford/AstraZeneca, Sinopharm/Beijing, Pfizer/BioNTech",https://twitter.com/HPA_MV/status/1476070576502411267,788978,396681,367194,25103
Maldives,2021-12-28,"Oxford/AstraZeneca, Sinopharm/Beijing, Pfizer/BioNTech",https://twitter.com/HPA_MV/status/1476237887150518275,789675,396745,367346,25584
Maldives,2021-12-29,"Oxford/AstraZeneca, Sinopharm/Beijing, Pfizer/BioNTech",https://twitter.com/HPA_MV/status/1476614070098792454,790154,396779,367450,25925
Maldives,2022-01-02,"Oxford/AstraZeneca, Sinopharm/Beijing, Pfizer/BioNTech",https://twitter.com/HPA_MV/status/1478063890273476608,790942,396822,367672,26448
Maldives,2022-01-04,"Oxford/AstraZeneca, Sinopharm/Beijing, Pfizer/BioNTech",https://twitter.com/HPA_MV/status/1478774935459749893,791614,396882,367865,26867
Maldives,2022-01-05,"Oxford/AstraZeneca, Sinopharm/Beijing, Pfizer/BioNTech",https://twitter.com/HPA_MV/status/1479137332942938112,791929,396916,367950,27063
Maldives,2022-01-06,"Oxford/AstraZeneca, Sinopharm/Beijing, Pfizer/BioNTech",https://twitter.com/HPA_MV/status/1479511288426340352,792296,396941,368047,27308
Maldives,2022-01-08,"Oxford/AstraZeneca, Sinopharm/Beijing, Pfizer/BioNTech",https://twitter.com/HPA_MV/status/1480224122080665604,792581,396954,368153,27474
Maldives,2022-01-09,"Oxford/AstraZeneca, Sinopharm/Beijing, Pfizer/BioNTech",https://twitter.com/HPA_MV/status/1480588471932575745,792981,396981,368238,27762
Maldives,2022-01-10,"Oxford/AstraZeneca, Sinopharm/Beijing, Pfizer/BioNTech",https://twitter.com/HPA_MV/status/1480954917619597314,793469,397033,368351,28085
Maldives,2022-01-12,"Oxford/AstraZeneca, Sinopharm/Beijing, Pfizer/BioNTech",https://twitter.com/HPA_MV/status/1481847157468839940,794834,397123,368622,29089
Maldives,2022-01-15,"Oxford/AstraZeneca, Sinopharm/Beijing, Pfizer/BioNTech",https://twitter.com/HPA_MV/status/1482762392060981249,798457,397179,368751,32527
Maldives,2022-01-16,"Oxford/AstraZeneca, Sinopharm/Beijing, Pfizer/BioNTech",https://twitter.com/HPA_MV/status/1483133882442854400,801114,397211,368817,35086
Maldives,2022-01-17,"Oxford/AstraZeneca, Sinopharm/Beijing, Pfizer/BioNTech",https://twitter.com/HPA_MV/status/1483494591844478976,803859,397248,368886,37725
Maldives,2022-01-19,"Oxford/AstraZeneca, Sinopharm/Beijing, Pfizer/BioNTech",https://twitter.com/HPA_MV/status/1484222599177842690,809683,397330,369040,43313
Maldives,2022-01-22,"Oxford/AstraZeneca, Sinopharm/Beijing, Pfizer/BioNTech",https://twitter.com/HPA_MV/status/1485299635371798532,815675,397382,369151,49142
Maldives,2022-01-23,"Oxford/AstraZeneca, Sinopharm/Beijing, Pfizer/BioNTech",https://twitter.com/HPA_MV/status/1485662753788674048,819148,397421,369252,52475
Maldives,2022-01-24,"Oxford/AstraZeneca, Sinopharm/Beijing, Pfizer/BioNTech",https://twitter.com/HPA_MV/status/1486222073991417869,822406,397457,369337,55612
Maldives,2022-01-25,"Oxford/AstraZeneca, Sinopharm/Beijing, Pfizer/BioNTech",https://twitter.com/HPA_MV/status/1486385212259172353,825843,397483,369424,58936
Maldives,2022-01-26,"Oxford/AstraZeneca, Sinopharm/Beijing, Pfizer/BioNTech",https://twitter.com/HPA_MV/status/1486748676160561152,829457,397504,369551,62402
Maldives,2022-01-29,"Oxford/AstraZeneca, Sinopharm/Beijing, Pfizer/BioNTech",https://twitter.com/HPA_MV/status/1487851378332831744,837526,397586,369716,70224
Maldives,2022-01-30,"Oxford/AstraZeneca, Sinopharm/Beijing, Pfizer/BioNTech",https://twitter.com/HPA_MV/status/1488200361454485504,840260,397615,369820,72825
Maldives,2022-01-31,"Oxford/AstraZeneca, Sinopharm/Beijing, Pfizer/BioNTech",https://twitter.com/HPA_MV/status/1488565377789734914,843409,397642,369883,75884
Maldives,2022-02-01,"Oxford/AstraZeneca, Sinopharm/Beijing, Pfizer/BioNTech",https://twitter.com/HPA_MV/status/1488934107333955584,846039,397683,369989,78367
Maldives,2022-02-02,"Oxford/AstraZeneca, Sinopharm/Beijing, Pfizer/BioNTech",https://twitter.com/HPA_MV/status/1489286691538206721,849883,397740,370052,82091
Maldives,2022-02-05,"Oxford/AstraZeneca, Sinopharm/Beijing, Pfizer/BioNTech",https://twitter.com/HPA_MV/status/1490372218424987653,855524,397761,370087,87676
Maldives,2022-02-06,"Oxford/AstraZeneca, Sinopharm/Beijing, Pfizer/BioNTech",https://twitter.com/HPA_MV/status/1490735636931743745,859352,397804,370161,91387
Maldives,2022-02-07,"Oxford/AstraZeneca, Sinopharm/Beijing, Pfizer/BioNTech",https://twitter.com/HPA_MV/status/1491094480576991235,863132,397826,370258,95048
Maldives,2022-02-08,"Oxford/AstraZeneca, Sinopharm/Beijing, Pfizer/BioNTech",https://twitter.com/HPA_MV/status/1491463892048162816,866176,397851,370311,98014
Maldives,2022-02-09,"Oxford/AstraZeneca, Sinopharm/Beijing, Pfizer/BioNTech",https://twitter.com/HPA_MV/status/1491819260204621826,869319,397872,370359,101088
Maldives,2022-02-10,"Oxford/AstraZeneca, Sinopharm/Beijing, Pfizer/BioNTech",https://twitter.com/HPA_MV/status/1492182013356687360,872479,397920,370425,104134
Maldives,2022-02-12,"Oxford/AstraZeneca, Sinopharm/Beijing, Pfizer/BioNTech",https://twitter.com/HPA_MV/status/1492910295399821322,875130,397937,370449,106744
Maldives,2022-02-13,"Oxford/AstraZeneca, Sinopharm/Beijing, Pfizer/BioNTech",https://twitter.com/HPA_MV/status/1493269111459094530,877141,397956,370515,108670
Maldives,2022-02-15,"Oxford/AstraZeneca, Sinopharm/Beijing, Pfizer/BioNTech",https://twitter.com/HPA_MV/status/1493994635907108867,881155,398010,370594,112551
Maldives,2022-02-17,"Oxford/AstraZeneca, Sinopharm/Beijing, Pfizer/BioNTech",https://twitter.com/HPA_MV/status/1494720226839375876,885373,398056,370688,116629
Maldives,2022-02-19,"Oxford/AstraZeneca, Sinopharm/Beijing, Pfizer/BioNTech",https://twitter.com/HPA_MV/status/1495443131885502464,887178,398072,370710,118396
Maldives,2022-02-21,"Oxford/AstraZeneca, Sinopharm/Beijing, Pfizer/BioNTech",https://twitter.com/HPA_MV/status/1496167910955524097,890729,398102,370824,121803
Maldives,2022-02-22,"Oxford/AstraZeneca, Sinopharm/Beijing, Pfizer/BioNTech",https://twitter.com/HPA_MV/status/1496531367362174979,892300,398119,370866,123315
Maldives,2022-02-23,"Oxford/AstraZeneca, Sinopharm/Beijing, Pfizer/BioNTech",https://twitter.com/HPA_MV/status/1496892687928246272,893668,398137,370887,124644
Maldives,2022-02-24,"Oxford/AstraZeneca, Sinopharm/Beijing, Pfizer/BioNTech",https://twitter.com/HPA_MV/status/1497255075885944840,895597,398168,370973,126456
Maldives,2022-02-26,"Oxford/AstraZeneca, Sinopharm/Beijing, Pfizer/BioNTech",https://twitter.com/HPA_MV/status/1497979843220160516,898055,398178,370987,128890
Maldives,2022-02-27,"Oxford/AstraZeneca, Sinopharm/Beijing, Pfizer/BioNTech",https://twitter.com/HPA_MV/status/1498342243882582016,899878,398197,371051,130630
Maldives,2022-02-28,"Oxford/AstraZeneca, Sinopharm/Beijing, Pfizer/BioNTech",https://twitter.com/HPA_MV/status/1498704624554962946,902028,398214,371091,132723
Maldives,2022-03-01,"Oxford/AstraZeneca, Sinopharm/Beijing, Pfizer/BioNTech",https://twitter.com/HPA_MV/status/1499067013662130178,903380,398229,371132,134019
Maldives,2022-03-02,"Oxford/AstraZeneca, Sinopharm/Beijing, Pfizer/BioNTech",https://twitter.com/HPA_MV/status/1499429402018390023,904792,398243,371170,135379
Maldives,2022-03-03,"Oxford/AstraZeneca, Sinopharm/Beijing, Pfizer/BioNTech",https://twitter.com/HPA_MV/status/1499792033749344257,905827,398256,371198,136373
Maldives,2022-03-05,"Oxford/AstraZeneca, Sinopharm/Beijing, Pfizer/BioNTech",https://twitter.com/HPA_MV/status/1500516565019623425,906588,398262,371224,137102
Maldives,2022-03-06,"Oxford/AstraZeneca, Sinopharm/Beijing, Pfizer/BioNTech",https://twitter.com/HPA_MV/status/1500878946526629888,907909,398275,371261,138373
Maldives,2022-03-07,"Oxford/AstraZeneca, Sinopharm/Beijing, Pfizer/BioNTech",https://twitter.com/HPA_MV/status/1501241335583490049,908800,398281,371291,139228
Maldives,2022-03-08,"Oxford/AstraZeneca, Sinopharm/Beijing, Pfizer/BioNTech",https://twitter.com/HPA_MV/status/1501603727198670848,909494,398293,371327,139874
Maldives,2022-03-09,"Oxford/AstraZeneca, Sinopharm/Beijing, Pfizer/BioNTech",https://twitter.com/HPA_MV/status/1501966110140293124,910281,398305,371359,140617
Maldives,2022-03-10,"Oxford/AstraZeneca, Sinopharm/Beijing, Pfizer/BioNTech",https://twitter.com/HPA_MV/status/1502328506423857158,911964,398315,371410,142239
Maldives,2022-03-12,"Oxford/AstraZeneca, Sinopharm/Beijing, Pfizer/BioNTech",https://twitter.com/HPA_MV/status/1503053275741913088,913264,398348,371439,143477
