location,date,vaccine,source_url,total_vaccinations,people_vaccinated,people_fully_vaccinated,total_boosters
Netherlands,2021-01-09,Pfizer/BioNTech,https://github.com/mzelst/covid-19,33759,33759,0,0
Netherlands,2021-01-16,Pfizer/BioNTech,https://github.com/mzelst/covid-19,76963,76963,0,0
Netherlands,2021-01-23,"Moderna, Pfizer/BioNTech",https://github.com/mzelst/covid-19,166319,166319,0,0
Netherlands,2021-01-30,"Moderna, Pfizer/BioNTech",https://github.com/mzelst/covid-19,351304,348874,2430,0
Netherlands,2021-02-06,"Moderna, Pfizer/BioNTech",https://github.com/mzelst/covid-19,571234,544796,26438,0
Netherlands,2021-02-13,"Moderna, Oxford/AstraZeneca, Pfizer/BioNTech",https://github.com/mzelst/covid-19,788071,690518,97553,0
Netherlands,2021-02-20,"Moderna, Oxford/AstraZeneca, Pfizer/BioNTech",https://github.com/mzelst/covid-19,1037882,873667,164215,0
Netherlands,2021-02-27,"Moderna, Oxford/AstraZeneca, Pfizer/BioNTech",https://github.com/mzelst/covid-19,1382509,1105113,277396,0
Netherlands,2021-03-06,"Moderna, Oxford/AstraZeneca, Pfizer/BioNTech",https://github.com/mzelst/covid-19,1676605,1314768,361837,0
Netherlands,2021-03-13,"Moderna, Oxford/AstraZeneca, Pfizer/BioNTech",https://github.com/mzelst/covid-19,1961815,1512244,449571,0
Netherlands,2021-03-20,"Moderna, Oxford/AstraZeneca, Pfizer/BioNTech",https://github.com/mzelst/covid-19,2176252,1599126,577126,0
Netherlands,2021-03-27,"Moderna, Oxford/AstraZeneca, Pfizer/BioNTech",https://github.com/mzelst/covid-19,2474277,1798539,675738,0
Netherlands,2021-04-03,"Moderna, Oxford/AstraZeneca, Pfizer/BioNTech",https://github.com/mzelst/covid-19,2925273,2139988,785285,0
Netherlands,2021-04-10,"Moderna, Oxford/AstraZeneca, Pfizer/BioNTech",https://github.com/mzelst/covid-19,3568371,2654086,914285,0
Netherlands,2021-04-17,"Moderna, Oxford/AstraZeneca, Pfizer/BioNTech",https://github.com/mzelst/covid-19,4374651,3369092,1005559,0
Netherlands,2021-04-24,"Johnson&Johnson, Moderna, Oxford/AstraZeneca, Pfizer/BioNTech",https://github.com/mzelst/covid-19,5027783,3904017,1132653,0
Netherlands,2021-05-01,"Johnson&Johnson, Moderna, Oxford/AstraZeneca, Pfizer/BioNTech",https://github.com/mzelst/covid-19,5714582,4498188,1264905,0
Netherlands,2021-05-08,"Johnson&Johnson, Moderna, Oxford/AstraZeneca, Pfizer/BioNTech",https://github.com/mzelst/covid-19,6558563,5068132,1585911,0
Netherlands,2021-05-15,"Johnson&Johnson, Moderna, Oxford/AstraZeneca, Pfizer/BioNTech",https://github.com/mzelst/covid-19,7566920,5760007,1931312,0
Netherlands,2021-05-22,"Johnson&Johnson, Moderna, Oxford/AstraZeneca, Pfizer/BioNTech",https://github.com/mzelst/covid-19,8599597,6269729,2471995,0
Netherlands,2021-05-29,"Johnson&Johnson, Moderna, Oxford/AstraZeneca, Pfizer/BioNTech",https://github.com/mzelst/covid-19,9609900,6761033,3089213,0
Netherlands,2021-06-05,"Johnson&Johnson, Moderna, Oxford/AstraZeneca, Pfizer/BioNTech",https://github.com/mzelst/covid-19,10793970,7341201,3842410,0
Netherlands,2021-06-12,"Johnson&Johnson, Moderna, Oxford/AstraZeneca, Pfizer/BioNTech",https://github.com/mzelst/covid-19,12452920,8358717,4532775,0
Netherlands,2021-06-19,"Johnson&Johnson, Moderna, Oxford/AstraZeneca, Pfizer/BioNTech",https://github.com/mzelst/covid-19,13868508,9102623,5224547,0
Netherlands,2021-06-26,"Johnson&Johnson, Moderna, Oxford/AstraZeneca, Pfizer/BioNTech",https://github.com/mzelst/covid-19,15300214,9919864,5921921,0
Netherlands,2021-07-03,"Johnson&Johnson, Moderna, Oxford/AstraZeneca, Pfizer/BioNTech",https://github.com/mzelst/covid-19,16773085,10860934,6584689,0
Netherlands,2021-07-10,"Johnson&Johnson, Moderna, Oxford/AstraZeneca, Pfizer/BioNTech",https://github.com/mzelst/covid-19,18019323,11691225,7069820,0
Netherlands,2021-07-17,"Johnson&Johnson, Moderna, Oxford/AstraZeneca, Pfizer/BioNTech",https://github.com/mzelst/covid-19,19121970,11919206,7958445,0
Netherlands,2021-07-24,"Johnson&Johnson, Moderna, Oxford/AstraZeneca, Pfizer/BioNTech",https://github.com/mzelst/covid-19,19972332,12114121,8623034,0
Netherlands,2021-07-31,"Johnson&Johnson, Moderna, Oxford/AstraZeneca, Pfizer/BioNTech",https://github.com/mzelst/covid-19,20783119,12269082,9286166,0
Netherlands,2021-08-07,"Johnson&Johnson, Moderna, Oxford/AstraZeneca, Pfizer/BioNTech",https://github.com/mzelst/covid-19,21611359,12361052,10027870,0
Netherlands,2021-08-14,"Johnson&Johnson, Moderna, Oxford/AstraZeneca, Pfizer/BioNTech",https://github.com/mzelst/covid-19,22335850,12437544,10680408,0
Netherlands,2021-08-21,"Johnson&Johnson, Moderna, Oxford/AstraZeneca, Pfizer/BioNTech",https://github.com/mzelst/covid-19,22633471,12509720,10909630,0
Netherlands,2021-08-28,"Johnson&Johnson, Moderna, Oxford/AstraZeneca, Pfizer/BioNTech",https://github.com/mzelst/covid-19,22901342,12573474,11117062,0
Netherlands,2021-09-04,"Johnson&Johnson, Moderna, Oxford/AstraZeneca, Pfizer/BioNTech",https://github.com/mzelst/covid-19,23111571,12626204,11277742,0
Netherlands,2021-09-11,"Johnson&Johnson, Moderna, Oxford/AstraZeneca, Pfizer/BioNTech",https://github.com/mzelst/covid-19,23241209,12673669,11363077,0
Netherlands,2021-09-18,"Johnson&Johnson, Moderna, Oxford/AstraZeneca, Pfizer/BioNTech",https://github.com/mzelst/covid-19,23389965,12742240,11449879,0
Netherlands,2021-09-25,"Johnson&Johnson, Moderna, Oxford/AstraZeneca, Pfizer/BioNTech",https://github.com/mzelst/covid-19,23530979,12812951,11533840,0
Netherlands,2021-10-02,"Johnson&Johnson, Moderna, Oxford/AstraZeneca, Pfizer/BioNTech",https://github.com/mzelst/covid-19,23654882,12877780,11606320,0
Netherlands,2021-10-09,"Johnson&Johnson, Moderna, Oxford/AstraZeneca, Pfizer/BioNTech",https://github.com/mzelst/covid-19,23759123,12920225,11670076,2478
Netherlands,2021-10-16,"Johnson&Johnson, Moderna, Oxford/AstraZeneca, Pfizer/BioNTech",https://github.com/mzelst/covid-19,23865606,12952690,11731177,19353
Netherlands,2021-10-23,"Johnson&Johnson, Moderna, Oxford/AstraZeneca, Pfizer/BioNTech",https://github.com/mzelst/covid-19,23973977,12987893,11784919,42158
Netherlands,2021-10-30,"Johnson&Johnson, Moderna, Oxford/AstraZeneca, Pfizer/BioNTech",https://github.com/mzelst/covid-19,24086555,13031849,11838516,61773
Netherlands,2021-11-06,"Johnson&Johnson, Moderna, Oxford/AstraZeneca, Pfizer/BioNTech",https://github.com/mzelst/covid-19,24211709,13102783,11887508,75492
Netherlands,2021-11-13,"Johnson&Johnson, Moderna, Oxford/AstraZeneca, Pfizer/BioNTech",https://github.com/mzelst/covid-19,24335706,13169784,11935833,89046
Netherlands,2021-11-20,"Johnson&Johnson, Moderna, Oxford/AstraZeneca, Pfizer/BioNTech",https://github.com/mzelst/covid-19,24451120,13219037,11983756,110388
Netherlands,2021-11-27,"Johnson&Johnson, Moderna, Oxford/AstraZeneca, Pfizer/BioNTech",https://github.com/mzelst/covid-19,24727529,13251880,12042116,297796
Netherlands,2021-12-04,"Johnson&Johnson, Moderna, Oxford/AstraZeneca, Pfizer/BioNTech",https://github.com/mzelst/covid-19,25143179,13276524,12099925,632239
Netherlands,2021-12-11,"Johnson&Johnson, Moderna, Oxford/AstraZeneca, Pfizer/BioNTech",https://github.com/mzelst/covid-19,25758086,13294903,12155076,1174537
Netherlands,2021-12-18,"Johnson&Johnson, Moderna, Oxford/AstraZeneca, Pfizer/BioNTech",https://github.com/mzelst/covid-19,26683281,13310162,12200082,2040084
Netherlands,2021-12-25,"Johnson&Johnson, Moderna, Oxford/AstraZeneca, Pfizer/BioNTech",https://github.com/mzelst/covid-19,27984255,13318680,12226509,3306277
Netherlands,2022-01-01,"Johnson&Johnson, Moderna, Oxford/AstraZeneca, Pfizer/BioNTech",https://github.com/mzelst/covid-19,29619013,13327214,12250361,4908850
Netherlands,2022-01-08,"Johnson&Johnson, Moderna, Oxford/AstraZeneca, Pfizer/BioNTech",https://github.com/mzelst/covid-19,31519236,13340381,12275756,6770713
Netherlands,2022-01-15,"Johnson&Johnson, Moderna, Oxford/AstraZeneca, Pfizer/BioNTech",https://github.com/mzelst/covid-19,32662959,13350356,12295574,7884865
Netherlands,2022-01-22,"Johnson&Johnson, Moderna, Oxford/AstraZeneca, Pfizer/BioNTech",https://github.com/mzelst/covid-19,33136690,13372353,12310898,8321397
Netherlands,2022-01-29,"Johnson&Johnson, Moderna, Oxford/AstraZeneca, Pfizer/BioNTech",https://github.com/mzelst/covid-19,33428903,13416956,12325446,8554650
Netherlands,2022-02-05,"Johnson&Johnson, Moderna, Oxford/AstraZeneca, Pfizer/BioNTech",https://github.com/mzelst/covid-19,33652345,13435376,12337695,8747523
Netherlands,2022-02-12,"Johnson&Johnson, Moderna, Oxford/AstraZeneca, Pfizer/BioNTech",https://github.com/mzelst/covid-19,33789826,13444343,12347154,8866663
Netherlands,2022-02-19,"Johnson&Johnson, Moderna, Oxford/AstraZeneca, Pfizer/BioNTech",https://github.com/mzelst/covid-19,33863871,13448078,12352282,8931865
Netherlands,2022-02-26,"Johnson&Johnson, Moderna, Oxford/AstraZeneca, Pfizer/BioNTech",https://github.com/mzelst/covid-19,33922780,13450598,12356219,8984356
Netherlands,2022-03-05,"Johnson&Johnson, Moderna, Oxford/AstraZeneca, Pfizer/BioNTech",https://github.com/mzelst/covid-19,33962990,13452524,12359195,9019723
Netherlands,2022-03-12,"Johnson&Johnson, Moderna, Oxford/AstraZeneca, Pfizer/BioNTech",https://github.com/mzelst/covid-19,34001946,13454067,12361557,9054824
Netherlands,2022-03-19,"Johnson&Johnson, Moderna, Novavax, Oxford/AstraZeneca, Pfizer/BioNTech",https://github.com/mzelst/covid-19,34039118,13455977,12366753,9084932
Netherlands,2022-03-26,"Johnson&Johnson, Moderna, Novavax, Oxford/AstraZeneca, Pfizer/BioNTech",https://github.com/mzelst/covid-19,34090134,13457932,12383409,9117388
