location,date,vaccine,source_url,total_vaccinations,people_vaccinated,people_fully_vaccinated,total_boosters
New Zealand,2021-02-14,Pfizer/BioNTech,https://www.health.govt.nz/our-work/diseases-and-conditions/covid-19-novel-coronavirus/covid-19-data-and-statistics/covid-19-vaccine-data,1,1,0,0
New Zealand,2021-02-15,Pfizer/BioNTech,https://www.health.govt.nz/our-work/diseases-and-conditions/covid-19-novel-coronavirus/covid-19-data-and-statistics/covid-19-vaccine-data,2,2,0,0
New Zealand,2021-02-17,Pfizer/BioNTech,https://www.health.govt.nz/our-work/diseases-and-conditions/covid-19-novel-coronavirus/covid-19-data-and-statistics/covid-19-vaccine-data,3,3,0,0
New Zealand,2021-02-18,Pfizer/BioNTech,https://www.health.govt.nz/our-work/diseases-and-conditions/covid-19-novel-coronavirus/covid-19-data-and-statistics/covid-19-vaccine-data,4,4,0,0
New Zealand,2021-02-19,Pfizer/BioNTech,https://www.health.govt.nz/our-work/diseases-and-conditions/covid-19-novel-coronavirus/covid-19-data-and-statistics/covid-19-vaccine-data,33,33,0,0
New Zealand,2021-02-20,Pfizer/BioNTech,https://www.health.govt.nz/our-work/diseases-and-conditions/covid-19-novel-coronavirus/covid-19-data-and-statistics/covid-19-vaccine-data,98,98,0,0
New Zealand,2021-02-21,Pfizer/BioNTech,https://www.health.govt.nz/our-work/diseases-and-conditions/covid-19-novel-coronavirus/covid-19-data-and-statistics/covid-19-vaccine-data,168,167,1,0
New Zealand,2021-02-22,Pfizer/BioNTech,https://www.health.govt.nz/our-work/diseases-and-conditions/covid-19-novel-coronavirus/covid-19-data-and-statistics/covid-19-vaccine-data,615,614,1,0
New Zealand,2021-02-23,Pfizer/BioNTech,https://www.health.govt.nz/our-work/diseases-and-conditions/covid-19-novel-coronavirus/covid-19-data-and-statistics/covid-19-vaccine-data,972,971,1,0
New Zealand,2021-02-24,Pfizer/BioNTech,https://www.health.govt.nz/our-work/diseases-and-conditions/covid-19-novel-coronavirus/covid-19-data-and-statistics/covid-19-vaccine-data,1785,1784,1,0
New Zealand,2021-02-25,Pfizer/BioNTech,https://www.health.govt.nz/our-work/diseases-and-conditions/covid-19-novel-coronavirus/covid-19-data-and-statistics/covid-19-vaccine-data,2885,2884,1,0
New Zealand,2021-02-26,Pfizer/BioNTech,https://www.health.govt.nz/our-work/diseases-and-conditions/covid-19-novel-coronavirus/covid-19-data-and-statistics/covid-19-vaccine-data,4489,4488,1,0
New Zealand,2021-02-27,Pfizer/BioNTech,https://www.health.govt.nz/our-work/diseases-and-conditions/covid-19-novel-coronavirus/covid-19-data-and-statistics/covid-19-vaccine-data,5827,5826,1,0
New Zealand,2021-02-28,Pfizer/BioNTech,https://www.health.govt.nz/our-work/diseases-and-conditions/covid-19-novel-coronavirus/covid-19-data-and-statistics/covid-19-vaccine-data,6712,6711,1,0
New Zealand,2021-03-01,Pfizer/BioNTech,https://www.health.govt.nz/our-work/diseases-and-conditions/covid-19-novel-coronavirus/covid-19-data-and-statistics/covid-19-vaccine-data,8123,8122,1,0
New Zealand,2021-03-02,Pfizer/BioNTech,https://www.health.govt.nz/our-work/diseases-and-conditions/covid-19-novel-coronavirus/covid-19-data-and-statistics/covid-19-vaccine-data,9609,9608,1,0
New Zealand,2021-03-03,Pfizer/BioNTech,https://www.health.govt.nz/our-work/diseases-and-conditions/covid-19-novel-coronavirus/covid-19-data-and-statistics/covid-19-vaccine-data,11589,11588,1,0
New Zealand,2021-03-04,Pfizer/BioNTech,https://www.health.govt.nz/our-work/diseases-and-conditions/covid-19-novel-coronavirus/covid-19-data-and-statistics/covid-19-vaccine-data,13222,13221,1,0
New Zealand,2021-03-05,Pfizer/BioNTech,https://www.health.govt.nz/our-work/diseases-and-conditions/covid-19-novel-coronavirus/covid-19-data-and-statistics/covid-19-vaccine-data,14502,14500,2,0
New Zealand,2021-03-06,Pfizer/BioNTech,https://www.health.govt.nz/our-work/diseases-and-conditions/covid-19-novel-coronavirus/covid-19-data-and-statistics/covid-19-vaccine-data,15106,15103,3,0
New Zealand,2021-03-07,Pfizer/BioNTech,https://www.health.govt.nz/our-work/diseases-and-conditions/covid-19-novel-coronavirus/covid-19-data-and-statistics/covid-19-vaccine-data,15617,15614,3,0
New Zealand,2021-03-08,Pfizer/BioNTech,https://www.health.govt.nz/our-work/diseases-and-conditions/covid-19-novel-coronavirus/covid-19-data-and-statistics/covid-19-vaccine-data,16690,16687,3,0
New Zealand,2021-03-09,Pfizer/BioNTech,https://www.health.govt.nz/our-work/diseases-and-conditions/covid-19-novel-coronavirus/covid-19-data-and-statistics/covid-19-vaccine-data,18114,18111,3,0
New Zealand,2021-03-10,Pfizer/BioNTech,https://www.health.govt.nz/our-work/diseases-and-conditions/covid-19-novel-coronavirus/covid-19-data-and-statistics/covid-19-vaccine-data,19430,19427,3,0
New Zealand,2021-03-11,Pfizer/BioNTech,https://www.health.govt.nz/our-work/diseases-and-conditions/covid-19-novel-coronavirus/covid-19-data-and-statistics/covid-19-vaccine-data,20764,20761,3,0
New Zealand,2021-03-12,Pfizer/BioNTech,https://www.health.govt.nz/our-work/diseases-and-conditions/covid-19-novel-coronavirus/covid-19-data-and-statistics/covid-19-vaccine-data,21813,21804,9,0
New Zealand,2021-03-13,Pfizer/BioNTech,https://www.health.govt.nz/our-work/diseases-and-conditions/covid-19-novel-coronavirus/covid-19-data-and-statistics/covid-19-vaccine-data,22570,22555,15,0
New Zealand,2021-03-14,Pfizer/BioNTech,https://www.health.govt.nz/our-work/diseases-and-conditions/covid-19-novel-coronavirus/covid-19-data-and-statistics/covid-19-vaccine-data,23161,23132,29,0
New Zealand,2021-03-15,Pfizer/BioNTech,https://www.health.govt.nz/our-work/diseases-and-conditions/covid-19-novel-coronavirus/covid-19-data-and-statistics/covid-19-vaccine-data,25042,24746,296,0
New Zealand,2021-03-16,Pfizer/BioNTech,https://www.health.govt.nz/our-work/diseases-and-conditions/covid-19-novel-coronavirus/covid-19-data-and-statistics/covid-19-vaccine-data,27203,26674,529,0
New Zealand,2021-03-17,Pfizer/BioNTech,https://www.health.govt.nz/our-work/diseases-and-conditions/covid-19-novel-coronavirus/covid-19-data-and-statistics/covid-19-vaccine-data,29212,28318,894,0
New Zealand,2021-03-18,Pfizer/BioNTech,https://www.health.govt.nz/our-work/diseases-and-conditions/covid-19-novel-coronavirus/covid-19-data-and-statistics/covid-19-vaccine-data,31280,29912,1368,0
New Zealand,2021-03-19,Pfizer/BioNTech,https://www.health.govt.nz/our-work/diseases-and-conditions/covid-19-novel-coronavirus/covid-19-data-and-statistics/covid-19-vaccine-data,33745,31604,2141,0
New Zealand,2021-03-20,Pfizer/BioNTech,https://www.health.govt.nz/our-work/diseases-and-conditions/covid-19-novel-coronavirus/covid-19-data-and-statistics/covid-19-vaccine-data,35017,32160,2857,0
New Zealand,2021-03-21,Pfizer/BioNTech,https://www.health.govt.nz/our-work/diseases-and-conditions/covid-19-novel-coronavirus/covid-19-data-and-statistics/covid-19-vaccine-data,36606,33103,3503,0
New Zealand,2021-03-22,Pfizer/BioNTech,https://www.health.govt.nz/our-work/diseases-and-conditions/covid-19-novel-coronavirus/covid-19-data-and-statistics/covid-19-vaccine-data,38861,34139,4722,0
New Zealand,2021-03-23,Pfizer/BioNTech,https://www.health.govt.nz/our-work/diseases-and-conditions/covid-19-novel-coronavirus/covid-19-data-and-statistics/covid-19-vaccine-data,41557,35728,5829,0
New Zealand,2021-03-24,Pfizer/BioNTech,https://www.health.govt.nz/our-work/diseases-and-conditions/covid-19-novel-coronavirus/covid-19-data-and-statistics/covid-19-vaccine-data,45114,37697,7415,2
New Zealand,2021-03-25,Pfizer/BioNTech,https://www.health.govt.nz/our-work/diseases-and-conditions/covid-19-novel-coronavirus/covid-19-data-and-statistics/covid-19-vaccine-data,48470,39518,8950,2
New Zealand,2021-03-26,Pfizer/BioNTech,https://www.health.govt.nz/our-work/diseases-and-conditions/covid-19-novel-coronavirus/covid-19-data-and-statistics/covid-19-vaccine-data,53139,42896,10241,2
New Zealand,2021-03-27,Pfizer/BioNTech,https://www.health.govt.nz/our-work/diseases-and-conditions/covid-19-novel-coronavirus/covid-19-data-and-statistics/covid-19-vaccine-data,55172,44056,11114,2
New Zealand,2021-03-28,Pfizer/BioNTech,https://www.health.govt.nz/our-work/diseases-and-conditions/covid-19-novel-coronavirus/covid-19-data-and-statistics/covid-19-vaccine-data,56348,44741,11605,2
New Zealand,2021-03-29,Pfizer/BioNTech,https://www.health.govt.nz/our-work/diseases-and-conditions/covid-19-novel-coronavirus/covid-19-data-and-statistics/covid-19-vaccine-data,61285,48549,12734,2
New Zealand,2021-03-30,Pfizer/BioNTech,https://www.health.govt.nz/our-work/diseases-and-conditions/covid-19-novel-coronavirus/covid-19-data-and-statistics/covid-19-vaccine-data,66954,52715,14237,2
New Zealand,2021-03-31,Pfizer/BioNTech,https://www.health.govt.nz/our-work/diseases-and-conditions/covid-19-novel-coronavirus/covid-19-data-and-statistics/covid-19-vaccine-data,73755,58168,15585,2
New Zealand,2021-04-01,Pfizer/BioNTech,https://www.health.govt.nz/our-work/diseases-and-conditions/covid-19-novel-coronavirus/covid-19-data-and-statistics/covid-19-vaccine-data,80210,63370,16838,2
New Zealand,2021-04-02,Pfizer/BioNTech,https://www.health.govt.nz/our-work/diseases-and-conditions/covid-19-novel-coronavirus/covid-19-data-and-statistics/covid-19-vaccine-data,82230,65095,17133,2
New Zealand,2021-04-03,Pfizer/BioNTech,https://www.health.govt.nz/our-work/diseases-and-conditions/covid-19-novel-coronavirus/covid-19-data-and-statistics/covid-19-vaccine-data,83978,66508,17468,2
New Zealand,2021-04-04,Pfizer/BioNTech,https://www.health.govt.nz/our-work/diseases-and-conditions/covid-19-novel-coronavirus/covid-19-data-and-statistics/covid-19-vaccine-data,84934,67268,17664,2
New Zealand,2021-04-05,Pfizer/BioNTech,https://www.health.govt.nz/our-work/diseases-and-conditions/covid-19-novel-coronavirus/covid-19-data-and-statistics/covid-19-vaccine-data,86148,68191,17955,2
New Zealand,2021-04-06,Pfizer/BioNTech,https://www.health.govt.nz/our-work/diseases-and-conditions/covid-19-novel-coronavirus/covid-19-data-and-statistics/covid-19-vaccine-data,91110,71711,19397,2
New Zealand,2021-04-07,Pfizer/BioNTech,https://www.health.govt.nz/our-work/diseases-and-conditions/covid-19-novel-coronavirus/covid-19-data-and-statistics/covid-19-vaccine-data,98383,76835,21546,2
New Zealand,2021-04-08,Pfizer/BioNTech,https://www.health.govt.nz/our-work/diseases-and-conditions/covid-19-novel-coronavirus/covid-19-data-and-statistics/covid-19-vaccine-data,106615,83301,23312,2
New Zealand,2021-04-09,Pfizer/BioNTech,https://www.health.govt.nz/our-work/diseases-and-conditions/covid-19-novel-coronavirus/covid-19-data-and-statistics/covid-19-vaccine-data,113974,88726,25246,2
New Zealand,2021-04-10,Pfizer/BioNTech,https://www.health.govt.nz/our-work/diseases-and-conditions/covid-19-novel-coronavirus/covid-19-data-and-statistics/covid-19-vaccine-data,117934,91994,25938,2
New Zealand,2021-04-11,Pfizer/BioNTech,https://www.health.govt.nz/our-work/diseases-and-conditions/covid-19-novel-coronavirus/covid-19-data-and-statistics/covid-19-vaccine-data,121495,94474,27019,2
New Zealand,2021-04-12,Pfizer/BioNTech,https://www.health.govt.nz/our-work/diseases-and-conditions/covid-19-novel-coronavirus/covid-19-data-and-statistics/covid-19-vaccine-data,129266,100521,28743,2
New Zealand,2021-04-13,Pfizer/BioNTech,https://www.health.govt.nz/our-work/diseases-and-conditions/covid-19-novel-coronavirus/covid-19-data-and-statistics/covid-19-vaccine-data,137707,107333,30371,3
New Zealand,2021-04-14,Pfizer/BioNTech,https://www.health.govt.nz/our-work/diseases-and-conditions/covid-19-novel-coronavirus/covid-19-data-and-statistics/covid-19-vaccine-data,145864,113966,31895,3
New Zealand,2021-04-15,Pfizer/BioNTech,https://www.health.govt.nz/our-work/diseases-and-conditions/covid-19-novel-coronavirus/covid-19-data-and-statistics/covid-19-vaccine-data,154599,120857,33739,3
New Zealand,2021-04-16,Pfizer/BioNTech,https://www.health.govt.nz/our-work/diseases-and-conditions/covid-19-novel-coronavirus/covid-19-data-and-statistics/covid-19-vaccine-data,164102,127724,36375,3
New Zealand,2021-04-17,Pfizer/BioNTech,https://www.health.govt.nz/our-work/diseases-and-conditions/covid-19-novel-coronavirus/covid-19-data-and-statistics/covid-19-vaccine-data,169153,131617,37533,3
New Zealand,2021-04-18,Pfizer/BioNTech,https://www.health.govt.nz/our-work/diseases-and-conditions/covid-19-novel-coronavirus/covid-19-data-and-statistics/covid-19-vaccine-data,171225,133097,38125,3
New Zealand,2021-04-19,Pfizer/BioNTech,https://www.health.govt.nz/our-work/diseases-and-conditions/covid-19-novel-coronavirus/covid-19-data-and-statistics/covid-19-vaccine-data,178357,138192,40162,3
New Zealand,2021-04-20,Pfizer/BioNTech,https://www.health.govt.nz/our-work/diseases-and-conditions/covid-19-novel-coronavirus/covid-19-data-and-statistics/covid-19-vaccine-data,187441,144289,43149,3
New Zealand,2021-04-21,Pfizer/BioNTech,https://www.health.govt.nz/our-work/diseases-and-conditions/covid-19-novel-coronavirus/covid-19-data-and-statistics/covid-19-vaccine-data,197629,151046,46580,3
New Zealand,2021-04-22,Pfizer/BioNTech,https://www.health.govt.nz/our-work/diseases-and-conditions/covid-19-novel-coronavirus/covid-19-data-and-statistics/covid-19-vaccine-data,208053,157588,50462,3
New Zealand,2021-04-23,Pfizer/BioNTech,https://www.health.govt.nz/our-work/diseases-and-conditions/covid-19-novel-coronavirus/covid-19-data-and-statistics/covid-19-vaccine-data,219748,165736,54009,3
New Zealand,2021-04-24,Pfizer/BioNTech,https://www.health.govt.nz/our-work/diseases-and-conditions/covid-19-novel-coronavirus/covid-19-data-and-statistics/covid-19-vaccine-data,224405,169011,55391,3
New Zealand,2021-04-25,Pfizer/BioNTech,https://www.health.govt.nz/our-work/diseases-and-conditions/covid-19-novel-coronavirus/covid-19-data-and-statistics/covid-19-vaccine-data,226786,170483,56300,3
New Zealand,2021-04-26,Pfizer/BioNTech,https://www.health.govt.nz/our-work/diseases-and-conditions/covid-19-novel-coronavirus/covid-19-data-and-statistics/covid-19-vaccine-data,229038,171872,57163,3
New Zealand,2021-04-27,Pfizer/BioNTech,https://www.health.govt.nz/our-work/diseases-and-conditions/covid-19-novel-coronavirus/covid-19-data-and-statistics/covid-19-vaccine-data,239051,178673,60375,3
New Zealand,2021-04-28,Pfizer/BioNTech,https://www.health.govt.nz/our-work/diseases-and-conditions/covid-19-novel-coronavirus/covid-19-data-and-statistics/covid-19-vaccine-data,250028,185976,64049,3
New Zealand,2021-04-29,Pfizer/BioNTech,https://www.health.govt.nz/our-work/diseases-and-conditions/covid-19-novel-coronavirus/covid-19-data-and-statistics/covid-19-vaccine-data,262514,193504,69007,3
New Zealand,2021-04-30,Pfizer/BioNTech,https://www.health.govt.nz/our-work/diseases-and-conditions/covid-19-novel-coronavirus/covid-19-data-and-statistics/covid-19-vaccine-data,275922,201878,74041,3
New Zealand,2021-05-01,Pfizer/BioNTech,https://www.health.govt.nz/our-work/diseases-and-conditions/covid-19-novel-coronavirus/covid-19-data-and-statistics/covid-19-vaccine-data,281405,205369,76033,3
New Zealand,2021-05-02,Pfizer/BioNTech,https://www.health.govt.nz/our-work/diseases-and-conditions/covid-19-novel-coronavirus/covid-19-data-and-statistics/covid-19-vaccine-data,284950,206993,77954,3
New Zealand,2021-05-03,Pfizer/BioNTech,https://www.health.govt.nz/our-work/diseases-and-conditions/covid-19-novel-coronavirus/covid-19-data-and-statistics/covid-19-vaccine-data,295694,213246,82445,3
New Zealand,2021-05-04,Pfizer/BioNTech,https://www.health.govt.nz/our-work/diseases-and-conditions/covid-19-novel-coronavirus/covid-19-data-and-statistics/covid-19-vaccine-data,309342,221590,87749,3
New Zealand,2021-05-05,Pfizer/BioNTech,https://www.health.govt.nz/our-work/diseases-and-conditions/covid-19-novel-coronavirus/covid-19-data-and-statistics/covid-19-vaccine-data,324111,230800,93308,3
New Zealand,2021-05-06,Pfizer/BioNTech,https://www.health.govt.nz/our-work/diseases-and-conditions/covid-19-novel-coronavirus/covid-19-data-and-statistics/covid-19-vaccine-data,339148,240005,99140,3
New Zealand,2021-05-07,Pfizer/BioNTech,https://www.health.govt.nz/our-work/diseases-and-conditions/covid-19-novel-coronavirus/covid-19-data-and-statistics/covid-19-vaccine-data,356040,250139,105898,3
New Zealand,2021-05-08,Pfizer/BioNTech,https://www.health.govt.nz/our-work/diseases-and-conditions/covid-19-novel-coronavirus/covid-19-data-and-statistics/covid-19-vaccine-data,363298,254541,108754,3
New Zealand,2021-05-09,Pfizer/BioNTech,https://www.health.govt.nz/our-work/diseases-and-conditions/covid-19-novel-coronavirus/covid-19-data-and-statistics/covid-19-vaccine-data,366648,256275,110370,3
New Zealand,2021-05-10,Pfizer/BioNTech,https://www.health.govt.nz/our-work/diseases-and-conditions/covid-19-novel-coronavirus/covid-19-data-and-statistics/covid-19-vaccine-data,378653,263159,115491,3
New Zealand,2021-05-11,Pfizer/BioNTech,https://www.health.govt.nz/our-work/diseases-and-conditions/covid-19-novel-coronavirus/covid-19-data-and-statistics/covid-19-vaccine-data,393782,272387,121392,3
New Zealand,2021-05-12,Pfizer/BioNTech,https://www.health.govt.nz/our-work/diseases-and-conditions/covid-19-novel-coronavirus/covid-19-data-and-statistics/covid-19-vaccine-data,409082,281912,127166,4
New Zealand,2021-05-13,Pfizer/BioNTech,https://www.health.govt.nz/our-work/diseases-and-conditions/covid-19-novel-coronavirus/covid-19-data-and-statistics/covid-19-vaccine-data,424878,291690,133184,4
New Zealand,2021-05-14,Pfizer/BioNTech,https://www.health.govt.nz/our-work/diseases-and-conditions/covid-19-novel-coronavirus/covid-19-data-and-statistics/covid-19-vaccine-data,440954,300648,140302,4
New Zealand,2021-05-15,Pfizer/BioNTech,https://www.health.govt.nz/our-work/diseases-and-conditions/covid-19-novel-coronavirus/covid-19-data-and-statistics/covid-19-vaccine-data,447191,304067,143120,4
New Zealand,2021-05-16,Pfizer/BioNTech,https://www.health.govt.nz/our-work/diseases-and-conditions/covid-19-novel-coronavirus/covid-19-data-and-statistics/covid-19-vaccine-data,451413,306482,144927,4
New Zealand,2021-05-17,Pfizer/BioNTech,https://www.health.govt.nz/our-work/diseases-and-conditions/covid-19-novel-coronavirus/covid-19-data-and-statistics/covid-19-vaccine-data,462468,313778,148686,4
New Zealand,2021-05-18,Pfizer/BioNTech,https://www.health.govt.nz/our-work/diseases-and-conditions/covid-19-novel-coronavirus/covid-19-data-and-statistics/covid-19-vaccine-data,477262,323054,154204,4
New Zealand,2021-05-19,Pfizer/BioNTech,https://www.health.govt.nz/our-work/diseases-and-conditions/covid-19-novel-coronavirus/covid-19-data-and-statistics/covid-19-vaccine-data,492723,332111,160607,5
New Zealand,2021-05-20,Pfizer/BioNTech,https://www.health.govt.nz/our-work/diseases-and-conditions/covid-19-novel-coronavirus/covid-19-data-and-statistics/covid-19-vaccine-data,508207,340840,167361,6
New Zealand,2021-05-21,Pfizer/BioNTech,https://www.health.govt.nz/our-work/diseases-and-conditions/covid-19-novel-coronavirus/covid-19-data-and-statistics/covid-19-vaccine-data,523773,349105,174662,6
New Zealand,2021-05-22,Pfizer/BioNTech,https://www.health.govt.nz/our-work/diseases-and-conditions/covid-19-novel-coronavirus/covid-19-data-and-statistics/covid-19-vaccine-data,531748,353513,178229,6
New Zealand,2021-05-23,Pfizer/BioNTech,https://www.health.govt.nz/our-work/diseases-and-conditions/covid-19-novel-coronavirus/covid-19-data-and-statistics/covid-19-vaccine-data,535559,355778,179773,8
New Zealand,2021-05-24,Pfizer/BioNTech,https://www.health.govt.nz/our-work/diseases-and-conditions/covid-19-novel-coronavirus/covid-19-data-and-statistics/covid-19-vaccine-data,548565,363008,185549,8
New Zealand,2021-05-25,Pfizer/BioNTech,https://www.health.govt.nz/our-work/diseases-and-conditions/covid-19-novel-coronavirus/covid-19-data-and-statistics/covid-19-vaccine-data,565890,372849,193033,8
New Zealand,2021-05-26,Pfizer/BioNTech,https://www.health.govt.nz/our-work/diseases-and-conditions/covid-19-novel-coronavirus/covid-19-data-and-statistics/covid-19-vaccine-data,584620,383809,200803,8
New Zealand,2021-05-27,Pfizer/BioNTech,https://www.health.govt.nz/our-work/diseases-and-conditions/covid-19-novel-coronavirus/covid-19-data-and-statistics/covid-19-vaccine-data,601522,393677,207837,8
New Zealand,2021-05-28,Pfizer/BioNTech,https://www.health.govt.nz/our-work/diseases-and-conditions/covid-19-novel-coronavirus/covid-19-data-and-statistics/covid-19-vaccine-data,622226,404501,217717,8
New Zealand,2021-05-29,Pfizer/BioNTech,https://www.health.govt.nz/our-work/diseases-and-conditions/covid-19-novel-coronavirus/covid-19-data-and-statistics/covid-19-vaccine-data,632466,410442,222016,8
New Zealand,2021-05-30,Pfizer/BioNTech,https://www.health.govt.nz/our-work/diseases-and-conditions/covid-19-novel-coronavirus/covid-19-data-and-statistics/covid-19-vaccine-data,637671,413763,223900,8
New Zealand,2021-05-31,Pfizer/BioNTech,https://www.health.govt.nz/our-work/diseases-and-conditions/covid-19-novel-coronavirus/covid-19-data-and-statistics/covid-19-vaccine-data,652142,422664,229469,9
New Zealand,2021-06-01,Pfizer/BioNTech,https://www.health.govt.nz/our-work/diseases-and-conditions/covid-19-novel-coronavirus/covid-19-data-and-statistics/covid-19-vaccine-data,672086,434682,237394,10
New Zealand,2021-06-02,Pfizer/BioNTech,https://www.health.govt.nz/our-work/diseases-and-conditions/covid-19-novel-coronavirus/covid-19-data-and-statistics/covid-19-vaccine-data,693067,447241,245815,11
New Zealand,2021-06-03,Pfizer/BioNTech,https://www.health.govt.nz/our-work/diseases-and-conditions/covid-19-novel-coronavirus/covid-19-data-and-statistics/covid-19-vaccine-data,716237,461375,254849,13
New Zealand,2021-06-04,Pfizer/BioNTech,https://www.health.govt.nz/our-work/diseases-and-conditions/covid-19-novel-coronavirus/covid-19-data-and-statistics/covid-19-vaccine-data,736695,473474,263208,13
New Zealand,2021-06-05,Pfizer/BioNTech,https://www.health.govt.nz/our-work/diseases-and-conditions/covid-19-novel-coronavirus/covid-19-data-and-statistics/covid-19-vaccine-data,746246,479674,266559,13
New Zealand,2021-06-06,Pfizer/BioNTech,https://www.health.govt.nz/our-work/diseases-and-conditions/covid-19-novel-coronavirus/covid-19-data-and-statistics/covid-19-vaccine-data,751465,483209,268243,13
New Zealand,2021-06-07,Pfizer/BioNTech,https://www.health.govt.nz/our-work/diseases-and-conditions/covid-19-novel-coronavirus/covid-19-data-and-statistics/covid-19-vaccine-data,756774,487145,269616,13
New Zealand,2021-06-08,Pfizer/BioNTech,https://www.health.govt.nz/our-work/diseases-and-conditions/covid-19-novel-coronavirus/covid-19-data-and-statistics/covid-19-vaccine-data,778633,500245,278375,13
New Zealand,2021-06-09,Pfizer/BioNTech,https://www.health.govt.nz/our-work/diseases-and-conditions/covid-19-novel-coronavirus/covid-19-data-and-statistics/covid-19-vaccine-data,790066,507357,282695,14
New Zealand,2021-06-10,Pfizer/BioNTech,https://www.health.govt.nz/our-work/diseases-and-conditions/covid-19-novel-coronavirus/covid-19-data-and-statistics/covid-19-vaccine-data,813484,521298,292172,14
New Zealand,2021-06-11,Pfizer/BioNTech,https://www.health.govt.nz/our-work/diseases-and-conditions/covid-19-novel-coronavirus/covid-19-data-and-statistics/covid-19-vaccine-data,835054,533277,301763,14
New Zealand,2021-06-12,Pfizer/BioNTech,https://www.health.govt.nz/our-work/diseases-and-conditions/covid-19-novel-coronavirus/covid-19-data-and-statistics/covid-19-vaccine-data,846999,540726,306259,14
New Zealand,2021-06-13,Pfizer/BioNTech,https://www.health.govt.nz/our-work/diseases-and-conditions/covid-19-novel-coronavirus/covid-19-data-and-statistics/covid-19-vaccine-data,854311,545130,309165,16
New Zealand,2021-06-14,Pfizer/BioNTech,https://www.health.govt.nz/our-work/diseases-and-conditions/covid-19-novel-coronavirus/covid-19-data-and-statistics/covid-19-vaccine-data,872228,555483,316729,16
New Zealand,2021-06-15,Pfizer/BioNTech,https://www.health.govt.nz/our-work/diseases-and-conditions/covid-19-novel-coronavirus/covid-19-data-and-statistics/covid-19-vaccine-data,894468,568562,325889,17
New Zealand,2021-06-16,Pfizer/BioNTech,https://www.health.govt.nz/our-work/diseases-and-conditions/covid-19-novel-coronavirus/covid-19-data-and-statistics/covid-19-vaccine-data,918903,582963,335923,17
New Zealand,2021-06-17,Pfizer/BioNTech,https://www.health.govt.nz/our-work/diseases-and-conditions/covid-19-novel-coronavirus/covid-19-data-and-statistics/covid-19-vaccine-data,942198,595947,346234,17
New Zealand,2021-06-18,Pfizer/BioNTech,https://www.health.govt.nz/our-work/diseases-and-conditions/covid-19-novel-coronavirus/covid-19-data-and-statistics/covid-19-vaccine-data,963021,607306,355698,17
New Zealand,2021-06-19,Pfizer/BioNTech,https://www.health.govt.nz/our-work/diseases-and-conditions/covid-19-novel-coronavirus/covid-19-data-and-statistics/covid-19-vaccine-data,975310,614688,360605,17
New Zealand,2021-06-20,Pfizer/BioNTech,https://www.health.govt.nz/our-work/diseases-and-conditions/covid-19-novel-coronavirus/covid-19-data-and-statistics/covid-19-vaccine-data,982621,618651,363953,17
New Zealand,2021-06-21,Pfizer/BioNTech,https://www.health.govt.nz/our-work/diseases-and-conditions/covid-19-novel-coronavirus/covid-19-data-and-statistics/covid-19-vaccine-data,1000139,627719,372403,17
New Zealand,2021-06-22,Pfizer/BioNTech,https://www.health.govt.nz/our-work/diseases-and-conditions/covid-19-novel-coronavirus/covid-19-data-and-statistics/covid-19-vaccine-data,1022877,639167,383693,17
New Zealand,2021-06-23,Pfizer/BioNTech,https://www.health.govt.nz/our-work/diseases-and-conditions/covid-19-novel-coronavirus/covid-19-data-and-statistics/covid-19-vaccine-data,1047886,652280,395589,17
New Zealand,2021-06-24,Pfizer/BioNTech,https://www.health.govt.nz/our-work/diseases-and-conditions/covid-19-novel-coronavirus/covid-19-data-and-statistics/covid-19-vaccine-data,1072326,663720,408589,17
New Zealand,2021-06-25,Pfizer/BioNTech,https://www.health.govt.nz/our-work/diseases-and-conditions/covid-19-novel-coronavirus/covid-19-data-and-statistics/covid-19-vaccine-data,1094069,673741,420311,17
New Zealand,2021-06-26,Pfizer/BioNTech,https://www.health.govt.nz/our-work/diseases-and-conditions/covid-19-novel-coronavirus/covid-19-data-and-statistics/covid-19-vaccine-data,1108713,682097,426599,17
New Zealand,2021-06-27,Pfizer/BioNTech,https://www.health.govt.nz/our-work/diseases-and-conditions/covid-19-novel-coronavirus/covid-19-data-and-statistics/covid-19-vaccine-data,1115750,685689,430044,17
New Zealand,2021-06-28,Pfizer/BioNTech,https://www.health.govt.nz/our-work/diseases-and-conditions/covid-19-novel-coronavirus/covid-19-data-and-statistics/covid-19-vaccine-data,1132136,695616,436503,17
New Zealand,2021-06-29,Pfizer/BioNTech,https://www.health.govt.nz/our-work/diseases-and-conditions/covid-19-novel-coronavirus/covid-19-data-and-statistics/covid-19-vaccine-data,1153115,706548,446550,17
New Zealand,2021-06-30,Pfizer/BioNTech,https://www.health.govt.nz/our-work/diseases-and-conditions/covid-19-novel-coronavirus/covid-19-data-and-statistics/covid-19-vaccine-data,1176015,719488,456510,17
New Zealand,2021-07-01,Pfizer/BioNTech,https://www.health.govt.nz/our-work/diseases-and-conditions/covid-19-novel-coronavirus/covid-19-data-and-statistics/covid-19-vaccine-data,1198979,732594,466368,17
New Zealand,2021-07-02,Pfizer/BioNTech,https://www.health.govt.nz/our-work/diseases-and-conditions/covid-19-novel-coronavirus/covid-19-data-and-statistics/covid-19-vaccine-data,1219065,742362,476686,17
New Zealand,2021-07-03,Pfizer/BioNTech,https://www.health.govt.nz/our-work/diseases-and-conditions/covid-19-novel-coronavirus/covid-19-data-and-statistics/covid-19-vaccine-data,1231785,749749,482019,17
New Zealand,2021-07-04,Pfizer/BioNTech,https://www.health.govt.nz/our-work/diseases-and-conditions/covid-19-novel-coronavirus/covid-19-data-and-statistics/covid-19-vaccine-data,1238202,753240,484945,17
New Zealand,2021-07-05,Pfizer/BioNTech,https://www.health.govt.nz/our-work/diseases-and-conditions/covid-19-novel-coronavirus/covid-19-data-and-statistics/covid-19-vaccine-data,1253957,761023,492916,18
New Zealand,2021-07-06,Pfizer/BioNTech,https://www.health.govt.nz/our-work/diseases-and-conditions/covid-19-novel-coronavirus/covid-19-data-and-statistics/covid-19-vaccine-data,1274884,770613,504253,18
New Zealand,2021-07-07,Pfizer/BioNTech,https://www.health.govt.nz/our-work/diseases-and-conditions/covid-19-novel-coronavirus/covid-19-data-and-statistics/covid-19-vaccine-data,1298044,781896,516130,18
New Zealand,2021-07-08,Pfizer/BioNTech,https://www.health.govt.nz/our-work/diseases-and-conditions/covid-19-novel-coronavirus/covid-19-data-and-statistics/covid-19-vaccine-data,1322662,794612,528031,19
New Zealand,2021-07-09,Pfizer/BioNTech,https://www.health.govt.nz/our-work/diseases-and-conditions/covid-19-novel-coronavirus/covid-19-data-and-statistics/covid-19-vaccine-data,1344271,805697,538555,19
New Zealand,2021-07-10,Pfizer/BioNTech,https://www.health.govt.nz/our-work/diseases-and-conditions/covid-19-novel-coronavirus/covid-19-data-and-statistics/covid-19-vaccine-data,1360085,815023,545043,19
New Zealand,2021-07-11,Pfizer/BioNTech,https://www.health.govt.nz/our-work/diseases-and-conditions/covid-19-novel-coronavirus/covid-19-data-and-statistics/covid-19-vaccine-data,1367723,819418,548286,19
New Zealand,2021-07-12,Pfizer/BioNTech,https://www.health.govt.nz/our-work/diseases-and-conditions/covid-19-novel-coronavirus/covid-19-data-and-statistics/covid-19-vaccine-data,1385374,828961,556394,19
New Zealand,2021-07-13,Pfizer/BioNTech,https://www.health.govt.nz/our-work/diseases-and-conditions/covid-19-novel-coronavirus/covid-19-data-and-statistics/covid-19-vaccine-data,1407935,841030,566885,20
New Zealand,2021-07-14,Pfizer/BioNTech,https://www.health.govt.nz/our-work/diseases-and-conditions/covid-19-novel-coronavirus/covid-19-data-and-statistics/covid-19-vaccine-data,1432809,854451,578337,21
New Zealand,2021-07-15,Pfizer/BioNTech,https://www.health.govt.nz/our-work/diseases-and-conditions/covid-19-novel-coronavirus/covid-19-data-and-statistics/covid-19-vaccine-data,1456590,867316,589252,22
New Zealand,2021-07-16,Pfizer/BioNTech,https://www.health.govt.nz/our-work/diseases-and-conditions/covid-19-novel-coronavirus/covid-19-data-and-statistics/covid-19-vaccine-data,1478451,879256,599173,22
New Zealand,2021-07-17,Pfizer/BioNTech,https://www.health.govt.nz/our-work/diseases-and-conditions/covid-19-novel-coronavirus/covid-19-data-and-statistics/covid-19-vaccine-data,1494991,888714,606255,22
New Zealand,2021-07-18,Pfizer/BioNTech,https://www.health.govt.nz/our-work/diseases-and-conditions/covid-19-novel-coronavirus/covid-19-data-and-statistics/covid-19-vaccine-data,1503722,894370,609330,22
New Zealand,2021-07-19,Pfizer/BioNTech,https://www.health.govt.nz/our-work/diseases-and-conditions/covid-19-novel-coronavirus/covid-19-data-and-statistics/covid-19-vaccine-data,1526067,907526,618519,22
New Zealand,2021-07-20,Pfizer/BioNTech,https://www.health.govt.nz/our-work/diseases-and-conditions/covid-19-novel-coronavirus/covid-19-data-and-statistics/covid-19-vaccine-data,1556755,926285,630447,23
New Zealand,2021-07-21,Pfizer/BioNTech,https://www.health.govt.nz/our-work/diseases-and-conditions/covid-19-novel-coronavirus/covid-19-data-and-statistics/covid-19-vaccine-data,1590753,947093,643637,23
New Zealand,2021-07-22,Pfizer/BioNTech,https://www.health.govt.nz/our-work/diseases-and-conditions/covid-19-novel-coronavirus/covid-19-data-and-statistics/covid-19-vaccine-data,1623114,966930,656161,23
New Zealand,2021-07-23,Pfizer/BioNTech,https://www.health.govt.nz/our-work/diseases-and-conditions/covid-19-novel-coronavirus/covid-19-data-and-statistics/covid-19-vaccine-data,1654202,986698,667481,23
New Zealand,2021-07-24,Pfizer/BioNTech,https://www.health.govt.nz/our-work/diseases-and-conditions/covid-19-novel-coronavirus/covid-19-data-and-statistics/covid-19-vaccine-data,1679053,1003810,675220,23
New Zealand,2021-07-25,Pfizer/BioNTech,https://www.health.govt.nz/our-work/diseases-and-conditions/covid-19-novel-coronavirus/covid-19-data-and-statistics/covid-19-vaccine-data,1693041,1012864,680154,23
New Zealand,2021-07-26,Pfizer/BioNTech,https://www.health.govt.nz/our-work/diseases-and-conditions/covid-19-novel-coronavirus/covid-19-data-and-statistics/covid-19-vaccine-data,1723580,1033420,690136,24
New Zealand,2021-07-27,Pfizer/BioNTech,https://www.health.govt.nz/our-work/diseases-and-conditions/covid-19-novel-coronavirus/covid-19-data-and-statistics/covid-19-vaccine-data,1762577,1061034,701519,24
New Zealand,2021-07-28,Pfizer/BioNTech,https://www.health.govt.nz/our-work/diseases-and-conditions/covid-19-novel-coronavirus/covid-19-data-and-statistics/covid-19-vaccine-data,1804183,1090463,713696,24
New Zealand,2021-07-29,Pfizer/BioNTech,https://www.health.govt.nz/our-work/diseases-and-conditions/covid-19-novel-coronavirus/covid-19-data-and-statistics/covid-19-vaccine-data,1844418,1118700,725694,24
New Zealand,2021-07-30,Pfizer/BioNTech,https://www.health.govt.nz/our-work/diseases-and-conditions/covid-19-novel-coronavirus/covid-19-data-and-statistics/covid-19-vaccine-data,1886595,1150223,736347,25
New Zealand,2021-07-31,Pfizer/BioNTech,https://www.health.govt.nz/our-work/diseases-and-conditions/covid-19-novel-coronavirus/covid-19-data-and-statistics/covid-19-vaccine-data,1925198,1179742,745430,26
New Zealand,2021-08-01,Pfizer/BioNTech,https://www.health.govt.nz/our-work/diseases-and-conditions/covid-19-novel-coronavirus/covid-19-data-and-statistics/covid-19-vaccine-data,1947861,1197726,750109,26
New Zealand,2021-08-02,Pfizer/BioNTech,https://www.health.govt.nz/our-work/diseases-and-conditions/covid-19-novel-coronavirus/covid-19-data-and-statistics/covid-19-vaccine-data,1983013,1223432,759552,29
New Zealand,2021-08-03,Pfizer/BioNTech,https://www.health.govt.nz/our-work/diseases-and-conditions/covid-19-novel-coronavirus/covid-19-data-and-statistics/covid-19-vaccine-data,2025867,1253741,772097,29
New Zealand,2021-08-04,Pfizer/BioNTech,https://www.health.govt.nz/our-work/diseases-and-conditions/covid-19-novel-coronavirus/covid-19-data-and-statistics/covid-19-vaccine-data,2071372,1286307,785035,30
New Zealand,2021-08-05,Pfizer/BioNTech,https://www.health.govt.nz/our-work/diseases-and-conditions/covid-19-novel-coronavirus/covid-19-data-and-statistics/covid-19-vaccine-data,2113682,1315579,798073,30
New Zealand,2021-08-06,Pfizer/BioNTech,https://www.health.govt.nz/our-work/diseases-and-conditions/covid-19-novel-coronavirus/covid-19-data-and-statistics/covid-19-vaccine-data,2155789,1345972,809785,32
New Zealand,2021-08-07,Pfizer/BioNTech,https://www.health.govt.nz/our-work/diseases-and-conditions/covid-19-novel-coronavirus/covid-19-data-and-statistics/covid-19-vaccine-data,2192623,1373907,818683,33
New Zealand,2021-08-08,Pfizer/BioNTech,https://www.health.govt.nz/our-work/diseases-and-conditions/covid-19-novel-coronavirus/covid-19-data-and-statistics/covid-19-vaccine-data,2213132,1389778,823320,34
New Zealand,2021-08-09,Pfizer/BioNTech,https://www.health.govt.nz/our-work/diseases-and-conditions/covid-19-novel-coronavirus/covid-19-data-and-statistics/covid-19-vaccine-data,2251697,1416682,834980,35
New Zealand,2021-08-10,Pfizer/BioNTech,https://www.health.govt.nz/our-work/diseases-and-conditions/covid-19-novel-coronavirus/covid-19-data-and-statistics/covid-19-vaccine-data,2298788,1447804,850947,37
New Zealand,2021-08-11,Pfizer/BioNTech,https://www.health.govt.nz/our-work/diseases-and-conditions/covid-19-novel-coronavirus/covid-19-data-and-statistics/covid-19-vaccine-data,2347780,1479852,867891,37
New Zealand,2021-08-12,Pfizer/BioNTech,https://www.health.govt.nz/our-work/diseases-and-conditions/covid-19-novel-coronavirus/covid-19-data-and-statistics/covid-19-vaccine-data,2396852,1512365,884449,38
New Zealand,2021-08-13,Pfizer/BioNTech,https://www.health.govt.nz/our-work/diseases-and-conditions/covid-19-novel-coronavirus/covid-19-data-and-statistics/covid-19-vaccine-data,2443933,1543776,900118,39
New Zealand,2021-08-14,Pfizer/BioNTech,https://www.health.govt.nz/our-work/diseases-and-conditions/covid-19-novel-coronavirus/covid-19-data-and-statistics/covid-19-vaccine-data,2487698,1574203,913455,40
New Zealand,2021-08-15,Pfizer/BioNTech,https://www.health.govt.nz/our-work/diseases-and-conditions/covid-19-novel-coronavirus/covid-19-data-and-statistics/covid-19-vaccine-data,2513396,1592492,920864,40
New Zealand,2021-08-16,Pfizer/BioNTech,https://www.health.govt.nz/our-work/diseases-and-conditions/covid-19-novel-coronavirus/covid-19-data-and-statistics/covid-19-vaccine-data,2559836,1622864,936931,41
New Zealand,2021-08-17,Pfizer/BioNTech,https://www.health.govt.nz/our-work/diseases-and-conditions/covid-19-novel-coronavirus/covid-19-data-and-statistics/covid-19-vaccine-data,2616136,1658723,957370,43
New Zealand,2021-08-18,Pfizer/BioNTech,https://www.health.govt.nz/our-work/diseases-and-conditions/covid-19-novel-coronavirus/covid-19-data-and-statistics/covid-19-vaccine-data,2616649,1659134,957472,43
New Zealand,2021-08-19,Pfizer/BioNTech,https://www.health.govt.nz/our-work/diseases-and-conditions/covid-19-novel-coronavirus/covid-19-data-and-statistics/covid-19-vaccine-data,2647021,1680724,966254,43
New Zealand,2021-08-20,Pfizer/BioNTech,https://www.health.govt.nz/our-work/diseases-and-conditions/covid-19-novel-coronavirus/covid-19-data-and-statistics/covid-19-vaccine-data,2706072,1719543,986486,43
New Zealand,2021-08-21,Pfizer/BioNTech,https://www.health.govt.nz/our-work/diseases-and-conditions/covid-19-novel-coronavirus/covid-19-data-and-statistics/covid-19-vaccine-data,2760390,1757948,1002396,46
New Zealand,2021-08-22,Pfizer/BioNTech,https://www.health.govt.nz/our-work/diseases-and-conditions/covid-19-novel-coronavirus/covid-19-data-and-statistics/covid-19-vaccine-data,2797998,1786453,1011499,46
New Zealand,2021-08-23,Pfizer/BioNTech,https://www.health.govt.nz/our-work/diseases-and-conditions/covid-19-novel-coronavirus/covid-19-data-and-statistics/covid-19-vaccine-data,2864390,1833260,1031080,50
New Zealand,2021-08-24,Pfizer/BioNTech,https://www.health.govt.nz/our-work/diseases-and-conditions/covid-19-novel-coronavirus/covid-19-data-and-statistics/covid-19-vaccine-data,2947500,1892678,1054771,51
New Zealand,2021-08-25,Pfizer/BioNTech,https://www.health.govt.nz/our-work/diseases-and-conditions/covid-19-novel-coronavirus/covid-19-data-and-statistics/covid-19-vaccine-data,3037474,1956127,1081292,55
New Zealand,2021-08-26,Pfizer/BioNTech,https://www.health.govt.nz/our-work/diseases-and-conditions/covid-19-novel-coronavirus/covid-19-data-and-statistics/covid-19-vaccine-data,3130937,2024056,1106825,56
New Zealand,2021-08-27,Pfizer/BioNTech,https://www.health.govt.nz/our-work/diseases-and-conditions/covid-19-novel-coronavirus/covid-19-data-and-statistics/covid-19-vaccine-data,3223112,2091482,1131571,59
New Zealand,2021-08-28,Pfizer/BioNTech,https://www.health.govt.nz/our-work/diseases-and-conditions/covid-19-novel-coronavirus/covid-19-data-and-statistics/covid-19-vaccine-data,3302417,2148366,1153989,62
New Zealand,2021-08-29,Pfizer/BioNTech,https://www.health.govt.nz/our-work/diseases-and-conditions/covid-19-novel-coronavirus/covid-19-data-and-statistics/covid-19-vaccine-data,3351022,2185480,1165479,63
New Zealand,2021-08-30,Pfizer/BioNTech,https://www.health.govt.nz/our-work/diseases-and-conditions/covid-19-novel-coronavirus/covid-19-data-and-statistics/covid-19-vaccine-data,3429746,2240415,1189265,66
New Zealand,2021-08-31,Pfizer/BioNTech,https://www.health.govt.nz/our-work/diseases-and-conditions/covid-19-novel-coronavirus/covid-19-data-and-statistics/covid-19-vaccine-data,3516604,2299754,1216781,69
New Zealand,2021-09-01,Pfizer/BioNTech,https://www.health.govt.nz/our-work/diseases-and-conditions/covid-19-novel-coronavirus/covid-19-data-and-statistics/covid-19-vaccine-data,3607940,2363361,1244507,72
New Zealand,2021-09-02,Pfizer/BioNTech,https://www.health.govt.nz/our-work/diseases-and-conditions/covid-19-novel-coronavirus/covid-19-data-and-statistics/covid-19-vaccine-data,3698547,2428620,1269854,73
New Zealand,2021-09-03,Pfizer/BioNTech,https://www.health.govt.nz/our-work/diseases-and-conditions/covid-19-novel-coronavirus/covid-19-data-and-statistics/covid-19-vaccine-data,3786444,2490589,1295781,74
New Zealand,2021-09-04,Pfizer/BioNTech,https://www.health.govt.nz/our-work/diseases-and-conditions/covid-19-novel-coronavirus/covid-19-data-and-statistics/covid-19-vaccine-data,3865195,2546736,1318381,78
New Zealand,2021-09-05,Pfizer/BioNTech,https://www.health.govt.nz/our-work/diseases-and-conditions/covid-19-novel-coronavirus/covid-19-data-and-statistics/covid-19-vaccine-data,3904267,2573778,1330410,79
New Zealand,2021-09-06,Pfizer/BioNTech,https://www.health.govt.nz/our-work/diseases-and-conditions/covid-19-novel-coronavirus/covid-19-data-and-statistics/covid-19-vaccine-data,3971443,2619111,1352251,81
New Zealand,2021-09-07,Pfizer/BioNTech,https://www.health.govt.nz/our-work/diseases-and-conditions/covid-19-novel-coronavirus/covid-19-data-and-statistics/covid-19-vaccine-data,4044957,2669133,1375740,84
New Zealand,2021-09-08,Pfizer/BioNTech,https://www.health.govt.nz/our-work/diseases-and-conditions/covid-19-novel-coronavirus/covid-19-data-and-statistics/covid-19-vaccine-data,4112420,2717997,1394334,89
New Zealand,2021-09-09,Pfizer/BioNTech,https://www.health.govt.nz/our-work/diseases-and-conditions/covid-19-novel-coronavirus/covid-19-data-and-statistics/covid-19-vaccine-data,4174620,2764554,1409975,91
New Zealand,2021-09-10,Pfizer/BioNTech,https://www.health.govt.nz/our-work/diseases-and-conditions/covid-19-novel-coronavirus/covid-19-data-and-statistics/covid-19-vaccine-data,4240028,2808749,1431182,97
New Zealand,2021-09-11,Pfizer/BioNTech,https://www.health.govt.nz/our-work/diseases-and-conditions/covid-19-novel-coronavirus/covid-19-data-and-statistics/covid-19-vaccine-data,4302428,2847805,1454525,98
New Zealand,2021-09-12,Pfizer/BioNTech,https://www.health.govt.nz/our-work/diseases-and-conditions/covid-19-novel-coronavirus/covid-19-data-and-statistics/covid-19-vaccine-data,4336584,2868481,1468005,98
New Zealand,2021-09-13,Pfizer/BioNTech,https://www.health.govt.nz/our-work/diseases-and-conditions/covid-19-novel-coronavirus/covid-19-data-and-statistics/covid-19-vaccine-data,4392129,2903022,1489005,102
New Zealand,2021-09-14,Pfizer/BioNTech,https://www.health.govt.nz/our-work/diseases-and-conditions/covid-19-novel-coronavirus/covid-19-data-and-statistics/covid-19-vaccine-data,4454805,2942783,1511914,108
New Zealand,2021-09-15,Pfizer/BioNTech,https://www.health.govt.nz/our-work/diseases-and-conditions/covid-19-novel-coronavirus/covid-19-data-and-statistics/covid-19-vaccine-data,4518095,2982817,1535161,117
New Zealand,2021-09-16,Pfizer/BioNTech,https://www.health.govt.nz/our-work/diseases-and-conditions/covid-19-novel-coronavirus/covid-19-data-and-statistics/covid-19-vaccine-data,4579583,3020111,1559347,125
New Zealand,2021-09-17,Pfizer/BioNTech,https://www.health.govt.nz/our-work/diseases-and-conditions/covid-19-novel-coronavirus/covid-19-data-and-statistics/covid-19-vaccine-data,4640709,3053498,1587073,138
New Zealand,2021-09-18,Pfizer/BioNTech,https://www.health.govt.nz/our-work/diseases-and-conditions/covid-19-novel-coronavirus/covid-19-data-and-statistics/covid-19-vaccine-data,4694706,3082841,1611726,139
New Zealand,2021-09-19,Pfizer/BioNTech,https://www.health.govt.nz/our-work/diseases-and-conditions/covid-19-novel-coronavirus/covid-19-data-and-statistics/covid-19-vaccine-data,4721630,3097155,1624332,143
New Zealand,2021-09-20,Pfizer/BioNTech,https://www.health.govt.nz/our-work/diseases-and-conditions/covid-19-novel-coronavirus/covid-19-data-and-statistics/covid-19-vaccine-data,4772417,3121969,1650296,152
New Zealand,2021-09-21,Pfizer/BioNTech,https://www.health.govt.nz/our-work/diseases-and-conditions/covid-19-novel-coronavirus/covid-19-data-and-statistics/covid-19-vaccine-data,4826850,3149768,1676921,161
New Zealand,2021-09-22,Pfizer/BioNTech,https://www.health.govt.nz/our-work/diseases-and-conditions/covid-19-novel-coronavirus/covid-19-data-and-statistics/covid-19-vaccine-data,4877015,3174330,1702519,166
New Zealand,2021-09-23,Pfizer/BioNTech,https://www.health.govt.nz/our-work/diseases-and-conditions/covid-19-novel-coronavirus/covid-19-data-and-statistics/covid-19-vaccine-data,4926863,3195592,1731102,169
New Zealand,2021-09-24,Pfizer/BioNTech,https://www.health.govt.nz/our-work/diseases-and-conditions/covid-19-novel-coronavirus/covid-19-data-and-statistics/covid-19-vaccine-data,4977877,3214758,1762944,175
New Zealand,2021-09-25,Pfizer/BioNTech,https://www.health.govt.nz/our-work/diseases-and-conditions/covid-19-novel-coronavirus/covid-19-data-and-statistics/covid-19-vaccine-data,5029765,3234298,1795291,176
New Zealand,2021-09-26,Pfizer/BioNTech,https://www.health.govt.nz/our-work/diseases-and-conditions/covid-19-novel-coronavirus/covid-19-data-and-statistics/covid-19-vaccine-data,5054680,3242579,1811925,176
New Zealand,2021-09-27,Pfizer/BioNTech,https://www.health.govt.nz/our-work/diseases-and-conditions/covid-19-novel-coronavirus/covid-19-data-and-statistics/covid-19-vaccine-data,5095745,3255321,1840243,181
New Zealand,2021-09-28,Pfizer/BioNTech,https://www.health.govt.nz/our-work/diseases-and-conditions/covid-19-novel-coronavirus/covid-19-data-and-statistics/covid-19-vaccine-data,5140674,3268943,1871541,190
New Zealand,2021-09-29,Pfizer/BioNTech,https://www.health.govt.nz/our-work/diseases-and-conditions/covid-19-novel-coronavirus/covid-19-data-and-statistics/covid-19-vaccine-data,5181910,3283005,1898712,193
New Zealand,2021-09-30,Pfizer/BioNTech,https://www.health.govt.nz/our-work/diseases-and-conditions/covid-19-novel-coronavirus/covid-19-data-and-statistics/covid-19-vaccine-data,5228540,3297180,1931160,200
New Zealand,2021-10-01,Pfizer/BioNTech,https://www.health.govt.nz/our-work/diseases-and-conditions/covid-19-novel-coronavirus/covid-19-data-and-statistics/covid-19-vaccine-data,5276481,3309585,1966691,205
New Zealand,2021-10-02,Pfizer/BioNTech,https://www.health.govt.nz/our-work/diseases-and-conditions/covid-19-novel-coronavirus/covid-19-data-and-statistics/covid-19-vaccine-data,5326917,3322525,2004182,210
New Zealand,2021-10-03,Pfizer/BioNTech,https://www.health.govt.nz/our-work/diseases-and-conditions/covid-19-novel-coronavirus/covid-19-data-and-statistics/covid-19-vaccine-data,5354121,3329657,2024252,212
New Zealand,2021-10-04,Pfizer/BioNTech,https://www.health.govt.nz/our-work/diseases-and-conditions/covid-19-novel-coronavirus/covid-19-data-and-statistics/covid-19-vaccine-data,5410395,3344662,2065517,216
New Zealand,2021-10-05,Pfizer/BioNTech,https://www.health.govt.nz/our-work/diseases-and-conditions/covid-19-novel-coronavirus/covid-19-data-and-statistics/covid-19-vaccine-data,5474602,3362421,2111959,222
New Zealand,2021-10-06,Pfizer/BioNTech,https://www.health.govt.nz/our-work/diseases-and-conditions/covid-19-novel-coronavirus/covid-19-data-and-statistics/covid-19-vaccine-data,5545430,3381518,2163675,237
New Zealand,2021-10-07,Pfizer/BioNTech,https://www.health.govt.nz/our-work/diseases-and-conditions/covid-19-novel-coronavirus/covid-19-data-and-statistics/covid-19-vaccine-data,5628415,3401391,2226776,248
New Zealand,2021-10-08,Pfizer/BioNTech,https://www.health.govt.nz/our-work/diseases-and-conditions/covid-19-novel-coronavirus/covid-19-data-and-statistics/covid-19-vaccine-data,5714809,3420142,2294411,256
New Zealand,2021-10-09,Pfizer/BioNTech,https://www.health.govt.nz/our-work/diseases-and-conditions/covid-19-novel-coronavirus/covid-19-data-and-statistics/covid-19-vaccine-data,5797118,3438599,2358257,262
New Zealand,2021-10-10,Pfizer/BioNTech,https://www.health.govt.nz/our-work/diseases-and-conditions/covid-19-novel-coronavirus/covid-19-data-and-statistics/covid-19-vaccine-data,5839506,3447703,2391537,266
New Zealand,2021-10-11,Pfizer/BioNTech,https://www.health.govt.nz/our-work/diseases-and-conditions/covid-19-novel-coronavirus/covid-19-data-and-statistics/covid-19-vaccine-data,5909258,3463042,2445943,273
New Zealand,2021-10-12,Pfizer/BioNTech,https://www.health.govt.nz/our-work/diseases-and-conditions/covid-19-novel-coronavirus/covid-19-data-and-statistics/covid-19-vaccine-data,5982753,3480719,2501758,276
New Zealand,2021-10-13,Pfizer/BioNTech,https://www.health.govt.nz/our-work/diseases-and-conditions/covid-19-novel-coronavirus/covid-19-data-and-statistics/covid-19-vaccine-data,6052170,3496590,2555295,285
New Zealand,2021-10-14,Pfizer/BioNTech,https://www.health.govt.nz/our-work/diseases-and-conditions/covid-19-novel-coronavirus/covid-19-data-and-statistics/covid-19-vaccine-data,6120550,3511804,2608453,293
New Zealand,2021-10-15,Pfizer/BioNTech,https://www.health.govt.nz/our-work/diseases-and-conditions/covid-19-novel-coronavirus/covid-19-data-and-statistics/covid-19-vaccine-data,6190506,3525918,2664285,303
New Zealand,2021-10-16,Pfizer/BioNTech,https://www.health.govt.nz/our-work/diseases-and-conditions/covid-19-novel-coronavirus/covid-19-data-and-statistics/covid-19-vaccine-data,6321996,3565624,2756040,332
New Zealand,2021-10-17,Pfizer/BioNTech,https://www.health.govt.nz/our-work/diseases-and-conditions/covid-19-novel-coronavirus/covid-19-data-and-statistics/covid-19-vaccine-data,6351792,3571911,2779547,334
New Zealand,2021-10-18,Pfizer/BioNTech,https://www.health.govt.nz/our-work/diseases-and-conditions/covid-19-novel-coronavirus/covid-19-data-and-statistics/covid-19-vaccine-data,6394765,3581977,2812445,343
New Zealand,2021-10-19,Pfizer/BioNTech,https://www.health.govt.nz/our-work/diseases-and-conditions/covid-19-novel-coronavirus/covid-19-data-and-statistics/covid-19-vaccine-data,6437839,3592496,2844992,351
New Zealand,2021-10-20,Pfizer/BioNTech,https://www.health.govt.nz/our-work/diseases-and-conditions/covid-19-novel-coronavirus/covid-19-data-and-statistics/covid-19-vaccine-data,6481240,3603019,2877858,363
New Zealand,2021-10-21,Pfizer/BioNTech,https://www.health.govt.nz/our-work/diseases-and-conditions/covid-19-novel-coronavirus/covid-19-data-and-statistics/covid-19-vaccine-data,6522930,3613183,2909348,399
New Zealand,2021-10-22,Pfizer/BioNTech,https://www.health.govt.nz/our-work/diseases-and-conditions/covid-19-novel-coronavirus/covid-19-data-and-statistics/covid-19-vaccine-data,6568050,3624702,2942897,451
New Zealand,2021-10-23,Pfizer/BioNTech,https://www.health.govt.nz/our-work/diseases-and-conditions/covid-19-novel-coronavirus/covid-19-data-and-statistics/covid-19-vaccine-data,6610817,3636600,2973735,482
New Zealand,2021-10-24,Pfizer/BioNTech,https://www.health.govt.nz/our-work/diseases-and-conditions/covid-19-novel-coronavirus/covid-19-data-and-statistics/covid-19-vaccine-data,6629944,3641973,2987479,492
New Zealand,2021-10-25,Pfizer/BioNTech,https://www.health.govt.nz/our-work/diseases-and-conditions/covid-19-novel-coronavirus/covid-19-data-and-statistics/covid-19-vaccine-data,6640687,3645502,2994685,500
New Zealand,2021-10-26,Pfizer/BioNTech,https://www.health.govt.nz/our-work/diseases-and-conditions/covid-19-novel-coronavirus/covid-19-data-and-statistics/covid-19-vaccine-data,6683132,3656423,3026091,618
New Zealand,2021-10-27,Pfizer/BioNTech,https://www.health.govt.nz/our-work/diseases-and-conditions/covid-19-novel-coronavirus/covid-19-data-and-statistics/covid-19-vaccine-data,6722673,3667344,3054571,758
New Zealand,2021-10-28,Pfizer/BioNTech,https://www.health.govt.nz/our-work/diseases-and-conditions/covid-19-novel-coronavirus/covid-19-data-and-statistics/covid-19-vaccine-data,6768219,3680194,3087029,996
New Zealand,2021-10-29,Pfizer/BioNTech,https://www.health.govt.nz/our-work/diseases-and-conditions/covid-19-novel-coronavirus/covid-19-data-and-statistics/covid-19-vaccine-data,6811683,3691312,3119117,1254
New Zealand,2021-10-30,Pfizer/BioNTech,https://www.health.govt.nz/our-work/diseases-and-conditions/covid-19-novel-coronavirus/covid-19-data-and-statistics/covid-19-vaccine-data,6854723,3702118,3151231,1374
New Zealand,2021-10-31,Pfizer/BioNTech,https://www.health.govt.nz/our-work/diseases-and-conditions/covid-19-novel-coronavirus/covid-19-data-and-statistics/covid-19-vaccine-data,6875014,3707017,3166605,1392
New Zealand,2021-11-01,Pfizer/BioNTech,https://www.health.govt.nz/our-work/diseases-and-conditions/covid-19-novel-coronavirus/covid-19-data-and-statistics/covid-19-vaccine-data,6902864,3714231,3187012,1621
New Zealand,2021-11-02,Pfizer/BioNTech,https://www.health.govt.nz/our-work/diseases-and-conditions/covid-19-novel-coronavirus/covid-19-data-and-statistics/covid-19-vaccine-data,6932271,3721829,3208506,1936
New Zealand,2021-11-03,Pfizer/BioNTech,https://www.health.govt.nz/our-work/diseases-and-conditions/covid-19-novel-coronavirus/covid-19-data-and-statistics/covid-19-vaccine-data,6959985,3728602,3229086,2297
New Zealand,2021-11-04,Pfizer/BioNTech,https://www.health.govt.nz/our-work/diseases-and-conditions/covid-19-novel-coronavirus/covid-19-data-and-statistics/covid-19-vaccine-data,6986737,3735242,3248761,2734
New Zealand,2021-11-05,Pfizer/BioNTech,https://www.health.govt.nz/our-work/diseases-and-conditions/covid-19-novel-coronavirus/covid-19-data-and-statistics/covid-19-vaccine-data,7015300,3741699,3270435,3166
New Zealand,2021-11-06,Pfizer/BioNTech,https://www.health.govt.nz/our-work/diseases-and-conditions/covid-19-novel-coronavirus/covid-19-data-and-statistics/covid-19-vaccine-data,7049506,3749137,3297053,3316
New Zealand,2021-11-07,Pfizer/BioNTech,https://www.health.govt.nz/our-work/diseases-and-conditions/covid-19-novel-coronavirus/covid-19-data-and-statistics/covid-19-vaccine-data,7063876,3752426,3308092,3358
New Zealand,2021-11-08,Pfizer/BioNTech,https://www.health.govt.nz/our-work/diseases-and-conditions/covid-19-novel-coronavirus/covid-19-data-and-statistics/covid-19-vaccine-data,7085701,3757605,3324387,3709
New Zealand,2021-11-09,Pfizer/BioNTech,https://www.health.govt.nz/our-work/diseases-and-conditions/covid-19-novel-coronavirus/covid-19-data-and-statistics/covid-19-vaccine-data,7108610,3763534,3340885,4191
New Zealand,2021-11-10,Pfizer/BioNTech,https://www.health.govt.nz/our-work/diseases-and-conditions/covid-19-novel-coronavirus/covid-19-data-and-statistics/covid-19-vaccine-data,7131315,3769629,3356973,4713
New Zealand,2021-11-11,Pfizer/BioNTech,https://www.health.govt.nz/our-work/diseases-and-conditions/covid-19-novel-coronavirus/covid-19-data-and-statistics/covid-19-vaccine-data,7154944,3776038,3373637,5269
New Zealand,2021-11-12,Pfizer/BioNTech,https://www.health.govt.nz/our-work/diseases-and-conditions/covid-19-novel-coronavirus/covid-19-data-and-statistics/covid-19-vaccine-data,7178640,3782430,3390490,5720
New Zealand,2021-11-13,Pfizer/BioNTech,https://www.health.govt.nz/our-work/diseases-and-conditions/covid-19-novel-coronavirus/covid-19-data-and-statistics/covid-19-vaccine-data,7206104,3789654,3410534,5916
New Zealand,2021-11-14,Pfizer/BioNTech,https://www.health.govt.nz/our-work/diseases-and-conditions/covid-19-novel-coronavirus/covid-19-data-and-statistics/covid-19-vaccine-data,7220846,3794325,3420554,5967
New Zealand,2021-11-15,Pfizer/BioNTech,https://www.health.govt.nz/our-work/diseases-and-conditions/covid-19-novel-coronavirus/covid-19-data-and-statistics/covid-19-vaccine-data,7242881,3802124,3434310,6447
New Zealand,2021-11-16,Pfizer/BioNTech,https://www.health.govt.nz/our-work/diseases-and-conditions/covid-19-novel-coronavirus/covid-19-data-and-statistics/covid-19-vaccine-data,7264610,3808816,3448819,6975
New Zealand,2021-11-17,Pfizer/BioNTech,https://www.health.govt.nz/our-work/diseases-and-conditions/covid-19-novel-coronavirus/covid-19-data-and-statistics/covid-19-vaccine-data,7285717,3815048,3463129,7540
New Zealand,2021-11-18,Pfizer/BioNTech,https://www.health.govt.nz/our-work/diseases-and-conditions/covid-19-novel-coronavirus/covid-19-data-and-statistics/covid-19-vaccine-data,7307173,3821750,3477295,8128
New Zealand,2021-11-19,Pfizer/BioNTech,https://www.health.govt.nz/our-work/diseases-and-conditions/covid-19-novel-coronavirus/covid-19-data-and-statistics/covid-19-vaccine-data,7330439,3828573,3493161,8705
New Zealand,2021-11-20,Pfizer/BioNTech,https://www.health.govt.nz/our-work/diseases-and-conditions/covid-19-novel-coronavirus/covid-19-data-and-statistics/covid-19-vaccine-data,7352299,3834626,3508777,8896
New Zealand,2021-11-21,Pfizer/BioNTech,https://www.health.govt.nz/our-work/diseases-and-conditions/covid-19-novel-coronavirus/covid-19-data-and-statistics/covid-19-vaccine-data,7362364,3837736,3515567,9061
New Zealand,2021-11-22,Pfizer/BioNTech,https://www.health.govt.nz/our-work/diseases-and-conditions/covid-19-novel-coronavirus/covid-19-data-and-statistics/covid-19-vaccine-data,7378361,3842549,3526124,9688
New Zealand,2021-11-23,Pfizer/BioNTech,https://www.health.govt.nz/our-work/diseases-and-conditions/covid-19-novel-coronavirus/covid-19-data-and-statistics/covid-19-vaccine-data,7398117,3849129,3538626,10362
New Zealand,2021-11-24,Pfizer/BioNTech,https://www.health.govt.nz/our-work/diseases-and-conditions/covid-19-novel-coronavirus/covid-19-data-and-statistics/covid-19-vaccine-data,7417730,3855757,3550773,11200
New Zealand,2021-11-25,Pfizer/BioNTech,https://www.health.govt.nz/our-work/diseases-and-conditions/covid-19-novel-coronavirus/covid-19-data-and-statistics/covid-19-vaccine-data,7436925,3862190,3562662,12073
New Zealand,2021-11-26,"Oxford/AstraZeneca, Pfizer/BioNTech",https://www.health.govt.nz/our-work/diseases-and-conditions/covid-19-novel-coronavirus/covid-19-data-and-statistics/covid-19-vaccine-data,7460154,3867937,3574961,17256
New Zealand,2021-11-27,"Oxford/AstraZeneca, Pfizer/BioNTech",https://www.health.govt.nz/our-work/diseases-and-conditions/covid-19-novel-coronavirus/covid-19-data-and-statistics/covid-19-vaccine-data,7485853,3874367,3589512,21974
New Zealand,2021-11-28,"Oxford/AstraZeneca, Pfizer/BioNTech",https://www.health.govt.nz/our-work/diseases-and-conditions/covid-19-novel-coronavirus/covid-19-data-and-statistics/covid-19-vaccine-data,7499993,3878080,3597600,24313
New Zealand,2021-11-29,"Oxford/AstraZeneca, Pfizer/BioNTech",https://www.health.govt.nz/our-work/diseases-and-conditions/covid-19-novel-coronavirus/covid-19-data-and-statistics/covid-19-vaccine-data,7541847,3884339,3609555,47953
New Zealand,2021-11-30,"Oxford/AstraZeneca, Pfizer/BioNTech",https://www.health.govt.nz/our-work/diseases-and-conditions/covid-19-novel-coronavirus/covid-19-data-and-statistics/covid-19-vaccine-data,7583693,3891912,3624011,67770
New Zealand,2021-12-01,"Oxford/AstraZeneca, Pfizer/BioNTech",https://www.health.govt.nz/our-work/diseases-and-conditions/covid-19-novel-coronavirus/covid-19-data-and-statistics/covid-19-vaccine-data,7623907,3899853,3638370,85684
New Zealand,2021-12-02,"Oxford/AstraZeneca, Pfizer/BioNTech",https://www.health.govt.nz/our-work/diseases-and-conditions/covid-19-novel-coronavirus/covid-19-data-and-statistics/covid-19-vaccine-data,7664000,3908562,3655138,100300
New Zealand,2021-12-03,"Oxford/AstraZeneca, Pfizer/BioNTech",https://www.health.govt.nz/our-work/diseases-and-conditions/covid-19-novel-coronavirus/covid-19-data-and-statistics/covid-19-vaccine-data,7703492,3916012,3672591,114889
New Zealand,2021-12-04,"Oxford/AstraZeneca, Pfizer/BioNTech",https://www.health.govt.nz/our-work/diseases-and-conditions/covid-19-novel-coronavirus/covid-19-data-and-statistics/covid-19-vaccine-data,7730750,3921693,3686654,122403
New Zealand,2021-12-05,"Oxford/AstraZeneca, Pfizer/BioNTech",https://www.health.govt.nz/our-work/diseases-and-conditions/covid-19-novel-coronavirus/covid-19-data-and-statistics/covid-19-vaccine-data,7742730,3924430,3693415,124885
New Zealand,2021-12-06,"Oxford/AstraZeneca, Pfizer/BioNTech",https://www.health.govt.nz/our-work/diseases-and-conditions/covid-19-novel-coronavirus/covid-19-data-and-statistics/covid-19-vaccine-data,7768025,3929051,3704128,134846
New Zealand,2021-12-07,"Oxford/AstraZeneca, Pfizer/BioNTech",https://www.health.govt.nz/our-work/diseases-and-conditions/covid-19-novel-coronavirus/covid-19-data-and-statistics/covid-19-vaccine-data,7792401,3933468,3714333,144600
New Zealand,2021-12-08,"Oxford/AstraZeneca, Pfizer/BioNTech",https://www.health.govt.nz/our-work/diseases-and-conditions/covid-19-novel-coronavirus/covid-19-data-and-statistics/covid-19-vaccine-data,7815664,3937287,3723759,154618
New Zealand,2021-12-09,"Oxford/AstraZeneca, Pfizer/BioNTech",https://www.health.govt.nz/our-work/diseases-and-conditions/covid-19-novel-coronavirus/covid-19-data-and-statistics/covid-19-vaccine-data,7837529,3940681,3733013,163835
New Zealand,2021-12-10,"Oxford/AstraZeneca, Pfizer/BioNTech",https://www.health.govt.nz/our-work/diseases-and-conditions/covid-19-novel-coronavirus/covid-19-data-and-statistics/covid-19-vaccine-data,7858661,3943577,3742299,172785
New Zealand,2021-12-11,"Oxford/AstraZeneca, Pfizer/BioNTech",https://www.health.govt.nz/our-work/diseases-and-conditions/covid-19-novel-coronavirus/covid-19-data-and-statistics/covid-19-vaccine-data,7874893,3946347,3750823,177723
New Zealand,2021-12-12,"Oxford/AstraZeneca, Pfizer/BioNTech",https://www.health.govt.nz/our-work/diseases-and-conditions/covid-19-novel-coronavirus/covid-19-data-and-statistics/covid-19-vaccine-data,7882413,3947536,3755087,179790
New Zealand,2021-12-13,"Oxford/AstraZeneca, Pfizer/BioNTech",https://www.health.govt.nz/our-work/diseases-and-conditions/covid-19-novel-coronavirus/covid-19-data-and-statistics/covid-19-vaccine-data,7901239,3949958,3761986,189295
New Zealand,2021-12-14,"Oxford/AstraZeneca, Pfizer/BioNTech",https://www.health.govt.nz/our-work/diseases-and-conditions/covid-19-novel-coronavirus/covid-19-data-and-statistics/covid-19-vaccine-data,7921878,3952455,3769886,199537
New Zealand,2021-12-15,"Oxford/AstraZeneca, Pfizer/BioNTech",https://www.health.govt.nz/our-work/diseases-and-conditions/covid-19-novel-coronavirus/covid-19-data-and-statistics/covid-19-vaccine-data,7942834,3954897,3778101,209836
New Zealand,2021-12-16,"Oxford/AstraZeneca, Pfizer/BioNTech",https://www.health.govt.nz/our-work/diseases-and-conditions/covid-19-novel-coronavirus/covid-19-data-and-statistics/covid-19-vaccine-data,7964417,3957345,3786449,220623
New Zealand,2021-12-17,"Oxford/AstraZeneca, Pfizer/BioNTech",https://www.health.govt.nz/our-work/diseases-and-conditions/covid-19-novel-coronavirus/covid-19-data-and-statistics/covid-19-vaccine-data,7985998,3959402,3794080,232516
New Zealand,2021-12-18,"Oxford/AstraZeneca, Pfizer/BioNTech",https://www.health.govt.nz/our-work/diseases-and-conditions/covid-19-novel-coronavirus/covid-19-data-and-statistics/covid-19-vaccine-data,8001561,3961157,3800744,239660
New Zealand,2021-12-19,"Oxford/AstraZeneca, Pfizer/BioNTech",https://www.health.govt.nz/our-work/diseases-and-conditions/covid-19-novel-coronavirus/covid-19-data-and-statistics/covid-19-vaccine-data,8008803,3961943,3804116,242744
New Zealand,2021-12-20,"Oxford/AstraZeneca, Pfizer/BioNTech",https://www.health.govt.nz/our-work/diseases-and-conditions/covid-19-novel-coronavirus/covid-19-data-and-statistics/covid-19-vaccine-data,8029340,3963808,3810419,255113
New Zealand,2021-12-21,"Oxford/AstraZeneca, Pfizer/BioNTech",https://www.health.govt.nz/our-work/diseases-and-conditions/covid-19-novel-coronavirus/covid-19-data-and-statistics/covid-19-vaccine-data,8051295,3965560,3817711,268024
New Zealand,2021-12-22,"Oxford/AstraZeneca, Pfizer/BioNTech",https://www.health.govt.nz/our-work/diseases-and-conditions/covid-19-novel-coronavirus/covid-19-data-and-statistics/covid-19-vaccine-data,8074475,3967137,3825025,282313
New Zealand,2021-12-23,"Oxford/AstraZeneca, Pfizer/BioNTech",https://www.health.govt.nz/our-work/diseases-and-conditions/covid-19-novel-coronavirus/covid-19-data-and-statistics/covid-19-vaccine-data,8095937,3968542,3832197,295198
New Zealand,2021-12-24,"Oxford/AstraZeneca, Pfizer/BioNTech",https://www.health.govt.nz/our-work/diseases-and-conditions/covid-19-novel-coronavirus/covid-19-data-and-statistics/covid-19-vaccine-data,8109500,3969250,3836676,303574
New Zealand,2021-12-25,"Oxford/AstraZeneca, Pfizer/BioNTech",https://www.health.govt.nz/our-work/diseases-and-conditions/covid-19-novel-coronavirus/covid-19-data-and-statistics/covid-19-vaccine-data,8109609,3969255,3836728,303626
New Zealand,2021-12-26,"Oxford/AstraZeneca, Pfizer/BioNTech",https://www.health.govt.nz/our-work/diseases-and-conditions/covid-19-novel-coronavirus/covid-19-data-and-statistics/covid-19-vaccine-data,8111364,3969354,3837469,304541
New Zealand,2021-12-27,"Oxford/AstraZeneca, Pfizer/BioNTech",https://www.health.govt.nz/our-work/diseases-and-conditions/covid-19-novel-coronavirus/covid-19-data-and-statistics/covid-19-vaccine-data,8115501,3969553,3839031,306917
New Zealand,2021-12-28,"Oxford/AstraZeneca, Pfizer/BioNTech",https://www.health.govt.nz/our-work/diseases-and-conditions/covid-19-novel-coronavirus/covid-19-data-and-statistics/covid-19-vaccine-data,8120639,3969828,3840946,309865
New Zealand,2021-12-29,"Oxford/AstraZeneca, Pfizer/BioNTech",https://www.health.govt.nz/our-work/diseases-and-conditions/covid-19-novel-coronavirus/covid-19-data-and-statistics/covid-19-vaccine-data,8144629,3970965,3847589,326075
New Zealand,2021-12-30,"Oxford/AstraZeneca, Pfizer/BioNTech",https://www.health.govt.nz/our-work/diseases-and-conditions/covid-19-novel-coronavirus/covid-19-data-and-statistics/covid-19-vaccine-data,8168077,3971923,3852509,343645
New Zealand,2021-12-31,"Oxford/AstraZeneca, Pfizer/BioNTech",https://www.health.govt.nz/our-work/diseases-and-conditions/covid-19-novel-coronavirus/covid-19-data-and-statistics/covid-19-vaccine-data,8185775,3972589,3856048,357138
New Zealand,2022-01-01,"Oxford/AstraZeneca, Pfizer/BioNTech",https://www.health.govt.nz/our-work/diseases-and-conditions/covid-19-novel-coronavirus/covid-19-data-and-statistics/covid-19-vaccine-data,8187212,3972644,3856405,358163
New Zealand,2022-01-02,"Oxford/AstraZeneca, Pfizer/BioNTech",https://www.health.govt.nz/our-work/diseases-and-conditions/covid-19-novel-coronavirus/covid-19-data-and-statistics/covid-19-vaccine-data,8190201,3972778,3857030,360393
New Zealand,2022-01-03,"Oxford/AstraZeneca, Pfizer/BioNTech",https://www.health.govt.nz/our-work/diseases-and-conditions/covid-19-novel-coronavirus/covid-19-data-and-statistics/covid-19-vaccine-data,8196402,3973142,3858346,364914
New Zealand,2022-01-04,"Oxford/AstraZeneca, Pfizer/BioNTech",https://www.health.govt.nz/our-work/diseases-and-conditions/covid-19-novel-coronavirus/covid-19-data-and-statistics/covid-19-vaccine-data,8203560,3973546,3859760,370254
New Zealand,2022-01-05,"Oxford/AstraZeneca, Pfizer/BioNTech",https://www.health.govt.nz/our-work/diseases-and-conditions/covid-19-novel-coronavirus/covid-19-data-and-statistics/covid-19-vaccine-data,8251334,3974843,3864387,412104
New Zealand,2022-01-06,"Oxford/AstraZeneca, Pfizer/BioNTech",https://www.health.govt.nz/our-work/diseases-and-conditions/covid-19-novel-coronavirus/covid-19-data-and-statistics/covid-19-vaccine-data,8301112,3976209,3868492,456411
New Zealand,2022-01-07,"Oxford/AstraZeneca, Pfizer/BioNTech",https://www.health.govt.nz/our-work/diseases-and-conditions/covid-19-novel-coronavirus/covid-19-data-and-statistics/covid-19-vaccine-data,8351678,3977494,3872443,501741
New Zealand,2022-01-08,"Oxford/AstraZeneca, Pfizer/BioNTech",https://www.health.govt.nz/our-work/diseases-and-conditions/covid-19-novel-coronavirus/covid-19-data-and-statistics/covid-19-vaccine-data,8376785,3978246,3874805,523734
New Zealand,2022-01-09,"Oxford/AstraZeneca, Pfizer/BioNTech",https://www.health.govt.nz/our-work/diseases-and-conditions/covid-19-novel-coronavirus/covid-19-data-and-statistics/covid-19-vaccine-data,8389443,3978706,3876191,534546
New Zealand,2022-01-10,"Oxford/AstraZeneca, Pfizer/BioNTech",https://www.health.govt.nz/our-work/diseases-and-conditions/covid-19-novel-coronavirus/covid-19-data-and-statistics/covid-19-vaccine-data,8443495,3980108,3880192,583195
New Zealand,2022-01-11,"Oxford/AstraZeneca, Pfizer/BioNTech",https://www.health.govt.nz/our-work/diseases-and-conditions/covid-19-novel-coronavirus/covid-19-data-and-statistics/covid-19-vaccine-data,8495861,3981615,3884031,630215
New Zealand,2022-01-12,"Oxford/AstraZeneca, Pfizer/BioNTech",https://www.health.govt.nz/our-work/diseases-and-conditions/covid-19-novel-coronavirus/covid-19-data-and-statistics/covid-19-vaccine-data,8543992,3983064,3887885,673043
New Zealand,2022-01-13,"Oxford/AstraZeneca, Pfizer/BioNTech",https://www.health.govt.nz/our-work/diseases-and-conditions/covid-19-novel-coronavirus/covid-19-data-and-statistics/covid-19-vaccine-data,8591389,3984486,3891485,715418
New Zealand,2022-01-14,"Oxford/AstraZeneca, Pfizer/BioNTech",https://www.health.govt.nz/our-work/diseases-and-conditions/covid-19-novel-coronavirus/covid-19-data-and-statistics/covid-19-vaccine-data,8637714,3985948,3894836,756930
New Zealand,2022-01-15,"Oxford/AstraZeneca, Pfizer/BioNTech",https://www.health.govt.nz/our-work/diseases-and-conditions/covid-19-novel-coronavirus/covid-19-data-and-statistics/covid-19-vaccine-data,8663057,3986877,3896788,779392
New Zealand,2022-01-16,"Oxford/AstraZeneca, Pfizer/BioNTech",https://www.health.govt.nz/our-work/diseases-and-conditions/covid-19-novel-coronavirus/covid-19-data-and-statistics/covid-19-vaccine-data,8674412,3987440,3897878,789094
New Zealand,2022-01-17,"Oxford/AstraZeneca, Pfizer/BioNTech",https://www.health.govt.nz/our-work/diseases-and-conditions/covid-19-novel-coronavirus/covid-19-data-and-statistics/covid-19-vaccine-data,8730335,4003187,3900367,826781
New Zealand,2022-01-18,"Oxford/AstraZeneca, Pfizer/BioNTech",https://www.health.govt.nz/our-work/diseases-and-conditions/covid-19-novel-coronavirus/covid-19-data-and-statistics/covid-19-vaccine-data,8786601,4017501,3902699,866401
New Zealand,2022-01-19,"Oxford/AstraZeneca, Pfizer/BioNTech",https://www.health.govt.nz/our-work/diseases-and-conditions/covid-19-novel-coronavirus/covid-19-data-and-statistics/covid-19-vaccine-data,8839470,4030839,3905170,903461
New Zealand,2022-01-20,"Oxford/AstraZeneca, Pfizer/BioNTech",https://www.health.govt.nz/our-work/diseases-and-conditions/covid-19-novel-coronavirus/covid-19-data-and-statistics/covid-19-vaccine-data,8893339,4043828,3907498,942013
New Zealand,2022-01-21,"Oxford/AstraZeneca, Pfizer/BioNTech",https://www.health.govt.nz/our-work/diseases-and-conditions/covid-19-novel-coronavirus/covid-19-data-and-statistics/covid-19-vaccine-data,8952008,4057361,3909683,984964
New Zealand,2022-01-22,"Oxford/AstraZeneca, Pfizer/BioNTech",https://www.health.govt.nz/our-work/diseases-and-conditions/covid-19-novel-coronavirus/covid-19-data-and-statistics/covid-19-vaccine-data,8992706,4068148,3911112,1013446
New Zealand,2022-01-23,"Oxford/AstraZeneca, Pfizer/BioNTech",https://www.health.govt.nz/our-work/diseases-and-conditions/covid-19-novel-coronavirus/covid-19-data-and-statistics/covid-19-vaccine-data,9021834,4075080,3911970,1034784
New Zealand,2022-01-24,"Oxford/AstraZeneca, Pfizer/BioNTech",https://www.health.govt.nz/our-work/diseases-and-conditions/covid-19-novel-coronavirus/covid-19-data-and-statistics/covid-19-vaccine-data,9096724,4090771,3913868,1092085
New Zealand,2022-01-25,"Oxford/AstraZeneca, Pfizer/BioNTech",https://www.health.govt.nz/our-work/diseases-and-conditions/covid-19-novel-coronavirus/covid-19-data-and-statistics/covid-19-vaccine-data,9173185,4107396,3916069,1149720
New Zealand,2022-01-26,"Oxford/AstraZeneca, Pfizer/BioNTech",https://www.health.govt.nz/our-work/diseases-and-conditions/covid-19-novel-coronavirus/covid-19-data-and-statistics/covid-19-vaccine-data,9242738,4122868,3918408,1201462
New Zealand,2022-01-27,"Oxford/AstraZeneca, Pfizer/BioNTech",https://www.health.govt.nz/our-work/diseases-and-conditions/covid-19-novel-coronavirus/covid-19-data-and-statistics/covid-19-vaccine-data,9307104,4137310,3920749,1249045
New Zealand,2022-01-28,"Oxford/AstraZeneca, Pfizer/BioNTech",https://www.health.govt.nz/our-work/diseases-and-conditions/covid-19-novel-coronavirus/covid-19-data-and-statistics/covid-19-vaccine-data,9370367,4151444,3922979,1295944
New Zealand,2022-01-29,"Oxford/AstraZeneca, Pfizer/BioNTech",https://www.health.govt.nz/our-work/diseases-and-conditions/covid-19-novel-coronavirus/covid-19-data-and-statistics/covid-19-vaccine-data,9411940,4161329,3924282,1326329
New Zealand,2022-01-30,"Oxford/AstraZeneca, Pfizer/BioNTech",https://www.health.govt.nz/our-work/diseases-and-conditions/covid-19-novel-coronavirus/covid-19-data-and-statistics/covid-19-vaccine-data,9430701,4165948,3924993,1339760
New Zealand,2022-01-31,"Oxford/AstraZeneca, Pfizer/BioNTech",https://www.health.govt.nz/our-work/diseases-and-conditions/covid-19-novel-coronavirus/covid-19-data-and-statistics/covid-19-vaccine-data,9461118,4172489,3926143,1362486
New Zealand,2022-02-01,"Oxford/AstraZeneca, Pfizer/BioNTech",https://www.health.govt.nz/our-work/diseases-and-conditions/covid-19-novel-coronavirus/covid-19-data-and-statistics/covid-19-vaccine-data,9512161,4182380,3928405,1401376
New Zealand,2022-02-02,"Oxford/AstraZeneca, Pfizer/BioNTech",https://www.health.govt.nz/our-work/diseases-and-conditions/covid-19-novel-coronavirus/covid-19-data-and-statistics/covid-19-vaccine-data,9557748,4189240,3930446,1438062
New Zealand,2022-02-03,"Oxford/AstraZeneca, Pfizer/BioNTech",https://www.health.govt.nz/our-work/diseases-and-conditions/covid-19-novel-coronavirus/covid-19-data-and-statistics/covid-19-vaccine-data,9611581,4194647,3932284,1484650
New Zealand,2022-02-04,"Oxford/AstraZeneca, Pfizer/BioNTech",https://www.health.govt.nz/our-work/diseases-and-conditions/covid-19-novel-coronavirus/covid-19-data-and-statistics/covid-19-vaccine-data,9686145,4199980,3934083,1552082
New Zealand,2022-02-05,"Oxford/AstraZeneca, Pfizer/BioNTech",https://www.health.govt.nz/our-work/diseases-and-conditions/covid-19-novel-coronavirus/covid-19-data-and-statistics/covid-19-vaccine-data,9741868,4205354,3935191,1601323
New Zealand,2022-02-06,"Oxford/AstraZeneca, Pfizer/BioNTech",https://www.health.govt.nz/our-work/diseases-and-conditions/covid-19-novel-coronavirus/covid-19-data-and-statistics/covid-19-vaccine-data,9769388,4207350,3935710,1626328
New Zealand,2022-02-07,"Oxford/AstraZeneca, Pfizer/BioNTech",https://www.health.govt.nz/our-work/diseases-and-conditions/covid-19-novel-coronavirus/covid-19-data-and-statistics/covid-19-vaccine-data,9790346,4209033,3936271,1645042
New Zealand,2022-02-08,"Oxford/AstraZeneca, Pfizer/BioNTech",https://www.health.govt.nz/our-work/diseases-and-conditions/covid-19-novel-coronavirus/covid-19-data-and-statistics/covid-19-vaccine-data,9856228,4212076,3938177,1705975
New Zealand,2022-02-09,"Oxford/AstraZeneca, Pfizer/BioNTech",https://www.health.govt.nz/our-work/diseases-and-conditions/covid-19-novel-coronavirus/covid-19-data-and-statistics/covid-19-vaccine-data,9917598,4214854,3939843,1762901
New Zealand,2022-02-10,"Oxford/AstraZeneca, Pfizer/BioNTech",https://www.health.govt.nz/our-work/diseases-and-conditions/covid-19-novel-coronavirus/covid-19-data-and-statistics/covid-19-vaccine-data,9972918,4217610,3941476,1813832
New Zealand,2022-02-11,"Oxford/AstraZeneca, Pfizer/BioNTech",https://www.health.govt.nz/our-work/diseases-and-conditions/covid-19-novel-coronavirus/covid-19-data-and-statistics/covid-19-vaccine-data,10035420,4220777,3943109,1871534
New Zealand,2022-02-12,"Oxford/AstraZeneca, Pfizer/BioNTech",https://www.health.govt.nz/our-work/diseases-and-conditions/covid-19-novel-coronavirus/covid-19-data-and-statistics/covid-19-vaccine-data,10091742,4225599,3944445,1921698
New Zealand,2022-02-13,"Oxford/AstraZeneca, Pfizer/BioNTech",https://www.health.govt.nz/our-work/diseases-and-conditions/covid-19-novel-coronavirus/covid-19-data-and-statistics/covid-19-vaccine-data,10114686,4227119,3944990,1942577
New Zealand,2022-02-14,"Oxford/AstraZeneca, Pfizer/BioNTech",https://www.health.govt.nz/our-work/diseases-and-conditions/covid-19-novel-coronavirus/covid-19-data-and-statistics/covid-19-vaccine-data,10165905,4229173,3946354,1990378
New Zealand,2022-02-15,"Oxford/AstraZeneca, Pfizer/BioNTech",https://www.health.govt.nz/our-work/diseases-and-conditions/covid-19-novel-coronavirus/covid-19-data-and-statistics/covid-19-vaccine-data,10216363,4231565,3947912,2036886
New Zealand,2022-02-16,"Oxford/AstraZeneca, Pfizer/BioNTech",https://www.health.govt.nz/our-work/diseases-and-conditions/covid-19-novel-coronavirus/covid-19-data-and-statistics/covid-19-vaccine-data,10261127,4233929,3949414,2077784
New Zealand,2022-02-17,"Oxford/AstraZeneca, Pfizer/BioNTech",https://www.health.govt.nz/our-work/diseases-and-conditions/covid-19-novel-coronavirus/covid-19-data-and-statistics/covid-19-vaccine-data,10301087,4236233,3950825,2114029
New Zealand,2022-02-18,"Oxford/AstraZeneca, Pfizer/BioNTech",https://www.health.govt.nz/our-work/diseases-and-conditions/covid-19-novel-coronavirus/covid-19-data-and-statistics/covid-19-vaccine-data,10345158,4239090,3952347,2153721
New Zealand,2022-02-19,"Oxford/AstraZeneca, Pfizer/BioNTech",https://www.health.govt.nz/our-work/diseases-and-conditions/covid-19-novel-coronavirus/covid-19-data-and-statistics/covid-19-vaccine-data,10383595,4242807,3953603,2187185
New Zealand,2022-02-20,"Oxford/AstraZeneca, Pfizer/BioNTech",https://www.health.govt.nz/our-work/diseases-and-conditions/covid-19-novel-coronavirus/covid-19-data-and-statistics/covid-19-vaccine-data,10401068,4244156,3954255,2202657
New Zealand,2022-02-21,"Oxford/AstraZeneca, Pfizer/BioNTech",https://www.health.govt.nz/our-work/diseases-and-conditions/covid-19-novel-coronavirus/covid-19-data-and-statistics/covid-19-vaccine-data,10431809,4245908,3955361,2230540
New Zealand,2022-02-22,"Oxford/AstraZeneca, Pfizer/BioNTech",https://www.health.govt.nz/our-work/diseases-and-conditions/covid-19-novel-coronavirus/covid-19-data-and-statistics/covid-19-vaccine-data,10460910,4247857,3956738,2256315
New Zealand,2022-02-23,"Oxford/AstraZeneca, Pfizer/BioNTech",https://www.health.govt.nz/our-work/diseases-and-conditions/covid-19-novel-coronavirus/covid-19-data-and-statistics/covid-19-vaccine-data,10489026,4249789,3958052,2281185
New Zealand,2022-02-24,"Oxford/AstraZeneca, Pfizer/BioNTech",https://www.health.govt.nz/our-work/diseases-and-conditions/covid-19-novel-coronavirus/covid-19-data-and-statistics/covid-19-vaccine-data,10518307,4251981,3959347,2306979
New Zealand,2022-02-25,"Oxford/AstraZeneca, Pfizer/BioNTech",https://www.health.govt.nz/our-work/diseases-and-conditions/covid-19-novel-coronavirus/covid-19-data-and-statistics/covid-19-vaccine-data,10554021,4254734,3960812,2338475
New Zealand,2022-02-26,"Oxford/AstraZeneca, Pfizer/BioNTech",https://www.health.govt.nz/our-work/diseases-and-conditions/covid-19-novel-coronavirus/covid-19-data-and-statistics/covid-19-vaccine-data,10587487,4257983,3962048,2367456
New Zealand,2022-02-27,"Oxford/AstraZeneca, Pfizer/BioNTech",https://www.health.govt.nz/our-work/diseases-and-conditions/covid-19-novel-coronavirus/covid-19-data-and-statistics/covid-19-vaccine-data,10603207,4259334,3962667,2381206
New Zealand,2022-02-28,"Oxford/AstraZeneca, Pfizer/BioNTech",https://www.health.govt.nz/our-work/diseases-and-conditions/covid-19-novel-coronavirus/covid-19-data-and-statistics/covid-19-vaccine-data,10629616,4261178,3963629,2404809
New Zealand,2022-03-01,"Oxford/AstraZeneca, Pfizer/BioNTech",https://www.health.govt.nz/our-work/diseases-and-conditions/covid-19-novel-coronavirus/covid-19-data-and-statistics/covid-19-vaccine-data,10651732,4263016,3964723,2423993
New Zealand,2022-03-02,"Oxford/AstraZeneca, Pfizer/BioNTech",https://www.health.govt.nz/our-work/diseases-and-conditions/covid-19-novel-coronavirus/covid-19-data-and-statistics/covid-19-vaccine-data,10672896,4264824,3965874,2442198
New Zealand,2022-03-03,"Oxford/AstraZeneca, Pfizer/BioNTech",https://www.health.govt.nz/our-work/diseases-and-conditions/covid-19-novel-coronavirus/covid-19-data-and-statistics/covid-19-vaccine-data,10690788,4266321,3966849,2457618
New Zealand,2022-03-04,"Oxford/AstraZeneca, Pfizer/BioNTech",https://www.health.govt.nz/our-work/diseases-and-conditions/covid-19-novel-coronavirus/covid-19-data-and-statistics/covid-19-vaccine-data,10709729,4267852,3967823,2474054
New Zealand,2022-03-05,"Oxford/AstraZeneca, Pfizer/BioNTech",https://www.health.govt.nz/our-work/diseases-and-conditions/covid-19-novel-coronavirus/covid-19-data-and-statistics/covid-19-vaccine-data,10727914,4270154,3968950,2488810
New Zealand,2022-03-06,"Oxford/AstraZeneca, Pfizer/BioNTech",https://www.health.govt.nz/our-work/diseases-and-conditions/covid-19-novel-coronavirus/covid-19-data-and-statistics/covid-19-vaccine-data,10734952,4270904,3969466,2494582
New Zealand,2022-03-07,"Oxford/AstraZeneca, Pfizer/BioNTech",https://www.health.govt.nz/our-work/diseases-and-conditions/covid-19-novel-coronavirus/covid-19-data-and-statistics/covid-19-vaccine-data,10747303,4271780,3970388,2505135
New Zealand,2022-03-08,"Oxford/AstraZeneca, Pfizer/BioNTech",https://www.health.govt.nz/our-work/diseases-and-conditions/covid-19-novel-coronavirus/covid-19-data-and-statistics/covid-19-vaccine-data,10758758,4272653,3971625,2514480
New Zealand,2022-03-09,"Oxford/AstraZeneca, Pfizer/BioNTech",https://www.health.govt.nz/our-work/diseases-and-conditions/covid-19-novel-coronavirus/covid-19-data-and-statistics/covid-19-vaccine-data,10769934,4273574,3972758,2523602
New Zealand,2022-03-10,"Oxford/AstraZeneca, Pfizer/BioNTech",https://www.health.govt.nz/our-work/diseases-and-conditions/covid-19-novel-coronavirus/covid-19-data-and-statistics/covid-19-vaccine-data,10779861,4274481,3973814,2531566
New Zealand,2022-03-11,"Oxford/AstraZeneca, Pfizer/BioNTech",https://www.health.govt.nz/our-work/diseases-and-conditions/covid-19-novel-coronavirus/covid-19-data-and-statistics/covid-19-vaccine-data,10790592,4275333,3974986,2540273
New Zealand,2022-03-12,"Oxford/AstraZeneca, Pfizer/BioNTech",https://www.health.govt.nz/our-work/diseases-and-conditions/covid-19-novel-coronavirus/covid-19-data-and-statistics/covid-19-vaccine-data,10800856,4276537,3976315,2548004
New Zealand,2022-03-13,"Oxford/AstraZeneca, Pfizer/BioNTech",https://www.health.govt.nz/our-work/diseases-and-conditions/covid-19-novel-coronavirus/covid-19-data-and-statistics/covid-19-vaccine-data,10805245,4276945,3977066,2551234
New Zealand,2022-03-14,"Oxford/AstraZeneca, Pfizer/BioNTech",https://www.health.govt.nz/our-work/diseases-and-conditions/covid-19-novel-coronavirus/covid-19-data-and-statistics/covid-19-vaccine-data,10815884,4277530,3981089,2557265
New Zealand,2022-03-15,"Oxford/AstraZeneca, Pfizer/BioNTech",https://www.health.govt.nz/our-work/diseases-and-conditions/covid-19-novel-coronavirus/covid-19-data-and-statistics/covid-19-vaccine-data,10826604,4278245,3985562,2562797
New Zealand,2022-03-16,"Oxford/AstraZeneca, Pfizer/BioNTech",https://www.health.govt.nz/our-work/diseases-and-conditions/covid-19-novel-coronavirus/covid-19-data-and-statistics/covid-19-vaccine-data,10838104,4279036,3990202,2568866
New Zealand,2022-03-17,"Oxford/AstraZeneca, Pfizer/BioNTech",https://www.health.govt.nz/our-work/diseases-and-conditions/covid-19-novel-coronavirus/covid-19-data-and-statistics/covid-19-vaccine-data,10848984,4279699,3995004,2574281
New Zealand,2022-03-18,"Oxford/AstraZeneca, Pfizer/BioNTech",https://www.health.govt.nz/our-work/diseases-and-conditions/covid-19-novel-coronavirus/covid-19-data-and-statistics/covid-19-vaccine-data,10861350,4280348,4001104,2579898
New Zealand,2022-03-19,"Oxford/AstraZeneca, Pfizer/BioNTech",https://www.health.govt.nz/our-work/diseases-and-conditions/covid-19-novel-coronavirus/covid-19-data-and-statistics/covid-19-vaccine-data,10875339,4281119,4009102,2585118
New Zealand,2022-03-20,"Oxford/AstraZeneca, Pfizer/BioNTech",https://www.health.govt.nz/our-work/diseases-and-conditions/covid-19-novel-coronavirus/covid-19-data-and-statistics/covid-19-vaccine-data,10881251,4281450,4012427,2587374
New Zealand,2022-03-21,"Oxford/AstraZeneca, Pfizer/BioNTech",https://www.health.govt.nz/our-work/diseases-and-conditions/covid-19-novel-coronavirus/covid-19-data-and-statistics/covid-19-vaccine-data,10889478,4281830,4016470,2591178
New Zealand,2022-03-22,"Oxford/AstraZeneca, Pfizer/BioNTech",https://www.health.govt.nz/our-work/diseases-and-conditions/covid-19-novel-coronavirus/covid-19-data-and-statistics/covid-19-vaccine-data,10898350,4282234,4020911,2595205
New Zealand,2022-03-23,"Oxford/AstraZeneca, Pfizer/BioNTech",https://www.health.govt.nz/our-work/diseases-and-conditions/covid-19-novel-coronavirus/covid-19-data-and-statistics/covid-19-vaccine-data,10907123,4282653,4025506,2598964
New Zealand,2022-03-24,"Oxford/AstraZeneca, Pfizer/BioNTech",https://www.health.govt.nz/our-work/diseases-and-conditions/covid-19-novel-coronavirus/covid-19-data-and-statistics/covid-19-vaccine-data,10914791,4282973,4029812,2602006
New Zealand,2022-03-25,"Oxford/AstraZeneca, Pfizer/BioNTech",https://www.health.govt.nz/our-work/diseases-and-conditions/covid-19-novel-coronavirus/covid-19-data-and-statistics/covid-19-vaccine-data,10924193,4283307,4035469,2605417
New Zealand,2022-03-26,"Oxford/AstraZeneca, Pfizer/BioNTech",https://www.health.govt.nz/our-work/diseases-and-conditions/covid-19-novel-coronavirus/covid-19-data-and-statistics/covid-19-vaccine-data,10934924,4283764,4042809,2608351
New Zealand,2022-03-27,"Oxford/AstraZeneca, Pfizer/BioNTech",https://www.health.govt.nz/our-work/diseases-and-conditions/covid-19-novel-coronavirus/covid-19-data-and-statistics/covid-19-vaccine-data,10939018,4283909,4045654,2609455
New Zealand,2022-03-28,"Oxford/AstraZeneca, Pfizer/BioNTech",https://www.health.govt.nz/our-work/diseases-and-conditions/covid-19-novel-coronavirus/covid-19-data-and-statistics/covid-19-vaccine-data,10944500,4284087,4048764,2611649
New Zealand,2022-03-29,"Oxford/AstraZeneca, Pfizer/BioNTech",https://www.health.govt.nz/our-work/diseases-and-conditions/covid-19-novel-coronavirus/covid-19-data-and-statistics/covid-19-vaccine-data,10950139,4284293,4051843,2614003
New Zealand,2022-03-31,"Oxford/AstraZeneca, Pfizer/BioNTech",https://www.health.govt.nz/our-work/diseases-and-conditions/covid-19-novel-coronavirus/covid-19-data-and-statistics/covid-19-vaccine-data,10960614,4284741,4057303,2618570
