location,date,vaccine,source_url,total_vaccinations,people_vaccinated,people_fully_vaccinated,total_boosters
Norway,2020-12-02,Pfizer/BioNTech,https://github.com/folkehelseinstituttet/surveillance_data,0,0,0,0
Norway,2020-12-03,Pfizer/BioNTech,https://github.com/folkehelseinstituttet/surveillance_data,0,0,0,0
Norway,2020-12-04,Pfizer/BioNTech,https://github.com/folkehelseinstituttet/surveillance_data,0,0,0,0
Norway,2020-12-05,Pfizer/BioNTech,https://github.com/folkehelseinstituttet/surveillance_data,0,0,0,0
Norway,2020-12-06,Pfizer/BioNTech,https://github.com/folkehelseinstituttet/surveillance_data,0,0,0,0
Norway,2020-12-07,Pfizer/BioNTech,https://github.com/folkehelseinstituttet/surveillance_data,0,0,0,0
Norway,2020-12-08,Pfizer/BioNTech,https://github.com/folkehelseinstituttet/surveillance_data,5,5,0,0
Norway,2020-12-09,Pfizer/BioNTech,https://github.com/folkehelseinstituttet/surveillance_data,6,6,0,0
Norway,2020-12-10,Pfizer/BioNTech,https://github.com/folkehelseinstituttet/surveillance_data,7,7,0,0
Norway,2020-12-11,Pfizer/BioNTech,https://github.com/folkehelseinstituttet/surveillance_data,11,11,0,0
Norway,2020-12-12,Pfizer/BioNTech,https://github.com/folkehelseinstituttet/surveillance_data,11,11,0,0
Norway,2020-12-13,Pfizer/BioNTech,https://github.com/folkehelseinstituttet/surveillance_data,11,11,0,0
Norway,2020-12-14,Pfizer/BioNTech,https://github.com/folkehelseinstituttet/surveillance_data,11,11,0,0
Norway,2020-12-15,Pfizer/BioNTech,https://github.com/folkehelseinstituttet/surveillance_data,13,13,0,0
Norway,2020-12-16,Pfizer/BioNTech,https://github.com/folkehelseinstituttet/surveillance_data,18,18,0,0
Norway,2020-12-17,Pfizer/BioNTech,https://github.com/folkehelseinstituttet/surveillance_data,27,27,0,0
Norway,2020-12-18,Pfizer/BioNTech,https://github.com/folkehelseinstituttet/surveillance_data,42,42,0,0
Norway,2020-12-19,Pfizer/BioNTech,https://github.com/folkehelseinstituttet/surveillance_data,47,47,0,0
Norway,2020-12-20,Pfizer/BioNTech,https://github.com/folkehelseinstituttet/surveillance_data,54,54,0,0
Norway,2020-12-21,Pfizer/BioNTech,https://github.com/folkehelseinstituttet/surveillance_data,68,68,0,0
Norway,2020-12-22,Pfizer/BioNTech,https://github.com/folkehelseinstituttet/surveillance_data,83,83,0,0
Norway,2020-12-23,Pfizer/BioNTech,https://github.com/folkehelseinstituttet/surveillance_data,100,100,0,0
Norway,2020-12-24,Pfizer/BioNTech,https://github.com/folkehelseinstituttet/surveillance_data,113,113,0,0
Norway,2020-12-25,Pfizer/BioNTech,https://github.com/folkehelseinstituttet/surveillance_data,113,113,0,0
Norway,2020-12-26,Pfizer/BioNTech,https://github.com/folkehelseinstituttet/surveillance_data,121,121,0,0
Norway,2020-12-27,Pfizer/BioNTech,https://github.com/folkehelseinstituttet/surveillance_data,138,138,0,0
Norway,2020-12-28,Pfizer/BioNTech,https://github.com/folkehelseinstituttet/surveillance_data,764,764,0,0
Norway,2020-12-29,Pfizer/BioNTech,https://github.com/folkehelseinstituttet/surveillance_data,1856,1856,0,0
Norway,2020-12-30,Pfizer/BioNTech,https://github.com/folkehelseinstituttet/surveillance_data,2326,2326,0,0
Norway,2020-12-31,Pfizer/BioNTech,https://github.com/folkehelseinstituttet/surveillance_data,2417,2417,0,0
Norway,2021-01-01,Pfizer/BioNTech,https://github.com/folkehelseinstituttet/surveillance_data,2443,2443,0,0
Norway,2021-01-02,Pfizer/BioNTech,https://github.com/folkehelseinstituttet/surveillance_data,2460,2460,0,0
Norway,2021-01-03,Pfizer/BioNTech,https://github.com/folkehelseinstituttet/surveillance_data,2501,2501,0,0
Norway,2021-01-04,Pfizer/BioNTech,https://github.com/folkehelseinstituttet/surveillance_data,2538,2538,0,0
Norway,2021-01-05,Pfizer/BioNTech,https://github.com/folkehelseinstituttet/surveillance_data,5982,5982,0,0
Norway,2021-01-06,Pfizer/BioNTech,https://github.com/folkehelseinstituttet/surveillance_data,15148,15136,12,0
Norway,2021-01-07,Pfizer/BioNTech,https://github.com/folkehelseinstituttet/surveillance_data,21770,21756,14,0
Norway,2021-01-08,Pfizer/BioNTech,https://github.com/folkehelseinstituttet/surveillance_data,23441,23417,24,0
Norway,2021-01-09,Pfizer/BioNTech,https://github.com/folkehelseinstituttet/surveillance_data,23615,23589,26,0
Norway,2021-01-10,Pfizer/BioNTech,https://github.com/folkehelseinstituttet/surveillance_data,23758,23726,32,0
Norway,2021-01-11,Pfizer/BioNTech,https://github.com/folkehelseinstituttet/surveillance_data,24259,24216,43,0
Norway,2021-01-12,Pfizer/BioNTech,https://github.com/folkehelseinstituttet/surveillance_data,28629,28577,52,0
Norway,2021-01-13,Pfizer/BioNTech,https://github.com/folkehelseinstituttet/surveillance_data,38590,38528,62,0
Norway,2021-01-14,Pfizer/BioNTech,https://github.com/folkehelseinstituttet/surveillance_data,47187,47115,72,0
Norway,2021-01-15,"Moderna, Pfizer/BioNTech",https://github.com/folkehelseinstituttet/surveillance_data,51810,51735,75,0
Norway,2021-01-16,"Moderna, Pfizer/BioNTech",https://github.com/folkehelseinstituttet/surveillance_data,52657,52578,79,0
Norway,2021-01-17,"Moderna, Pfizer/BioNTech",https://github.com/folkehelseinstituttet/surveillance_data,53054,52967,87,0
Norway,2021-01-18,"Moderna, Pfizer/BioNTech",https://github.com/folkehelseinstituttet/surveillance_data,54695,54298,397,0
Norway,2021-01-19,"Moderna, Pfizer/BioNTech",https://github.com/folkehelseinstituttet/surveillance_data,60186,58953,1233,0
Norway,2021-01-20,"Moderna, Pfizer/BioNTech",https://github.com/folkehelseinstituttet/surveillance_data,71055,69112,1943,0
Norway,2021-01-21,"Moderna, Pfizer/BioNTech",https://github.com/folkehelseinstituttet/surveillance_data,79835,77711,2124,0
Norway,2021-01-22,"Moderna, Pfizer/BioNTech",https://github.com/folkehelseinstituttet/surveillance_data,83298,81154,2144,0
Norway,2021-01-23,"Moderna, Pfizer/BioNTech",https://github.com/folkehelseinstituttet/surveillance_data,83724,81570,2154,0
Norway,2021-01-24,"Moderna, Pfizer/BioNTech",https://github.com/folkehelseinstituttet/surveillance_data,83829,81664,2165,0
Norway,2021-01-25,"Moderna, Pfizer/BioNTech",https://github.com/folkehelseinstituttet/surveillance_data,84458,82273,2185,0
Norway,2021-01-26,"Moderna, Pfizer/BioNTech",https://github.com/folkehelseinstituttet/surveillance_data,89236,84641,4595,0
Norway,2021-01-27,"Moderna, Pfizer/BioNTech",https://github.com/folkehelseinstituttet/surveillance_data,108775,96328,12447,0
Norway,2021-01-28,"Moderna, Pfizer/BioNTech",https://github.com/folkehelseinstituttet/surveillance_data,126509,107359,19150,0
Norway,2021-01-29,"Moderna, Pfizer/BioNTech",https://github.com/folkehelseinstituttet/surveillance_data,132575,111280,21295,0
Norway,2021-01-30,"Moderna, Pfizer/BioNTech",https://github.com/folkehelseinstituttet/surveillance_data,133005,111484,21521,0
Norway,2021-01-31,"Moderna, Pfizer/BioNTech",https://github.com/folkehelseinstituttet/surveillance_data,133257,111666,21591,0
Norway,2021-02-01,"Moderna, Pfizer/BioNTech",https://github.com/folkehelseinstituttet/surveillance_data,133880,111925,21955,0
Norway,2021-02-02,"Moderna, Pfizer/BioNTech",https://github.com/folkehelseinstituttet/surveillance_data,143672,118359,25313,0
Norway,2021-02-03,"Moderna, Pfizer/BioNTech",https://github.com/folkehelseinstituttet/surveillance_data,177921,143757,34164,0
Norway,2021-02-04,"Moderna, Pfizer/BioNTech",https://github.com/folkehelseinstituttet/surveillance_data,213127,170020,43107,0
Norway,2021-02-05,"Moderna, Pfizer/BioNTech",https://github.com/folkehelseinstituttet/surveillance_data,229045,180870,48175,0
Norway,2021-02-06,"Moderna, Pfizer/BioNTech",https://github.com/folkehelseinstituttet/surveillance_data,230695,181734,48961,0
Norway,2021-02-07,"Moderna, Pfizer/BioNTech",https://github.com/folkehelseinstituttet/surveillance_data,231390,182084,49306,0
Norway,2021-02-08,"Moderna, Pfizer/BioNTech",https://github.com/folkehelseinstituttet/surveillance_data,232499,182220,50279,0
Norway,2021-02-09,"Moderna, Pfizer/BioNTech",https://github.com/folkehelseinstituttet/surveillance_data,241631,187906,53725,0
Norway,2021-02-10,"Moderna, Oxford/AstraZeneca, Pfizer/BioNTech",https://github.com/folkehelseinstituttet/surveillance_data,274007,211152,62855,0
Norway,2021-02-11,"Moderna, Oxford/AstraZeneca, Pfizer/BioNTech",https://github.com/folkehelseinstituttet/surveillance_data,304145,232356,71789,0
Norway,2021-02-12,"Moderna, Oxford/AstraZeneca, Pfizer/BioNTech",https://github.com/folkehelseinstituttet/surveillance_data,316127,240576,75551,0
Norway,2021-02-13,"Moderna, Oxford/AstraZeneca, Pfizer/BioNTech",https://github.com/folkehelseinstituttet/surveillance_data,317436,241536,75900,0
Norway,2021-02-14,"Moderna, Oxford/AstraZeneca, Pfizer/BioNTech",https://github.com/folkehelseinstituttet/surveillance_data,317598,241681,75917,0
Norway,2021-02-15,"Moderna, Oxford/AstraZeneca, Pfizer/BioNTech",https://github.com/folkehelseinstituttet/surveillance_data,319268,242561,76707,0
Norway,2021-02-16,"Moderna, Oxford/AstraZeneca, Pfizer/BioNTech",https://github.com/folkehelseinstituttet/surveillance_data,327816,248789,79027,0
Norway,2021-02-17,"Moderna, Oxford/AstraZeneca, Pfizer/BioNTech",https://github.com/folkehelseinstituttet/surveillance_data,360561,270744,89817,0
Norway,2021-02-18,"Moderna, Oxford/AstraZeneca, Pfizer/BioNTech",https://github.com/folkehelseinstituttet/surveillance_data,390899,289871,101028,0
Norway,2021-02-19,"Moderna, Oxford/AstraZeneca, Pfizer/BioNTech",https://github.com/folkehelseinstituttet/surveillance_data,406738,300743,105995,0
Norway,2021-02-20,"Moderna, Oxford/AstraZeneca, Pfizer/BioNTech",https://github.com/folkehelseinstituttet/surveillance_data,407534,301311,106223,0
Norway,2021-02-21,"Moderna, Oxford/AstraZeneca, Pfizer/BioNTech",https://github.com/folkehelseinstituttet/surveillance_data,407806,301408,106398,0
Norway,2021-02-22,"Moderna, Oxford/AstraZeneca, Pfizer/BioNTech",https://github.com/folkehelseinstituttet/surveillance_data,410638,304046,106592,0
Norway,2021-02-23,"Moderna, Oxford/AstraZeneca, Pfizer/BioNTech",https://github.com/folkehelseinstituttet/surveillance_data,422174,310130,112044,0
Norway,2021-02-24,"Moderna, Oxford/AstraZeneca, Pfizer/BioNTech",https://github.com/folkehelseinstituttet/surveillance_data,456694,321358,135336,0
Norway,2021-02-25,"Moderna, Oxford/AstraZeneca, Pfizer/BioNTech",https://github.com/folkehelseinstituttet/surveillance_data,494818,332617,162201,0
Norway,2021-02-26,"Moderna, Oxford/AstraZeneca, Pfizer/BioNTech",https://github.com/folkehelseinstituttet/surveillance_data,513593,341090,172503,0
Norway,2021-02-27,"Moderna, Oxford/AstraZeneca, Pfizer/BioNTech",https://github.com/folkehelseinstituttet/surveillance_data,514397,341597,172800,0
Norway,2021-02-28,"Moderna, Oxford/AstraZeneca, Pfizer/BioNTech",https://github.com/folkehelseinstituttet/surveillance_data,515142,342158,172984,0
Norway,2021-03-01,"Moderna, Oxford/AstraZeneca, Pfizer/BioNTech",https://github.com/folkehelseinstituttet/surveillance_data,521360,348269,173091,0
Norway,2021-03-02,"Moderna, Oxford/AstraZeneca, Pfizer/BioNTech",https://github.com/folkehelseinstituttet/surveillance_data,536171,359066,177105,0
Norway,2021-03-03,"Moderna, Oxford/AstraZeneca, Pfizer/BioNTech",https://github.com/folkehelseinstituttet/surveillance_data,573148,377189,195959,0
Norway,2021-03-04,"Moderna, Oxford/AstraZeneca, Pfizer/BioNTech",https://github.com/folkehelseinstituttet/surveillance_data,608705,393652,215053,0
Norway,2021-03-05,"Moderna, Oxford/AstraZeneca, Pfizer/BioNTech",https://github.com/folkehelseinstituttet/surveillance_data,627668,405770,221898,0
Norway,2021-03-06,"Moderna, Oxford/AstraZeneca, Pfizer/BioNTech",https://github.com/folkehelseinstituttet/surveillance_data,628712,406281,222431,0
Norway,2021-03-07,"Moderna, Oxford/AstraZeneca, Pfizer/BioNTech",https://github.com/folkehelseinstituttet/surveillance_data,628925,406472,222453,0
Norway,2021-03-08,"Moderna, Oxford/AstraZeneca, Pfizer/BioNTech",https://github.com/folkehelseinstituttet/surveillance_data,634191,411660,222531,0
Norway,2021-03-09,"Moderna, Oxford/AstraZeneca, Pfizer/BioNTech",https://github.com/folkehelseinstituttet/surveillance_data,651502,424549,226953,0
Norway,2021-03-10,"Moderna, Oxford/AstraZeneca, Pfizer/BioNTech",https://github.com/folkehelseinstituttet/surveillance_data,690963,446068,244895,0
Norway,2021-03-11,"Moderna, Pfizer/BioNTech",https://github.com/folkehelseinstituttet/surveillance_data,720517,458197,262320,0
Norway,2021-03-12,"Moderna, Pfizer/BioNTech",https://github.com/folkehelseinstituttet/surveillance_data,731639,460672,270967,0
Norway,2021-03-13,"Moderna, Pfizer/BioNTech",https://github.com/folkehelseinstituttet/surveillance_data,732153,460836,271317,0
Norway,2021-03-14,"Moderna, Pfizer/BioNTech",https://github.com/folkehelseinstituttet/surveillance_data,732374,460914,271460,0
Norway,2021-03-15,"Moderna, Pfizer/BioNTech",https://github.com/folkehelseinstituttet/surveillance_data,733059,461119,271940,0
Norway,2021-03-16,"Moderna, Pfizer/BioNTech",https://github.com/folkehelseinstituttet/surveillance_data,739834,467099,272735,0
Norway,2021-03-17,"Moderna, Pfizer/BioNTech",https://github.com/folkehelseinstituttet/surveillance_data,765435,490728,274707,0
Norway,2021-03-18,"Moderna, Pfizer/BioNTech",https://github.com/folkehelseinstituttet/surveillance_data,788544,512198,276346,0
Norway,2021-03-19,"Moderna, Pfizer/BioNTech",https://github.com/folkehelseinstituttet/surveillance_data,796712,519274,277438,0
Norway,2021-03-20,"Moderna, Pfizer/BioNTech",https://github.com/folkehelseinstituttet/surveillance_data,797405,519912,277493,0
Norway,2021-03-21,"Moderna, Pfizer/BioNTech",https://github.com/folkehelseinstituttet/surveillance_data,797779,520201,277578,0
Norway,2021-03-22,"Moderna, Pfizer/BioNTech",https://github.com/folkehelseinstituttet/surveillance_data,799603,521897,277706,0
Norway,2021-03-23,"Moderna, Pfizer/BioNTech",https://github.com/folkehelseinstituttet/surveillance_data,814140,535354,278786,0
Norway,2021-03-24,"Moderna, Pfizer/BioNTech",https://github.com/folkehelseinstituttet/surveillance_data,857890,575105,282785,0
Norway,2021-03-25,"Moderna, Pfizer/BioNTech",https://github.com/folkehelseinstituttet/surveillance_data,899876,614428,285448,0
Norway,2021-03-26,"Moderna, Pfizer/BioNTech",https://github.com/folkehelseinstituttet/surveillance_data,918868,632128,286740,0
Norway,2021-03-27,"Moderna, Pfizer/BioNTech",https://github.com/folkehelseinstituttet/surveillance_data,919801,633012,286789,0
Norway,2021-03-28,"Moderna, Pfizer/BioNTech",https://github.com/folkehelseinstituttet/surveillance_data,920264,633437,286827,0
Norway,2021-03-29,"Moderna, Pfizer/BioNTech",https://github.com/folkehelseinstituttet/surveillance_data,925413,638407,287006,0
Norway,2021-03-30,"Moderna, Pfizer/BioNTech",https://github.com/folkehelseinstituttet/surveillance_data,962766,671218,291543,5
Norway,2021-03-31,"Moderna, Pfizer/BioNTech",https://github.com/folkehelseinstituttet/surveillance_data,1008285,708711,299568,6
Norway,2021-04-01,"Moderna, Pfizer/BioNTech",https://github.com/folkehelseinstituttet/surveillance_data,1019667,718490,301171,6
Norway,2021-04-02,"Moderna, Pfizer/BioNTech",https://github.com/folkehelseinstituttet/surveillance_data,1024997,723025,301966,6
Norway,2021-04-03,"Moderna, Pfizer/BioNTech",https://github.com/folkehelseinstituttet/surveillance_data,1025454,723417,302031,6
Norway,2021-04-04,"Moderna, Pfizer/BioNTech",https://github.com/folkehelseinstituttet/surveillance_data,1025999,723891,302102,6
Norway,2021-04-05,"Moderna, Pfizer/BioNTech",https://github.com/folkehelseinstituttet/surveillance_data,1027718,725450,302262,6
Norway,2021-04-06,"Moderna, Pfizer/BioNTech",https://github.com/folkehelseinstituttet/surveillance_data,1049620,744577,305037,6
Norway,2021-04-07,"Moderna, Pfizer/BioNTech",https://github.com/folkehelseinstituttet/surveillance_data,1113125,804217,308900,8
Norway,2021-04-08,"Moderna, Pfizer/BioNTech",https://github.com/folkehelseinstituttet/surveillance_data,1175732,862410,313313,9
Norway,2021-04-09,"Moderna, Pfizer/BioNTech",https://github.com/folkehelseinstituttet/surveillance_data,1204393,890288,314095,10
Norway,2021-04-10,"Moderna, Pfizer/BioNTech",https://github.com/folkehelseinstituttet/surveillance_data,1205752,891533,314209,10
Norway,2021-04-11,"Moderna, Pfizer/BioNTech",https://github.com/folkehelseinstituttet/surveillance_data,1206480,892189,314281,10
Norway,2021-04-12,"Moderna, Pfizer/BioNTech",https://github.com/folkehelseinstituttet/surveillance_data,1210558,896086,314460,12
Norway,2021-04-13,"Moderna, Pfizer/BioNTech",https://github.com/folkehelseinstituttet/surveillance_data,1237116,922118,314986,12
Norway,2021-04-14,"Moderna, Pfizer/BioNTech",https://github.com/folkehelseinstituttet/surveillance_data,1306914,990304,316596,14
Norway,2021-04-15,"Moderna, Pfizer/BioNTech",https://github.com/folkehelseinstituttet/surveillance_data,1374436,1056433,317985,18
Norway,2021-04-16,"Moderna, Pfizer/BioNTech",https://github.com/folkehelseinstituttet/surveillance_data,1404863,1085860,318985,18
Norway,2021-04-17,"Moderna, Pfizer/BioNTech",https://github.com/folkehelseinstituttet/surveillance_data,1407249,1088010,319221,18
Norway,2021-04-18,"Moderna, Pfizer/BioNTech",https://github.com/folkehelseinstituttet/surveillance_data,1408696,1089392,319286,18
Norway,2021-04-19,"Moderna, Pfizer/BioNTech",https://github.com/folkehelseinstituttet/surveillance_data,1415616,1096027,319571,18
Norway,2021-04-20,"Moderna, Pfizer/BioNTech",https://github.com/folkehelseinstituttet/surveillance_data,1436569,1115990,320560,19
Norway,2021-04-21,"Moderna, Pfizer/BioNTech",https://github.com/folkehelseinstituttet/surveillance_data,1499625,1175886,323719,20
Norway,2021-04-22,"Moderna, Pfizer/BioNTech",https://github.com/folkehelseinstituttet/surveillance_data,1553951,1227532,326399,20
Norway,2021-04-23,"Moderna, Pfizer/BioNTech",https://github.com/folkehelseinstituttet/surveillance_data,1574132,1246203,327908,21
Norway,2021-04-24,"Moderna, Pfizer/BioNTech",https://github.com/folkehelseinstituttet/surveillance_data,1574788,1246715,328052,21
Norway,2021-04-25,"Moderna, Pfizer/BioNTech",https://github.com/folkehelseinstituttet/surveillance_data,1575221,1247086,328114,21
Norway,2021-04-26,"Moderna, Pfizer/BioNTech",https://github.com/folkehelseinstituttet/surveillance_data,1578349,1249567,328760,22
Norway,2021-04-27,"Moderna, Pfizer/BioNTech",https://github.com/folkehelseinstituttet/surveillance_data,1604291,1269270,334997,24
Norway,2021-04-28,"Moderna, Pfizer/BioNTech",https://github.com/folkehelseinstituttet/surveillance_data,1688705,1328425,360252,28
Norway,2021-04-29,"Moderna, Pfizer/BioNTech",https://github.com/folkehelseinstituttet/surveillance_data,1764715,1383021,381666,28
Norway,2021-04-30,"Moderna, Pfizer/BioNTech",https://github.com/folkehelseinstituttet/surveillance_data,1798976,1408849,390099,28
Norway,2021-05-01,"Moderna, Pfizer/BioNTech",https://github.com/folkehelseinstituttet/surveillance_data,1800995,1410460,390506,29
Norway,2021-05-02,"Moderna, Pfizer/BioNTech",https://github.com/folkehelseinstituttet/surveillance_data,1802426,1411564,390833,29
Norway,2021-05-03,"Moderna, Pfizer/BioNTech",https://github.com/folkehelseinstituttet/surveillance_data,1807206,1414784,392392,30
Norway,2021-05-04,"Moderna, Pfizer/BioNTech",https://github.com/folkehelseinstituttet/surveillance_data,1829996,1425170,404795,31
Norway,2021-05-05,"Moderna, Pfizer/BioNTech",https://github.com/folkehelseinstituttet/surveillance_data,1910121,1466111,443972,38
Norway,2021-05-06,"Moderna, Pfizer/BioNTech",https://github.com/folkehelseinstituttet/surveillance_data,1981838,1501405,480390,43
Norway,2021-05-07,"Moderna, Pfizer/BioNTech",https://github.com/folkehelseinstituttet/surveillance_data,2013901,1516973,496882,46
Norway,2021-05-08,"Moderna, Pfizer/BioNTech",https://github.com/folkehelseinstituttet/surveillance_data,2015222,1517613,497563,46
Norway,2021-05-09,"Moderna, Pfizer/BioNTech",https://github.com/folkehelseinstituttet/surveillance_data,2015967,1517936,497985,46
Norway,2021-05-10,"Moderna, Pfizer/BioNTech",https://github.com/folkehelseinstituttet/surveillance_data,2025096,1520440,504609,47
Norway,2021-05-11,"Moderna, Pfizer/BioNTech",https://github.com/folkehelseinstituttet/surveillance_data,2075224,1538583,536589,52
Norway,2021-05-12,"Moderna, Pfizer/BioNTech",https://github.com/folkehelseinstituttet/surveillance_data,2171621,1581015,590538,68
Norway,2021-05-13,"Moderna, Pfizer/BioNTech",https://github.com/folkehelseinstituttet/surveillance_data,2193447,1593942,599436,69
Norway,2021-05-14,"Moderna, Pfizer/BioNTech",https://github.com/folkehelseinstituttet/surveillance_data,2213252,1605240,607942,70
Norway,2021-05-15,"Moderna, Pfizer/BioNTech",https://github.com/folkehelseinstituttet/surveillance_data,2216190,1607326,608794,70
Norway,2021-05-16,"Moderna, Pfizer/BioNTech",https://github.com/folkehelseinstituttet/surveillance_data,2218647,1608678,609899,70
Norway,2021-05-17,"Moderna, Pfizer/BioNTech",https://github.com/folkehelseinstituttet/surveillance_data,2219456,1608997,610389,70
Norway,2021-05-18,"Moderna, Pfizer/BioNTech",https://github.com/folkehelseinstituttet/surveillance_data,2248127,1613663,634392,72
Norway,2021-05-19,"Moderna, Pfizer/BioNTech",https://github.com/folkehelseinstituttet/surveillance_data,2329342,1621942,707319,81
Norway,2021-05-20,"Moderna, Pfizer/BioNTech",https://github.com/folkehelseinstituttet/surveillance_data,2407485,1630795,776602,88
Norway,2021-05-21,"Moderna, Pfizer/BioNTech",https://github.com/folkehelseinstituttet/surveillance_data,2444098,1635940,808058,100
Norway,2021-05-22,"Moderna, Pfizer/BioNTech",https://github.com/folkehelseinstituttet/surveillance_data,2446632,1637366,809165,101
Norway,2021-05-23,"Moderna, Pfizer/BioNTech",https://github.com/folkehelseinstituttet/surveillance_data,2447981,1638269,809610,102
Norway,2021-05-24,"Moderna, Pfizer/BioNTech",https://github.com/folkehelseinstituttet/surveillance_data,2451551,1639207,812241,103
Norway,2021-05-25,"Moderna, Pfizer/BioNTech",https://github.com/folkehelseinstituttet/surveillance_data,2485156,1643396,841654,106
Norway,2021-05-26,"Moderna, Pfizer/BioNTech",https://github.com/folkehelseinstituttet/surveillance_data,2579548,1653184,926250,114
Norway,2021-05-27,"Moderna, Pfizer/BioNTech",https://github.com/folkehelseinstituttet/surveillance_data,2663718,1662788,1000801,129
Norway,2021-05-28,"Moderna, Pfizer/BioNTech",https://github.com/folkehelseinstituttet/surveillance_data,2701181,1667948,1033098,135
Norway,2021-05-29,"Moderna, Pfizer/BioNTech",https://github.com/folkehelseinstituttet/surveillance_data,2704130,1668709,1035285,136
Norway,2021-05-30,"Moderna, Pfizer/BioNTech",https://github.com/folkehelseinstituttet/surveillance_data,2706002,1668926,1036939,137
Norway,2021-05-31,"Moderna, Pfizer/BioNTech",https://github.com/folkehelseinstituttet/surveillance_data,2716011,1672218,1043654,139
Norway,2021-06-01,"Moderna, Pfizer/BioNTech",https://github.com/folkehelseinstituttet/surveillance_data,2758419,1691260,1067016,143
Norway,2021-06-02,"Moderna, Pfizer/BioNTech",https://github.com/folkehelseinstituttet/surveillance_data,2882598,1744641,1137803,154
Norway,2021-06-03,"Moderna, Pfizer/BioNTech",https://github.com/folkehelseinstituttet/surveillance_data,2997098,1800135,1196804,159
Norway,2021-06-04,"Moderna, Pfizer/BioNTech",https://github.com/folkehelseinstituttet/surveillance_data,3048829,1831945,1216720,164
Norway,2021-06-05,"Moderna, Pfizer/BioNTech",https://github.com/folkehelseinstituttet/surveillance_data,3053478,1835807,1217507,164
Norway,2021-06-06,"Moderna, Pfizer/BioNTech",https://github.com/folkehelseinstituttet/surveillance_data,3057026,1838967,1217894,165
Norway,2021-06-07,"Moderna, Pfizer/BioNTech",https://github.com/folkehelseinstituttet/surveillance_data,3075884,1854848,1220869,167
Norway,2021-06-08,"Moderna, Pfizer/BioNTech",https://github.com/folkehelseinstituttet/surveillance_data,3122972,1882344,1240454,174
Norway,2021-06-09,"Moderna, Pfizer/BioNTech",https://github.com/folkehelseinstituttet/surveillance_data,3224444,1922796,1301468,180
Norway,2021-06-10,"Moderna, Pfizer/BioNTech",https://github.com/folkehelseinstituttet/surveillance_data,3320396,1962975,1357236,185
Norway,2021-06-11,"Moderna, Pfizer/BioNTech",https://github.com/folkehelseinstituttet/surveillance_data,3363423,1984849,1378385,189
Norway,2021-06-12,"Moderna, Pfizer/BioNTech",https://github.com/folkehelseinstituttet/surveillance_data,3367617,1988128,1379297,192
Norway,2021-06-13,"Moderna, Pfizer/BioNTech",https://github.com/folkehelseinstituttet/surveillance_data,3370690,1990490,1380008,192
Norway,2021-06-14,"Moderna, Pfizer/BioNTech",https://github.com/folkehelseinstituttet/surveillance_data,3393136,2010282,1382662,192
Norway,2021-06-15,"Moderna, Pfizer/BioNTech",https://github.com/folkehelseinstituttet/surveillance_data,3433257,2039680,1393380,197
Norway,2021-06-16,"Moderna, Pfizer/BioNTech",https://github.com/folkehelseinstituttet/surveillance_data,3539808,2104798,1434801,209
Norway,2021-06-17,"Moderna, Pfizer/BioNTech",https://github.com/folkehelseinstituttet/surveillance_data,3632645,2164736,1467683,226
Norway,2021-06-18,"Moderna, Pfizer/BioNTech",https://github.com/folkehelseinstituttet/surveillance_data,3677317,2196927,1480159,231
Norway,2021-06-19,"Moderna, Pfizer/BioNTech",https://github.com/folkehelseinstituttet/surveillance_data,3684577,2203440,1480906,231
Norway,2021-06-20,"Moderna, Pfizer/BioNTech",https://github.com/folkehelseinstituttet/surveillance_data,3689245,2207956,1481057,232
Norway,2021-06-21,"Moderna, Pfizer/BioNTech",https://github.com/folkehelseinstituttet/surveillance_data,3710103,2225949,1483919,235
Norway,2021-06-22,"Moderna, Pfizer/BioNTech",https://github.com/folkehelseinstituttet/surveillance_data,3760978,2263445,1497293,240
Norway,2021-06-23,"Moderna, Pfizer/BioNTech",https://github.com/folkehelseinstituttet/surveillance_data,3872088,2342109,1529721,258
Norway,2021-06-24,"Moderna, Pfizer/BioNTech",https://github.com/folkehelseinstituttet/surveillance_data,3985627,2433638,1551727,262
Norway,2021-06-25,"Moderna, Pfizer/BioNTech",https://github.com/folkehelseinstituttet/surveillance_data,4040224,2478668,1561292,264
Norway,2021-06-26,"Moderna, Pfizer/BioNTech",https://github.com/folkehelseinstituttet/surveillance_data,4050766,2487494,1563008,264
Norway,2021-06-27,"Moderna, Pfizer/BioNTech",https://github.com/folkehelseinstituttet/surveillance_data,4056686,2492125,1564296,265
Norway,2021-06-28,"Moderna, Pfizer/BioNTech",https://github.com/folkehelseinstituttet/surveillance_data,4090455,2524575,1565612,268
Norway,2021-06-29,"Moderna, Pfizer/BioNTech",https://github.com/folkehelseinstituttet/surveillance_data,4142237,2572913,1569050,274
Norway,2021-06-30,"Moderna, Pfizer/BioNTech",https://github.com/folkehelseinstituttet/surveillance_data,4254766,2678645,1575839,282
Norway,2021-07-01,"Moderna, Pfizer/BioNTech",https://github.com/folkehelseinstituttet/surveillance_data,4365718,2781536,1583891,291
Norway,2021-07-02,"Moderna, Pfizer/BioNTech",https://github.com/folkehelseinstituttet/surveillance_data,4420475,2832976,1587202,297
Norway,2021-07-03,"Moderna, Pfizer/BioNTech",https://github.com/folkehelseinstituttet/surveillance_data,4430434,2842308,1587829,297
Norway,2021-07-04,"Moderna, Pfizer/BioNTech",https://github.com/folkehelseinstituttet/surveillance_data,4437059,2848401,1588359,299
Norway,2021-07-05,"Moderna, Pfizer/BioNTech",https://github.com/folkehelseinstituttet/surveillance_data,4464739,2875276,1589081,382
Norway,2021-07-06,"Moderna, Pfizer/BioNTech",https://github.com/folkehelseinstituttet/surveillance_data,4510443,2917389,1592570,484
Norway,2021-07-07,"Moderna, Pfizer/BioNTech",https://github.com/folkehelseinstituttet/surveillance_data,4596800,2994802,1601429,569
Norway,2021-07-08,"Moderna, Pfizer/BioNTech",https://github.com/folkehelseinstituttet/surveillance_data,4675447,3064251,1610519,677
Norway,2021-07-09,"Moderna, Pfizer/BioNTech",https://github.com/folkehelseinstituttet/surveillance_data,4706084,3091388,1614015,681
Norway,2021-07-10,"Moderna, Pfizer/BioNTech",https://github.com/folkehelseinstituttet/surveillance_data,4710653,3095605,1614366,682
Norway,2021-07-11,"Moderna, Pfizer/BioNTech",https://github.com/folkehelseinstituttet/surveillance_data,4713872,3098625,1614565,682
Norway,2021-07-12,"Moderna, Pfizer/BioNTech",https://github.com/folkehelseinstituttet/surveillance_data,4729225,3111938,1616602,685
Norway,2021-07-13,"Moderna, Pfizer/BioNTech",https://github.com/folkehelseinstituttet/surveillance_data,4762194,3135741,1625764,689
Norway,2021-07-14,"Moderna, Pfizer/BioNTech",https://github.com/folkehelseinstituttet/surveillance_data,4840259,3184360,1655202,697
Norway,2021-07-15,"Moderna, Pfizer/BioNTech",https://github.com/folkehelseinstituttet/surveillance_data,4912988,3227518,1684751,719
Norway,2021-07-16,"Moderna, Pfizer/BioNTech",https://github.com/folkehelseinstituttet/surveillance_data,4939607,3244017,1694864,726
Norway,2021-07-17,"Moderna, Pfizer/BioNTech",https://github.com/folkehelseinstituttet/surveillance_data,4940746,3244540,1695479,727
Norway,2021-07-18,"Moderna, Pfizer/BioNTech",https://github.com/folkehelseinstituttet/surveillance_data,4941353,3244858,1695767,728
Norway,2021-07-19,"Moderna, Pfizer/BioNTech",https://github.com/folkehelseinstituttet/surveillance_data,4953791,3253934,1699122,735
Norway,2021-07-20,"Moderna, Pfizer/BioNTech",https://github.com/folkehelseinstituttet/surveillance_data,4984244,3275654,1707851,739
Norway,2021-07-21,"Moderna, Pfizer/BioNTech",https://github.com/folkehelseinstituttet/surveillance_data,5069799,3341185,1727864,750
Norway,2021-07-22,"Moderna, Pfizer/BioNTech",https://github.com/folkehelseinstituttet/surveillance_data,5160263,3409306,1750204,753
Norway,2021-07-23,"Moderna, Pfizer/BioNTech",https://github.com/folkehelseinstituttet/surveillance_data,5189612,3431087,1757762,763
Norway,2021-07-24,"Moderna, Pfizer/BioNTech",https://github.com/folkehelseinstituttet/surveillance_data,5190249,3431256,1758229,764
Norway,2021-07-25,"Moderna, Pfizer/BioNTech",https://github.com/folkehelseinstituttet/surveillance_data,5190609,3431336,1758508,765
Norway,2021-07-26,"Moderna, Pfizer/BioNTech",https://github.com/folkehelseinstituttet/surveillance_data,5202675,3440149,1761756,770
Norway,2021-07-27,"Moderna, Pfizer/BioNTech",https://github.com/folkehelseinstituttet/surveillance_data,5233150,3461658,1770716,776
Norway,2021-07-28,"Moderna, Pfizer/BioNTech",https://github.com/folkehelseinstituttet/surveillance_data,5327378,3529721,1796872,785
Norway,2021-07-29,"Moderna, Pfizer/BioNTech",https://github.com/folkehelseinstituttet/surveillance_data,5421560,3597024,1823741,795
Norway,2021-07-30,"Moderna, Pfizer/BioNTech",https://github.com/folkehelseinstituttet/surveillance_data,5454486,3618850,1834835,801
Norway,2021-07-31,"Moderna, Pfizer/BioNTech",https://github.com/folkehelseinstituttet/surveillance_data,5455760,3619287,1835671,802
Norway,2021-08-01,"Moderna, Pfizer/BioNTech",https://github.com/folkehelseinstituttet/surveillance_data,5456008,3619365,1835840,803
Norway,2021-08-02,"Moderna, Pfizer/BioNTech",https://github.com/folkehelseinstituttet/surveillance_data,5474444,3628628,1845010,806
Norway,2021-08-03,"Moderna, Pfizer/BioNTech",https://github.com/folkehelseinstituttet/surveillance_data,5507683,3644111,1862756,816
Norway,2021-08-04,"Moderna, Pfizer/BioNTech",https://github.com/folkehelseinstituttet/surveillance_data,5593472,3686096,1906551,825
Norway,2021-08-05,"Moderna, Pfizer/BioNTech",https://github.com/folkehelseinstituttet/surveillance_data,5678157,3722084,1955229,844
Norway,2021-08-06,"Moderna, Pfizer/BioNTech",https://github.com/folkehelseinstituttet/surveillance_data,5710403,3732691,1976865,847
Norway,2021-08-07,"Moderna, Pfizer/BioNTech",https://github.com/folkehelseinstituttet/surveillance_data,5711995,3732969,1978178,848
Norway,2021-08-08,"Moderna, Pfizer/BioNTech",https://github.com/folkehelseinstituttet/surveillance_data,5712975,3733058,1979068,849
Norway,2021-08-09,"Moderna, Pfizer/BioNTech",https://github.com/folkehelseinstituttet/surveillance_data,5737621,3736115,2000652,854
Norway,2021-08-10,"Moderna, Pfizer/BioNTech",https://github.com/folkehelseinstituttet/surveillance_data,5778894,3743253,2034780,861
Norway,2021-08-11,"Moderna, Pfizer/BioNTech",https://github.com/folkehelseinstituttet/surveillance_data,5882382,3764770,2116728,884
Norway,2021-08-12,"Moderna, Pfizer/BioNTech",https://github.com/folkehelseinstituttet/surveillance_data,5986327,3783476,2201950,901
Norway,2021-08-13,"Moderna, Pfizer/BioNTech",https://github.com/folkehelseinstituttet/surveillance_data,6031429,3789218,2241307,904
Norway,2021-08-14,"Moderna, Pfizer/BioNTech",https://github.com/folkehelseinstituttet/surveillance_data,6034024,3789486,2243631,907
Norway,2021-08-15,"Moderna, Pfizer/BioNTech",https://github.com/folkehelseinstituttet/surveillance_data,6035250,3789557,2244782,911
Norway,2021-08-16,"Moderna, Pfizer/BioNTech",https://github.com/folkehelseinstituttet/surveillance_data,6068710,3791872,2275919,919
Norway,2021-08-17,"Moderna, Pfizer/BioNTech",https://github.com/folkehelseinstituttet/surveillance_data,6118274,3796335,2320980,959
Norway,2021-08-18,"Moderna, Pfizer/BioNTech",https://github.com/folkehelseinstituttet/surveillance_data,6236418,3807484,2427891,1043
Norway,2021-08-19,"Moderna, Pfizer/BioNTech",https://github.com/folkehelseinstituttet/surveillance_data,6347844,3817379,2529355,1110
Norway,2021-08-20,"Moderna, Pfizer/BioNTech",https://github.com/folkehelseinstituttet/surveillance_data,6406305,3822320,2582861,1124
Norway,2021-08-21,"Moderna, Pfizer/BioNTech",https://github.com/folkehelseinstituttet/surveillance_data,6413559,3822688,2589744,1127
Norway,2021-08-22,"Moderna, Pfizer/BioNTech",https://github.com/folkehelseinstituttet/surveillance_data,6415524,3822816,2591580,1128
Norway,2021-08-23,"Moderna, Pfizer/BioNTech",https://github.com/folkehelseinstituttet/surveillance_data,6459390,3825117,2633077,1196
Norway,2021-08-24,"Moderna, Pfizer/BioNTech",https://github.com/folkehelseinstituttet/surveillance_data,6531638,3830433,2699938,1267
Norway,2021-08-25,"Moderna, Pfizer/BioNTech",https://github.com/folkehelseinstituttet/surveillance_data,6670212,3842660,2826265,1287
Norway,2021-08-26,"Moderna, Pfizer/BioNTech",https://github.com/folkehelseinstituttet/surveillance_data,6808854,3856131,2951351,1372
Norway,2021-08-27,"Moderna, Pfizer/BioNTech",https://github.com/folkehelseinstituttet/surveillance_data,6879387,3864969,3012992,1426
Norway,2021-08-28,"Moderna, Pfizer/BioNTech",https://github.com/folkehelseinstituttet/surveillance_data,6891837,3867322,3023082,1433
Norway,2021-08-29,"Moderna, Pfizer/BioNTech",https://github.com/folkehelseinstituttet/surveillance_data,6896774,3867489,3027848,1437
Norway,2021-08-30,"Moderna, Pfizer/BioNTech",https://github.com/folkehelseinstituttet/surveillance_data,6943174,3876308,3065404,1462
Norway,2021-08-31,"Moderna, Pfizer/BioNTech",https://github.com/folkehelseinstituttet/surveillance_data,6998242,3885004,3111753,1485
Norway,2021-09-01,"Moderna, Pfizer/BioNTech",https://github.com/folkehelseinstituttet/surveillance_data,7094773,3901236,3191984,1553
Norway,2021-09-02,"Moderna, Pfizer/BioNTech",https://github.com/folkehelseinstituttet/surveillance_data,7191761,3918286,3271835,1640
Norway,2021-09-03,"Moderna, Pfizer/BioNTech",https://github.com/folkehelseinstituttet/surveillance_data,7237078,3927393,3307997,1688
Norway,2021-09-04,"Moderna, Pfizer/BioNTech",https://github.com/folkehelseinstituttet/surveillance_data,7244198,3928560,3313949,1689
Norway,2021-09-05,"Moderna, Pfizer/BioNTech",https://github.com/folkehelseinstituttet/surveillance_data,7245487,3928813,3314979,1695
Norway,2021-09-06,"Moderna, Pfizer/BioNTech",https://github.com/folkehelseinstituttet/surveillance_data,7270692,3933778,3335208,1706
Norway,2021-09-07,"Moderna, Pfizer/BioNTech",https://github.com/folkehelseinstituttet/surveillance_data,7304733,3941772,3361229,1732
Norway,2021-09-08,"Moderna, Pfizer/BioNTech",https://github.com/folkehelseinstituttet/surveillance_data,7377546,3961674,3414052,1820
Norway,2021-09-09,"Moderna, Pfizer/BioNTech",https://github.com/folkehelseinstituttet/surveillance_data,7441406,3980146,3459338,1922
Norway,2021-09-10,"Moderna, Pfizer/BioNTech",https://github.com/folkehelseinstituttet/surveillance_data,7471394,3989574,3479833,1987
Norway,2021-09-11,"Moderna, Pfizer/BioNTech",https://github.com/folkehelseinstituttet/surveillance_data,7475271,3990673,3482608,1990
Norway,2021-09-12,"Moderna, Pfizer/BioNTech",https://github.com/folkehelseinstituttet/surveillance_data,7475823,3991082,3482742,1999
Norway,2021-09-13,"Moderna, Pfizer/BioNTech",https://github.com/folkehelseinstituttet/surveillance_data,7491903,3996220,3493634,2049
Norway,2021-09-14,"Moderna, Pfizer/BioNTech",https://github.com/folkehelseinstituttet/surveillance_data,7520662,4012417,3506063,2182
Norway,2021-09-15,"Moderna, Pfizer/BioNTech",https://github.com/folkehelseinstituttet/surveillance_data,7581369,4042198,3536180,2991
Norway,2021-09-16,"Moderna, Pfizer/BioNTech",https://github.com/folkehelseinstituttet/surveillance_data,7633960,4068619,3560578,4763
Norway,2021-09-17,"Moderna, Pfizer/BioNTech",https://github.com/folkehelseinstituttet/surveillance_data,7658826,4081930,3571374,5522
Norway,2021-09-18,"Moderna, Pfizer/BioNTech",https://github.com/folkehelseinstituttet/surveillance_data,7661658,4084231,3571849,5578
Norway,2021-09-19,"Moderna, Pfizer/BioNTech",https://github.com/folkehelseinstituttet/surveillance_data,7661768,4084251,3571932,5585
Norway,2021-09-20,"Moderna, Pfizer/BioNTech",https://github.com/folkehelseinstituttet/surveillance_data,7682284,4097141,3578574,6569
Norway,2021-09-21,"Moderna, Pfizer/BioNTech",https://github.com/folkehelseinstituttet/surveillance_data,7708187,4112515,3588075,7597
Norway,2021-09-22,"Moderna, Pfizer/BioNTech",https://github.com/folkehelseinstituttet/surveillance_data,7746292,4129418,3607126,9748
Norway,2021-09-23,"Moderna, Pfizer/BioNTech",https://github.com/folkehelseinstituttet/surveillance_data,7780318,4144413,3624040,11865
Norway,2021-09-24,"Moderna, Pfizer/BioNTech",https://github.com/folkehelseinstituttet/surveillance_data,7795145,4151020,3631425,12700
Norway,2021-09-25,"Moderna, Pfizer/BioNTech",https://github.com/folkehelseinstituttet/surveillance_data,7797004,4152673,3631594,12737
Norway,2021-09-26,"Moderna, Pfizer/BioNTech",https://github.com/folkehelseinstituttet/surveillance_data,7797101,4152686,3631672,12743
Norway,2021-09-27,"Moderna, Pfizer/BioNTech",https://github.com/folkehelseinstituttet/surveillance_data,7807420,4157052,3636893,13475
Norway,2021-09-28,"Moderna, Pfizer/BioNTech",https://github.com/folkehelseinstituttet/surveillance_data,7820814,4162091,3644250,14473
Norway,2021-09-29,"Moderna, Pfizer/BioNTech",https://github.com/folkehelseinstituttet/surveillance_data,7848339,4172288,3658980,17071
Norway,2021-09-30,"Moderna, Pfizer/BioNTech",https://github.com/folkehelseinstituttet/surveillance_data,7875641,4182552,3672948,20141
Norway,2021-10-01,"Moderna, Pfizer/BioNTech",https://github.com/folkehelseinstituttet/surveillance_data,7885597,4185145,3679257,21195
Norway,2021-10-02,"Moderna, Pfizer/BioNTech",https://github.com/folkehelseinstituttet/surveillance_data,7886067,4185270,3679553,21244
Norway,2021-10-03,"Moderna, Pfizer/BioNTech",https://github.com/folkehelseinstituttet/surveillance_data,7886100,4185275,3679574,21251
Norway,2021-10-04,"Moderna, Pfizer/BioNTech",https://github.com/folkehelseinstituttet/surveillance_data,7890941,4186411,3682611,21919
Norway,2021-10-05,"Moderna, Pfizer/BioNTech",https://github.com/folkehelseinstituttet/surveillance_data,7900363,4189149,3687781,23433
Norway,2021-10-06,"Moderna, Pfizer/BioNTech",https://github.com/folkehelseinstituttet/surveillance_data,7914592,4192864,3694917,26811
Norway,2021-10-07,"Moderna, Pfizer/BioNTech",https://github.com/folkehelseinstituttet/surveillance_data,7930903,4196387,3702570,31946
Norway,2021-10-08,"Moderna, Pfizer/BioNTech",https://github.com/folkehelseinstituttet/surveillance_data,7940804,4197787,3706377,36640
Norway,2021-10-09,"Moderna, Pfizer/BioNTech",https://github.com/folkehelseinstituttet/surveillance_data,7941077,4197824,3706472,36781
Norway,2021-10-10,"Moderna, Pfizer/BioNTech",https://github.com/folkehelseinstituttet/surveillance_data,7941195,4197840,3706490,36865
Norway,2021-10-11,"Moderna, Pfizer/BioNTech",https://github.com/folkehelseinstituttet/surveillance_data,7951862,4198946,3708458,44458
Norway,2021-10-12,"Moderna, Pfizer/BioNTech",https://github.com/folkehelseinstituttet/surveillance_data,7963897,4200269,3711088,52540
Norway,2021-10-13,"Moderna, Pfizer/BioNTech",https://github.com/folkehelseinstituttet/surveillance_data,7976456,4202378,3716710,57368
Norway,2021-10-14,"Moderna, Pfizer/BioNTech",https://github.com/folkehelseinstituttet/surveillance_data,7984156,4203678,3720298,60180
Norway,2021-10-15,"Moderna, Pfizer/BioNTech",https://github.com/folkehelseinstituttet/surveillance_data,7988865,4204552,3722501,61812
Norway,2021-10-16,"Moderna, Pfizer/BioNTech",https://github.com/folkehelseinstituttet/surveillance_data,7988948,4204574,3722550,61824
Norway,2021-10-17,"Moderna, Pfizer/BioNTech",https://github.com/folkehelseinstituttet/surveillance_data,7989005,4204583,3722571,61851
Norway,2021-10-18,"Moderna, Pfizer/BioNTech",https://github.com/folkehelseinstituttet/surveillance_data,7992509,4205016,3723962,63531
Norway,2021-10-19,"Moderna, Pfizer/BioNTech",https://github.com/folkehelseinstituttet/surveillance_data,7998101,4205927,3726376,65798
Norway,2021-10-20,"Moderna, Pfizer/BioNTech",https://github.com/folkehelseinstituttet/surveillance_data,8009780,4208284,3731166,70330
Norway,2021-10-21,"Moderna, Pfizer/BioNTech",https://github.com/folkehelseinstituttet/surveillance_data,8022186,4210250,3736341,75595
Norway,2021-10-22,"Moderna, Pfizer/BioNTech",https://github.com/folkehelseinstituttet/surveillance_data,8028084,4211117,3738732,78235
Norway,2021-10-23,"Moderna, Pfizer/BioNTech",https://github.com/folkehelseinstituttet/surveillance_data,8028213,4211164,3738779,78270
Norway,2021-10-24,"Moderna, Pfizer/BioNTech",https://github.com/folkehelseinstituttet/surveillance_data,8028238,4211171,3738784,78283
Norway,2021-10-25,"Moderna, Pfizer/BioNTech",https://github.com/folkehelseinstituttet/surveillance_data,8032660,4211729,3740419,80512
Norway,2021-10-26,"Moderna, Pfizer/BioNTech",https://github.com/folkehelseinstituttet/surveillance_data,8038597,4212687,3742519,83391
Norway,2021-10-27,"Moderna, Pfizer/BioNTech",https://github.com/folkehelseinstituttet/surveillance_data,8051441,4214458,3748118,88865
Norway,2021-10-28,"Moderna, Pfizer/BioNTech",https://github.com/folkehelseinstituttet/surveillance_data,8064710,4215941,3754105,94664
Norway,2021-10-29,"Moderna, Pfizer/BioNTech",https://github.com/folkehelseinstituttet/surveillance_data,8069684,4216659,3755928,97097
Norway,2021-10-30,"Moderna, Pfizer/BioNTech",https://github.com/folkehelseinstituttet/surveillance_data,8069883,4216728,3755988,97167
Norway,2021-10-31,"Moderna, Pfizer/BioNTech",https://github.com/folkehelseinstituttet/surveillance_data,8069914,4216733,3756003,97178
Norway,2021-11-01,"Moderna, Pfizer/BioNTech",https://github.com/folkehelseinstituttet/surveillance_data,8074137,4217284,3757149,99704
Norway,2021-11-02,"Moderna, Pfizer/BioNTech",https://github.com/folkehelseinstituttet/surveillance_data,8084118,4218247,3758970,106901
Norway,2021-11-03,"Moderna, Pfizer/BioNTech",https://github.com/folkehelseinstituttet/surveillance_data,8106175,4220304,3763700,122171
Norway,2021-11-04,"Moderna, Pfizer/BioNTech",https://github.com/folkehelseinstituttet/surveillance_data,8130430,4222545,3768372,139513
Norway,2021-11-05,"Moderna, Pfizer/BioNTech",https://github.com/folkehelseinstituttet/surveillance_data,8143254,4223600,3770667,148987
Norway,2021-11-06,"Moderna, Pfizer/BioNTech",https://github.com/folkehelseinstituttet/surveillance_data,8145065,4223673,3770782,150610
Norway,2021-11-07,"Moderna, Pfizer/BioNTech",https://github.com/folkehelseinstituttet/surveillance_data,8146310,4223686,3770793,151831
Norway,2021-11-08,"Moderna, Pfizer/BioNTech",https://github.com/folkehelseinstituttet/surveillance_data,8158702,4224355,3772389,161958
Norway,2021-11-09,"Moderna, Pfizer/BioNTech",https://github.com/folkehelseinstituttet/surveillance_data,8178380,4225633,3775603,177144
Norway,2021-11-10,"Moderna, Pfizer/BioNTech",https://github.com/folkehelseinstituttet/surveillance_data,8214122,4227677,3779819,206626
Norway,2021-11-11,"Moderna, Pfizer/BioNTech",https://github.com/folkehelseinstituttet/surveillance_data,8249213,4229891,3785423,233899
Norway,2021-11-12,"Moderna, Pfizer/BioNTech",https://github.com/folkehelseinstituttet/surveillance_data,8264139,4230871,3787118,246150
Norway,2021-11-13,"Moderna, Pfizer/BioNTech",https://github.com/folkehelseinstituttet/surveillance_data,8264907,4230957,3787244,246706
Norway,2021-11-14,"Moderna, Pfizer/BioNTech",https://github.com/folkehelseinstituttet/surveillance_data,8265011,4230961,3787251,246799
Norway,2021-11-15,"Moderna, Pfizer/BioNTech",https://github.com/folkehelseinstituttet/surveillance_data,8280986,4232010,3789721,259255
Norway,2021-11-16,"Moderna, Pfizer/BioNTech",https://github.com/folkehelseinstituttet/surveillance_data,8303893,4233314,3792710,277869
Norway,2021-11-17,"Moderna, Pfizer/BioNTech",https://github.com/folkehelseinstituttet/surveillance_data,8348218,4235532,3798601,314085
Norway,2021-11-18,"Moderna, Pfizer/BioNTech",https://github.com/folkehelseinstituttet/surveillance_data,8391732,4237634,3803175,350923
Norway,2021-11-19,"Moderna, Pfizer/BioNTech",https://github.com/folkehelseinstituttet/surveillance_data,8412697,4238655,3805827,368215
Norway,2021-11-20,"Moderna, Pfizer/BioNTech",https://github.com/folkehelseinstituttet/surveillance_data,8414476,4238759,3806610,369107
Norway,2021-11-21,"Moderna, Pfizer/BioNTech",https://github.com/folkehelseinstituttet/surveillance_data,8414640,4238773,3806621,369246
Norway,2021-11-22,"Moderna, Pfizer/BioNTech",https://github.com/folkehelseinstituttet/surveillance_data,8436486,4239697,3808787,388002
Norway,2021-11-23,"Moderna, Pfizer/BioNTech",https://github.com/folkehelseinstituttet/surveillance_data,8470020,4240939,3813651,415430
Norway,2021-11-24,"Moderna, Pfizer/BioNTech",https://github.com/folkehelseinstituttet/surveillance_data,8534969,4243472,3821223,470274
Norway,2021-11-25,"Moderna, Pfizer/BioNTech",https://github.com/folkehelseinstituttet/surveillance_data,8600335,4246012,3830304,524019
Norway,2021-11-26,"Moderna, Pfizer/BioNTech",https://github.com/folkehelseinstituttet/surveillance_data,8629684,4247130,3834014,548540
Norway,2021-11-27,"Moderna, Pfizer/BioNTech",https://github.com/folkehelseinstituttet/surveillance_data,8633413,4247276,3834291,551846
Norway,2021-11-28,"Moderna, Pfizer/BioNTech",https://github.com/folkehelseinstituttet/surveillance_data,8634387,4247284,3834317,552786
Norway,2021-11-29,"Moderna, Pfizer/BioNTech",https://github.com/folkehelseinstituttet/surveillance_data,8662040,4248178,3837873,575989
Norway,2021-11-30,"Moderna, Pfizer/BioNTech",https://github.com/folkehelseinstituttet/surveillance_data,8702472,4249517,3843522,609433
Norway,2021-12-01,"Moderna, Pfizer/BioNTech",https://github.com/folkehelseinstituttet/surveillance_data,8769920,4252028,3852258,665634
Norway,2021-12-02,"Moderna, Pfizer/BioNTech",https://github.com/folkehelseinstituttet/surveillance_data,8842215,4254470,3862270,725475
Norway,2021-12-03,"Moderna, Pfizer/BioNTech",https://github.com/folkehelseinstituttet/surveillance_data,8873712,4255695,3865799,752218
Norway,2021-12-04,"Moderna, Pfizer/BioNTech",https://github.com/folkehelseinstituttet/surveillance_data,8876137,4255830,3866003,754304
Norway,2021-12-05,"Moderna, Pfizer/BioNTech",https://github.com/folkehelseinstituttet/surveillance_data,8876957,4255849,3866036,755072
Norway,2021-12-06,"Moderna, Pfizer/BioNTech",https://github.com/folkehelseinstituttet/surveillance_data,8906701,4256886,3868353,781462
Norway,2021-12-07,"Moderna, Pfizer/BioNTech",https://github.com/folkehelseinstituttet/surveillance_data,8950095,4258384,3872168,819543
Norway,2021-12-08,"Moderna, Pfizer/BioNTech",https://github.com/folkehelseinstituttet/surveillance_data,9026395,4261042,3877883,887470
Norway,2021-12-09,"Moderna, Pfizer/BioNTech",https://github.com/folkehelseinstituttet/surveillance_data,9111271,4263921,3884298,963052
Norway,2021-12-10,"Moderna, Pfizer/BioNTech",https://github.com/folkehelseinstituttet/surveillance_data,9146102,4265190,3886634,994278
Norway,2021-12-11,"Moderna, Pfizer/BioNTech",https://github.com/folkehelseinstituttet/surveillance_data,9150127,4265267,3886902,997958
Norway,2021-12-12,"Moderna, Pfizer/BioNTech",https://github.com/folkehelseinstituttet/surveillance_data,9152235,4265299,3886945,999991
Norway,2021-12-13,"Moderna, Pfizer/BioNTech",https://github.com/folkehelseinstituttet/surveillance_data,9183589,4266572,3889014,1028003
Norway,2021-12-14,"Moderna, Pfizer/BioNTech",https://github.com/folkehelseinstituttet/surveillance_data,9237686,4268569,3892805,1076312
Norway,2021-12-15,"Moderna, Pfizer/BioNTech",https://github.com/folkehelseinstituttet/surveillance_data,9327118,4272132,3898923,1156063
Norway,2021-12-16,"Moderna, Pfizer/BioNTech",https://github.com/folkehelseinstituttet/surveillance_data,9426498,4276598,3906165,1243735
Norway,2021-12-17,"Moderna, Pfizer/BioNTech",https://github.com/folkehelseinstituttet/surveillance_data,9469183,4278592,3909272,1281319
Norway,2021-12-18,"Moderna, Pfizer/BioNTech",https://github.com/folkehelseinstituttet/surveillance_data,9477182,4278858,3909746,1288578
Norway,2021-12-19,"Moderna, Pfizer/BioNTech",https://github.com/folkehelseinstituttet/surveillance_data,9480295,4278915,3909954,1291426
Norway,2021-12-20,"Moderna, Pfizer/BioNTech",https://github.com/folkehelseinstituttet/surveillance_data,9536773,4281172,3913090,1342511
Norway,2021-12-21,"Moderna, Pfizer/BioNTech",https://github.com/folkehelseinstituttet/surveillance_data,9603587,4283888,3917037,1402662
Norway,2021-12-22,"Moderna, Pfizer/BioNTech",https://github.com/folkehelseinstituttet/surveillance_data,9657956,4286102,3920245,1451609
Norway,2021-12-23,"Moderna, Pfizer/BioNTech",https://github.com/folkehelseinstituttet/surveillance_data,9665830,4286379,3920883,1458568
Norway,2021-12-24,"Moderna, Pfizer/BioNTech",https://github.com/folkehelseinstituttet/surveillance_data,9665905,4286384,3920894,1458627
Norway,2021-12-25,"Moderna, Pfizer/BioNTech",https://github.com/folkehelseinstituttet/surveillance_data,9665935,4286385,3920897,1458653
Norway,2021-12-26,"Moderna, Pfizer/BioNTech",https://github.com/folkehelseinstituttet/surveillance_data,9665970,4286389,3920903,1458678
Norway,2021-12-27,"Moderna, Pfizer/BioNTech",https://github.com/folkehelseinstituttet/surveillance_data,9685812,4286997,3922064,1476751
Norway,2021-12-28,"Moderna, Pfizer/BioNTech",https://github.com/folkehelseinstituttet/surveillance_data,9719997,4287882,3923677,1508438
Norway,2021-12-29,"Moderna, Pfizer/BioNTech",https://github.com/folkehelseinstituttet/surveillance_data,9761107,4289059,3925722,1546326
Norway,2021-12-30,"Moderna, Pfizer/BioNTech",https://github.com/folkehelseinstituttet/surveillance_data,9779017,4289462,3926548,1563007
Norway,2021-12-31,"Moderna, Pfizer/BioNTech",https://github.com/folkehelseinstituttet/surveillance_data,9779713,4289483,3926587,1563643
Norway,2022-01-01,"Moderna, Pfizer/BioNTech",https://github.com/folkehelseinstituttet/surveillance_data,9779730,4289484,3926588,1563658
Norway,2022-01-02,"Moderna, Pfizer/BioNTech",https://github.com/folkehelseinstituttet/surveillance_data,9779805,4289487,3926594,1563724
Norway,2022-01-03,"Moderna, Pfizer/BioNTech",https://github.com/folkehelseinstituttet/surveillance_data,9814142,4290083,3928114,1595945
Norway,2022-01-04,"Moderna, Pfizer/BioNTech",https://github.com/folkehelseinstituttet/surveillance_data,9882298,4291438,3931251,1659609
Norway,2022-01-05,"Moderna, Pfizer/BioNTech",https://github.com/folkehelseinstituttet/surveillance_data,9983063,4293420,3936273,1753370
Norway,2022-01-06,"Moderna, Pfizer/BioNTech",https://github.com/folkehelseinstituttet/surveillance_data,10080995,4295772,3941485,1843738
Norway,2022-01-07,"Moderna, Pfizer/BioNTech",https://github.com/folkehelseinstituttet/surveillance_data,10127104,4296753,3944040,1886311
Norway,2022-01-08,"Moderna, Pfizer/BioNTech",https://github.com/folkehelseinstituttet/surveillance_data,10143892,4297189,3945038,1901665
Norway,2022-01-09,"Moderna, Pfizer/BioNTech",https://github.com/folkehelseinstituttet/surveillance_data,10147872,4297235,3945274,1905363
Norway,2022-01-10,"Moderna, Pfizer/BioNTech",https://github.com/folkehelseinstituttet/surveillance_data,10193338,4298244,3947777,1947317
Norway,2022-01-11,"Moderna, Pfizer/BioNTech",https://github.com/folkehelseinstituttet/surveillance_data,10262848,4299721,3951414,2011713
Norway,2022-01-12,"Moderna, Pfizer/BioNTech",https://github.com/folkehelseinstituttet/surveillance_data,10361978,4301600,3956256,2104122
Norway,2022-01-13,"Moderna, Pfizer/BioNTech",https://github.com/folkehelseinstituttet/surveillance_data,10461754,4303507,3960949,2197298
Norway,2022-01-14,"Moderna, Pfizer/BioNTech",https://github.com/folkehelseinstituttet/surveillance_data,10507988,4304435,3963410,2240143
Norway,2022-01-15,"Moderna, Pfizer/BioNTech",https://github.com/folkehelseinstituttet/surveillance_data,10525647,4304854,3964145,2256648
Norway,2022-01-16,"Moderna, Pfizer/BioNTech",https://github.com/folkehelseinstituttet/surveillance_data,10532581,4304923,3964367,2263291
Norway,2022-01-17,"Moderna, Pfizer/BioNTech",https://github.com/folkehelseinstituttet/surveillance_data,10570212,4305603,3966182,2298427
Norway,2022-01-18,"Moderna, Pfizer/BioNTech",https://github.com/folkehelseinstituttet/surveillance_data,10623660,4306786,3969188,2347686
Norway,2022-01-19,"Moderna, Pfizer/BioNTech",https://github.com/folkehelseinstituttet/surveillance_data,10700521,4308361,3973184,2418976
Norway,2022-01-20,"Moderna, Pfizer/BioNTech",https://github.com/folkehelseinstituttet/surveillance_data,10774359,4309936,3977158,2487265
Norway,2022-01-21,"Moderna, Pfizer/BioNTech",https://github.com/folkehelseinstituttet/surveillance_data,10804704,4310653,3978784,2515267
Norway,2022-01-22,"Moderna, Pfizer/BioNTech",https://github.com/folkehelseinstituttet/surveillance_data,10808709,4310806,3979089,2518814
Norway,2022-01-23,"Moderna, Pfizer/BioNTech",https://github.com/folkehelseinstituttet/surveillance_data,10810366,4310830,3979180,2520356
Norway,2022-01-24,"Moderna, Pfizer/BioNTech",https://github.com/folkehelseinstituttet/surveillance_data,10836470,4311484,3980891,2544095
Norway,2022-01-25,"Moderna, Pfizer/BioNTech",https://github.com/folkehelseinstituttet/surveillance_data,10870494,4312542,3983289,2574663
Norway,2022-01-26,"Moderna, Pfizer/BioNTech",https://github.com/folkehelseinstituttet/surveillance_data,10919711,4313921,3987253,2618537
Norway,2022-01-27,"Moderna, Pfizer/BioNTech",https://github.com/folkehelseinstituttet/surveillance_data,10969599,4315622,3991394,2662583
Norway,2022-01-28,"Moderna, Pfizer/BioNTech",https://github.com/folkehelseinstituttet/surveillance_data,10990907,4316373,3992943,2681591
Norway,2022-01-29,"Moderna, Pfizer/BioNTech",https://github.com/folkehelseinstituttet/surveillance_data,10998422,4316685,3993463,2688274
Norway,2022-01-30,"Moderna, Pfizer/BioNTech",https://github.com/folkehelseinstituttet/surveillance_data,10999711,4316742,3993584,2689385
Norway,2022-01-31,"Moderna, Pfizer/BioNTech",https://github.com/folkehelseinstituttet/surveillance_data,11016160,4317430,3995155,2703575
Norway,2022-02-01,"Moderna, Pfizer/BioNTech",https://github.com/folkehelseinstituttet/surveillance_data,11037350,4318395,3997229,2721726
Norway,2022-02-02,"Moderna, Pfizer/BioNTech",https://github.com/folkehelseinstituttet/surveillance_data,11066510,4319801,4000333,2746376
Norway,2022-02-03,"Moderna, Pfizer/BioNTech",https://github.com/folkehelseinstituttet/surveillance_data,11095363,4321332,4003280,2770751
Norway,2022-02-04,"Moderna, Pfizer/BioNTech",https://github.com/folkehelseinstituttet/surveillance_data,11107477,4321874,4004607,2780996
Norway,2022-02-05,"Moderna, Pfizer/BioNTech",https://github.com/folkehelseinstituttet/surveillance_data,11108640,4321986,4004761,2781893
Norway,2022-02-06,"Moderna, Pfizer/BioNTech",https://github.com/folkehelseinstituttet/surveillance_data,11108943,4321999,4004804,2782140
Norway,2022-02-07,"Moderna, Pfizer/BioNTech",https://github.com/folkehelseinstituttet/surveillance_data,11118495,4322487,4006103,2789905
Norway,2022-02-08,"Moderna, Pfizer/BioNTech",https://github.com/folkehelseinstituttet/surveillance_data,11130945,4323221,4007692,2800032
Norway,2022-02-09,"Moderna, Pfizer/BioNTech",https://github.com/folkehelseinstituttet/surveillance_data,11148275,4324233,4009748,2814294
Norway,2022-02-10,"Moderna, Pfizer/BioNTech",https://github.com/folkehelseinstituttet/surveillance_data,11165323,4325329,4011774,2828220
Norway,2022-02-11,"Moderna, Pfizer/BioNTech",https://github.com/folkehelseinstituttet/surveillance_data,11171972,4325664,4012524,2833784
Norway,2022-02-12,"Moderna, Pfizer/BioNTech",https://github.com/folkehelseinstituttet/surveillance_data,11173984,4325852,4012742,2835390
Norway,2022-02-13,"Moderna, Pfizer/BioNTech",https://github.com/folkehelseinstituttet/surveillance_data,11174149,4325886,4012761,2835502
Norway,2022-02-14,"Moderna, Pfizer/BioNTech",https://github.com/folkehelseinstituttet/surveillance_data,11179326,4326247,4013327,2839752
Norway,2022-02-15,"Moderna, Pfizer/BioNTech",https://github.com/folkehelseinstituttet/surveillance_data,11186569,4326581,4014250,2845738
Norway,2022-02-16,"Moderna, Pfizer/BioNTech",https://github.com/folkehelseinstituttet/surveillance_data,11196853,4327131,4015655,2854067
Norway,2022-02-17,"Moderna, Pfizer/BioNTech",https://github.com/folkehelseinstituttet/surveillance_data,11206640,4327716,4017058,2861866
Norway,2022-02-18,"Moderna, Pfizer/BioNTech",https://github.com/folkehelseinstituttet/surveillance_data,11210880,4327919,4017596,2865365
Norway,2022-02-19,"Moderna, Pfizer/BioNTech",https://github.com/folkehelseinstituttet/surveillance_data,11211153,4327946,4017633,2865574
Norway,2022-02-20,"Moderna, Pfizer/BioNTech",https://github.com/folkehelseinstituttet/surveillance_data,11211189,4327948,4017644,2865597
Norway,2022-02-21,"Moderna, Pfizer/BioNTech",https://github.com/folkehelseinstituttet/surveillance_data,11214496,4328090,4018059,2868347
Norway,2022-02-22,"Moderna, Pfizer/BioNTech",https://github.com/folkehelseinstituttet/surveillance_data,11218032,4328290,4018565,2871177
Norway,2022-02-23,"Moderna, Pfizer/BioNTech",https://github.com/folkehelseinstituttet/surveillance_data,11223470,4328562,4019279,2875629
Norway,2022-02-24,"Moderna, Pfizer/BioNTech",https://github.com/folkehelseinstituttet/surveillance_data,11228500,4328795,4020167,2879538
Norway,2022-02-25,"Moderna, Pfizer/BioNTech",https://github.com/folkehelseinstituttet/surveillance_data,11231188,4328924,4020548,2881716
Norway,2022-02-26,"Moderna, Pfizer/BioNTech",https://github.com/folkehelseinstituttet/surveillance_data,11231389,4328938,4020588,2881863
Norway,2022-02-27,"Moderna, Pfizer/BioNTech",https://github.com/folkehelseinstituttet/surveillance_data,11231416,4328939,4020596,2881881
Norway,2022-02-28,"Moderna, Pfizer/BioNTech",https://github.com/folkehelseinstituttet/surveillance_data,11233379,4329017,4020895,2883467
Norway,2022-03-01,"Moderna, Pfizer/BioNTech",https://github.com/folkehelseinstituttet/surveillance_data,11235788,4329158,4021253,2885377
Norway,2022-03-02,"Moderna, Pfizer/BioNTech",https://github.com/folkehelseinstituttet/surveillance_data,11238952,4329312,4021767,2887873
Norway,2022-03-03,"Moderna, Pfizer/BioNTech",https://github.com/folkehelseinstituttet/surveillance_data,11241934,4329470,4022304,2890160
Norway,2022-03-04,"Moderna, Pfizer/BioNTech",https://github.com/folkehelseinstituttet/surveillance_data,11243336,4329556,4022527,2891253
Norway,2022-03-05,"Moderna, Pfizer/BioNTech",https://github.com/folkehelseinstituttet/surveillance_data,11243477,4329567,4022556,2891354
Norway,2022-03-06,"Moderna, Pfizer/BioNTech",https://github.com/folkehelseinstituttet/surveillance_data,11243488,4329569,4022562,2891357
Norway,2022-03-07,"Moderna, Pfizer/BioNTech",https://github.com/folkehelseinstituttet/surveillance_data,11244786,4329649,4022768,2892369
Norway,2022-03-08,"Moderna, Pfizer/BioNTech",https://github.com/folkehelseinstituttet/surveillance_data,11246474,4329781,4023042,2893651
Norway,2022-03-09,"Moderna, Pfizer/BioNTech",https://github.com/folkehelseinstituttet/surveillance_data,11249281,4329990,4023503,2895788
Norway,2022-03-10,"Moderna, Pfizer/BioNTech",https://github.com/folkehelseinstituttet/surveillance_data,11252272,4330250,4024036,2897986
Norway,2022-03-11,"Moderna, Pfizer/BioNTech",https://github.com/folkehelseinstituttet/surveillance_data,11253572,4330367,4024259,2898946
Norway,2022-03-12,"Moderna, Pfizer/BioNTech",https://github.com/folkehelseinstituttet/surveillance_data,11253690,4330377,4024285,2899028
Norway,2022-03-13,"Moderna, Pfizer/BioNTech",https://github.com/folkehelseinstituttet/surveillance_data,11253702,4330378,4024291,2899033
Norway,2022-03-14,"Moderna, Pfizer/BioNTech",https://github.com/folkehelseinstituttet/surveillance_data,11254741,4330442,4024477,2899822
Norway,2022-03-15,"Moderna, Pfizer/BioNTech",https://github.com/folkehelseinstituttet/surveillance_data,11256394,4330580,4024790,2901024
Norway,2022-03-16,"Moderna, Pfizer/BioNTech",https://github.com/folkehelseinstituttet/surveillance_data,11258593,4330766,4025142,2902685
Norway,2022-03-17,"Moderna, Pfizer/BioNTech",https://github.com/folkehelseinstituttet/surveillance_data,11260494,4330926,4025462,2904106
Norway,2022-03-18,"Moderna, Pfizer/BioNTech",https://github.com/folkehelseinstituttet/surveillance_data,11261515,4331008,4025658,2904849
Norway,2022-03-19,"Moderna, Pfizer/BioNTech",https://github.com/folkehelseinstituttet/surveillance_data,11261596,4331012,4025675,2904909
Norway,2022-03-20,"Moderna, Pfizer/BioNTech",https://github.com/folkehelseinstituttet/surveillance_data,11261605,4331014,4025675,2904916
Norway,2022-03-21,"Moderna, Pfizer/BioNTech",https://github.com/folkehelseinstituttet/surveillance_data,11262639,4331078,4025863,2905698
Norway,2022-03-22,"Moderna, Pfizer/BioNTech",https://github.com/folkehelseinstituttet/surveillance_data,11263973,4331187,4026103,2906683
Norway,2022-03-23,"Moderna, Pfizer/BioNTech",https://github.com/folkehelseinstituttet/surveillance_data,11265898,4331339,4026458,2908101
Norway,2022-03-24,"Moderna, Pfizer/BioNTech",https://github.com/folkehelseinstituttet/surveillance_data,11267761,4331502,4026800,2909459
Norway,2022-03-25,"Moderna, Pfizer/BioNTech",https://github.com/folkehelseinstituttet/surveillance_data,11268688,4331567,4026954,2910167
Norway,2022-03-26,"Moderna, Pfizer/BioNTech",https://github.com/folkehelseinstituttet/surveillance_data,11268793,4331574,4026977,2910242
Norway,2022-03-27,"Moderna, Pfizer/BioNTech",https://github.com/folkehelseinstituttet/surveillance_data,11268800,4331575,4026979,2910246
Norway,2022-03-28,"Moderna, Pfizer/BioNTech",https://github.com/folkehelseinstituttet/surveillance_data,11269661,4331653,4027140,2910868
Norway,2022-03-29,"Moderna, Pfizer/BioNTech",https://github.com/folkehelseinstituttet/surveillance_data,11270986,4331767,4027392,2911827
Norway,2022-03-30,"Moderna, Pfizer/BioNTech",https://github.com/folkehelseinstituttet/surveillance_data,11272756,4331899,4027699,2913158
