location,date,vaccine,source_url,total_vaccinations,people_vaccinated,people_fully_vaccinated,total_boosters
Peru,2021-02-08,Sinopharm/Beijing,https://www.datosabiertos.gob.pe/dataset/vacunacion,9,7,2,0
Peru,2021-02-09,Sinopharm/Beijing,https://www.datosabiertos.gob.pe/dataset/vacunacion,3762,3757,5,0
Peru,2021-02-10,Sinopharm/Beijing,https://www.datosabiertos.gob.pe/dataset/vacunacion,20366,20344,22,0
Peru,2021-02-11,Sinopharm/Beijing,https://www.datosabiertos.gob.pe/dataset/vacunacion,54490,54466,24,0
Peru,2021-02-12,Sinopharm/Beijing,https://www.datosabiertos.gob.pe/dataset/vacunacion,86864,86840,24,0
Peru,2021-02-13,Sinopharm/Beijing,https://www.datosabiertos.gob.pe/dataset/vacunacion,105736,105710,25,1
Peru,2021-02-14,Sinopharm/Beijing,https://www.datosabiertos.gob.pe/dataset/vacunacion,111019,110993,25,1
Peru,2021-02-15,Sinopharm/Beijing,https://www.datosabiertos.gob.pe/dataset/vacunacion,122500,122474,25,1
Peru,2021-02-16,Sinopharm/Beijing,https://www.datosabiertos.gob.pe/dataset/vacunacion,130006,129979,26,1
Peru,2021-02-17,Sinopharm/Beijing,https://www.datosabiertos.gob.pe/dataset/vacunacion,133951,133924,26,1
Peru,2021-02-18,Sinopharm/Beijing,https://www.datosabiertos.gob.pe/dataset/vacunacion,141357,141329,27,1
Peru,2021-02-19,Sinopharm/Beijing,https://www.datosabiertos.gob.pe/dataset/vacunacion,171893,171860,32,1
Peru,2021-02-20,Sinopharm/Beijing,https://www.datosabiertos.gob.pe/dataset/vacunacion,198014,197981,32,1
Peru,2021-02-21,Sinopharm/Beijing,https://www.datosabiertos.gob.pe/dataset/vacunacion,202572,202538,33,1
Peru,2021-02-22,Sinopharm/Beijing,https://www.datosabiertos.gob.pe/dataset/vacunacion,233043,233001,41,1
Peru,2021-02-23,Sinopharm/Beijing,https://www.datosabiertos.gob.pe/dataset/vacunacion,260300,260257,42,1
Peru,2021-02-24,Sinopharm/Beijing,https://www.datosabiertos.gob.pe/dataset/vacunacion,283190,283143,46,1
Peru,2021-02-25,Sinopharm/Beijing,https://www.datosabiertos.gob.pe/dataset/vacunacion,299002,298953,48,1
Peru,2021-02-26,Sinopharm/Beijing,https://www.datosabiertos.gob.pe/dataset/vacunacion,314644,314591,52,1
Peru,2021-02-27,Sinopharm/Beijing,https://www.datosabiertos.gob.pe/dataset/vacunacion,321412,321359,52,1
Peru,2021-02-28,Sinopharm/Beijing,https://www.datosabiertos.gob.pe/dataset/vacunacion,322408,322355,52,1
Peru,2021-03-01,Sinopharm/Beijing,https://www.datosabiertos.gob.pe/dataset/vacunacion,331698,331640,57,1
Peru,2021-03-02,Sinopharm/Beijing,https://www.datosabiertos.gob.pe/dataset/vacunacion,340950,338748,2201,1
Peru,2021-03-03,Sinopharm/Beijing,https://www.datosabiertos.gob.pe/dataset/vacunacion,359387,345124,14262,1
Peru,2021-03-04,"Pfizer/BioNTech, Sinopharm/Beijing",https://www.datosabiertos.gob.pe/dataset/vacunacion,392413,348906,43506,1
Peru,2021-03-05,"Pfizer/BioNTech, Sinopharm/Beijing",https://www.datosabiertos.gob.pe/dataset/vacunacion,429372,353531,75839,2
Peru,2021-03-06,"Pfizer/BioNTech, Sinopharm/Beijing",https://www.datosabiertos.gob.pe/dataset/vacunacion,449405,356556,92847,2
Peru,2021-03-07,"Pfizer/BioNTech, Sinopharm/Beijing",https://www.datosabiertos.gob.pe/dataset/vacunacion,452019,356696,95321,2
Peru,2021-03-08,"Pfizer/BioNTech, Sinopharm/Beijing",https://www.datosabiertos.gob.pe/dataset/vacunacion,482677,374667,108008,2
Peru,2021-03-09,"Pfizer/BioNTech, Sinopharm/Beijing",https://www.datosabiertos.gob.pe/dataset/vacunacion,509805,394275,115527,3
Peru,2021-03-10,"Pfizer/BioNTech, Sinopharm/Beijing",https://www.datosabiertos.gob.pe/dataset/vacunacion,527802,407196,120603,3
Peru,2021-03-11,"Pfizer/BioNTech, Sinopharm/Beijing",https://www.datosabiertos.gob.pe/dataset/vacunacion,542263,415748,126512,3
Peru,2021-03-12,"Pfizer/BioNTech, Sinopharm/Beijing",https://www.datosabiertos.gob.pe/dataset/vacunacion,568784,424496,144285,3
Peru,2021-03-13,"Pfizer/BioNTech, Sinopharm/Beijing",https://www.datosabiertos.gob.pe/dataset/vacunacion,604427,430685,173739,3
Peru,2021-03-14,"Pfizer/BioNTech, Sinopharm/Beijing",https://www.datosabiertos.gob.pe/dataset/vacunacion,607854,431396,176455,3
Peru,2021-03-15,"Pfizer/BioNTech, Sinopharm/Beijing",https://www.datosabiertos.gob.pe/dataset/vacunacion,655817,449546,206268,3
Peru,2021-03-16,"Pfizer/BioNTech, Sinopharm/Beijing",https://www.datosabiertos.gob.pe/dataset/vacunacion,703423,472205,231214,4
Peru,2021-03-17,"Pfizer/BioNTech, Sinopharm/Beijing",https://www.datosabiertos.gob.pe/dataset/vacunacion,750291,494620,255666,5
Peru,2021-03-18,"Pfizer/BioNTech, Sinopharm/Beijing",https://www.datosabiertos.gob.pe/dataset/vacunacion,793138,520835,272298,5
Peru,2021-03-19,"Pfizer/BioNTech, Sinopharm/Beijing",https://www.datosabiertos.gob.pe/dataset/vacunacion,834643,546507,288131,5
Peru,2021-03-20,"Pfizer/BioNTech, Sinopharm/Beijing",https://www.datosabiertos.gob.pe/dataset/vacunacion,859207,564677,294525,5
Peru,2021-03-21,"Pfizer/BioNTech, Sinopharm/Beijing",https://www.datosabiertos.gob.pe/dataset/vacunacion,860923,565362,295556,5
Peru,2021-03-22,"Pfizer/BioNTech, Sinopharm/Beijing",https://www.datosabiertos.gob.pe/dataset/vacunacion,878383,574061,304317,5
Peru,2021-03-23,"Pfizer/BioNTech, Sinopharm/Beijing",https://www.datosabiertos.gob.pe/dataset/vacunacion,903323,589703,313615,5
Peru,2021-03-24,"Pfizer/BioNTech, Sinopharm/Beijing",https://www.datosabiertos.gob.pe/dataset/vacunacion,925400,604385,321008,7
Peru,2021-03-25,"Pfizer/BioNTech, Sinopharm/Beijing",https://www.datosabiertos.gob.pe/dataset/vacunacion,943168,617342,325819,7
Peru,2021-03-26,"Pfizer/BioNTech, Sinopharm/Beijing",https://www.datosabiertos.gob.pe/dataset/vacunacion,964568,633975,330586,7
Peru,2021-03-27,"Pfizer/BioNTech, Sinopharm/Beijing",https://www.datosabiertos.gob.pe/dataset/vacunacion,978972,645273,333692,7
Peru,2021-03-28,"Pfizer/BioNTech, Sinopharm/Beijing",https://www.datosabiertos.gob.pe/dataset/vacunacion,981272,647370,333895,7
Peru,2021-03-29,"Pfizer/BioNTech, Sinopharm/Beijing",https://www.datosabiertos.gob.pe/dataset/vacunacion,998671,652274,346390,7
Peru,2021-03-30,"Pfizer/BioNTech, Sinopharm/Beijing",https://www.datosabiertos.gob.pe/dataset/vacunacion,1025287,656925,368355,7
Peru,2021-03-31,"Pfizer/BioNTech, Sinopharm/Beijing",https://www.datosabiertos.gob.pe/dataset/vacunacion,1050545,664577,385961,7
Peru,2021-04-01,"Pfizer/BioNTech, Sinopharm/Beijing",https://www.datosabiertos.gob.pe/dataset/vacunacion,1057291,667016,390268,7
Peru,2021-04-02,"Pfizer/BioNTech, Sinopharm/Beijing",https://www.datosabiertos.gob.pe/dataset/vacunacion,1061240,668159,393074,7
Peru,2021-04-03,"Pfizer/BioNTech, Sinopharm/Beijing",https://www.datosabiertos.gob.pe/dataset/vacunacion,1070147,670865,399275,7
Peru,2021-04-04,"Pfizer/BioNTech, Sinopharm/Beijing",https://www.datosabiertos.gob.pe/dataset/vacunacion,1071745,671142,400596,7
Peru,2021-04-05,"Pfizer/BioNTech, Sinopharm/Beijing",https://www.datosabiertos.gob.pe/dataset/vacunacion,1088257,677291,410959,7
Peru,2021-04-06,"Pfizer/BioNTech, Sinopharm/Beijing",https://www.datosabiertos.gob.pe/dataset/vacunacion,1118689,689061,429621,7
Peru,2021-04-07,"Pfizer/BioNTech, Sinopharm/Beijing",https://www.datosabiertos.gob.pe/dataset/vacunacion,1149570,702927,446635,8
Peru,2021-04-08,"Pfizer/BioNTech, Sinopharm/Beijing",https://www.datosabiertos.gob.pe/dataset/vacunacion,1195391,719923,475460,8
Peru,2021-04-09,"Pfizer/BioNTech, Sinopharm/Beijing",https://www.datosabiertos.gob.pe/dataset/vacunacion,1230453,736563,493882,8
Peru,2021-04-10,"Pfizer/BioNTech, Sinopharm/Beijing",https://www.datosabiertos.gob.pe/dataset/vacunacion,1243461,740750,502703,8
Peru,2021-04-11,"Pfizer/BioNTech, Sinopharm/Beijing",https://www.datosabiertos.gob.pe/dataset/vacunacion,1243566,740776,502782,8
Peru,2021-04-12,"Pfizer/BioNTech, Sinopharm/Beijing",https://www.datosabiertos.gob.pe/dataset/vacunacion,1257715,741682,516023,10
Peru,2021-04-13,"Pfizer/BioNTech, Sinopharm/Beijing",https://www.datosabiertos.gob.pe/dataset/vacunacion,1279726,743567,536149,10
Peru,2021-04-14,"Pfizer/BioNTech, Sinopharm/Beijing",https://www.datosabiertos.gob.pe/dataset/vacunacion,1303144,746297,556836,11
Peru,2021-04-15,"Pfizer/BioNTech, Sinopharm/Beijing",https://www.datosabiertos.gob.pe/dataset/vacunacion,1326540,748138,578391,11
Peru,2021-04-16,"Pfizer/BioNTech, Sinopharm/Beijing",https://www.datosabiertos.gob.pe/dataset/vacunacion,1368113,767835,600267,11
Peru,2021-04-17,"Pfizer/BioNTech, Sinopharm/Beijing",https://www.datosabiertos.gob.pe/dataset/vacunacion,1412360,797480,614869,11
Peru,2021-04-18,"Pfizer/BioNTech, Sinopharm/Beijing",https://www.datosabiertos.gob.pe/dataset/vacunacion,1443471,825415,618045,11
Peru,2021-04-19,"Pfizer/BioNTech, Sinopharm/Beijing",https://www.datosabiertos.gob.pe/dataset/vacunacion,1454457,832380,622066,11
Peru,2021-04-20,"Oxford/AstraZeneca, Pfizer/BioNTech, Sinopharm/Beijing",https://www.datosabiertos.gob.pe/dataset/vacunacion,1470879,843651,627217,11
Peru,2021-04-21,"Oxford/AstraZeneca, Pfizer/BioNTech, Sinopharm/Beijing",https://www.datosabiertos.gob.pe/dataset/vacunacion,1490970,853491,637468,11
Peru,2021-04-22,"Oxford/AstraZeneca, Pfizer/BioNTech, Sinopharm/Beijing",https://www.datosabiertos.gob.pe/dataset/vacunacion,1501723,861715,639997,11
Peru,2021-04-23,"Oxford/AstraZeneca, Pfizer/BioNTech, Sinopharm/Beijing",https://www.datosabiertos.gob.pe/dataset/vacunacion,1530728,888123,642594,11
Peru,2021-04-24,"Oxford/AstraZeneca, Pfizer/BioNTech, Sinopharm/Beijing",https://www.datosabiertos.gob.pe/dataset/vacunacion,1560875,915805,645059,11
Peru,2021-04-25,"Oxford/AstraZeneca, Pfizer/BioNTech, Sinopharm/Beijing",https://www.datosabiertos.gob.pe/dataset/vacunacion,1576568,931365,645192,11
Peru,2021-04-26,"Oxford/AstraZeneca, Pfizer/BioNTech, Sinopharm/Beijing",https://www.datosabiertos.gob.pe/dataset/vacunacion,1596446,946730,649704,12
Peru,2021-04-27,"Oxford/AstraZeneca, Pfizer/BioNTech, Sinopharm/Beijing",https://www.datosabiertos.gob.pe/dataset/vacunacion,1626992,966439,660539,14
Peru,2021-04-28,"Oxford/AstraZeneca, Pfizer/BioNTech, Sinopharm/Beijing",https://www.datosabiertos.gob.pe/dataset/vacunacion,1678367,1005966,672385,16
Peru,2021-04-29,"Oxford/AstraZeneca, Pfizer/BioNTech, Sinopharm/Beijing",https://www.datosabiertos.gob.pe/dataset/vacunacion,1736003,1050706,685279,18
Peru,2021-04-30,"Oxford/AstraZeneca, Pfizer/BioNTech, Sinopharm/Beijing",https://www.datosabiertos.gob.pe/dataset/vacunacion,1835620,1132000,703601,19
Peru,2021-05-01,"Oxford/AstraZeneca, Pfizer/BioNTech, Sinopharm/Beijing",https://www.datosabiertos.gob.pe/dataset/vacunacion,1901759,1195143,706597,19
Peru,2021-05-02,"Oxford/AstraZeneca, Pfizer/BioNTech, Sinopharm/Beijing",https://www.datosabiertos.gob.pe/dataset/vacunacion,1950817,1243120,707678,19
Peru,2021-05-03,"Oxford/AstraZeneca, Pfizer/BioNTech, Sinopharm/Beijing",https://www.datosabiertos.gob.pe/dataset/vacunacion,2015139,1302392,712728,19
Peru,2021-05-04,"Oxford/AstraZeneca, Pfizer/BioNTech, Sinopharm/Beijing",https://www.datosabiertos.gob.pe/dataset/vacunacion,2039536,1325276,714241,19
Peru,2021-05-05,"Oxford/AstraZeneca, Pfizer/BioNTech, Sinopharm/Beijing",https://www.datosabiertos.gob.pe/dataset/vacunacion,2064587,1345763,718805,19
Peru,2021-05-06,"Oxford/AstraZeneca, Pfizer/BioNTech, Sinopharm/Beijing",https://www.datosabiertos.gob.pe/dataset/vacunacion,2105903,1385010,720873,20
Peru,2021-05-07,"Oxford/AstraZeneca, Pfizer/BioNTech, Sinopharm/Beijing",https://www.datosabiertos.gob.pe/dataset/vacunacion,2154256,1418534,735701,21
Peru,2021-05-08,"Oxford/AstraZeneca, Pfizer/BioNTech, Sinopharm/Beijing",https://www.datosabiertos.gob.pe/dataset/vacunacion,2238139,1479668,758450,21
Peru,2021-05-09,"Oxford/AstraZeneca, Pfizer/BioNTech, Sinopharm/Beijing",https://www.datosabiertos.gob.pe/dataset/vacunacion,2296951,1513011,783919,21
Peru,2021-05-10,"Oxford/AstraZeneca, Pfizer/BioNTech, Sinopharm/Beijing",https://www.datosabiertos.gob.pe/dataset/vacunacion,2353545,1560555,792969,21
Peru,2021-05-11,"Oxford/AstraZeneca, Pfizer/BioNTech, Sinopharm/Beijing",https://www.datosabiertos.gob.pe/dataset/vacunacion,2408912,1603350,805541,21
Peru,2021-05-12,"Oxford/AstraZeneca, Pfizer/BioNTech, Sinopharm/Beijing",https://www.datosabiertos.gob.pe/dataset/vacunacion,2478032,1661068,816942,22
Peru,2021-05-13,"Oxford/AstraZeneca, Pfizer/BioNTech, Sinopharm/Beijing",https://www.datosabiertos.gob.pe/dataset/vacunacion,2559901,1734503,825375,23
Peru,2021-05-14,"Oxford/AstraZeneca, Pfizer/BioNTech, Sinopharm/Beijing",https://www.datosabiertos.gob.pe/dataset/vacunacion,2668856,1822509,846324,23
Peru,2021-05-15,"Oxford/AstraZeneca, Pfizer/BioNTech, Sinopharm/Beijing",https://www.datosabiertos.gob.pe/dataset/vacunacion,2743859,1875506,868330,23
Peru,2021-05-16,"Oxford/AstraZeneca, Pfizer/BioNTech, Sinopharm/Beijing",https://www.datosabiertos.gob.pe/dataset/vacunacion,2782057,1899158,882876,23
Peru,2021-05-17,"Oxford/AstraZeneca, Pfizer/BioNTech, Sinopharm/Beijing",https://www.datosabiertos.gob.pe/dataset/vacunacion,2841525,1950306,891196,23
Peru,2021-05-18,"Oxford/AstraZeneca, Pfizer/BioNTech, Sinopharm/Beijing",https://www.datosabiertos.gob.pe/dataset/vacunacion,2910983,2009860,901100,23
Peru,2021-05-19,"Oxford/AstraZeneca, Pfizer/BioNTech, Sinopharm/Beijing",https://www.datosabiertos.gob.pe/dataset/vacunacion,2991726,2070233,921470,23
Peru,2021-05-20,"Oxford/AstraZeneca, Pfizer/BioNTech, Sinopharm/Beijing",https://www.datosabiertos.gob.pe/dataset/vacunacion,3078486,2140557,937906,23
Peru,2021-05-21,"Oxford/AstraZeneca, Pfizer/BioNTech, Sinopharm/Beijing",https://www.datosabiertos.gob.pe/dataset/vacunacion,3241414,2249770,991621,23
Peru,2021-05-22,"Oxford/AstraZeneca, Pfizer/BioNTech, Sinopharm/Beijing",https://www.datosabiertos.gob.pe/dataset/vacunacion,3373176,2329218,1043933,25
Peru,2021-05-23,"Oxford/AstraZeneca, Pfizer/BioNTech, Sinopharm/Beijing",https://www.datosabiertos.gob.pe/dataset/vacunacion,3461431,2374567,1086838,26
Peru,2021-05-24,"Oxford/AstraZeneca, Pfizer/BioNTech, Sinopharm/Beijing",https://www.datosabiertos.gob.pe/dataset/vacunacion,3583376,2444211,1139138,27
Peru,2021-05-25,"Oxford/AstraZeneca, Pfizer/BioNTech, Sinopharm/Beijing",https://www.datosabiertos.gob.pe/dataset/vacunacion,3684856,2522029,1162800,27
Peru,2021-05-26,"Oxford/AstraZeneca, Pfizer/BioNTech, Sinopharm/Beijing",https://www.datosabiertos.gob.pe/dataset/vacunacion,3780984,2605359,1175597,28
Peru,2021-05-27,"Oxford/AstraZeneca, Pfizer/BioNTech, Sinopharm/Beijing",https://www.datosabiertos.gob.pe/dataset/vacunacion,3898445,2695739,1202678,28
Peru,2021-05-28,"Oxford/AstraZeneca, Pfizer/BioNTech, Sinopharm/Beijing",https://www.datosabiertos.gob.pe/dataset/vacunacion,4050988,2820439,1230520,29
Peru,2021-05-29,"Oxford/AstraZeneca, Pfizer/BioNTech, Sinopharm/Beijing",https://www.datosabiertos.gob.pe/dataset/vacunacion,4182538,2895827,1286682,29
Peru,2021-05-30,"Oxford/AstraZeneca, Pfizer/BioNTech, Sinopharm/Beijing",https://www.datosabiertos.gob.pe/dataset/vacunacion,4248027,2929699,1318299,29
Peru,2021-05-31,"Oxford/AstraZeneca, Pfizer/BioNTech, Sinopharm/Beijing",https://www.datosabiertos.gob.pe/dataset/vacunacion,4360485,2998701,1361755,29
Peru,2021-06-01,"Oxford/AstraZeneca, Pfizer/BioNTech, Sinopharm/Beijing",https://www.datosabiertos.gob.pe/dataset/vacunacion,4474209,3074462,1399716,31
Peru,2021-06-02,"Oxford/AstraZeneca, Pfizer/BioNTech, Sinopharm/Beijing",https://www.datosabiertos.gob.pe/dataset/vacunacion,4588979,3152755,1436191,33
Peru,2021-06-03,"Oxford/AstraZeneca, Pfizer/BioNTech, Sinopharm/Beijing",https://www.datosabiertos.gob.pe/dataset/vacunacion,4654675,3191539,1463103,33
Peru,2021-06-04,"Oxford/AstraZeneca, Pfizer/BioNTech, Sinopharm/Beijing",https://www.datosabiertos.gob.pe/dataset/vacunacion,4692443,3207715,1484695,33
Peru,2021-06-05,"Oxford/AstraZeneca, Pfizer/BioNTech, Sinopharm/Beijing",https://www.datosabiertos.gob.pe/dataset/vacunacion,4713738,3215284,1498421,33
Peru,2021-06-06,"Oxford/AstraZeneca, Pfizer/BioNTech, Sinopharm/Beijing",https://www.datosabiertos.gob.pe/dataset/vacunacion,4715906,3217146,1498727,33
Peru,2021-06-07,"Oxford/AstraZeneca, Pfizer/BioNTech, Sinopharm/Beijing",https://www.datosabiertos.gob.pe/dataset/vacunacion,4747432,3225130,1522251,51
Peru,2021-06-08,"Oxford/AstraZeneca, Pfizer/BioNTech, Sinopharm/Beijing",https://www.datosabiertos.gob.pe/dataset/vacunacion,4965839,3326706,1639075,58
Peru,2021-06-09,"Oxford/AstraZeneca, Pfizer/BioNTech, Sinopharm/Beijing",https://www.datosabiertos.gob.pe/dataset/vacunacion,5173339,3441854,1731422,63
Peru,2021-06-10,"Oxford/AstraZeneca, Pfizer/BioNTech, Sinopharm/Beijing",https://www.datosabiertos.gob.pe/dataset/vacunacion,5404725,3566537,1838117,71
Peru,2021-06-11,"Oxford/AstraZeneca, Pfizer/BioNTech, Sinopharm/Beijing",https://www.datosabiertos.gob.pe/dataset/vacunacion,5631046,3657406,1973556,84
Peru,2021-06-12,"Oxford/AstraZeneca, Pfizer/BioNTech, Sinopharm/Beijing",https://www.datosabiertos.gob.pe/dataset/vacunacion,5795921,3732974,2062859,88
Peru,2021-06-13,"Oxford/AstraZeneca, Pfizer/BioNTech, Sinopharm/Beijing",https://www.datosabiertos.gob.pe/dataset/vacunacion,5880324,3770323,2109912,89
Peru,2021-06-14,"Oxford/AstraZeneca, Pfizer/BioNTech, Sinopharm/Beijing",https://www.datosabiertos.gob.pe/dataset/vacunacion,5995459,3806745,2188618,96
Peru,2021-06-15,"Oxford/AstraZeneca, Pfizer/BioNTech, Sinopharm/Beijing",https://www.datosabiertos.gob.pe/dataset/vacunacion,6127193,3848917,2278173,103
Peru,2021-06-16,"Oxford/AstraZeneca, Pfizer/BioNTech, Sinopharm/Beijing",https://www.datosabiertos.gob.pe/dataset/vacunacion,6242699,3887136,2355440,123
Peru,2021-06-17,"Oxford/AstraZeneca, Pfizer/BioNTech, Sinopharm/Beijing",https://www.datosabiertos.gob.pe/dataset/vacunacion,6384037,3927802,2456111,124
Peru,2021-06-18,"Oxford/AstraZeneca, Pfizer/BioNTech, Sinopharm/Beijing",https://www.datosabiertos.gob.pe/dataset/vacunacion,6559262,3963551,2595543,168
Peru,2021-06-19,"Oxford/AstraZeneca, Pfizer/BioNTech, Sinopharm/Beijing",https://www.datosabiertos.gob.pe/dataset/vacunacion,6674001,3986247,2687583,171
Peru,2021-06-20,"Oxford/AstraZeneca, Pfizer/BioNTech, Sinopharm/Beijing",https://www.datosabiertos.gob.pe/dataset/vacunacion,6707555,3992493,2714888,174
Peru,2021-06-21,"Oxford/AstraZeneca, Pfizer/BioNTech, Sinopharm/Beijing",https://www.datosabiertos.gob.pe/dataset/vacunacion,6820710,4036836,2783699,175
Peru,2021-06-22,"Oxford/AstraZeneca, Pfizer/BioNTech, Sinopharm/Beijing",https://www.datosabiertos.gob.pe/dataset/vacunacion,6962851,4083898,2878778,175
Peru,2021-06-23,"Oxford/AstraZeneca, Pfizer/BioNTech, Sinopharm/Beijing",https://www.datosabiertos.gob.pe/dataset/vacunacion,7092142,4125187,2966716,239
Peru,2021-06-24,"Oxford/AstraZeneca, Pfizer/BioNTech, Sinopharm/Beijing",https://www.datosabiertos.gob.pe/dataset/vacunacion,7178561,4169483,3008838,240
Peru,2021-06-25,"Oxford/AstraZeneca, Pfizer/BioNTech, Sinopharm/Beijing",https://www.datosabiertos.gob.pe/dataset/vacunacion,7306326,4262283,3043802,241
Peru,2021-06-26,"Oxford/AstraZeneca, Pfizer/BioNTech, Sinopharm/Beijing",https://www.datosabiertos.gob.pe/dataset/vacunacion,7388890,4331888,3056761,241
Peru,2021-06-27,"Oxford/AstraZeneca, Pfizer/BioNTech, Sinopharm/Beijing",https://www.datosabiertos.gob.pe/dataset/vacunacion,7440299,4379301,3060755,243
Peru,2021-06-28,"Oxford/AstraZeneca, Pfizer/BioNTech, Sinopharm/Beijing",https://www.datosabiertos.gob.pe/dataset/vacunacion,7496916,4421907,3074765,244
Peru,2021-06-29,"Oxford/AstraZeneca, Pfizer/BioNTech, Sinopharm/Beijing",https://www.datosabiertos.gob.pe/dataset/vacunacion,7598118,4453159,3144707,252
Peru,2021-06-30,"Oxford/AstraZeneca, Pfizer/BioNTech, Sinopharm/Beijing",https://www.datosabiertos.gob.pe/dataset/vacunacion,7781004,4537242,3243482,280
Peru,2021-07-01,"Oxford/AstraZeneca, Pfizer/BioNTech, Sinopharm/Beijing",https://www.datosabiertos.gob.pe/dataset/vacunacion,7983394,4637654,3345457,283
Peru,2021-07-02,"Oxford/AstraZeneca, Pfizer/BioNTech, Sinopharm/Beijing",https://www.datosabiertos.gob.pe/dataset/vacunacion,8191976,4754442,3437248,286
Peru,2021-07-03,"Oxford/AstraZeneca, Pfizer/BioNTech, Sinopharm/Beijing",https://www.datosabiertos.gob.pe/dataset/vacunacion,8390178,4879297,3510594,287
Peru,2021-07-04,"Oxford/AstraZeneca, Pfizer/BioNTech, Sinopharm/Beijing",https://www.datosabiertos.gob.pe/dataset/vacunacion,8526063,4979636,3546140,287
Peru,2021-07-05,"Oxford/AstraZeneca, Pfizer/BioNTech, Sinopharm/Beijing",https://www.datosabiertos.gob.pe/dataset/vacunacion,8714656,5131126,3583243,287
Peru,2021-07-06,"Oxford/AstraZeneca, Pfizer/BioNTech, Sinopharm/Beijing",https://www.datosabiertos.gob.pe/dataset/vacunacion,8929327,5303827,3625210,290
Peru,2021-07-07,"Oxford/AstraZeneca, Pfizer/BioNTech, Sinopharm/Beijing",https://www.datosabiertos.gob.pe/dataset/vacunacion,9101850,5441671,3659884,295
Peru,2021-07-08,"Oxford/AstraZeneca, Pfizer/BioNTech, Sinopharm/Beijing",https://www.datosabiertos.gob.pe/dataset/vacunacion,9261515,5557512,3703697,306
Peru,2021-07-09,"Oxford/AstraZeneca, Pfizer/BioNTech, Sinopharm/Beijing",https://www.datosabiertos.gob.pe/dataset/vacunacion,9426054,5680720,3745026,308
Peru,2021-07-10,"Oxford/AstraZeneca, Pfizer/BioNTech, Sinopharm/Beijing",https://www.datosabiertos.gob.pe/dataset/vacunacion,9695257,5922713,3772228,316
Peru,2021-07-11,"Oxford/AstraZeneca, Pfizer/BioNTech, Sinopharm/Beijing",https://www.datosabiertos.gob.pe/dataset/vacunacion,9876810,6093215,3783270,325
Peru,2021-07-12,"Oxford/AstraZeneca, Pfizer/BioNTech, Sinopharm/Beijing",https://www.datosabiertos.gob.pe/dataset/vacunacion,9984546,6178026,3806191,329
Peru,2021-07-13,"Oxford/AstraZeneca, Pfizer/BioNTech, Sinopharm/Beijing",https://www.datosabiertos.gob.pe/dataset/vacunacion,10097037,6264894,3831813,330
Peru,2021-07-14,"Oxford/AstraZeneca, Pfizer/BioNTech, Sinopharm/Beijing",https://www.datosabiertos.gob.pe/dataset/vacunacion,10246937,6384530,3862070,337
Peru,2021-07-15,"Oxford/AstraZeneca, Pfizer/BioNTech, Sinopharm/Beijing",https://www.datosabiertos.gob.pe/dataset/vacunacion,10447653,6526997,3920319,337
Peru,2021-07-16,"Oxford/AstraZeneca, Pfizer/BioNTech, Sinopharm/Beijing",https://www.datosabiertos.gob.pe/dataset/vacunacion,10676664,6660627,4015695,342
Peru,2021-07-17,"Oxford/AstraZeneca, Pfizer/BioNTech, Sinopharm/Beijing",https://www.datosabiertos.gob.pe/dataset/vacunacion,10986397,6888649,4097394,354
Peru,2021-07-18,"Oxford/AstraZeneca, Pfizer/BioNTech, Sinopharm/Beijing",https://www.datosabiertos.gob.pe/dataset/vacunacion,11165427,7020600,4144465,362
Peru,2021-07-19,"Oxford/AstraZeneca, Pfizer/BioNTech, Sinopharm/Beijing",https://www.datosabiertos.gob.pe/dataset/vacunacion,11264168,7078387,4185416,365
Peru,2021-07-20,"Oxford/AstraZeneca, Pfizer/BioNTech, Sinopharm/Beijing",https://www.datosabiertos.gob.pe/dataset/vacunacion,11367875,7150117,4217391,367
Peru,2021-07-21,"Oxford/AstraZeneca, Pfizer/BioNTech, Sinopharm/Beijing",https://www.datosabiertos.gob.pe/dataset/vacunacion,11527689,7237019,4290300,370
Peru,2021-07-22,"Oxford/AstraZeneca, Pfizer/BioNTech, Sinopharm/Beijing",https://www.datosabiertos.gob.pe/dataset/vacunacion,11722388,7347669,4374333,386
Peru,2021-07-23,"Oxford/AstraZeneca, Pfizer/BioNTech, Sinopharm/Beijing",https://www.datosabiertos.gob.pe/dataset/vacunacion,11971340,7495214,4475730,396
Peru,2021-07-24,"Oxford/AstraZeneca, Pfizer/BioNTech, Sinopharm/Beijing",https://www.datosabiertos.gob.pe/dataset/vacunacion,12360317,7771874,4588038,405
Peru,2021-07-25,"Oxford/AstraZeneca, Pfizer/BioNTech, Sinopharm/Beijing",https://www.datosabiertos.gob.pe/dataset/vacunacion,12668948,7979006,4689533,409
Peru,2021-07-26,"Oxford/AstraZeneca, Pfizer/BioNTech, Sinopharm/Beijing",https://www.datosabiertos.gob.pe/dataset/vacunacion,12747110,8031606,4715094,410
Peru,2021-07-27,"Oxford/AstraZeneca, Pfizer/BioNTech, Sinopharm/Beijing",https://www.datosabiertos.gob.pe/dataset/vacunacion,13002792,8072554,4929823,415
Peru,2021-07-28,"Oxford/AstraZeneca, Pfizer/BioNTech, Sinopharm/Beijing",https://www.datosabiertos.gob.pe/dataset/vacunacion,13119076,8086679,5031977,420
Peru,2021-07-29,"Oxford/AstraZeneca, Pfizer/BioNTech, Sinopharm/Beijing",https://www.datosabiertos.gob.pe/dataset/vacunacion,13184435,8102380,5081633,422
Peru,2021-07-30,"Oxford/AstraZeneca, Pfizer/BioNTech, Sinopharm/Beijing",https://www.datosabiertos.gob.pe/dataset/vacunacion,13350940,8140013,5210498,429
Peru,2021-07-31,"Oxford/AstraZeneca, Pfizer/BioNTech, Sinopharm/Beijing",https://www.datosabiertos.gob.pe/dataset/vacunacion,13627435,8199240,5427755,440
Peru,2021-08-01,"Oxford/AstraZeneca, Pfizer/BioNTech, Sinopharm/Beijing",https://www.datosabiertos.gob.pe/dataset/vacunacion,13837134,8251972,5584716,446
Peru,2021-08-02,"Oxford/AstraZeneca, Pfizer/BioNTech, Sinopharm/Beijing",https://www.datosabiertos.gob.pe/dataset/vacunacion,13986558,8292948,5693162,448
Peru,2021-08-03,"Oxford/AstraZeneca, Pfizer/BioNTech, Sinopharm/Beijing",https://www.datosabiertos.gob.pe/dataset/vacunacion,14126797,8331364,5794982,451
Peru,2021-08-04,"Oxford/AstraZeneca, Pfizer/BioNTech, Sinopharm/Beijing",https://www.datosabiertos.gob.pe/dataset/vacunacion,14288872,8380793,5907625,454
Peru,2021-08-05,"Oxford/AstraZeneca, Pfizer/BioNTech, Sinopharm/Beijing",https://www.datosabiertos.gob.pe/dataset/vacunacion,14461958,8432189,6029315,454
Peru,2021-08-06,"Oxford/AstraZeneca, Pfizer/BioNTech, Sinopharm/Beijing",https://www.datosabiertos.gob.pe/dataset/vacunacion,14747718,8588250,6159011,457
Peru,2021-08-07,"Oxford/AstraZeneca, Pfizer/BioNTech, Sinopharm/Beijing",https://www.datosabiertos.gob.pe/dataset/vacunacion,15245273,8878712,6366098,463
Peru,2021-08-08,"Oxford/AstraZeneca, Pfizer/BioNTech, Sinopharm/Beijing",https://www.datosabiertos.gob.pe/dataset/vacunacion,15608461,9101121,6506870,470
Peru,2021-08-09,"Oxford/AstraZeneca, Pfizer/BioNTech, Sinopharm/Beijing",https://www.datosabiertos.gob.pe/dataset/vacunacion,15714542,9154713,6559359,470
Peru,2021-08-10,"Oxford/AstraZeneca, Pfizer/BioNTech, Sinopharm/Beijing",https://www.datosabiertos.gob.pe/dataset/vacunacion,15839176,9215461,6623242,473
Peru,2021-08-11,"Oxford/AstraZeneca, Pfizer/BioNTech, Sinopharm/Beijing",https://www.datosabiertos.gob.pe/dataset/vacunacion,15959439,9257552,6701413,474
Peru,2021-08-12,"Oxford/AstraZeneca, Pfizer/BioNTech, Sinopharm/Beijing",https://www.datosabiertos.gob.pe/dataset/vacunacion,16077700,9295469,6781755,476
Peru,2021-08-13,"Oxford/AstraZeneca, Pfizer/BioNTech, Sinopharm/Beijing",https://www.datosabiertos.gob.pe/dataset/vacunacion,16195964,9330129,6865357,478
Peru,2021-08-14,"Oxford/AstraZeneca, Pfizer/BioNTech, Sinopharm/Beijing",https://www.datosabiertos.gob.pe/dataset/vacunacion,16431174,9370140,7060547,487
Peru,2021-08-15,"Oxford/AstraZeneca, Pfizer/BioNTech, Sinopharm/Beijing",https://www.datosabiertos.gob.pe/dataset/vacunacion,16628681,9391379,7236810,492
Peru,2021-08-16,"Oxford/AstraZeneca, Pfizer/BioNTech, Sinopharm/Beijing",https://www.datosabiertos.gob.pe/dataset/vacunacion,16709250,9424187,7284566,497
Peru,2021-08-17,"Oxford/AstraZeneca, Pfizer/BioNTech, Sinopharm/Beijing",https://www.datosabiertos.gob.pe/dataset/vacunacion,16810440,9461800,7348140,500
Peru,2021-08-18,"Oxford/AstraZeneca, Pfizer/BioNTech, Sinopharm/Beijing",https://www.datosabiertos.gob.pe/dataset/vacunacion,16900201,9496630,7403066,505
Peru,2021-08-19,"Oxford/AstraZeneca, Pfizer/BioNTech, Sinopharm/Beijing",https://www.datosabiertos.gob.pe/dataset/vacunacion,17002582,9540072,7462002,508
Peru,2021-08-20,"Oxford/AstraZeneca, Pfizer/BioNTech, Sinopharm/Beijing",https://www.datosabiertos.gob.pe/dataset/vacunacion,17153928,9622019,7531397,512
Peru,2021-08-21,"Oxford/AstraZeneca, Pfizer/BioNTech, Sinopharm/Beijing",https://www.datosabiertos.gob.pe/dataset/vacunacion,17471341,9808852,7661970,519
Peru,2021-08-22,"Oxford/AstraZeneca, Pfizer/BioNTech, Sinopharm/Beijing",https://www.datosabiertos.gob.pe/dataset/vacunacion,17703589,9960956,7742106,527
Peru,2021-08-23,"Oxford/AstraZeneca, Pfizer/BioNTech, Sinopharm/Beijing",https://www.datosabiertos.gob.pe/dataset/vacunacion,17784819,9995897,7788388,534
Peru,2021-08-24,"Oxford/AstraZeneca, Pfizer/BioNTech, Sinopharm/Beijing",https://www.datosabiertos.gob.pe/dataset/vacunacion,17862326,10033757,7828032,537
Peru,2021-08-25,"Oxford/AstraZeneca, Pfizer/BioNTech, Sinopharm/Beijing",https://www.datosabiertos.gob.pe/dataset/vacunacion,17954090,10087356,7866191,543
Peru,2021-08-26,"Oxford/AstraZeneca, Pfizer/BioNTech, Sinopharm/Beijing",https://www.datosabiertos.gob.pe/dataset/vacunacion,18061261,10158081,7902631,549
Peru,2021-08-27,"Oxford/AstraZeneca, Pfizer/BioNTech, Sinopharm/Beijing",https://www.datosabiertos.gob.pe/dataset/vacunacion,18235249,10213261,8021430,558
Peru,2021-08-28,"Oxford/AstraZeneca, Pfizer/BioNTech, Sinopharm/Beijing",https://www.datosabiertos.gob.pe/dataset/vacunacion,18699037,10444310,8254153,574
Peru,2021-08-29,"Oxford/AstraZeneca, Pfizer/BioNTech, Sinopharm/Beijing",https://www.datosabiertos.gob.pe/dataset/vacunacion,19108259,10623896,8483777,586
Peru,2021-08-30,"Oxford/AstraZeneca, Pfizer/BioNTech, Sinopharm/Beijing",https://www.datosabiertos.gob.pe/dataset/vacunacion,19126280,10631743,8493949,588
Peru,2021-08-31,"Oxford/AstraZeneca, Pfizer/BioNTech, Sinopharm/Beijing",https://www.datosabiertos.gob.pe/dataset/vacunacion,19246623,10702909,8543120,594
Peru,2021-09-01,"Oxford/AstraZeneca, Pfizer/BioNTech, Sinopharm/Beijing",https://www.datosabiertos.gob.pe/dataset/vacunacion,19397432,10782426,8614409,597
Peru,2021-09-02,"Oxford/AstraZeneca, Pfizer/BioNTech, Sinopharm/Beijing",https://www.datosabiertos.gob.pe/dataset/vacunacion,19583683,10909726,8673358,599
Peru,2021-09-03,"Oxford/AstraZeneca, Pfizer/BioNTech, Sinopharm/Beijing",https://www.datosabiertos.gob.pe/dataset/vacunacion,19798671,11056150,8741917,604
Peru,2021-09-04,"Oxford/AstraZeneca, Pfizer/BioNTech, Sinopharm/Beijing",https://www.datosabiertos.gob.pe/dataset/vacunacion,20164428,11346277,8817541,610
Peru,2021-09-05,"Oxford/AstraZeneca, Pfizer/BioNTech, Sinopharm/Beijing",https://www.datosabiertos.gob.pe/dataset/vacunacion,20436393,11584546,8851230,617
Peru,2021-09-06,"Oxford/AstraZeneca, Pfizer/BioNTech, Sinopharm/Beijing",https://www.datosabiertos.gob.pe/dataset/vacunacion,20578014,11695933,8881462,619
Peru,2021-09-07,"Oxford/AstraZeneca, Pfizer/BioNTech, Sinopharm/Beijing",https://www.datosabiertos.gob.pe/dataset/vacunacion,20791762,11871140,8920000,622
Peru,2021-09-08,"Oxford/AstraZeneca, Pfizer/BioNTech, Sinopharm/Beijing",https://www.datosabiertos.gob.pe/dataset/vacunacion,21145771,12170488,8974658,625
Peru,2021-09-09,"Oxford/AstraZeneca, Pfizer/BioNTech, Sinopharm/Beijing",https://www.datosabiertos.gob.pe/dataset/vacunacion,21496097,12469770,9025692,635
Peru,2021-09-10,"Oxford/AstraZeneca, Pfizer/BioNTech, Sinopharm/Beijing",https://www.datosabiertos.gob.pe/dataset/vacunacion,21910829,12808838,9101345,646
Peru,2021-09-11,"Oxford/AstraZeneca, Pfizer/BioNTech, Sinopharm/Beijing",https://www.datosabiertos.gob.pe/dataset/vacunacion,22514004,13292347,9221000,657
Peru,2021-09-12,"Oxford/AstraZeneca, Pfizer/BioNTech, Sinopharm/Beijing",https://www.datosabiertos.gob.pe/dataset/vacunacion,23005589,13659523,9345401,665
Peru,2021-09-13,"Oxford/AstraZeneca, Pfizer/BioNTech, Sinopharm/Beijing",https://www.datosabiertos.gob.pe/dataset/vacunacion,23216260,13830806,9384785,669
Peru,2021-09-14,"Oxford/AstraZeneca, Pfizer/BioNTech, Sinopharm/Beijing",https://www.datosabiertos.gob.pe/dataset/vacunacion,23518500,14091960,9425859,681
Peru,2021-09-15,"Oxford/AstraZeneca, Pfizer/BioNTech, Sinopharm/Beijing",https://www.datosabiertos.gob.pe/dataset/vacunacion,23772275,14291814,9479770,691
Peru,2021-09-16,"Oxford/AstraZeneca, Pfizer/BioNTech, Sinopharm/Beijing",https://www.datosabiertos.gob.pe/dataset/vacunacion,24110178,14555065,9554413,700
Peru,2021-09-17,"Oxford/AstraZeneca, Pfizer/BioNTech, Sinopharm/Beijing",https://www.datosabiertos.gob.pe/dataset/vacunacion,24418149,14809222,9608214,713
Peru,2021-09-18,"Oxford/AstraZeneca, Pfizer/BioNTech, Sinopharm/Beijing",https://www.datosabiertos.gob.pe/dataset/vacunacion,24909579,15141041,9767808,730
Peru,2021-09-19,"Oxford/AstraZeneca, Pfizer/BioNTech, Sinopharm/Beijing",https://www.datosabiertos.gob.pe/dataset/vacunacion,25214213,15328860,9884613,740
Peru,2021-09-20,"Oxford/AstraZeneca, Pfizer/BioNTech, Sinopharm/Beijing",https://www.datosabiertos.gob.pe/dataset/vacunacion,25346186,15414502,9930926,758
Peru,2021-09-21,"Oxford/AstraZeneca, Pfizer/BioNTech, Sinopharm/Beijing",https://www.datosabiertos.gob.pe/dataset/vacunacion,25547635,15533427,10013432,776
Peru,2021-09-22,"Oxford/AstraZeneca, Pfizer/BioNTech, Sinopharm/Beijing",https://www.datosabiertos.gob.pe/dataset/vacunacion,25727129,15638601,10087736,792
Peru,2021-09-23,"Oxford/AstraZeneca, Pfizer/BioNTech, Sinopharm/Beijing",https://www.datosabiertos.gob.pe/dataset/vacunacion,25897532,15733117,10163605,810
Peru,2021-09-24,"Oxford/AstraZeneca, Pfizer/BioNTech, Sinopharm/Beijing",https://www.datosabiertos.gob.pe/dataset/vacunacion,26095505,15834869,10259811,825
Peru,2021-09-25,"Oxford/AstraZeneca, Pfizer/BioNTech, Sinopharm/Beijing",https://www.datosabiertos.gob.pe/dataset/vacunacion,26508147,15994241,10513067,839
Peru,2021-09-26,"Oxford/AstraZeneca, Pfizer/BioNTech, Sinopharm/Beijing",https://www.datosabiertos.gob.pe/dataset/vacunacion,26836435,16118501,10717084,850
Peru,2021-09-27,"Oxford/AstraZeneca, Pfizer/BioNTech, Sinopharm/Beijing",https://www.datosabiertos.gob.pe/dataset/vacunacion,27043153,16216468,10825828,857
Peru,2021-09-28,"Oxford/AstraZeneca, Pfizer/BioNTech, Sinopharm/Beijing",https://www.datosabiertos.gob.pe/dataset/vacunacion,27282262,16326427,10954971,864
Peru,2021-09-29,"Oxford/AstraZeneca, Pfizer/BioNTech, Sinopharm/Beijing",https://www.datosabiertos.gob.pe/dataset/vacunacion,27594349,16429595,11163865,889
Peru,2021-09-30,"Oxford/AstraZeneca, Pfizer/BioNTech, Sinopharm/Beijing",https://www.datosabiertos.gob.pe/dataset/vacunacion,27909625,16525608,11383098,919
Peru,2021-10-01,"Oxford/AstraZeneca, Pfizer/BioNTech, Sinopharm/Beijing",https://www.datosabiertos.gob.pe/dataset/vacunacion,28198339,16615215,11582179,945
Peru,2021-10-02,"Oxford/AstraZeneca, Pfizer/BioNTech, Sinopharm/Beijing",https://www.datosabiertos.gob.pe/dataset/vacunacion,28775386,16792782,11981598,1006
Peru,2021-10-03,"Oxford/AstraZeneca, Pfizer/BioNTech, Sinopharm/Beijing",https://www.datosabiertos.gob.pe/dataset/vacunacion,29260523,16945656,12313839,1028
Peru,2021-10-04,"Oxford/AstraZeneca, Pfizer/BioNTech, Sinopharm/Beijing",https://www.datosabiertos.gob.pe/dataset/vacunacion,29526747,17019339,12506361,1047
Peru,2021-10-05,"Oxford/AstraZeneca, Pfizer/BioNTech, Sinopharm/Beijing",https://www.datosabiertos.gob.pe/dataset/vacunacion,29823609,17093904,12728632,1073
Peru,2021-10-06,"Oxford/AstraZeneca, Pfizer/BioNTech, Sinopharm/Beijing",https://www.datosabiertos.gob.pe/dataset/vacunacion,30105570,17169102,12935372,1096
Peru,2021-10-07,"Oxford/AstraZeneca, Pfizer/BioNTech, Sinopharm/Beijing",https://www.datosabiertos.gob.pe/dataset/vacunacion,30377293,17239443,13136742,1108
Peru,2021-10-08,"Oxford/AstraZeneca, Pfizer/BioNTech, Sinopharm/Beijing",https://www.datosabiertos.gob.pe/dataset/vacunacion,30588682,17297550,13289984,1148
Peru,2021-10-09,"Oxford/AstraZeneca, Pfizer/BioNTech, Sinopharm/Beijing",https://www.datosabiertos.gob.pe/dataset/vacunacion,30966303,17392560,13572576,1167
Peru,2021-10-10,"Oxford/AstraZeneca, Pfizer/BioNTech, Sinopharm/Beijing",https://www.datosabiertos.gob.pe/dataset/vacunacion,31208899,17457394,13750315,1190
Peru,2021-10-11,"Oxford/AstraZeneca, Pfizer/BioNTech, Sinopharm/Beijing",https://www.datosabiertos.gob.pe/dataset/vacunacion,31389188,17521030,13866945,1213
Peru,2021-10-12,"Oxford/AstraZeneca, Pfizer/BioNTech, Sinopharm/Beijing",https://www.datosabiertos.gob.pe/dataset/vacunacion,31631083,17636785,13993023,1275
Peru,2021-10-13,"Oxford/AstraZeneca, Pfizer/BioNTech, Sinopharm/Beijing",https://www.datosabiertos.gob.pe/dataset/vacunacion,31859717,17746821,14111609,1287
Peru,2021-10-14,"Oxford/AstraZeneca, Pfizer/BioNTech, Sinopharm/Beijing",https://www.datosabiertos.gob.pe/dataset/vacunacion,32085666,17853743,14230609,1314
Peru,2021-10-15,"Oxford/AstraZeneca, Pfizer/BioNTech, Sinopharm/Beijing",https://www.datosabiertos.gob.pe/dataset/vacunacion,32328169,17964181,14342236,21752
Peru,2021-10-16,"Oxford/AstraZeneca, Pfizer/BioNTech, Sinopharm/Beijing",https://www.datosabiertos.gob.pe/dataset/vacunacion,32677460,18141750,14488707,47003
Peru,2021-10-17,"Oxford/AstraZeneca, Pfizer/BioNTech, Sinopharm/Beijing",https://www.datosabiertos.gob.pe/dataset/vacunacion,32966498,18298770,14609807,57921
Peru,2021-10-18,"Oxford/AstraZeneca, Pfizer/BioNTech, Sinopharm/Beijing",https://www.datosabiertos.gob.pe/dataset/vacunacion,33172602,18391094,14696658,84850
Peru,2021-10-19,"Oxford/AstraZeneca, Pfizer/BioNTech, Sinopharm/Beijing",https://www.datosabiertos.gob.pe/dataset/vacunacion,33378420,18467532,14800222,110666
Peru,2021-10-20,"Oxford/AstraZeneca, Pfizer/BioNTech, Sinopharm/Beijing",https://www.datosabiertos.gob.pe/dataset/vacunacion,33559758,18525218,14898362,136178
Peru,2021-10-21,"Oxford/AstraZeneca, Pfizer/BioNTech, Sinopharm/Beijing",https://www.datosabiertos.gob.pe/dataset/vacunacion,33726871,18582461,14991413,152997
Peru,2021-10-22,"Oxford/AstraZeneca, Pfizer/BioNTech, Sinopharm/Beijing",https://www.datosabiertos.gob.pe/dataset/vacunacion,33880740,18631216,15080990,168534
Peru,2021-10-23,"Oxford/AstraZeneca, Pfizer/BioNTech, Sinopharm/Beijing",https://www.datosabiertos.gob.pe/dataset/vacunacion,34141080,18738140,15227088,175852
Peru,2021-10-24,"Oxford/AstraZeneca, Pfizer/BioNTech, Sinopharm/Beijing",https://www.datosabiertos.gob.pe/dataset/vacunacion,34344555,18812647,15353853,178055
Peru,2021-10-25,"Oxford/AstraZeneca, Pfizer/BioNTech, Sinopharm/Beijing",https://www.datosabiertos.gob.pe/dataset/vacunacion,34468298,18853091,15430167,185040
Peru,2021-10-26,"Oxford/AstraZeneca, Pfizer/BioNTech, Sinopharm/Beijing",https://www.datosabiertos.gob.pe/dataset/vacunacion,34587038,18891044,15504665,191329
Peru,2021-10-27,"Oxford/AstraZeneca, Pfizer/BioNTech, Sinopharm/Beijing",https://www.datosabiertos.gob.pe/dataset/vacunacion,34700924,18928620,15575182,197122
Peru,2021-10-28,"Oxford/AstraZeneca, Pfizer/BioNTech, Sinopharm/Beijing",https://www.datosabiertos.gob.pe/dataset/vacunacion,34829130,18973450,15647234,208446
Peru,2021-10-29,"Oxford/AstraZeneca, Pfizer/BioNTech, Sinopharm/Beijing",https://www.datosabiertos.gob.pe/dataset/vacunacion,34959119,19021150,15714330,223639
Peru,2021-10-30,"Oxford/AstraZeneca, Pfizer/BioNTech, Sinopharm/Beijing",https://www.datosabiertos.gob.pe/dataset/vacunacion,35268900,19229903,15801026,237971
Peru,2021-10-31,"Oxford/AstraZeneca, Pfizer/BioNTech, Sinopharm/Beijing",https://www.datosabiertos.gob.pe/dataset/vacunacion,35524262,19406468,15870771,247023
Peru,2021-11-01,"Oxford/AstraZeneca, Pfizer/BioNTech, Sinopharm/Beijing",https://www.datosabiertos.gob.pe/dataset/vacunacion,35628023,19481393,15895279,251351
Peru,2021-11-02,"Oxford/AstraZeneca, Pfizer/BioNTech, Sinopharm/Beijing",https://www.datosabiertos.gob.pe/dataset/vacunacion,35763777,19573604,15932082,258091
Peru,2021-11-03,"Oxford/AstraZeneca, Pfizer/BioNTech, Sinopharm/Beijing",https://www.datosabiertos.gob.pe/dataset/vacunacion,35933674,19683389,15982503,267782
Peru,2021-11-04,"Oxford/AstraZeneca, Pfizer/BioNTech, Sinopharm/Beijing",https://www.datosabiertos.gob.pe/dataset/vacunacion,36176190,19854872,16043666,277652
Peru,2021-11-05,"Oxford/AstraZeneca, Pfizer/BioNTech, Sinopharm/Beijing",https://www.datosabiertos.gob.pe/dataset/vacunacion,36469732,20079900,16103195,286637
Peru,2021-11-06,"Oxford/AstraZeneca, Pfizer/BioNTech, Sinopharm/Beijing",https://www.datosabiertos.gob.pe/dataset/vacunacion,36894186,20393210,16205334,295642
Peru,2021-11-07,"Oxford/AstraZeneca, Pfizer/BioNTech, Sinopharm/Beijing",https://www.datosabiertos.gob.pe/dataset/vacunacion,37207933,20606290,16299927,301716
Peru,2021-11-08,"Oxford/AstraZeneca, Pfizer/BioNTech, Sinopharm/Beijing",https://www.datosabiertos.gob.pe/dataset/vacunacion,37411854,20728305,16374296,309253
Peru,2021-11-09,"Oxford/AstraZeneca, Pfizer/BioNTech, Sinopharm/Beijing",https://www.datosabiertos.gob.pe/dataset/vacunacion,37631378,20839777,16471630,319971
Peru,2021-11-10,"Oxford/AstraZeneca, Pfizer/BioNTech, Sinopharm/Beijing",https://www.datosabiertos.gob.pe/dataset/vacunacion,37839611,20948907,16554077,336627
Peru,2021-11-11,"Oxford/AstraZeneca, Pfizer/BioNTech, Sinopharm/Beijing",https://www.datosabiertos.gob.pe/dataset/vacunacion,38032692,21042974,16633922,355796
Peru,2021-11-12,"Oxford/AstraZeneca, Pfizer/BioNTech, Sinopharm/Beijing",https://www.datosabiertos.gob.pe/dataset/vacunacion,38201684,21128982,16702592,370110
Peru,2021-11-13,"Oxford/AstraZeneca, Pfizer/BioNTech, Sinopharm/Beijing",https://www.datosabiertos.gob.pe/dataset/vacunacion,38444644,21242667,16820418,381559
Peru,2021-11-14,"Oxford/AstraZeneca, Pfizer/BioNTech, Sinopharm/Beijing",https://www.datosabiertos.gob.pe/dataset/vacunacion,38660070,21341515,16925073,393482
Peru,2021-11-15,"Oxford/AstraZeneca, Pfizer/BioNTech, Sinopharm/Beijing",https://www.datosabiertos.gob.pe/dataset/vacunacion,38828247,21427050,16998169,403028
Peru,2021-11-16,"Oxford/AstraZeneca, Pfizer/BioNTech, Sinopharm/Beijing",https://www.datosabiertos.gob.pe/dataset/vacunacion,39017005,21533110,17069996,413899
Peru,2021-11-17,"Oxford/AstraZeneca, Pfizer/BioNTech, Sinopharm/Beijing",https://www.datosabiertos.gob.pe/dataset/vacunacion,39201448,21636977,17140608,423863
Peru,2021-11-18,"Oxford/AstraZeneca, Pfizer/BioNTech, Sinopharm/Beijing",https://www.datosabiertos.gob.pe/dataset/vacunacion,39381931,21740833,17206966,434132
Peru,2021-11-19,"Oxford/AstraZeneca, Pfizer/BioNTech, Sinopharm/Beijing",https://www.datosabiertos.gob.pe/dataset/vacunacion,39559839,21844977,17269792,445070
Peru,2021-11-20,"Oxford/AstraZeneca, Pfizer/BioNTech, Sinopharm/Beijing",https://www.datosabiertos.gob.pe/dataset/vacunacion,39863135,21975309,17431304,456522
Peru,2021-11-21,"Oxford/AstraZeneca, Pfizer/BioNTech, Sinopharm/Beijing",https://www.datosabiertos.gob.pe/dataset/vacunacion,40152992,22084693,17597577,470722
Peru,2021-11-22,"Oxford/AstraZeneca, Pfizer/BioNTech, Sinopharm/Beijing",https://www.datosabiertos.gob.pe/dataset/vacunacion,40342985,22167415,17687873,487697
Peru,2021-11-23,"Oxford/AstraZeneca, Pfizer/BioNTech, Sinopharm/Beijing",https://www.datosabiertos.gob.pe/dataset/vacunacion,40544867,22250828,17788260,505779
Peru,2021-11-24,"Oxford/AstraZeneca, Pfizer/BioNTech, Sinopharm/Beijing",https://www.datosabiertos.gob.pe/dataset/vacunacion,40739160,22326367,17885669,527124
Peru,2021-11-25,"Oxford/AstraZeneca, Pfizer/BioNTech, Sinopharm/Beijing",https://www.datosabiertos.gob.pe/dataset/vacunacion,40969123,22399509,18020824,548790
Peru,2021-11-26,"Oxford/AstraZeneca, Pfizer/BioNTech, Sinopharm/Beijing",https://www.datosabiertos.gob.pe/dataset/vacunacion,41260133,22468232,18181872,610029
Peru,2021-11-27,"Oxford/AstraZeneca, Pfizer/BioNTech, Sinopharm/Beijing",https://www.datosabiertos.gob.pe/dataset/vacunacion,41693284,22552122,18426615,714547
Peru,2021-11-28,"Oxford/AstraZeneca, Pfizer/BioNTech, Sinopharm/Beijing",https://www.datosabiertos.gob.pe/dataset/vacunacion,42046555,22625097,18618603,802855
Peru,2021-11-29,"Oxford/AstraZeneca, Pfizer/BioNTech, Sinopharm/Beijing",https://www.datosabiertos.gob.pe/dataset/vacunacion,42317220,22681589,18737331,898300
Peru,2021-11-30,"Oxford/AstraZeneca, Pfizer/BioNTech, Sinopharm/Beijing",https://www.datosabiertos.gob.pe/dataset/vacunacion,42579981,22733864,18845620,1000497
Peru,2021-12-01,"Oxford/AstraZeneca, Pfizer/BioNTech, Sinopharm/Beijing",https://www.datosabiertos.gob.pe/dataset/vacunacion,42835791,22789525,18943845,1102421
Peru,2021-12-02,"Oxford/AstraZeneca, Pfizer/BioNTech, Sinopharm/Beijing",https://www.datosabiertos.gob.pe/dataset/vacunacion,43108279,22853611,19042390,1212278
Peru,2021-12-03,"Oxford/AstraZeneca, Pfizer/BioNTech, Sinopharm/Beijing",https://www.datosabiertos.gob.pe/dataset/vacunacion,43373647,22918168,19138750,1316729
Peru,2021-12-04,"Oxford/AstraZeneca, Pfizer/BioNTech, Sinopharm/Beijing",https://www.datosabiertos.gob.pe/dataset/vacunacion,43694406,22996593,19268777,1429036
Peru,2021-12-05,"Oxford/AstraZeneca, Pfizer/BioNTech, Sinopharm/Beijing",https://www.datosabiertos.gob.pe/dataset/vacunacion,43941044,23060207,19376717,1504120
Peru,2021-12-06,"Oxford/AstraZeneca, Pfizer/BioNTech, Sinopharm/Beijing",https://www.datosabiertos.gob.pe/dataset/vacunacion,44162006,23118520,19463191,1580295
Peru,2021-12-07,"Oxford/AstraZeneca, Pfizer/BioNTech, Sinopharm/Beijing",https://www.datosabiertos.gob.pe/dataset/vacunacion,44387470,23176063,19556212,1655195
Peru,2021-12-08,"Oxford/AstraZeneca, Pfizer/BioNTech, Sinopharm/Beijing",https://www.datosabiertos.gob.pe/dataset/vacunacion,44552601,23220940,19627798,1703863
Peru,2021-12-09,"Oxford/AstraZeneca, Pfizer/BioNTech, Sinopharm/Beijing",https://www.datosabiertos.gob.pe/dataset/vacunacion,44799078,23287649,19734021,1777408
Peru,2021-12-10,"Oxford/AstraZeneca, Pfizer/BioNTech, Sinopharm/Beijing",https://www.datosabiertos.gob.pe/dataset/vacunacion,45133554,23398277,19878037,1857240
Peru,2021-12-11,"Oxford/AstraZeneca, Pfizer/BioNTech, Sinopharm/Beijing",https://www.datosabiertos.gob.pe/dataset/vacunacion,45531016,23535124,20059907,1935985
Peru,2021-12-12,"Oxford/AstraZeneca, Pfizer/BioNTech, Sinopharm/Beijing",https://www.datosabiertos.gob.pe/dataset/vacunacion,45845375,23639154,20211879,1994342
Peru,2021-12-13,"Oxford/AstraZeneca, Pfizer/BioNTech, Sinopharm/Beijing",https://www.datosabiertos.gob.pe/dataset/vacunacion,46145918,23751735,20337528,2056655
Peru,2021-12-14,"Oxford/AstraZeneca, Pfizer/BioNTech, Sinopharm/Beijing",https://www.datosabiertos.gob.pe/dataset/vacunacion,46461018,23863356,20477931,2119731
Peru,2021-12-15,"Oxford/AstraZeneca, Pfizer/BioNTech, Sinopharm/Beijing",https://www.datosabiertos.gob.pe/dataset/vacunacion,46749351,23964703,20606899,2177749
Peru,2021-12-16,"Oxford/AstraZeneca, Pfizer/BioNTech, Sinopharm/Beijing",https://www.datosabiertos.gob.pe/dataset/vacunacion,46982016,24039652,20712827,2229537
Peru,2021-12-17,"Oxford/AstraZeneca, Pfizer/BioNTech, Sinopharm/Beijing",https://www.datosabiertos.gob.pe/dataset/vacunacion,47211112,24113337,20816223,2281552
Peru,2021-12-18,"Oxford/AstraZeneca, Pfizer/BioNTech, Sinopharm/Beijing",https://www.datosabiertos.gob.pe/dataset/vacunacion,47434984,24180411,20921480,2333093
Peru,2021-12-19,"Oxford/AstraZeneca, Pfizer/BioNTech, Sinopharm/Beijing",https://www.datosabiertos.gob.pe/dataset/vacunacion,47610411,24225983,21008399,2376029
Peru,2021-12-20,"Oxford/AstraZeneca, Pfizer/BioNTech, Sinopharm/Beijing",https://www.datosabiertos.gob.pe/dataset/vacunacion,47870841,24279620,21089137,2502084
Peru,2021-12-21,"Oxford/AstraZeneca, Pfizer/BioNTech, Sinopharm/Beijing",https://www.datosabiertos.gob.pe/dataset/vacunacion,48242568,24328221,21167542,2746805
Peru,2021-12-22,"Oxford/AstraZeneca, Pfizer/BioNTech, Sinopharm/Beijing",https://www.datosabiertos.gob.pe/dataset/vacunacion,48572871,24368915,21240356,2963600
Peru,2021-12-23,"Oxford/AstraZeneca, Pfizer/BioNTech, Sinopharm/Beijing",https://www.datosabiertos.gob.pe/dataset/vacunacion,48812488,24401589,21301764,3109135
Peru,2021-12-24,"Oxford/AstraZeneca, Pfizer/BioNTech, Sinopharm/Beijing",https://www.datosabiertos.gob.pe/dataset/vacunacion,48890842,24413547,21324327,3152968
Peru,2021-12-25,"Oxford/AstraZeneca, Pfizer/BioNTech, Sinopharm/Beijing",https://www.datosabiertos.gob.pe/dataset/vacunacion,48924459,24416750,21329867,3177842
Peru,2021-12-26,"Oxford/AstraZeneca, Pfizer/BioNTech, Sinopharm/Beijing",https://www.datosabiertos.gob.pe/dataset/vacunacion,49109125,24432547,21370737,3305841
Peru,2021-12-27,"Oxford/AstraZeneca, Pfizer/BioNTech, Sinopharm/Beijing",https://www.datosabiertos.gob.pe/dataset/vacunacion,49420162,24466601,21445729,3507832
Peru,2021-12-28,"Oxford/AstraZeneca, Pfizer/BioNTech, Sinopharm/Beijing",https://www.datosabiertos.gob.pe/dataset/vacunacion,49744082,24502493,21523747,3717842
Peru,2021-12-29,"Oxford/AstraZeneca, Pfizer/BioNTech, Sinopharm/Beijing",https://www.datosabiertos.gob.pe/dataset/vacunacion,50023695,24535988,21591485,3896222
Peru,2021-12-30,"Oxford/AstraZeneca, Pfizer/BioNTech, Sinopharm/Beijing",https://www.datosabiertos.gob.pe/dataset/vacunacion,50238626,24565162,21650575,4022889
Peru,2021-12-31,"Oxford/AstraZeneca, Pfizer/BioNTech, Sinopharm/Beijing",https://www.datosabiertos.gob.pe/dataset/vacunacion,50307812,24575091,21675266,4057455
Peru,2022-01-01,"Oxford/AstraZeneca, Pfizer/BioNTech, Sinopharm/Beijing",https://www.datosabiertos.gob.pe/dataset/vacunacion,50329436,24578403,21679439,4071594
Peru,2022-01-02,"Oxford/AstraZeneca, Pfizer/BioNTech, Sinopharm/Beijing",https://www.datosabiertos.gob.pe/dataset/vacunacion,50443458,24587623,21708413,4147422
Peru,2022-01-03,"Oxford/AstraZeneca, Pfizer/BioNTech, Sinopharm/Beijing",https://www.datosabiertos.gob.pe/dataset/vacunacion,50689515,24614248,21778771,4296496
Peru,2022-01-04,"Oxford/AstraZeneca, Pfizer/BioNTech, Sinopharm/Beijing",https://www.datosabiertos.gob.pe/dataset/vacunacion,50961714,24641165,21854740,4465809
Peru,2022-01-05,"Oxford/AstraZeneca, Pfizer/BioNTech, Sinopharm/Beijing",https://www.datosabiertos.gob.pe/dataset/vacunacion,51277304,24671583,21932316,4673405
Peru,2022-01-06,"Oxford/AstraZeneca, Pfizer/BioNTech, Sinopharm/Beijing",https://www.datosabiertos.gob.pe/dataset/vacunacion,51596143,24701062,22006543,4888538
Peru,2022-01-07,"Oxford/AstraZeneca, Pfizer/BioNTech, Sinopharm/Beijing",https://www.datosabiertos.gob.pe/dataset/vacunacion,51915667,24729551,22080190,5105926
Peru,2022-01-08,"Oxford/AstraZeneca, Pfizer/BioNTech, Sinopharm/Beijing",https://www.datosabiertos.gob.pe/dataset/vacunacion,52248330,24755002,22148596,5344732
Peru,2022-01-09,"Oxford/AstraZeneca, Pfizer/BioNTech, Sinopharm/Beijing",https://www.datosabiertos.gob.pe/dataset/vacunacion,52449881,24771686,22193111,5485084
Peru,2022-01-10,"Oxford/AstraZeneca, Pfizer/BioNTech, Sinopharm/Beijing",https://www.datosabiertos.gob.pe/dataset/vacunacion,52726856,24799521,22260430,5666905
Peru,2022-01-11,"Oxford/AstraZeneca, Pfizer/BioNTech, Sinopharm/Beijing",https://www.datosabiertos.gob.pe/dataset/vacunacion,52986402,24824145,22320584,5841673
Peru,2022-01-12,"Oxford/AstraZeneca, Pfizer/BioNTech, Sinopharm/Beijing",https://www.datosabiertos.gob.pe/dataset/vacunacion,53229012,24848280,22378313,6002419
Peru,2022-01-13,"Oxford/AstraZeneca, Pfizer/BioNTech, Sinopharm/Beijing",https://www.datosabiertos.gob.pe/dataset/vacunacion,53475904,24871073,22432173,6172658
Peru,2022-01-14,"Oxford/AstraZeneca, Pfizer/BioNTech, Sinopharm/Beijing",https://www.datosabiertos.gob.pe/dataset/vacunacion,53706247,24892456,22479846,6333945
Peru,2022-01-15,"Oxford/AstraZeneca, Pfizer/BioNTech, Sinopharm/Beijing",https://www.datosabiertos.gob.pe/dataset/vacunacion,53930482,24910239,22516902,6503341
Peru,2022-01-16,"Oxford/AstraZeneca, Pfizer/BioNTech, Sinopharm/Beijing",https://www.datosabiertos.gob.pe/dataset/vacunacion,54061564,24921220,22541868,6598476
Peru,2022-01-17,"Oxford/AstraZeneca, Pfizer/BioNTech, Sinopharm/Beijing",https://www.datosabiertos.gob.pe/dataset/vacunacion,54245112,24941131,22583222,6720759
Peru,2022-01-18,"Oxford/AstraZeneca, Pfizer/BioNTech, Sinopharm/Beijing",https://www.datosabiertos.gob.pe/dataset/vacunacion,54413068,24957338,22620107,6835623
Peru,2022-01-19,"Oxford/AstraZeneca, Pfizer/BioNTech, Sinopharm/Beijing",https://www.datosabiertos.gob.pe/dataset/vacunacion,54576630,24973993,22656184,6946453
Peru,2022-01-20,"Oxford/AstraZeneca, Pfizer/BioNTech, Sinopharm/Beijing",https://www.datosabiertos.gob.pe/dataset/vacunacion,54722274,24989401,22689468,7043405
Peru,2022-01-21,"Oxford/AstraZeneca, Pfizer/BioNTech, Sinopharm/Beijing",https://www.datosabiertos.gob.pe/dataset/vacunacion,54862035,25003384,22720001,7138650
Peru,2022-01-22,"Oxford/AstraZeneca, Pfizer/BioNTech, Sinopharm/Beijing",https://www.datosabiertos.gob.pe/dataset/vacunacion,55008172,25016525,22745457,7246190
Peru,2022-01-23,"Oxford/AstraZeneca, Pfizer/BioNTech, Sinopharm/Beijing",https://www.datosabiertos.gob.pe/dataset/vacunacion,55119248,25026673,22765710,7326865
Peru,2022-01-24,"Oxford/AstraZeneca, Pfizer/BioNTech, Sinopharm/Beijing",https://www.datosabiertos.gob.pe/dataset/vacunacion,55286663,25080293,22795005,7411365
Peru,2022-01-25,"Oxford/AstraZeneca, Pfizer/BioNTech, Sinopharm/Beijing",https://www.datosabiertos.gob.pe/dataset/vacunacion,55454482,25136464,22822500,7495518
Peru,2022-01-26,"Oxford/AstraZeneca, Pfizer/BioNTech, Sinopharm/Beijing",https://www.datosabiertos.gob.pe/dataset/vacunacion,55635126,25210014,22850513,7574599
Peru,2022-01-27,"Oxford/AstraZeneca, Pfizer/BioNTech, Sinopharm/Beijing",https://www.datosabiertos.gob.pe/dataset/vacunacion,55827567,25297155,22877542,7652870
Peru,2022-01-28,"Oxford/AstraZeneca, Pfizer/BioNTech, Sinopharm/Beijing",https://www.datosabiertos.gob.pe/dataset/vacunacion,56023633,25392852,22902776,7728005
Peru,2022-01-29,"Oxford/AstraZeneca, Pfizer/BioNTech, Sinopharm/Beijing",https://www.datosabiertos.gob.pe/dataset/vacunacion,56286815,25542181,22926159,7818475
Peru,2022-01-30,"Oxford/AstraZeneca, Pfizer/BioNTech, Sinopharm/Beijing",https://www.datosabiertos.gob.pe/dataset/vacunacion,56488318,25654817,22942795,7890706
Peru,2022-01-31,"Oxford/AstraZeneca, Pfizer/BioNTech, Sinopharm/Beijing",https://www.datosabiertos.gob.pe/dataset/vacunacion,56712912,25772492,22967777,7972643
Peru,2022-02-01,"Oxford/AstraZeneca, Pfizer/BioNTech, Sinopharm/Beijing",https://www.datosabiertos.gob.pe/dataset/vacunacion,56932555,25881768,22991649,8059138
Peru,2022-02-02,"Oxford/AstraZeneca, Pfizer/BioNTech, Sinopharm/Beijing",https://www.datosabiertos.gob.pe/dataset/vacunacion,57134688,25975884,23015900,8142904
Peru,2022-02-03,"Oxford/AstraZeneca, Pfizer/BioNTech, Sinopharm/Beijing",https://www.datosabiertos.gob.pe/dataset/vacunacion,57347101,26081159,23040001,8225941
Peru,2022-02-04,"Oxford/AstraZeneca, Pfizer/BioNTech, Sinopharm/Beijing",https://www.datosabiertos.gob.pe/dataset/vacunacion,57567550,26192296,23063953,8311301
Peru,2022-02-05,"Oxford/AstraZeneca, Pfizer/BioNTech, Sinopharm/Beijing",https://www.datosabiertos.gob.pe/dataset/vacunacion,57798605,26302187,23086833,8409585
Peru,2022-02-06,"Oxford/AstraZeneca, Pfizer/BioNTech, Sinopharm/Beijing",https://www.datosabiertos.gob.pe/dataset/vacunacion,57938018,26365634,23101515,8470869
Peru,2022-02-07,"Oxford/AstraZeneca, Pfizer/BioNTech, Sinopharm/Beijing",https://www.datosabiertos.gob.pe/dataset/vacunacion,58131037,26457373,23125497,8548167
Peru,2022-02-08,"Oxford/AstraZeneca, Pfizer/BioNTech, Sinopharm/Beijing",https://www.datosabiertos.gob.pe/dataset/vacunacion,58324213,26545380,23148478,8630355
Peru,2022-02-09,"Oxford/AstraZeneca, Pfizer/BioNTech, Sinopharm/Beijing",https://www.datosabiertos.gob.pe/dataset/vacunacion,58513084,26630050,23170480,8712554
Peru,2022-02-10,"Oxford/AstraZeneca, Pfizer/BioNTech, Sinopharm/Beijing",https://www.datosabiertos.gob.pe/dataset/vacunacion,58694630,26707622,23192535,8794473
Peru,2022-02-11,"Oxford/AstraZeneca, Pfizer/BioNTech, Sinopharm/Beijing",https://www.datosabiertos.gob.pe/dataset/vacunacion,58888859,26797093,23215030,8876736
Peru,2022-02-12,"Oxford/AstraZeneca, Pfizer/BioNTech, Sinopharm/Beijing",https://www.datosabiertos.gob.pe/dataset/vacunacion,59065906,26870912,23234258,8960736
Peru,2022-02-13,"Oxford/AstraZeneca, Pfizer/BioNTech, Sinopharm/Beijing",https://www.datosabiertos.gob.pe/dataset/vacunacion,59177726,26914455,23246516,9016755
Peru,2022-02-14,"Oxford/AstraZeneca, Pfizer/BioNTech, Sinopharm/Beijing",https://www.datosabiertos.gob.pe/dataset/vacunacion,59320462,26964670,23280664,9075128
Peru,2022-02-15,"Oxford/AstraZeneca, Pfizer/BioNTech, Sinopharm/Beijing",https://www.datosabiertos.gob.pe/dataset/vacunacion,59492494,27020118,23321053,9151323
Peru,2022-02-16,"Oxford/AstraZeneca, Pfizer/BioNTech, Sinopharm/Beijing",https://www.datosabiertos.gob.pe/dataset/vacunacion,59677664,27080037,23369213,9228414
Peru,2022-02-17,"Oxford/AstraZeneca, Pfizer/BioNTech, Sinopharm/Beijing",https://www.datosabiertos.gob.pe/dataset/vacunacion,59862299,27134870,23425333,9302096
Peru,2022-02-18,"Oxford/AstraZeneca, Pfizer/BioNTech, Sinopharm/Beijing",https://www.datosabiertos.gob.pe/dataset/vacunacion,60057880,27188887,23493803,9375190
Peru,2022-02-19,"Oxford/AstraZeneca, Pfizer/BioNTech, Sinopharm/Beijing",https://www.datosabiertos.gob.pe/dataset/vacunacion,60278167,27243650,23581912,9452605
Peru,2022-02-20,"Oxford/AstraZeneca, Pfizer/BioNTech, Sinopharm/Beijing",https://www.datosabiertos.gob.pe/dataset/vacunacion,60439372,27284212,23644741,9510419
Peru,2022-02-21,"Oxford/AstraZeneca, Pfizer/BioNTech, Sinopharm/Beijing",https://www.datosabiertos.gob.pe/dataset/vacunacion,60648788,27335641,23727819,9585328
Peru,2022-02-22,"Oxford/AstraZeneca, Pfizer/BioNTech, Sinopharm/Beijing",https://www.datosabiertos.gob.pe/dataset/vacunacion,60867667,27386522,23818445,9662700
Peru,2022-02-23,"Oxford/AstraZeneca, Pfizer/BioNTech, Sinopharm/Beijing",https://www.datosabiertos.gob.pe/dataset/vacunacion,61071405,27432599,23895790,9743016
Peru,2022-02-24,"Oxford/AstraZeneca, Pfizer/BioNTech, Sinopharm/Beijing",https://www.datosabiertos.gob.pe/dataset/vacunacion,61270720,27476880,23978169,9815671
Peru,2022-02-25,"Oxford/AstraZeneca, Pfizer/BioNTech, Sinopharm/Beijing",https://www.datosabiertos.gob.pe/dataset/vacunacion,61479966,27521646,24071171,9887149
Peru,2022-02-26,"Oxford/AstraZeneca, Pfizer/BioNTech, Sinopharm/Beijing",https://www.datosabiertos.gob.pe/dataset/vacunacion,61677880,27562184,24153248,9962448
Peru,2022-02-27,"Oxford/AstraZeneca, Pfizer/BioNTech, Sinopharm/Beijing",https://www.datosabiertos.gob.pe/dataset/vacunacion,61813927,27591452,24206906,10015569
Peru,2022-02-28,"Oxford/AstraZeneca, Pfizer/BioNTech, Sinopharm/Beijing",https://www.datosabiertos.gob.pe/dataset/vacunacion,62012537,27637069,24286999,10088469
Peru,2022-03-01,"Oxford/AstraZeneca, Pfizer/BioNTech, Sinopharm/Beijing",https://www.datosabiertos.gob.pe/dataset/vacunacion,62184946,27676410,24349536,10159000
Peru,2022-03-02,"Oxford/AstraZeneca, Pfizer/BioNTech, Sinopharm/Beijing",https://www.datosabiertos.gob.pe/dataset/vacunacion,62362702,27717903,24414399,10230400
Peru,2022-03-03,"Oxford/AstraZeneca, Pfizer/BioNTech, Sinopharm/Beijing",https://www.datosabiertos.gob.pe/dataset/vacunacion,62538486,27758485,24480895,10299106
Peru,2022-03-04,"Oxford/AstraZeneca, Pfizer/BioNTech, Sinopharm/Beijing",https://www.datosabiertos.gob.pe/dataset/vacunacion,62725533,27800830,24557368,10367335
Peru,2022-03-05,"Oxford/AstraZeneca, Pfizer/BioNTech, Sinopharm/Beijing",https://www.datosabiertos.gob.pe/dataset/vacunacion,62927016,27847876,24635659,10443481
Peru,2022-03-06,"Oxford/AstraZeneca, Pfizer/BioNTech, Sinopharm/Beijing",https://www.datosabiertos.gob.pe/dataset/vacunacion,63049705,27876643,24678741,10494321
Peru,2022-03-07,"Oxford/AstraZeneca, Pfizer/BioNTech, Sinopharm/Beijing",https://www.datosabiertos.gob.pe/dataset/vacunacion,63206146,27913629,24734082,10558435
Peru,2022-03-08,"Oxford/AstraZeneca, Pfizer/BioNTech, Sinopharm/Beijing",https://www.datosabiertos.gob.pe/dataset/vacunacion,63344924,27946011,24785765,10613148
Peru,2022-03-09,"Oxford/AstraZeneca, Pfizer/BioNTech, Sinopharm/Beijing",https://www.datosabiertos.gob.pe/dataset/vacunacion,63494378,27981323,24840047,10673008
Peru,2022-03-10,"Oxford/AstraZeneca, Pfizer/BioNTech, Sinopharm/Beijing",https://www.datosabiertos.gob.pe/dataset/vacunacion,63647497,28019867,24893091,10734539
Peru,2022-03-11,"Oxford/AstraZeneca, Pfizer/BioNTech, Sinopharm/Beijing",https://www.datosabiertos.gob.pe/dataset/vacunacion,63808328,28066062,24949787,10792479
Peru,2022-03-12,"Oxford/AstraZeneca, Pfizer/BioNTech, Sinopharm/Beijing",https://www.datosabiertos.gob.pe/dataset/vacunacion,63995974,28113486,25013925,10868563
Peru,2022-03-13,"Oxford/AstraZeneca, Pfizer/BioNTech, Sinopharm/Beijing",https://www.datosabiertos.gob.pe/dataset/vacunacion,64123288,28140739,25056512,10926037
Peru,2022-03-14,"Oxford/AstraZeneca, Pfizer/BioNTech, Sinopharm/Beijing",https://www.datosabiertos.gob.pe/dataset/vacunacion,64248591,28169853,25095164,10983574
Peru,2022-03-15,"Oxford/AstraZeneca, Pfizer/BioNTech, Sinopharm/Beijing",https://www.datosabiertos.gob.pe/dataset/vacunacion,64372610,28194193,25133148,11045269
Peru,2022-03-16,"Oxford/AstraZeneca, Pfizer/BioNTech, Sinopharm/Beijing",https://www.datosabiertos.gob.pe/dataset/vacunacion,64493538,28216546,25169987,11107005
Peru,2022-03-17,"Oxford/AstraZeneca, Pfizer/BioNTech, Sinopharm/Beijing",https://www.datosabiertos.gob.pe/dataset/vacunacion,64609870,28237164,25205174,11167532
Peru,2022-03-18,"Oxford/AstraZeneca, Pfizer/BioNTech, Sinopharm/Beijing",https://www.datosabiertos.gob.pe/dataset/vacunacion,64738554,28264143,25246285,11228126
Peru,2022-03-19,"Oxford/AstraZeneca, Pfizer/BioNTech, Sinopharm/Beijing",https://www.datosabiertos.gob.pe/dataset/vacunacion,64890208,28291283,25299798,11299127
Peru,2022-03-20,"Oxford/AstraZeneca, Pfizer/BioNTech, Sinopharm/Beijing",https://www.datosabiertos.gob.pe/dataset/vacunacion,64999717,28310311,25334432,11354974
Peru,2022-03-21,"Oxford/AstraZeneca, Pfizer/BioNTech, Sinopharm/Beijing",https://www.datosabiertos.gob.pe/dataset/vacunacion,65102722,28327895,25365101,11409726
Peru,2022-03-22,"Oxford/AstraZeneca, Pfizer/BioNTech, Sinopharm/Beijing",https://www.datosabiertos.gob.pe/dataset/vacunacion,65213526,28344722,25396103,11472701
Peru,2022-03-23,"Oxford/AstraZeneca, Pfizer/BioNTech, Sinopharm/Beijing",https://www.datosabiertos.gob.pe/dataset/vacunacion,65320612,28360900,25426535,11533177
Peru,2022-03-24,"Oxford/AstraZeneca, Pfizer/BioNTech, Sinopharm/Beijing",https://www.datosabiertos.gob.pe/dataset/vacunacion,65437608,28375745,25455240,11606623
Peru,2022-03-25,"Oxford/AstraZeneca, Pfizer/BioNTech, Sinopharm/Beijing",https://www.datosabiertos.gob.pe/dataset/vacunacion,65568476,28392677,25488194,11687605
Peru,2022-03-26,"Oxford/AstraZeneca, Pfizer/BioNTech, Sinopharm/Beijing",https://www.datosabiertos.gob.pe/dataset/vacunacion,65757630,28414210,25538735,11804685
Peru,2022-03-27,"Oxford/AstraZeneca, Pfizer/BioNTech, Sinopharm/Beijing",https://www.datosabiertos.gob.pe/dataset/vacunacion,65904603,28429412,25570476,11904715
Peru,2022-03-28,"Oxford/AstraZeneca, Pfizer/BioNTech, Sinopharm/Beijing",https://www.datosabiertos.gob.pe/dataset/vacunacion,66008645,28438639,25589129,11980877
Peru,2022-03-29,"Oxford/AstraZeneca, Pfizer/BioNTech, Sinopharm/Beijing",https://www.datosabiertos.gob.pe/dataset/vacunacion,66028643,28439923,25591758,11996962
