location,date,vaccine,source_url,total_vaccinations,people_vaccinated,people_fully_vaccinated,total_boosters
Poland,2020-12-28,Pfizer/BioNTech,"https://next.gazeta.pl/next/7,173953,26642987,wiemy-ile-osob-zaszczepiono-przeciw-covid-19-w-niedziele-rzecznik.html",2000,2000,,
Poland,2020-12-29,Pfizer/BioNTech,https://wiadomosci.radiozet.pl/Koronawirus/Koronawirus-w-Polsce.-Trzeci-dzien-szczepien-przeciw-Covid-19.-Zaszczepili-sie-Grodzki-i-Karczewski,6300,6300,,
Poland,2020-12-30,Pfizer/BioNTech,https://twitter.com/MZ_GOV_PL/status/1344557383499055104,36300,36300,,
Poland,2020-12-31,Pfizer/BioNTech,https://twitter.com/MZ_GOV_PL/status/1344923704799719424,47600,47600,,
Poland,2021-01-02,Pfizer/BioNTech,https://tvn24.pl/polska/szczepienia-ile-osob-zaszczepiono-w-polsce-przeciw-covid-19kiedy-szczepienia-osob-z-kolejnej-grupy-1-4919939,50391,50391,,
Poland,2021-01-03,Pfizer/BioNTech,https://twitter.com/MZ_GOV_PL/status/1346074068798332929,50833,50833,,
Poland,2021-01-04,Pfizer/BioNTech,https://twitter.com/MZ_GOV_PL/status/1346396023334133770,92220,92220,,
Poland,2021-01-05,Pfizer/BioNTech,https://twitter.com/MZ_GOV_PL/status/1346760607622684673,140226,140226,,
Poland,2021-01-06,Pfizer/BioNTech,https://twitter.com/MZ_GOV_PL/status/1347120797895294976,160359,160359,,
Poland,2021-01-07,Pfizer/BioNTech,https://twitter.com/szczepimysie/status/1347472053063081984,188956,188956,,
Poland,2021-01-08,Pfizer/BioNTech,https://twitter.com/szczepimysie/status/1347840116090408960,198787,198787,,
Poland,2021-01-09,Pfizer/BioNTech,https://twitter.com/szczepimysie/status/1348196682756993025,200022,200022,,
Poland,2021-01-10,Pfizer/BioNTech,https://twitter.com/szczepimysie/status/1348564252215402498,203053,203053,,
Poland,2021-01-11,Pfizer/BioNTech,https://twitter.com/szczepimysie/status/1348930712859242496,257834,257834,,
Poland,2021-01-12,Pfizer/BioNTech,https://twitter.com/szczepimysie/status/1349284555627388928,309620,309620,,
Poland,2021-01-13,Pfizer/BioNTech,https://twitter.com/szczepimysie/status/1349646581092519936,369212,369212,,
Poland,2021-01-14,Pfizer/BioNTech,https://www.gov.pl/web/szczepimysie/raport-szczepien-przeciwko-covid-19,410480,410480,,
Poland,2021-01-15,Pfizer/BioNTech,https://www.gov.pl/web/szczepimysie/raport-szczepien-przeciwko-covid-19,436963,436963,,
Poland,2021-01-16,Pfizer/BioNTech,https://www.gov.pl/web/szczepimysie/raport-szczepien-przeciwko-covid-19,457303,457303,,
Poland,2021-01-17,Pfizer/BioNTech,https://www.gov.pl/web/szczepimysie/raport-szczepien-przeciwko-covid-19,469466,468795,671,
Poland,2021-01-18,Pfizer/BioNTech,https://www.gov.pl/web/szczepimysie/raport-szczepien-przeciwko-covid-19,495164,491696,3468,
Poland,2021-01-19,Pfizer/BioNTech,https://www.gov.pl/web/szczepimysie/raport-szczepien-przeciwko-covid-19,541229,530055,11174,
Poland,2021-01-20,Pfizer/BioNTech,https://www.gov.pl/web/szczepimysie/raport-szczepien-przeciwko-covid-19,591785,566793,24992,
Poland,2021-01-21,Pfizer/BioNTech,https://www.gov.pl/web/szczepimysie/raport-szczepien-przeciwko-covid-19,644999,605313,39686,
Poland,2021-01-22,Pfizer/BioNTech,https://www.gov.pl/web/szczepimysie/raport-szczepien-przeciwko-covid-19,684277,638798,45479,
Poland,2021-01-23,Pfizer/BioNTech,https://www.gov.pl/web/szczepimysie/raport-szczepien-przeciwko-covid-19,701164,654184,46980,
Poland,2021-01-24,Pfizer/BioNTech,https://www.gov.pl/web/szczepimysie/raport-szczepien-przeciwko-covid-19,707474,659753,47721,
Poland,2021-01-25,Pfizer/BioNTech,https://www.gov.pl/web/szczepimysie/raport-szczepien-przeciwko-covid-19,776987,701222,75765,
Poland,2021-01-26,Pfizer/BioNTech,https://www.gov.pl/web/szczepimysie/raport-szczepien-przeciwko-covid-19,905457,782413,123044,
Poland,2021-01-27,Pfizer/BioNTech,https://www.gov.pl/web/szczepimysie/raport-szczepien-przeciwko-covid-19,1008253,858474,149779,
Poland,2021-01-28,Pfizer/BioNTech,https://www.gov.pl/web/szczepimysie/raport-szczepien-przeciwko-covid-19,1097036,917908,179128,
Poland,2021-01-29,Pfizer/BioNTech,https://www.gov.pl/web/szczepimysie/raport-szczepien-przeciwko-covid-19,1141081,945600,195481,
Poland,2021-01-30,Pfizer/BioNTech,https://www.gov.pl/web/szczepimysie/raport-szczepien-przeciwko-covid-19,1156931,958453,198478,
Poland,2021-01-31,Pfizer/BioNTech,https://www.gov.pl/web/szczepimysie/raport-szczepien-przeciwko-covid-19,1176904,976367,200537,
Poland,2021-02-01,Pfizer/BioNTech,https://www.gov.pl/web/szczepimysie/raport-szczepien-przeciwko-covid-19,1231716,998587,233129,
Poland,2021-02-02,Pfizer/BioNTech,https://www.gov.pl/web/szczepimysie/raport-szczepien-przeciwko-covid-19,1342435,1053245,289190,
Poland,2021-02-03,Pfizer/BioNTech,https://www.gov.pl/web/szczepimysie/raport-szczepien-przeciwko-covid-19,1461578,1117146,344432,
Poland,2021-02-04,Pfizer/BioNTech,https://www.gov.pl/web/szczepimysie/raport-szczepien-przeciwko-covid-19,1566604,1171229,395375,
Poland,2021-02-05,Pfizer/BioNTech,https://www.gov.pl/web/szczepimysie/raport-szczepien-przeciwko-covid-19,1617764,1193034,424730,
Poland,2021-02-06,Pfizer/BioNTech,https://www.gov.pl/web/szczepimysie/raport-szczepien-przeciwko-covid-19,1641158,1200793,440365,
Poland,2021-02-07,Pfizer/BioNTech,https://www.gov.pl/web/szczepimysie/raport-szczepien-przeciwko-covid-19,1656708,1206212,450496,
Poland,2021-02-09,"Moderna, Oxford/AstraZeneca, Pfizer/BioNTech",https://www.gov.pl/web/szczepimysie/raport-szczepien-przeciwko-covid-19,1773715,1291569,482146,
Poland,2021-02-11,"Moderna, Oxford/AstraZeneca, Pfizer/BioNTech",https://www.gov.pl/web/szczepimysie/raport-szczepien-przeciwko-covid-19,1993739,1413132,580607,
Poland,2021-02-12,"Moderna, Oxford/AstraZeneca, Pfizer/BioNTech",https://www.gov.pl/web/szczepimysie/raport-szczepien-przeciwko-covid-19,2071009,1446102,624907,
Poland,2021-02-13,"Moderna, Oxford/AstraZeneca, Pfizer/BioNTech",https://www.gov.pl/web/szczepimysie/raport-szczepien-przeciwko-covid-19,2107089,1466439,640650,
Poland,2021-02-14,"Moderna, Oxford/AstraZeneca, Pfizer/BioNTech",https://www.gov.pl/web/szczepimysie/raport-szczepien-przeciwko-covid-19,2122245,1476274,645971,
Poland,2021-02-15,"Moderna, Oxford/AstraZeneca, Pfizer/BioNTech",https://www.gov.pl/web/szczepimysie/raport-szczepien-przeciwko-covid-19,2159146,1500911,658235,
Poland,2021-02-16,"Moderna, Oxford/AstraZeneca, Pfizer/BioNTech",https://www.gov.pl/web/szczepimysie/raport-szczepien-przeciwko-covid-19,2230117,1538737,691380,
Poland,2021-02-17,"Moderna, Oxford/AstraZeneca, Pfizer/BioNTech",https://www.gov.pl/web/szczepimysie/raport-szczepien-przeciwko-covid-19,2384794,1610734,774060,
Poland,2021-02-18,"Moderna, Oxford/AstraZeneca, Pfizer/BioNTech",https://www.gov.pl/web/szczepimysie/raport-szczepien-przeciwko-covid-19,2556999,1691115,865884,
Poland,2021-02-19,"Moderna, Oxford/AstraZeneca, Pfizer/BioNTech",https://www.gov.pl/web/szczepimysie/raport-szczepien-przeciwko-covid-19,2660776,1743841,916935,
Poland,2021-02-20,"Moderna, Oxford/AstraZeneca, Pfizer/BioNTech",https://www.gov.pl/web/szczepimysie/raport-szczepien-przeciwko-covid-19,2697815,1772133,925682,
Poland,2021-02-21,"Moderna, Oxford/AstraZeneca, Pfizer/BioNTech",https://www.gov.pl/web/szczepimysie/raport-szczepien-przeciwko-covid-19,2715159,1785194,929965,
Poland,2021-02-22,"Moderna, Oxford/AstraZeneca, Pfizer/BioNTech",https://www.gov.pl/web/szczepimysie/raport-szczepien-przeciwko-covid-19,2759436,1824654,934782,
Poland,2021-02-24,"Moderna, Oxford/AstraZeneca, Pfizer/BioNTech",https://www.gov.pl/web/szczepimysie/raport-szczepien-przeciwko-covid-19,2990683,1959165,1031518,
Poland,2021-02-26,"Moderna, Oxford/AstraZeneca, Pfizer/BioNTech",https://www.gov.pl/web/szczepimysie/raport-szczepien-przeciwko-covid-19,3269812,2101754,1168058,
Poland,2021-02-28,"Moderna, Oxford/AstraZeneca, Pfizer/BioNTech",https://www.gov.pl/web/szczepimysie/raport-szczepien-przeciwko-covid-19,3336354,2149607,1186747,
Poland,2021-03-01,"Moderna, Oxford/AstraZeneca, Pfizer/BioNTech",https://www.gov.pl/web/szczepimysie/raport-szczepien-przeciwko-covid-19,3383426,2190526,1192900,
Poland,2021-03-03,"Moderna, Oxford/AstraZeneca, Pfizer/BioNTech",https://www.gov.pl/web/szczepimysie/raport-szczepien-przeciwko-covid-19,3619316,2338137,1281179,
Poland,2021-03-04,"Moderna, Oxford/AstraZeneca, Pfizer/BioNTech",https://www.gov.pl/web/szczepimysie/raport-szczepien-przeciwko-covid-19,3791577,2424929,1366648,
Poland,2021-03-06,"Moderna, Oxford/AstraZeneca, Pfizer/BioNTech",https://www.gov.pl/web/szczepimysie/raport-szczepien-przeciwko-covid-19,3951104,2526389,1424715,
Poland,2021-03-08,"Moderna, Oxford/AstraZeneca, Pfizer/BioNTech",https://www.gov.pl/web/szczepimysie/raport-szczepien-przeciwko-covid-19,4004734,2570094,1434640,
Poland,2021-03-09,"Moderna, Oxford/AstraZeneca, Pfizer/BioNTech",https://www.gov.pl/web/szczepimysie/raport-szczepien-przeciwko-covid-19,4086863,2641693,1445170,
Poland,2021-03-11,"Moderna, Oxford/AstraZeneca, Pfizer/BioNTech",https://www.gov.pl/web/szczepimysie/raport-szczepien-przeciwko-covid-19,4391256,2835856,1555400,
Poland,2021-03-12,"Moderna, Oxford/AstraZeneca, Pfizer/BioNTech",https://www.gov.pl/web/szczepimysie/raport-szczepien-przeciwko-covid-19,4487273,2891753,1595520,
Poland,2021-03-13,"Moderna, Oxford/AstraZeneca, Pfizer/BioNTech",https://www.gov.pl/web/szczepimysie/raport-szczepien-przeciwko-covid-19,4517537,2914792,1602745,
Poland,2021-03-14,"Moderna, Oxford/AstraZeneca, Pfizer/BioNTech",https://www.gov.pl/web/szczepimysie/raport-szczepien-przeciwko-covid-19,4530783,2924629,1606154,
Poland,2021-03-15,"Moderna, Oxford/AstraZeneca, Pfizer/BioNTech",https://www.gov.pl/web/szczepimysie/raport-szczepien-przeciwko-covid-19,4557060,2946767,1610293,
Poland,2021-03-16,"Moderna, Oxford/AstraZeneca, Pfizer/BioNTech",https://www.gov.pl/web/szczepimysie/raport-szczepien-przeciwko-covid-19,4605929,2984642,1621287,
Poland,2021-03-17,"Moderna, Oxford/AstraZeneca, Pfizer/BioNTech",https://www.gov.pl/web/szczepimysie/raport-szczepien-przeciwko-covid-19,4738902,3074378,1664524,
Poland,2021-03-18,"Moderna, Oxford/AstraZeneca, Pfizer/BioNTech",https://www.gov.pl/web/szczepimysie/raport-szczepien-przeciwko-covid-19,4893320,3162971,1730349,
Poland,2021-03-19,"Moderna, Oxford/AstraZeneca, Pfizer/BioNTech",https://www.gov.pl/web/szczepimysie/raport-szczepien-przeciwko-covid-19,4983494,3213724,1769770,
Poland,2021-03-20,"Moderna, Oxford/AstraZeneca, Pfizer/BioNTech",https://www.gov.pl/web/szczepimysie/raport-szczepien-przeciwko-covid-19,5014167,3233998,1780169,
Poland,2021-03-21,"Moderna, Oxford/AstraZeneca, Pfizer/BioNTech",https://www.gov.pl/web/szczepimysie/raport-szczepien-przeciwko-covid-19,5026182,3242462,1783720,
Poland,2021-03-22,"Moderna, Oxford/AstraZeneca, Pfizer/BioNTech",https://www.gov.pl/web/szczepimysie/raport-szczepien-przeciwko-covid-19,5077928,3289482,1788446,
Poland,2021-03-23,"Moderna, Oxford/AstraZeneca, Pfizer/BioNTech",https://www.gov.pl/web/szczepimysie/raport-szczepien-przeciwko-covid-19,5193835,3385827,1808008,
Poland,2021-03-24,"Moderna, Oxford/AstraZeneca, Pfizer/BioNTech",https://www.gov.pl/web/szczepimysie/raport-szczepien-przeciwko-covid-19,5381726,3524209,1857517,
Poland,2021-03-26,"Moderna, Oxford/AstraZeneca, Pfizer/BioNTech",https://www.gov.pl/web/szczepimysie/raport-szczepien-przeciwko-covid-19,5755551,3785646,1969905,
Poland,2021-03-28,"Moderna, Oxford/AstraZeneca, Pfizer/BioNTech",https://www.gov.pl/web/szczepimysie/raport-szczepien-przeciwko-covid-19,5882581,3889970,1992611,
Poland,2021-03-30,"Moderna, Oxford/AstraZeneca, Pfizer/BioNTech",https://www.gov.pl/web/szczepimysie/raport-szczepien-przeciwko-covid-19,6081824,4062784,2019040,
Poland,2021-03-31,"Moderna, Oxford/AstraZeneca, Pfizer/BioNTech",https://www.gov.pl/web/szczepimysie/raport-szczepien-przeciwko-covid-19,6270976,4231313,2039663,
Poland,2021-04-01,"Moderna, Oxford/AstraZeneca, Pfizer/BioNTech",https://www.gov.pl/web/szczepimysie/raport-szczepien-przeciwko-covid-19,6462769,4404565,2058204,
Poland,2021-04-02,"Moderna, Oxford/AstraZeneca, Pfizer/BioNTech",https://www.gov.pl/web/szczepimysie/raport-szczepien-przeciwko-covid-19,6614819,4544816,2070003,
Poland,2021-04-04,"Moderna, Oxford/AstraZeneca, Pfizer/BioNTech",https://www.gov.pl/web/szczepimysie/raport-szczepien-przeciwko-covid-19,6658909,4585575,2073334,
Poland,2021-04-05,"Moderna, Oxford/AstraZeneca, Pfizer/BioNTech",https://www.gov.pl/web/szczepimysie/raport-szczepien-przeciwko-covid-19,6665384,4591351,2074033,
Poland,2021-04-07,"Moderna, Oxford/AstraZeneca, Pfizer/BioNTech",https://www.gov.pl/web/szczepimysie/raport-szczepien-przeciwko-covid-19,6999652,4909594,2090058,
Poland,2021-04-08,"Moderna, Oxford/AstraZeneca, Pfizer/BioNTech",https://www.gov.pl/web/szczepimysie/raport-szczepien-przeciwko-covid-19,7263426,5167241,2096185,
Poland,2021-04-10,"Moderna, Oxford/AstraZeneca, Pfizer/BioNTech",https://www.gov.pl/web/szczepimysie/raport-szczepien-przeciwko-covid-19,7635264,5529714,2105550,
Poland,2021-04-11,"Moderna, Oxford/AstraZeneca, Pfizer/BioNTech",https://www.gov.pl/web/szczepimysie/raport-szczepien-przeciwko-covid-19,7687617,5581068,2106549,
Poland,2021-04-12,"Moderna, Oxford/AstraZeneca, Pfizer/BioNTech",https://www.gov.pl/web/szczepimysie/raport-szczepien-przeciwko-covid-19,7784384,5670769,2113615,
Poland,2021-04-13,"Moderna, Oxford/AstraZeneca, Pfizer/BioNTech",https://www.gov.pl/web/szczepimysie/raport-szczepien-przeciwko-covid-19,7970164,5832860,2137304,
Poland,2021-04-15,"Moderna, Oxford/AstraZeneca, Pfizer/BioNTech",https://www.gov.pl/web/szczepimysie/raport-szczepien-przeciwko-covid-19,8484815,6236689,2248126,
Poland,2021-04-19,"Johnson&Johnson, Moderna, Oxford/AstraZeneca, Pfizer/BioNTech",https://www.gov.pl/web/szczepimysie/raport-szczepien-przeciwko-covid-19,9006539,6699255,2307284,
Poland,2021-04-20,"Johnson&Johnson, Moderna, Oxford/AstraZeneca, Pfizer/BioNTech",https://www.gov.pl/web/szczepimysie/raport-szczepien-przeciwko-covid-19,9210419,6868703,2341716,
Poland,2021-04-21,"Johnson&Johnson, Moderna, Oxford/AstraZeneca, Pfizer/BioNTech",https://www.gov.pl/web/szczepimysie/raport-szczepien-przeciwko-covid-19,9495317,7079324,2415993,
Poland,2021-04-22,"Johnson&Johnson, Moderna, Oxford/AstraZeneca, Pfizer/BioNTech",https://www.gov.pl/web/szczepimysie/raport-szczepien-przeciwko-covid-19,9806966,7311128,2495838,
Poland,2021-04-23,"Johnson&Johnson, Moderna, Oxford/AstraZeneca, Pfizer/BioNTech",https://www.gov.pl/web/szczepimysie/raport-szczepien-przeciwko-covid-19,10069710,7526598,2543112,
Poland,2021-04-25,"Johnson&Johnson, Moderna, Oxford/AstraZeneca, Pfizer/BioNTech",https://www.gov.pl/web/szczepimysie/raport-szczepien-przeciwko-covid-19,10343967,7765723,2578244,
Poland,2021-04-27,"Johnson&Johnson, Moderna, Oxford/AstraZeneca, Pfizer/BioNTech",https://www.gov.pl/web/szczepimysie/raport-szczepien-przeciwko-covid-19,10740169,8072900,2746824,
Poland,2021-04-28,"Johnson&Johnson, Moderna, Oxford/AstraZeneca, Pfizer/BioNTech",https://www.gov.pl/web/szczepimysie/raport-szczepien-przeciwko-covid-19,11081369,8229040,2852329,
Poland,2021-04-29,"Johnson&Johnson, Moderna, Oxford/AstraZeneca, Pfizer/BioNTech",https://www.gov.pl/web/szczepimysie/raport-szczepien-przeciwko-covid-19,11470800,8597875,2872925,
Poland,2021-05-01,"Johnson&Johnson, Moderna, Oxford/AstraZeneca, Pfizer/BioNTech",https://www.gov.pl/web/szczepimysie/raport-szczepien-przeciwko-covid-19,11877060,8917338,2959722,
Poland,2021-05-03,"Johnson&Johnson, Moderna, Oxford/AstraZeneca, Pfizer/BioNTech",https://www.gov.pl/web/szczepimysie/raport-szczepien-przeciwko-covid-19,11995786,9018412,2977374,
Poland,2021-05-05,"Johnson&Johnson, Moderna, Oxford/AstraZeneca, Pfizer/BioNTech",https://www.gov.pl/web/szczepimysie/raport-szczepien-przeciwko-covid-19,12614827,9454765,3308889,
Poland,2021-05-06,"Johnson&Johnson, Moderna, Oxford/AstraZeneca, Pfizer/BioNTech",https://www.gov.pl/web/szczepimysie/raport-szczepien-przeciwko-covid-19,13034348,9735602,3451651,
Poland,2021-05-07,"Johnson&Johnson, Moderna, Oxford/AstraZeneca, Pfizer/BioNTech",https://www.gov.pl/web/szczepimysie/raport-szczepien-przeciwko-covid-19,13409463,9987919,3579910,
Poland,2021-05-08,"Johnson&Johnson, Moderna, Oxford/AstraZeneca, Pfizer/BioNTech",https://www.gov.pl/web/szczepimysie/raport-szczepien-przeciwko-covid-19,13670541,10185393,3650119,
Poland,2021-05-09,"Johnson&Johnson, Moderna, Oxford/AstraZeneca, Pfizer/BioNTech",https://www.gov.pl/web/szczepimysie/raport-szczepien-przeciwko-covid-19,13764238,10260941,3671671,
Poland,2021-05-10,"Johnson&Johnson, Moderna, Oxford/AstraZeneca, Pfizer/BioNTech",https://www.gov.pl/web/szczepimysie/raport-szczepien-przeciwko-covid-19,13957627,10400987,3728697,
Poland,2021-05-11,"Johnson&Johnson, Moderna, Oxford/AstraZeneca, Pfizer/BioNTech",https://www.gov.pl/web/szczepimysie/raport-szczepien-przeciwko-covid-19,14274291,10609955,3839390,
Poland,2021-05-13,"Johnson&Johnson, Moderna, Oxford/AstraZeneca, Pfizer/BioNTech",https://www.gov.pl/web/szczepimysie/raport-szczepien-przeciwko-covid-19,15144771,11112068,4241956,
Poland,2021-05-14,"Johnson&Johnson, Moderna, Oxford/AstraZeneca, Pfizer/BioNTech",https://www.gov.pl/web/szczepimysie/raport-szczepien-przeciwko-covid-19,15509013,11329356,4415044,
Poland,2021-05-15,"Johnson&Johnson, Moderna, Oxford/AstraZeneca, Pfizer/BioNTech",https://www.gov.pl/web/szczepimysie/raport-szczepien-przeciwko-covid-19,15776030,11490114,4535597,
Poland,2021-05-16,"Johnson&Johnson, Moderna, Oxford/AstraZeneca, Pfizer/BioNTech",https://www.gov.pl/web/szczepimysie/raport-szczepien-przeciwko-covid-19,15879467,11556822,4577701,
Poland,2021-05-17,"Johnson&Johnson, Moderna, Oxford/AstraZeneca, Pfizer/BioNTech",https://www.gov.pl/web/szczepimysie/raport-szczepien-przeciwko-covid-19,16043547,11664606,4642010,
Poland,2021-05-18,"Johnson&Johnson, Moderna, Oxford/AstraZeneca, Pfizer/BioNTech",https://www.gov.pl/web/szczepimysie/raport-szczepien-przeciwko-covid-19,16372436,11868779,4794334,
Poland,2021-05-20,"Johnson&Johnson, Moderna, Oxford/AstraZeneca, Pfizer/BioNTech",https://www.gov.pl/web/szczepimysie/raport-szczepien-przeciwko-covid-19,17254902,12369238,5222430,
Poland,2021-05-21,"Johnson&Johnson, Moderna, Oxford/AstraZeneca, Pfizer/BioNTech",https://www.gov.pl/web/szczepimysie/raport-szczepien-przeciwko-covid-19,17620338,12577946,5410599,
Poland,2021-05-22,"Johnson&Johnson, Moderna, Oxford/AstraZeneca, Pfizer/BioNTech",https://www.gov.pl/web/szczepimysie/raport-szczepien-przeciwko-covid-19,17866586,12710402,5553678,
Poland,2021-05-23,"Johnson&Johnson, Moderna, Oxford/AstraZeneca, Pfizer/BioNTech",https://www.gov.pl/web/szczepimysie/raport-szczepien-przeciwko-covid-19,17941112,12748812,5597165,
Poland,2021-05-24,"Johnson&Johnson, Moderna, Oxford/AstraZeneca, Pfizer/BioNTech",https://www.gov.pl/web/szczepimysie/raport-szczepien-przeciwko-covid-19,18085811,12814730,5689744,
Poland,2021-05-25,"Johnson&Johnson, Moderna, Oxford/AstraZeneca, Pfizer/BioNTech",https://www.gov.pl/web/szczepimysie/raport-szczepien-przeciwko-covid-19,18389807,12960092,5855700,
Poland,2021-05-26,"Johnson&Johnson, Moderna, Oxford/AstraZeneca, Pfizer/BioNTech",https://www.gov.pl/web/szczepimysie/raport-szczepien-przeciwko-covid-19,18785240,13145222,6071067,
Poland,2021-05-27,"Johnson&Johnson, Moderna, Oxford/AstraZeneca, Pfizer/BioNTech",https://www.gov.pl/web/szczepimysie/raport-szczepien-przeciwko-covid-19,19175171,13302965,6308403,
Poland,2021-05-28,"Johnson&Johnson, Moderna, Oxford/AstraZeneca, Pfizer/BioNTech",https://www.gov.pl/web/szczepimysie/raport-szczepien-przeciwko-covid-19,19525032,13451439,6562897,
Poland,2021-05-29,"Johnson&Johnson, Moderna, Oxford/AstraZeneca, Pfizer/BioNTech",https://www.gov.pl/web/szczepimysie/raport-szczepien-przeciwko-covid-19,19807955,13580235,6786561,
Poland,2021-05-30,"Johnson&Johnson, Moderna, Oxford/AstraZeneca, Pfizer/BioNTech",https://www.gov.pl/web/szczepimysie/raport-szczepien-przeciwko-covid-19,19909052,13633827,6868820,
Poland,2021-05-31,"Johnson&Johnson, Moderna, Oxford/AstraZeneca, Pfizer/BioNTech",https://www.gov.pl/web/szczepimysie/raport-szczepien-przeciwko-covid-19,20084619,13707350,7019149,
Poland,2021-06-01,"Johnson&Johnson, Moderna, Oxford/AstraZeneca, Pfizer/BioNTech",https://www.gov.pl/web/szczepimysie/raport-szczepien-przeciwko-covid-19,20536042,13896798,7300303,
Poland,2021-06-02,"Johnson&Johnson, Moderna, Oxford/AstraZeneca, Pfizer/BioNTech",https://www.gov.pl/web/szczepimysie/raport-szczepien-przeciwko-covid-19,21174546,14145161,7700322,
Poland,2021-06-03,"Johnson&Johnson, Moderna, Oxford/AstraZeneca, Pfizer/BioNTech",https://www.gov.pl/web/szczepimysie/raport-szczepien-przeciwko-covid-19,21326996,14224874,7777048,
Poland,2021-06-04,"Johnson&Johnson, Moderna, Oxford/AstraZeneca, Pfizer/BioNTech",https://www.gov.pl/web/szczepimysie/raport-szczepien-przeciwko-covid-19,21753938,14400079,8039881,
Poland,2021-06-05,"Johnson&Johnson, Moderna, Oxford/AstraZeneca, Pfizer/BioNTech",https://www.gov.pl/web/szczepimysie/raport-szczepien-przeciwko-covid-19,22025871,14551620,8169746,
Poland,2021-06-06,"Johnson&Johnson, Moderna, Oxford/AstraZeneca, Pfizer/BioNTech",https://www.gov.pl/web/szczepimysie/raport-szczepien-przeciwko-covid-19,22134362,14613790,8223526,
Poland,2021-06-07,"Johnson&Johnson, Moderna, Oxford/AstraZeneca, Pfizer/BioNTech",https://www.gov.pl/web/szczepimysie/raport-szczepien-przeciwko-covid-19,22340624,14690217,8368827,
Poland,2021-06-08,"Johnson&Johnson, Moderna, Oxford/AstraZeneca, Pfizer/BioNTech",https://www.gov.pl/web/szczepimysie/raport-szczepien-przeciwko-covid-19,22737088,14845783,8621029,
Poland,2021-06-09,"Johnson&Johnson, Moderna, Oxford/AstraZeneca, Pfizer/BioNTech",https://www.gov.pl/web/szczepimysie/raport-szczepien-przeciwko-covid-19,23240142,15048382,8930085,
Poland,2021-06-10,"Johnson&Johnson, Moderna, Oxford/AstraZeneca, Pfizer/BioNTech",https://www.gov.pl/web/szczepimysie/raport-szczepien-przeciwko-covid-19,23628450,15168747,9204705,
Poland,2021-06-11,"Johnson&Johnson, Moderna, Oxford/AstraZeneca, Pfizer/BioNTech",https://www.gov.pl/web/szczepimysie/raport-szczepien-przeciwko-covid-19,24045826,15324134,9479766,
Poland,2021-06-12,"Johnson&Johnson, Moderna, Oxford/AstraZeneca, Pfizer/BioNTech",https://www.gov.pl/web/szczepimysie/raport-szczepien-przeciwko-covid-19,24360781,15457211,9675538,
Poland,2021-06-13,"Johnson&Johnson, Moderna, Oxford/AstraZeneca, Pfizer/BioNTech",https://www.gov.pl/web/szczepimysie/raport-szczepien-przeciwko-covid-19,24470301,15503070,9747952,
Poland,2021-06-14,"Johnson&Johnson, Moderna, Oxford/AstraZeneca, Pfizer/BioNTech",https://www.gov.pl/web/szczepimysie/raport-szczepien-przeciwko-covid-19,24687629,15549895,9929923,
Poland,2021-06-16,"Johnson&Johnson, Moderna, Oxford/AstraZeneca, Pfizer/BioNTech",https://www.gov.pl/web/szczepimysie/raport-szczepien-przeciwko-covid-19,25482985,15810905,10485703,
Poland,2021-06-17,"Johnson&Johnson, Moderna, Oxford/AstraZeneca, Pfizer/BioNTech",https://www.gov.pl/web/szczepimysie/raport-szczepien-przeciwko-covid-19,25884468,15940640,10765849,
Poland,2021-06-18,"Johnson&Johnson, Moderna, Oxford/AstraZeneca, Pfizer/BioNTech",https://www.gov.pl/web/szczepimysie/raport-szczepien-przeciwko-covid-19,26206854,16045779,10993055,
Poland,2021-06-19,"Johnson&Johnson, Moderna, Oxford/AstraZeneca, Pfizer/BioNTech",https://www.gov.pl/web/szczepimysie/raport-szczepien-przeciwko-covid-19,26422469,16127860,11136832,
Poland,2021-06-20,"Johnson&Johnson, Moderna, Oxford/AstraZeneca, Pfizer/BioNTech",https://www.gov.pl/web/szczepimysie/raport-szczepien-przeciwko-covid-19,26494562,16152134,11190284,
Poland,2021-06-21,"Johnson&Johnson, Moderna, Oxford/AstraZeneca, Pfizer/BioNTech",https://www.gov.pl/web/szczepimysie/raport-szczepien-przeciwko-covid-19,26665528,16184242,11337728,
Poland,2021-06-22,"Johnson&Johnson, Moderna, Oxford/AstraZeneca, Pfizer/BioNTech",https://www.gov.pl/web/szczepimysie/raport-szczepien-przeciwko-covid-19,27078372,16302839,11643337,
Poland,2021-06-23,"Johnson&Johnson, Moderna, Oxford/AstraZeneca, Pfizer/BioNTech",https://www.gov.pl/web/szczepimysie/raport-szczepien-przeciwko-covid-19,27467853,16409509,11934134,
Poland,2021-06-24,"Johnson&Johnson, Moderna, Oxford/AstraZeneca, Pfizer/BioNTech",https://www.gov.pl/web/szczepimysie/raport-szczepien-przeciwko-covid-19,27621910,16447968,12052910,
Poland,2021-06-26,"Johnson&Johnson, Moderna, Oxford/AstraZeneca, Pfizer/BioNTech",https://www.gov.pl/web/szczepimysie/raport-szczepien-przeciwko-covid-19,28354710,16649656,12612947,
Poland,2021-06-27,"Johnson&Johnson, Moderna, Oxford/AstraZeneca, Pfizer/BioNTech",https://www.gov.pl/web/szczepimysie/raport-szczepien-przeciwko-covid-19,28447379,16681699,12682542,
Poland,2021-06-28,"Johnson&Johnson, Moderna, Oxford/AstraZeneca, Pfizer/BioNTech",https://www.gov.pl/web/szczepimysie/raport-szczepien-przeciwko-covid-19,28601320,16716871,12810211,
Poland,2021-06-29,"Johnson&Johnson, Moderna, Oxford/AstraZeneca, Pfizer/BioNTech",https://www.gov.pl/web/szczepimysie/raport-szczepien-przeciwko-covid-19,28888753,16788252,13034402,
Poland,2021-06-30,"Johnson&Johnson, Moderna, Oxford/AstraZeneca, Pfizer/BioNTech",https://www.gov.pl/web/szczepimysie/raport-szczepien-przeciwko-covid-19,29242214,16890799,13293459,
Poland,2021-07-01,"Johnson&Johnson, Moderna, Oxford/AstraZeneca, Pfizer/BioNTech",https://www.gov.pl/web/szczepimysie/raport-szczepien-przeciwko-covid-19,29544033,16971186,13524896,
Poland,2021-07-02,"Johnson&Johnson, Moderna, Oxford/AstraZeneca, Pfizer/BioNTech",https://www.gov.pl/web/szczepimysie/raport-szczepien-przeciwko-covid-19,29791445,17041184,13716258,
Poland,2021-07-03,"Johnson&Johnson, Moderna, Oxford/AstraZeneca, Pfizer/BioNTech",https://www.gov.pl/web/szczepimysie/raport-szczepien-przeciwko-covid-19,29965841,17094868,13854142,
Poland,2021-07-04,"Johnson&Johnson, Moderna, Oxford/AstraZeneca, Pfizer/BioNTech",https://www.gov.pl/web/szczepimysie/raport-szczepien-przeciwko-covid-19,30024149,17114524,13902713,
Poland,2021-07-05,"Johnson&Johnson, Moderna, Oxford/AstraZeneca, Pfizer/BioNTech",https://www.gov.pl/web/szczepimysie/raport-szczepien-przeciwko-covid-19,30148610,17149431,14004587,
Poland,2021-07-06,"Johnson&Johnson, Moderna, Oxford/AstraZeneca, Pfizer/BioNTech",https://www.gov.pl/web/szczepimysie/raport-szczepien-przeciwko-covid-19,30397872,17194359,14218165,
Poland,2021-07-07,"Johnson&Johnson, Moderna, Oxford/AstraZeneca, Pfizer/BioNTech",https://www.gov.pl/web/szczepimysie/raport-szczepien-przeciwko-covid-19,30739367,17254158,14511120,
Poland,2021-07-08,"Johnson&Johnson, Moderna, Oxford/AstraZeneca, Pfizer/BioNTech",https://www.gov.pl/web/szczepimysie/raport-szczepien-przeciwko-covid-19,31004510,17315918,14727053,
Poland,2021-07-09,"Johnson&Johnson, Moderna, Oxford/AstraZeneca, Pfizer/BioNTech",https://www.gov.pl/web/szczepimysie/raport-szczepien-przeciwko-covid-19,31258249,17374533,14938143,
Poland,2021-07-11,"Johnson&Johnson, Moderna, Oxford/AstraZeneca, Pfizer/BioNTech",https://www.gov.pl/web/szczepimysie/raport-szczepien-przeciwko-covid-19,31535478,17430956,15181701,
Poland,2021-07-12,"Johnson&Johnson, Moderna, Oxford/AstraZeneca, Pfizer/BioNTech",https://www.gov.pl/web/szczepimysie/raport-szczepien-przeciwko-covid-19,31653505,17464202,15277111,
Poland,2021-07-13,"Johnson&Johnson, Moderna, Oxford/AstraZeneca, Pfizer/BioNTech",https://www.gov.pl/web/szczepimysie/raport-szczepien-przeciwko-covid-19,31863546,17507308,15453502,
Poland,2021-07-14,"Johnson&Johnson, Moderna, Oxford/AstraZeneca, Pfizer/BioNTech",https://www.gov.pl/web/szczepimysie/raport-szczepien-przeciwko-covid-19,32158852,17569346,15700212,
Poland,2021-07-15,"Johnson&Johnson, Moderna, Oxford/AstraZeneca, Pfizer/BioNTech",https://www.gov.pl/web/szczepimysie/raport-szczepien-przeciwko-covid-19,32413199,17635269,15907199,
Poland,2021-07-17,"Johnson&Johnson, Moderna, Oxford/AstraZeneca, Pfizer/BioNTech",https://www.gov.pl/web/szczepimysie/raport-szczepien-przeciwko-covid-19,32788403,17742406,16211976,
Poland,2021-07-19,"Johnson&Johnson, Moderna, Oxford/AstraZeneca, Pfizer/BioNTech",https://www.gov.pl/web/szczepimysie/raport-szczepien-przeciwko-covid-19,32923412,17797365,16316648,
Poland,2021-07-20,"Johnson&Johnson, Moderna, Oxford/AstraZeneca, Pfizer/BioNTech",https://www.gov.pl/web/szczepimysie/raport-szczepien-przeciwko-covid-19,33083693,17843723,16443569,
Poland,2021-07-21,"Johnson&Johnson, Moderna, Oxford/AstraZeneca, Pfizer/BioNTech",https://www.gov.pl/web/szczepimysie/raport-szczepien-przeciwko-covid-19,33280946,17894628,16603052,
Poland,2021-07-22,"Johnson&Johnson, Moderna, Oxford/AstraZeneca, Pfizer/BioNTech",https://www.gov.pl/web/szczepimysie/raport-szczepien-przeciwko-covid-19,33482067,17956225,16759941,
Poland,2021-07-23,"Johnson&Johnson, Moderna, Oxford/AstraZeneca, Pfizer/BioNTech",https://www.gov.pl/web/szczepimysie/raport-szczepien-przeciwko-covid-19,33641540,18012081,16881997,
Poland,2021-07-25,"Johnson&Johnson, Moderna, Oxford/AstraZeneca, Pfizer/BioNTech",https://www.gov.pl/web/szczepimysie/raport-szczepien-przeciwko-covid-19,33770147,18064022,16986230,
Poland,2021-07-26,"Johnson&Johnson, Moderna, Oxford/AstraZeneca, Pfizer/BioNTech",https://www.gov.pl/web/szczepimysie/raport-szczepien-przeciwko-covid-19,33843941,18095178,17040924,
Poland,2021-07-27,"Johnson&Johnson, Moderna, Oxford/AstraZeneca, Pfizer/BioNTech",https://www.gov.pl/web/szczepimysie/raport-szczepien-przeciwko-covid-19,33945590,18133454,17116255,
Poland,2021-07-28,"Johnson&Johnson, Moderna, Oxford/AstraZeneca, Pfizer/BioNTech",https://www.gov.pl/web/szczepimysie/raport-szczepien-przeciwko-covid-19,34096548,18192439,17225194,
Poland,2021-07-29,"Johnson&Johnson, Moderna, Oxford/AstraZeneca, Pfizer/BioNTech",https://www.gov.pl/web/szczepimysie/raport-szczepien-przeciwko-covid-19,34221338,18239525,17316491,
Poland,2021-07-30,"Johnson&Johnson, Moderna, Oxford/AstraZeneca, Pfizer/BioNTech",https://www.gov.pl/web/szczepimysie/raport-szczepien-przeciwko-covid-19,34334259,18285323,17398999,
Poland,2021-07-31,"Johnson&Johnson, Moderna, Oxford/AstraZeneca, Pfizer/BioNTech",https://www.gov.pl/web/szczepimysie/raport-szczepien-przeciwko-covid-19,34429956,18332060,17470071,
Poland,2021-08-01,"Johnson&Johnson, Moderna, Oxford/AstraZeneca, Pfizer/BioNTech",https://www.gov.pl/web/szczepimysie/raport-szczepien-przeciwko-covid-19,34463736,18357076,17498174,
Poland,2021-08-02,"Johnson&Johnson, Moderna, Oxford/AstraZeneca, Pfizer/BioNTech",https://www.gov.pl/web/szczepimysie/raport-szczepien-przeciwko-covid-19,34521740,18387784,17538257,
Poland,2021-08-03,"Johnson&Johnson, Moderna, Oxford/AstraZeneca, Pfizer/BioNTech",https://www.gov.pl/web/szczepimysie/raport-szczepien-przeciwko-covid-19,34597705,18423513,17590257,
Poland,2021-08-04,"Johnson&Johnson, Moderna, Oxford/AstraZeneca, Pfizer/BioNTech",https://www.gov.pl/web/szczepimysie/raport-szczepien-przeciwko-covid-19,34702058,18469353,17663125,
Poland,2021-08-05,"Johnson&Johnson, Moderna, Oxford/AstraZeneca, Pfizer/BioNTech",https://www.gov.pl/web/szczepimysie/raport-szczepien-przeciwko-covid-19,34806538,18515393,17735484,
Poland,2021-08-07,"Johnson&Johnson, Moderna, Oxford/AstraZeneca, Pfizer/BioNTech",https://www.gov.pl/web/szczepimysie/raport-szczepien-przeciwko-covid-19,34986764,18605722,17863405,
Poland,2021-08-09,"Johnson&Johnson, Moderna, Oxford/AstraZeneca, Pfizer/BioNTech",https://www.gov.pl/web/szczepimysie/raport-szczepien-przeciwko-covid-19,35050510,18643526,17910610,
Poland,2021-08-10,"Johnson&Johnson, Moderna, Oxford/AstraZeneca, Pfizer/BioNTech",https://www.gov.pl/web/szczepimysie/raport-szczepien-przeciwko-covid-19,35114129,18676038,17953396,
Poland,2021-08-11,"Johnson&Johnson, Moderna, Oxford/AstraZeneca, Pfizer/BioNTech",https://www.gov.pl/web/szczepimysie/raport-szczepien-przeciwko-covid-19,35189762,18714190,18003250,
Poland,2021-08-12,"Johnson&Johnson, Moderna, Oxford/AstraZeneca, Pfizer/BioNTech",https://www.gov.pl/web/szczepimysie/raport-szczepien-przeciwko-covid-19,35281208,18759946,18064134,
Poland,2021-08-14,"Johnson&Johnson, Moderna, Oxford/AstraZeneca, Pfizer/BioNTech",https://www.gov.pl/web/szczepimysie/raport-szczepien-przeciwko-covid-19,35409730,18825714,18156083,
Poland,2021-08-15,"Johnson&Johnson, Moderna, Oxford/AstraZeneca, Pfizer/BioNTech",https://www.gov.pl/web/szczepimysie/raport-szczepien-przeciwko-covid-19,35430974,18842300,18173552,
Poland,2021-08-16,"Johnson&Johnson, Moderna, Oxford/AstraZeneca, Pfizer/BioNTech",https://www.gov.pl/web/szczepimysie/raport-szczepien-przeciwko-covid-19,35474489,18863709,18205787,
Poland,2021-08-17,"Johnson&Johnson, Moderna, Oxford/AstraZeneca, Pfizer/BioNTech",https://www.gov.pl/web/szczepimysie/raport-szczepien-przeciwko-covid-19,35528975,18890548,18244397,
Poland,2021-08-18,"Johnson&Johnson, Moderna, Oxford/AstraZeneca, Pfizer/BioNTech",https://www.gov.pl/web/szczepimysie/raport-szczepien-przeciwko-covid-19,35621237,18942274,18309754,
Poland,2021-08-19,"Johnson&Johnson, Moderna, Oxford/AstraZeneca, Pfizer/BioNTech",https://www.gov.pl/web/szczepimysie/raport-szczepien-przeciwko-covid-19,35690920,18974615,18358017,
Poland,2021-08-20,"Johnson&Johnson, Moderna, Oxford/AstraZeneca, Pfizer/BioNTech",https://www.gov.pl/web/szczepimysie/raport-szczepien-przeciwko-covid-19,35763435,19008598,18410561,
Poland,2021-08-21,"Johnson&Johnson, Moderna, Oxford/AstraZeneca, Pfizer/BioNTech",https://www.gov.pl/web/szczepimysie/raport-szczepien-przeciwko-covid-19,35805427,19031403,18443277,
Poland,2021-08-22,"Johnson&Johnson, Moderna, Oxford/AstraZeneca, Pfizer/BioNTech",https://www.gov.pl/web/szczepimysie/raport-szczepien-przeciwko-covid-19,35824579,19046468,18459139,
Poland,2021-08-24,"Johnson&Johnson, Moderna, Oxford/AstraZeneca, Pfizer/BioNTech",https://www.gov.pl/web/szczepimysie/raport-szczepien-przeciwko-covid-19,35917007,19092270,18524940,
Poland,2021-08-26,"Johnson&Johnson, Moderna, Oxford/AstraZeneca, Pfizer/BioNTech",https://www.gov.pl/web/szczepimysie/raport-szczepien-przeciwko-covid-19,36053472,19158536,18618197,
Poland,2021-08-27,"Johnson&Johnson, Moderna, Oxford/AstraZeneca, Pfizer/BioNTech",https://www.gov.pl/web/szczepimysie/raport-szczepien-przeciwko-covid-19,36127090,19194135,18670217,
Poland,2021-08-28,"Johnson&Johnson, Moderna, Oxford/AstraZeneca, Pfizer/BioNTech",https://www.gov.pl/web/szczepimysie/raport-szczepien-przeciwko-covid-19,36171384,19219260,18704011,
Poland,2021-08-29,"Johnson&Johnson, Moderna, Oxford/AstraZeneca, Pfizer/BioNTech",https://www.gov.pl/web/szczepimysie/raport-szczepien-przeciwko-covid-19,36194405,19237695,18722803,
Poland,2021-08-30,"Johnson&Johnson, Moderna, Oxford/AstraZeneca, Pfizer/BioNTech",https://www.gov.pl/web/szczepimysie/raport-szczepien-przeciwko-covid-19,36232370,19257631,18750231,
Poland,2021-08-31,"Johnson&Johnson, Moderna, Oxford/AstraZeneca, Pfizer/BioNTech",https://www.gov.pl/web/szczepimysie/raport-szczepien-przeciwko-covid-19,36286614,19284686,18787636,
Poland,2021-09-01,"Johnson&Johnson, Moderna, Oxford/AstraZeneca, Pfizer/BioNTech",https://www.gov.pl/web/szczepimysie/raport-szczepien-przeciwko-covid-19,36335572,19307400,18821841,
Poland,2021-09-02,"Johnson&Johnson, Moderna, Oxford/AstraZeneca, Pfizer/BioNTech",https://www.gov.pl/web/szczepimysie/raport-szczepien-przeciwko-covid-19,36391474,19333347,18860734,
Poland,2021-09-03,"Johnson&Johnson, Moderna, Oxford/AstraZeneca, Pfizer/BioNTech",https://www.gov.pl/web/szczepimysie/raport-szczepien-przeciwko-covid-19,36452021,19363616,18902890,
Poland,2021-09-04,"Johnson&Johnson, Moderna, Oxford/AstraZeneca, Pfizer/BioNTech",https://www.gov.pl/web/szczepimysie/raport-szczepien-przeciwko-covid-19,36485044,19382663,18927433,
Poland,2021-09-05,"Johnson&Johnson, Moderna, Oxford/AstraZeneca, Pfizer/BioNTech",https://www.gov.pl/web/szczepimysie/raport-szczepien-przeciwko-covid-19,36499891,19394323,18939077,
Poland,2021-09-06,"Johnson&Johnson, Moderna, Oxford/AstraZeneca, Pfizer/BioNTech",https://www.gov.pl/web/szczepimysie/raport-szczepien-przeciwko-covid-19,36525458,19408281,18957376,
Poland,2021-09-07,"Johnson&Johnson, Moderna, Oxford/AstraZeneca, Pfizer/BioNTech",https://www.gov.pl/web/szczepimysie/raport-szczepien-przeciwko-covid-19,36561654,19427000,18982051,
Poland,2021-09-08,"Johnson&Johnson, Moderna, Oxford/AstraZeneca, Pfizer/BioNTech",https://www.gov.pl/web/szczepimysie/raport-szczepien-przeciwko-covid-19,36604902,19448585,19011042,
Poland,2021-09-10,"Johnson&Johnson, Moderna, Oxford/AstraZeneca, Pfizer/BioNTech",https://www.gov.pl/web/szczepimysie/raport-szczepien-przeciwko-covid-19,36709898,19501432,19082133,
Poland,2021-09-11,"Johnson&Johnson, Moderna, Oxford/AstraZeneca, Pfizer/BioNTech",https://www.gov.pl/web/szczepimysie/raport-szczepien-przeciwko-covid-19,36737087,19523117,19096932,
Poland,2021-09-12,"Johnson&Johnson, Moderna, Oxford/AstraZeneca, Pfizer/BioNTech",https://www.gov.pl/web/szczepimysie/raport-szczepien-przeciwko-covid-19,36749445,19532718,19106619,
Poland,2021-09-14,"Johnson&Johnson, Moderna, Oxford/AstraZeneca, Pfizer/BioNTech",https://www.gov.pl/web/szczepimysie/raport-szczepien-przeciwko-covid-19,36803305,19561992,19143244,
Poland,2021-09-15,"Johnson&Johnson, Moderna, Oxford/AstraZeneca, Pfizer/BioNTech",https://www.gov.pl/web/szczepimysie/raport-szczepien-przeciwko-covid-19,36841191,19581730,19167754,
Poland,2021-09-16,"Johnson&Johnson, Moderna, Oxford/AstraZeneca, Pfizer/BioNTech",https://www.gov.pl/web/szczepimysie/raport-szczepien-przeciwko-covid-19,36878694,19601546,19191249,
Poland,2021-09-17,"Johnson&Johnson, Moderna, Oxford/AstraZeneca, Pfizer/BioNTech",https://www.gov.pl/web/szczepimysie/raport-szczepien-przeciwko-covid-19,36922081,19625034,19219358,
Poland,2021-09-19,"Johnson&Johnson, Moderna, Oxford/AstraZeneca, Pfizer/BioNTech",https://www.gov.pl/web/szczepimysie/raport-szczepien-przeciwko-covid-19,36956930,19648110,19244807,
Poland,2021-09-20,"Johnson&Johnson, Moderna, Oxford/AstraZeneca, Pfizer/BioNTech",https://www.gov.pl/web/szczepimysie/raport-szczepien-przeciwko-covid-19,36977687,19659451,19259376,
Poland,2021-09-21,"Johnson&Johnson, Moderna, Oxford/AstraZeneca, Pfizer/BioNTech",https://www.gov.pl/web/szczepimysie/raport-szczepien-przeciwko-covid-19,37007048,19675679,19278324,
Poland,2021-09-22,"Johnson&Johnson, Moderna, Oxford/AstraZeneca, Pfizer/BioNTech",https://www.gov.pl/web/szczepimysie/raport-szczepien-przeciwko-covid-19,37073097,19712418,19320780,
Poland,2021-09-23,"Johnson&Johnson, Moderna, Oxford/AstraZeneca, Pfizer/BioNTech",https://www.gov.pl/web/szczepimysie/raport-szczepien-przeciwko-covid-19,37104651,19730125,19340905,
Poland,2021-09-24,"Johnson&Johnson, Moderna, Oxford/AstraZeneca, Pfizer/BioNTech",https://www.gov.pl/web/szczepimysie/raport-szczepien-przeciwko-covid-19,37144805,19752578,19367855,
Poland,2021-09-25,"Johnson&Johnson, Moderna, Oxford/AstraZeneca, Pfizer/BioNTech",https://www.gov.pl/web/szczepimysie/raport-szczepien-przeciwko-covid-19,37147012,19756349,19374121,
Poland,2021-09-27,"Johnson&Johnson, Moderna, Oxford/AstraZeneca, Pfizer/BioNTech",https://www.gov.pl/web/szczepimysie/raport-szczepien-przeciwko-covid-19,37158644,19766904,19386322,
Poland,2021-09-28,"Johnson&Johnson, Moderna, Oxford/AstraZeneca, Pfizer/BioNTech",https://www.gov.pl/web/szczepimysie/raport-szczepien-przeciwko-covid-19,37186150,19798940,19386695,
Poland,2021-09-29,"Johnson&Johnson, Moderna, Oxford/AstraZeneca, Pfizer/BioNTech",https://www.gov.pl/web/szczepimysie/raport-szczepien-przeciwko-covid-19,37212955,19813605,19404212,
Poland,2021-10-01,"Johnson&Johnson, Moderna, Oxford/AstraZeneca, Pfizer/BioNTech",https://www.gov.pl/web/szczepimysie/raport-szczepien-przeciwko-covid-19,37317759,19845939,19489903,
Poland,2021-10-02,"Johnson&Johnson, Moderna, Oxford/AstraZeneca, Pfizer/BioNTech",https://www.gov.pl/web/szczepimysie/raport-szczepien-przeciwko-covid-19,37331309,19853542,19500218,
Poland,2021-10-03,"Johnson&Johnson, Moderna, Oxford/AstraZeneca, Pfizer/BioNTech",https://www.gov.pl/web/szczepimysie/raport-szczepien-przeciwko-covid-19,37377609,19880124,19531281,
Poland,2021-10-04,"Johnson&Johnson, Moderna, Oxford/AstraZeneca, Pfizer/BioNTech",https://www.gov.pl/web/szczepimysie/raport-szczepien-przeciwko-covid-19,37666261,19885124,19540515,
Poland,2021-10-12,"Johnson&Johnson, Moderna, Oxford/AstraZeneca, Pfizer/BioNTech",https://www.gov.pl/web/szczepimysie/raport-szczepien-przeciwko-covid-19,38043351,19967292,19648767,
Poland,2021-10-13,"Johnson&Johnson, Moderna, Oxford/AstraZeneca, Pfizer/BioNTech",https://www.gov.pl/web/szczepimysie/raport-szczepien-przeciwko-covid-19,38051598,19968901,19651359,
Poland,2021-10-15,"Johnson&Johnson, Moderna, Oxford/AstraZeneca, Pfizer/BioNTech",https://www.gov.pl/web/szczepimysie/raport-szczepien-przeciwko-covid-19,38252125,20016102,19714288,
Poland,2021-10-16,"Johnson&Johnson, Moderna, Oxford/AstraZeneca, Pfizer/BioNTech",https://www.gov.pl/web/szczepimysie/raport-szczepien-przeciwko-covid-19,38280933,20026009,19725793,
Poland,2021-10-17,"Johnson&Johnson, Moderna, Oxford/AstraZeneca, Pfizer/BioNTech",https://www.gov.pl/web/szczepimysie/raport-szczepien-przeciwko-covid-19,38286490,20028338,19728692,
Poland,2021-10-19,"Johnson&Johnson, Moderna, Oxford/AstraZeneca, Pfizer/BioNTech",https://www.gov.pl/web/szczepimysie/raport-szczepien-przeciwko-covid-19,38373412,20050972,19756793,
Poland,2021-10-20,"Johnson&Johnson, Moderna, Oxford/AstraZeneca, Pfizer/BioNTech",https://www.gov.pl/web/szczepimysie/raport-szczepien-przeciwko-covid-19,38439839,20065807,19774453,
Poland,2021-10-21,"Johnson&Johnson, Moderna, Oxford/AstraZeneca, Pfizer/BioNTech",https://www.gov.pl/web/szczepimysie/raport-szczepien-przeciwko-covid-19,38510829,20081239,19793580,
Poland,2021-10-23,"Johnson&Johnson, Moderna, Oxford/AstraZeneca, Pfizer/BioNTech",https://www.gov.pl/web/szczepimysie/raport-szczepien-przeciwko-covid-19,38621872,20113535,19830320,
Poland,2021-10-24,"Johnson&Johnson, Moderna, Oxford/AstraZeneca, Pfizer/BioNTech",https://www.gov.pl/web/szczepimysie/raport-szczepien-przeciwko-covid-19,38629517,20117277,19833946,
Poland,2021-10-25,"Johnson&Johnson, Moderna, Oxford/AstraZeneca, Pfizer/BioNTech",https://www.gov.pl/web/szczepimysie/raport-szczepien-przeciwko-covid-19,38671357,20129987,19846726,836725
Poland,2021-10-26,"Johnson&Johnson, Moderna, Oxford/AstraZeneca, Pfizer/BioNTech",https://www.gov.pl/web/szczepimysie/raport-szczepien-przeciwko-covid-19,38802190,20166722,19886266,907537
Poland,2021-10-28,"Johnson&Johnson, Moderna, Oxford/AstraZeneca, Pfizer/BioNTech",https://www.gov.pl/web/szczepimysie/raport-szczepien-przeciwko-covid-19,38951997,20206425,19924766,994699
Poland,2021-10-29,"Johnson&Johnson, Moderna, Oxford/AstraZeneca, Pfizer/BioNTech",https://www.gov.pl/web/szczepimysie/raport-szczepien-przeciwko-covid-19,39031279,20232132,19950503,1033542
Poland,2021-10-31,"Johnson&Johnson, Moderna, Oxford/AstraZeneca, Pfizer/BioNTech",https://www.gov.pl/web/szczepimysie/raport-szczepien-przeciwko-covid-19,39064978,20248449,19965507,1045109
Poland,2021-11-01,"Johnson&Johnson, Moderna, Oxford/AstraZeneca, Pfizer/BioNTech",https://www.gov.pl/web/szczepimysie/raport-szczepien-przeciwko-covid-19,39067239,20249639,19966504,1045982
Poland,2021-11-02,"Johnson&Johnson, Moderna, Oxford/AstraZeneca, Pfizer/BioNTech",https://www.gov.pl/web/szczepimysie/raport-szczepien-przeciwko-covid-19,39120916,20264839,19981458,1076047
Poland,2021-11-03,"Johnson&Johnson, Moderna, Oxford/AstraZeneca, Pfizer/BioNTech",https://www.gov.pl/web/szczepimysie/raport-szczepien-przeciwko-covid-19,39207074,20285036,19999420,1131722
Poland,2021-11-04,"Johnson&Johnson, Moderna, Oxford/AstraZeneca, Pfizer/BioNTech",https://www.gov.pl/web/szczepimysie/raport-szczepien-przeciwko-covid-19,39299459,20306537,20018204,1191638
Poland,2021-11-05,"Johnson&Johnson, Moderna, Oxford/AstraZeneca, Pfizer/BioNTech",https://www.gov.pl/web/szczepimysie/raport-szczepien-przeciwko-covid-19,39408902,20335591,20042885,1258337
Poland,2021-11-06,"Johnson&Johnson, Moderna, Oxford/AstraZeneca, Pfizer/BioNTech",https://www.gov.pl/web/szczepimysie/raport-szczepien-przeciwko-covid-19,39459792,20352407,20056333,1286458
Poland,2021-11-07,"Johnson&Johnson, Moderna, Oxford/AstraZeneca, Pfizer/BioNTech",https://www.gov.pl/web/szczepimysie/raport-szczepien-przeciwko-covid-19,39469339,20356977,20059964,1290412
Poland,2021-11-08,"Johnson&Johnson, Moderna, Oxford/AstraZeneca, Pfizer/BioNTech",https://www.gov.pl/web/szczepimysie/raport-szczepien-przeciwko-covid-19,39528986,20373465,20072598,1327555
Poland,2021-11-09,"Johnson&Johnson, Moderna, Oxford/AstraZeneca, Pfizer/BioNTech",https://www.gov.pl/web/szczepimysie/raport-szczepien-przeciwko-covid-19,39622998,20395051,20088239,1391559
Poland,2021-11-11,"Johnson&Johnson, Moderna, Oxford/AstraZeneca, Pfizer/BioNTech",https://www.gov.pl/web/szczepimysie/raport-szczepien-przeciwko-covid-19,39757822,20431137,20112513,1478431
Poland,2021-11-12,"Johnson&Johnson, Moderna, Oxford/AstraZeneca, Pfizer/BioNTech",https://www.gov.pl/web/szczepimysie/raport-szczepien-przeciwko-covid-19,39854041,20458397,20134376,1534956
Poland,2021-11-14,"Johnson&Johnson, Moderna, Oxford/AstraZeneca, Pfizer/BioNTech",https://www.gov.pl/web/szczepimysie/raport-szczepien-przeciwko-covid-19,39905294,20475445,20147634,1563508
Poland,2021-11-15,"Johnson&Johnson, Moderna, Oxford/AstraZeneca, Pfizer/BioNTech",https://www.gov.pl/web/szczepimysie/raport-szczepien-przeciwko-covid-19,39971172,20488159,20159697,1608040
Poland,2021-11-16,"Johnson&Johnson, Moderna, Oxford/AstraZeneca, Pfizer/BioNTech",https://www.gov.pl/web/szczepimysie/raport-szczepien-przeciwko-covid-19,40075742,20509516,20177480,1680895
Poland,2021-11-17,"Johnson&Johnson, Moderna, Oxford/AstraZeneca, Pfizer/BioNTech",https://www.gov.pl/web/szczepimysie/raport-szczepien-przeciwko-covid-19,40203203,20534686,20197468,1770988
Poland,2021-11-18,"Johnson&Johnson, Moderna, Oxford/AstraZeneca, Pfizer/BioNTech",https://www.gov.pl/web/szczepimysie/raport-szczepien-przeciwko-covid-19,40334156,20561348,20219201,1861608
Poland,2021-11-19,"Johnson&Johnson, Moderna, Oxford/AstraZeneca, Pfizer/BioNTech",https://www.gov.pl/web/szczepimysie/raport-szczepien-przeciwko-covid-19,40486708,20596619,20247539,1962581
Poland,2021-11-20,"Johnson&Johnson, Moderna, Oxford/AstraZeneca, Pfizer/BioNTech",https://www.gov.pl/web/szczepimysie/raport-szczepien-przeciwko-covid-19,40571910,20619823,20264284,2017196
Poland,2021-11-21,"Johnson&Johnson, Moderna, Oxford/AstraZeneca, Pfizer/BioNTech",https://www.gov.pl/web/szczepimysie/raport-szczepien-przeciwko-covid-19,40587690,20624863,20268848,2026592
Poland,2021-11-22,"Johnson&Johnson, Moderna, Oxford/AstraZeneca, Pfizer/BioNTech",https://www.gov.pl/web/szczepimysie/raport-szczepien-przeciwko-covid-19,40686596,20644940,20280698,2101110
Poland,2021-11-23,"Johnson&Johnson, Moderna, Oxford/AstraZeneca, Pfizer/BioNTech",https://www.gov.pl/web/szczepimysie/raport-szczepien-przeciwko-covid-19,40827691,20671677,20298362,2206886
Poland,2021-11-25,"Johnson&Johnson, Moderna, Oxford/AstraZeneca, Pfizer/BioNTech",https://www.gov.pl/web/szczepimysie/raport-szczepien-przeciwko-covid-19,41183099,20735438,20343006,2473782
Poland,2021-11-27,"Johnson&Johnson, Moderna, Oxford/AstraZeneca, Pfizer/BioNTech",https://www.gov.pl/web/szczepimysie/raport-szczepien-przeciwko-covid-19,41536389,20807234,20398724,2728354
Poland,2021-11-28,"Johnson&Johnson, Moderna, Oxford/AstraZeneca, Pfizer/BioNTech",https://www.gov.pl/web/szczepimysie/raport-szczepien-przeciwko-covid-19,41568021,20814512,20405229,2750827
Poland,2021-11-29,"Johnson&Johnson, Moderna, Oxford/AstraZeneca, Pfizer/BioNTech",https://www.gov.pl/web/szczepimysie/raport-szczepien-przeciwko-covid-19,41675389,20829997,20418316,2836221
Poland,2021-12-01,"Johnson&Johnson, Moderna, Oxford/AstraZeneca, Pfizer/BioNTech",https://www.gov.pl/web/szczepimysie/raport-szczepien-przeciwko-covid-19,42033071,20876315,20456289,3123484
Poland,2021-12-02,"Johnson&Johnson, Moderna, Oxford/AstraZeneca, Pfizer/BioNTech",https://www.gov.pl/web/szczepimysie/raport-szczepien-przeciwko-covid-19,42226766,20901641,20470166,3285651
Poland,2021-12-03,"Johnson&Johnson, Moderna, Oxford/AstraZeneca, Pfizer/BioNTech",https://www.gov.pl/web/szczepimysie/raport-szczepien-przeciwko-covid-19,42488461,20938216,20500035,3492653
Poland,2021-12-04,"Johnson&Johnson, Moderna, Oxford/AstraZeneca, Pfizer/BioNTech",https://www.gov.pl/web/szczepimysie/raport-szczepien-przeciwko-covid-19,42672883,20968528,20521241,3637272
Poland,2021-12-05,"Johnson&Johnson, Moderna, Oxford/AstraZeneca, Pfizer/BioNTech",https://www.gov.pl/web/szczepimysie/raport-szczepien-przeciwko-covid-19,42714925,20976105,20526976,3669978
Poland,2021-12-06,"Johnson&Johnson, Moderna, Oxford/AstraZeneca, Pfizer/BioNTech",https://www.gov.pl/web/szczepimysie/raport-szczepien-przeciwko-covid-19,43054863,21022140,20562999,3943683
Poland,2021-12-08,"Johnson&Johnson, Moderna, Oxford/AstraZeneca, Pfizer/BioNTech",https://www.gov.pl/web/szczepimysie/raport-szczepien-przeciwko-covid-19,43524495,21081218,20608833,4324918
Poland,2021-12-10,"Johnson&Johnson, Moderna, Oxford/AstraZeneca, Pfizer/BioNTech",https://www.gov.pl/web/szczepimysie/raport-szczepien-przeciwko-covid-19,44015507,21143897,20663982,4714227
Poland,2021-12-11,"Johnson&Johnson, Moderna, Oxford/AstraZeneca, Pfizer/BioNTech",https://www.gov.pl/web/szczepimysie/raport-szczepien-przeciwko-covid-19,44200031,21171467,20685210,4858716
Poland,2021-12-12,"Johnson&Johnson, Moderna, Oxford/AstraZeneca, Pfizer/BioNTech",https://www.gov.pl/web/szczepimysie/raport-szczepien-przeciwko-covid-19,44239198,21177713,20689638,4889245
Poland,2021-12-13,"Johnson&Johnson, Moderna, Oxford/AstraZeneca, Pfizer/BioNTech",https://www.gov.pl/web/szczepimysie/raport-szczepien-przeciwko-covid-19,44404322,21196780,20707123,5023195
Poland,2021-12-14,"Johnson&Johnson, Moderna, Oxford/AstraZeneca, Pfizer/BioNTech",https://www.gov.pl/web/szczepimysie/raport-szczepien-przeciwko-covid-19,44616673,21222136,20730782,5194036
Poland,2021-12-15,"Johnson&Johnson, Moderna, Oxford/AstraZeneca, Pfizer/BioNTech",https://www.gov.pl/web/szczepimysie/raport-szczepien-przeciwko-covid-19,44848389,21247906,20756179,5380702
Poland,2021-12-16,"Johnson&Johnson, Moderna, Oxford/AstraZeneca, Pfizer/BioNTech",https://www.gov.pl/web/szczepimysie/raport-szczepien-przeciwko-covid-19,45081352,21285199,20780909,5556622
Poland,2021-12-17,"Johnson&Johnson, Moderna, Oxford/AstraZeneca, Pfizer/BioNTech",https://www.gov.pl/web/szczepimysie/raport-szczepien-przeciwko-covid-19,45334408,21331952,20814451,5737171
Poland,2021-12-18,"Johnson&Johnson, Moderna, Oxford/AstraZeneca, Pfizer/BioNTech",https://www.gov.pl/web/szczepimysie/raport-szczepien-przeciwko-covid-19,45511239,21378003,20835654,5852573
Poland,2021-12-19,"Johnson&Johnson, Moderna, Oxford/AstraZeneca, Pfizer/BioNTech",https://www.gov.pl/web/szczepimysie/raport-szczepien-przeciwko-covid-19,45552262,21387771,20841341,5880648
Poland,2021-12-20,"Johnson&Johnson, Moderna, Oxford/AstraZeneca, Pfizer/BioNTech",https://www.gov.pl/web/szczepimysie/raport-szczepien-przeciwko-covid-19,45724991,21424563,20861652,6001613
Poland,2021-12-21,"Johnson&Johnson, Moderna, Oxford/AstraZeneca, Pfizer/BioNTech",https://www.gov.pl/web/szczepimysie/raport-szczepien-przeciwko-covid-19,45878657,21458498,20880086,6107595
Poland,2021-12-22,"Johnson&Johnson, Moderna, Oxford/AstraZeneca, Pfizer/BioNTech",https://www.gov.pl/web/szczepimysie/raport-szczepien-przeciwko-covid-19,46054360,21497412,20904529,6224720
Poland,2021-12-23,"Johnson&Johnson, Moderna, Oxford/AstraZeneca, Pfizer/BioNTech",https://www.gov.pl/web/szczepimysie/raport-szczepien-przeciwko-covid-19,46146622,21520176,20920358,6282067
Poland,2021-12-24,"Johnson&Johnson, Moderna, Oxford/AstraZeneca, Pfizer/BioNTech",https://www.gov.pl/web/szczepimysie/raport-szczepien-przeciwko-covid-19,46155930,,20922391,6288143
Poland,2021-12-25,"Johnson&Johnson, Moderna, Oxford/AstraZeneca, Pfizer/BioNTech",https://www.gov.pl/web/szczepimysie/raport-szczepien-przeciwko-covid-19,46157174,,20922571,6288858
Poland,2021-12-26,"Johnson&Johnson, Moderna, Oxford/AstraZeneca, Pfizer/BioNTech",https://www.gov.pl/web/szczepimysie/raport-szczepien-przeciwko-covid-19,46158012,21521616,20922822,6290367
Poland,2021-12-28,"Johnson&Johnson, Moderna, Oxford/AstraZeneca, Pfizer/BioNTech",https://www.gov.pl/web/szczepimysie/raport-szczepien-przeciwko-covid-19,46549512,21589717,20984699,6560576
Poland,2021-12-30,"Johnson&Johnson, Moderna, Oxford/AstraZeneca, Pfizer/BioNTech",https://www.gov.pl/web/szczepimysie/raport-szczepien-przeciwko-covid-19,46962321,21668667,21042850,6847727
Poland,2021-12-31,"Johnson&Johnson, Moderna, Oxford/AstraZeneca, Pfizer/BioNTech",https://www.gov.pl/web/szczepimysie/raport-szczepien-przeciwko-covid-19,46987401,21673668,21046400,6865164
Poland,2022-01-01,"Johnson&Johnson, Moderna, Oxford/AstraZeneca, Pfizer/BioNTech",https://www.gov.pl/web/szczepimysie/raport-szczepien-przeciwko-covid-19,46989488,21674039,21046692,6866619
Poland,2022-01-02,"Johnson&Johnson, Moderna, Oxford/AstraZeneca, Pfizer/BioNTech",https://www.gov.pl/web/szczepimysie/raport-szczepien-przeciwko-covid-19,47005555,21677758,21049453,6876797
Poland,2022-01-03,"Johnson&Johnson, Moderna, Oxford/AstraZeneca, Pfizer/BioNTech",https://www.gov.pl/web/szczepimysie/raport-szczepien-przeciwko-covid-19,47167673,21700180,21075266,6994209
Poland,2022-01-04,"Johnson&Johnson, Moderna, Oxford/AstraZeneca, Pfizer/BioNTech",https://www.gov.pl/web/szczepimysie/raport-szczepien-przeciwko-covid-19,47448217,21743816,21113044,7198423
Poland,2022-01-05,"Johnson&Johnson, Moderna, Oxford/AstraZeneca, Pfizer/BioNTech",https://www.gov.pl/web/szczepimysie/raport-szczepien-przeciwko-covid-19,47740564,21784310,21148641,7419284
Poland,2022-01-06,"Johnson&Johnson, Moderna, Oxford/AstraZeneca, Pfizer/BioNTech",https://www.gov.pl/web/szczepimysie/raport-szczepien-przeciwko-covid-19,47775010,21789739,21153724,7444343
Poland,2022-01-07,"Johnson&Johnson, Moderna, Oxford/AstraZeneca, Pfizer/BioNTech",https://www.gov.pl/web/szczepimysie/raport-szczepien-przeciwko-covid-19,48002829,21819293,21194976,7605198
Poland,2022-01-08,"Johnson&Johnson, Moderna, Oxford/AstraZeneca, Pfizer/BioNTech",https://www.gov.pl/web/szczepimysie/raport-szczepien-przeciwko-covid-19,48179792,21842425,21228309,7721118
Poland,2022-01-09,"Johnson&Johnson, Moderna, Oxford/AstraZeneca, Pfizer/BioNTech",https://www.gov.pl/web/szczepimysie/raport-szczepien-przeciwko-covid-19,48215692,21846931,21240294,7744938
Poland,2022-01-10,"Johnson&Johnson, Moderna, Oxford/AstraZeneca, Pfizer/BioNTech",https://www.gov.pl/web/szczepimysie/raport-szczepien-przeciwko-covid-19,48394222,21868432,21276912,7868028
Poland,2022-01-11,"Johnson&Johnson, Moderna, Oxford/AstraZeneca, Pfizer/BioNTech",https://www.gov.pl/web/szczepimysie/raport-szczepien-przeciwko-covid-19,48643742,21913582,21329145,8023619
Poland,2022-01-12,"Johnson&Johnson, Moderna, Oxford/AstraZeneca, Pfizer/BioNTech",https://www.gov.pl/web/szczepimysie/raport-szczepien-przeciwko-covid-19,48893428,21946463,21371753,8202520
Poland,2022-01-13,"Johnson&Johnson, Moderna, Oxford/AstraZeneca, Pfizer/BioNTech",https://www.gov.pl/web/szczepimysie/raport-szczepien-przeciwko-covid-19,49115019,21975695,21400739,8368987
Poland,2022-01-14,"Johnson&Johnson, Moderna, Oxford/AstraZeneca, Pfizer/BioNTech",https://www.gov.pl/web/szczepimysie/raport-szczepien-przeciwko-covid-19,49362965,22010663,21424542,8562488
Poland,2022-01-16,"Johnson&Johnson, Moderna, Oxford/AstraZeneca, Pfizer/BioNTech",https://www.gov.pl/web/szczepimysie/raport-szczepien-przeciwko-covid-19,49558781,22034108,21434065,8720084
Poland,2022-01-17,"Johnson&Johnson, Moderna, Oxford/AstraZeneca, Pfizer/BioNTech",https://www.gov.pl/web/szczepimysie/raport-szczepien-przeciwko-covid-19,49715916,22054191,21454689,8839133
Poland,2022-01-18,"Johnson&Johnson, Moderna, Oxford/AstraZeneca, Pfizer/BioNTech",https://www.gov.pl/web/szczepimysie/raport-szczepien-przeciwko-covid-19,49904088,22077854,21484370,8976804
Poland,2022-01-20,"Johnson&Johnson, Moderna, Oxford/AstraZeneca, Pfizer/BioNTech",https://www.gov.pl/web/szczepimysie/raport-szczepien-przeciwko-covid-19,50298537,22128034,21541049,9269839
Poland,2022-01-21,"Johnson&Johnson, Moderna, Oxford/AstraZeneca, Pfizer/BioNTech",https://www.gov.pl/web/szczepimysie/raport-szczepien-przeciwko-covid-19,50500491,22155003,21559669,9429669
Poland,2022-01-22,"Johnson&Johnson, Moderna, Oxford/AstraZeneca, Pfizer/BioNTech",https://www.gov.pl/web/szczepimysie/raport-szczepien-przeciwko-covid-19,50630585,22174493,21570109,9531842
Poland,2022-01-23,"Johnson&Johnson, Moderna, Oxford/AstraZeneca, Pfizer/BioNTech",https://www.gov.pl/web/szczepimysie/raport-szczepien-przeciwko-covid-19,50671742,22193408,21589637,9551125
Poland,2022-01-24,"Johnson&Johnson, Moderna, Oxford/AstraZeneca, Pfizer/BioNTech",https://www.gov.pl/web/szczepimysie/raport-szczepien-przeciwko-covid-19,50795046,22209910,21608106,9641589
Poland,2022-01-25,"Johnson&Johnson, Moderna, Oxford/AstraZeneca, Pfizer/BioNTech",https://www.gov.pl/web/szczepimysie/raport-szczepien-przeciwko-covid-19,50952034,22230267,21633454,9755022
Poland,2022-01-26,"Johnson&Johnson, Moderna, Oxford/AstraZeneca, Pfizer/BioNTech",https://www.gov.pl/web/szczepimysie/raport-szczepien-przeciwko-covid-19,51119917,22251342,21662397,9875071
Poland,2022-01-27,"Johnson&Johnson, Moderna, Oxford/AstraZeneca, Pfizer/BioNTech",https://www.gov.pl/web/szczepimysie/raport-szczepien-przeciwko-covid-19,51254788,22269206,21675140,9980818
Poland,2022-01-28,"Johnson&Johnson, Moderna, Oxford/AstraZeneca, Pfizer/BioNTech",https://www.gov.pl/web/szczepimysie/raport-szczepien-przeciwko-covid-19,51426061,22291055,21701001,10106897
Poland,2022-01-30,"Johnson&Johnson, Moderna, Oxford/AstraZeneca, Pfizer/BioNTech",https://www.gov.pl/web/szczepimysie/raport-szczepien-przeciwko-covid-19,51564403,22309125,21727625,10202461
Poland,2022-01-31,"Johnson&Johnson, Moderna, Oxford/AstraZeneca, Pfizer/BioNTech",https://www.gov.pl/web/szczepimysie/raport-szczepien-przeciwko-covid-19,51658515,22320403,21747458,10267126
Poland,2022-02-01,"Johnson&Johnson, Moderna, Oxford/AstraZeneca, Pfizer/BioNTech",https://www.gov.pl/web/szczepimysie/raport-szczepien-przeciwko-covid-19,51768860,22334608,21770732,10341305
Poland,2022-02-02,"Johnson&Johnson, Moderna, Oxford/AstraZeneca, Pfizer/BioNTech",https://www.gov.pl/web/szczepimysie/raport-szczepien-przeciwko-covid-19,51887620,22349451,21795822,10421358
Poland,2022-02-03,"Johnson&Johnson, Moderna, Oxford/AstraZeneca, Pfizer/BioNTech",https://www.gov.pl/web/szczepimysie/raport-szczepien-przeciwko-covid-19,51996078,22363222,21819649,10493700
Poland,2022-02-04,"Johnson&Johnson, Moderna, Oxford/AstraZeneca, Pfizer/BioNTech",https://www.gov.pl/web/szczepimysie/raport-szczepien-przeciwko-covid-19,52116952,22377111,21847424,10574409
Poland,2022-02-05,"Johnson&Johnson, Moderna, Oxford/AstraZeneca, Pfizer/BioNTech",https://www.gov.pl/web/szczepimysie/raport-szczepien-przeciwko-covid-19,52197329,22386559,21868932,10624696
Poland,2022-02-06,"Johnson&Johnson, Moderna, Oxford/AstraZeneca, Pfizer/BioNTech",https://www.gov.pl/web/szczepimysie/raport-szczepien-przeciwko-covid-19,52209949,22388213,21872680,10632197
Poland,2022-02-07,"Johnson&Johnson, Moderna, Oxford/AstraZeneca, Pfizer/BioNTech",https://www.gov.pl/web/szczepimysie/raport-szczepien-przeciwko-covid-19,52280338,22399095,21890527,10675427
Poland,2022-02-08,"Johnson&Johnson, Moderna, Oxford/AstraZeneca, Pfizer/BioNTech",https://www.gov.pl/web/szczepimysie/raport-szczepien-przeciwko-covid-19,52363064,22409088,21910805,10728674
Poland,2022-02-09,"Johnson&Johnson, Moderna, Oxford/AstraZeneca, Pfizer/BioNTech",https://www.gov.pl/web/szczepimysie/raport-szczepien-przeciwko-covid-19,52450913,22419936,21932256,10785183
Poland,2022-02-10,"Johnson&Johnson, Moderna, Oxford/AstraZeneca, Pfizer/BioNTech",https://www.gov.pl/web/szczepimysie/raport-szczepien-przeciwko-covid-19,52531873,22430286,21953194,10836067
Poland,2022-02-11,"Johnson&Johnson, Moderna, Oxford/AstraZeneca, Pfizer/BioNTech",https://www.gov.pl/web/szczepimysie/raport-szczepien-przeciwko-covid-19,52625394,22440330,21978545,10895254
Poland,2022-02-12,"Johnson&Johnson, Moderna, Oxford/AstraZeneca, Pfizer/BioNTech",https://www.gov.pl/web/szczepimysie/raport-szczepien-przeciwko-covid-19,52681624,22446900,21995811,10928422
Poland,2022-02-13,"Johnson&Johnson, Moderna, Oxford/AstraZeneca, Pfizer/BioNTech",https://www.gov.pl/web/szczepimysie/raport-szczepien-przeciwko-covid-19,52691015,22449048,21998598,10933181
Poland,2022-02-14,"Johnson&Johnson, Moderna, Oxford/AstraZeneca, Pfizer/BioNTech",https://www.gov.pl/web/szczepimysie/raport-szczepien-przeciwko-covid-19,52735700,22454638,22012341,10959615
Poland,2022-02-15,"Johnson&Johnson, Moderna, Oxford/AstraZeneca, Pfizer/BioNTech",https://www.gov.pl/web/szczepimysie/raport-szczepien-przeciwko-covid-19,52783844,22459895,22026636,10988683
Poland,2022-02-16,"Johnson&Johnson, Moderna, Oxford/AstraZeneca, Pfizer/BioNTech",https://www.gov.pl/web/szczepimysie/raport-szczepien-przeciwko-covid-19,52861561,22468287,22048333,11037134
Poland,2022-02-18,"Johnson&Johnson, Moderna, Oxford/AstraZeneca, Pfizer/BioNTech",https://www.gov.pl/web/szczepimysie/raport-szczepien-przeciwko-covid-19,53003321,22483759,22089979,11124015
Poland,2022-02-19,"Johnson&Johnson, Moderna, Oxford/AstraZeneca, Pfizer/BioNTech",https://www.gov.pl/web/szczepimysie/raport-szczepien-przeciwko-covid-19,53042513,22488032,22102872,11146515
Poland,2022-02-20,"Johnson&Johnson, Moderna, Oxford/AstraZeneca, Pfizer/BioNTech",https://www.gov.pl/web/szczepimysie/raport-szczepien-przeciwko-covid-19,53049693,22489023,22105445,11150290
Poland,2022-02-21,"Johnson&Johnson, Moderna, Oxford/AstraZeneca, Pfizer/BioNTech",https://www.gov.pl/web/szczepimysie/raport-szczepien-przeciwko-covid-19,53088071,22493385,22116954,11173429
Poland,2022-02-22,"Johnson&Johnson, Moderna, Oxford/AstraZeneca, Pfizer/BioNTech",https://www.gov.pl/web/szczepimysie/raport-szczepien-przeciwko-covid-19,53133734,22498354,22130963,11201243
Poland,2022-02-23,"Johnson&Johnson, Moderna, Oxford/AstraZeneca, Pfizer/BioNTech",https://www.gov.pl/web/szczepimysie/raport-szczepien-przeciwko-covid-19,53183011,22503994,22145854,11230835
Poland,2022-02-24,"Johnson&Johnson, Moderna, Oxford/AstraZeneca, Pfizer/BioNTech",https://www.gov.pl/web/szczepimysie/raport-szczepien-przeciwko-covid-19,53229874,22509262,22159554,11259631
Poland,2022-02-25,"Johnson&Johnson, Moderna, Oxford/AstraZeneca, Pfizer/BioNTech",https://www.gov.pl/web/szczepimysie/raport-szczepien-przeciwko-covid-19,53289571,22515420,22177162,11296530
Poland,2022-02-26,"Johnson&Johnson, Moderna, Oxford/AstraZeneca, Pfizer/BioNTech",https://www.gov.pl/web/szczepimysie/raport-szczepien-przeciwko-covid-19,53318913,22518846,22187035,11313191
Poland,2022-02-27,"Johnson&Johnson, Moderna, Oxford/AstraZeneca, Pfizer/BioNTech",https://www.gov.pl/web/szczepimysie/raport-szczepien-przeciwko-covid-19,53324129,22519535,22188817,11316193
Poland,2022-03-01,"Johnson&Johnson, Moderna, Oxford/AstraZeneca, Pfizer/BioNTech",https://www.gov.pl/web/szczepimysie/raport-szczepien-przeciwko-covid-19,53382707,22525671,22207046,11351615
Poland,2022-03-02,"Johnson&Johnson, Moderna, Oxford/AstraZeneca, Pfizer/BioNTech",https://www.gov.pl/web/szczepimysie/raport-szczepien-przeciwko-covid-19,53414424,22529058,22217419,11370272
Poland,2022-03-03,"Johnson&Johnson, Moderna, Oxford/AstraZeneca, Pfizer/BioNTech",https://www.gov.pl/web/szczepimysie/raport-szczepien-przeciwko-covid-19,53444278,22532496,22226815,11387999
Poland,2022-03-04,"Johnson&Johnson, Moderna, Oxford/AstraZeneca, Pfizer/BioNTech",https://www.gov.pl/web/szczepimysie/raport-szczepien-przeciwko-covid-19,53487084,22537367,22239563,11414131
Poland,2022-03-05,"Johnson&Johnson, Moderna, Oxford/AstraZeneca, Pfizer/BioNTech",https://www.gov.pl/web/szczepimysie/raport-szczepien-przeciwko-covid-19,53504033,22539353,22245134,11423942
Poland,2022-03-07,"Johnson&Johnson, Moderna, Oxford/AstraZeneca, Pfizer/BioNTech",https://www.gov.pl/web/szczepimysie/raport-szczepien-przeciwko-covid-19,53526887,22542001,22250993,11439017
Poland,2022-03-08,"Johnson&Johnson, Moderna, Oxford/AstraZeneca, Pfizer/BioNTech",https://www.gov.pl/web/szczepimysie/raport-szczepien-przeciwko-covid-19,53547442,22544385,22256913,11451742
Poland,2022-03-10,"Johnson&Johnson, Moderna, Oxford/AstraZeneca, Pfizer/BioNTech",https://www.gov.pl/web/szczepimysie/raport-szczepien-przeciwko-covid-19,53596915,22549838,22270479,11483298
Poland,2022-03-11,"Johnson&Johnson, Moderna, Oxford/AstraZeneca, Pfizer/BioNTech",https://www.gov.pl/web/szczepimysie/raport-szczepien-przeciwko-covid-19,53632473,22553592,22279771,11506582
Poland,2022-03-13,"Johnson&Johnson, Moderna, Oxford/AstraZeneca, Pfizer/BioNTech",https://www.gov.pl/web/szczepimysie/raport-szczepien-przeciwko-covid-19,53651153,22556096,22284791,11518385
Poland,2022-03-15,"Johnson&Johnson, Moderna, Oxford/AstraZeneca, Pfizer/BioNTech",https://www.gov.pl/web/szczepimysie/raport-szczepien-przeciwko-covid-19,53689500,22560322,22293936,11544436
Poland,2022-03-16,"Johnson&Johnson, Moderna, Oxford/AstraZeneca, Pfizer/BioNTech",https://www.gov.pl/web/szczepimysie/raport-szczepien-przeciwko-covid-19,53711008,22562605,22299356,11558758
Poland,2022-03-17,"Johnson&Johnson, Moderna, Oxford/AstraZeneca, Pfizer/BioNTech",https://www.gov.pl/web/szczepimysie/raport-szczepien-przeciwko-covid-19,53731568,22564781,22304332,11572552
Poland,2022-03-19,"Johnson&Johnson, Moderna, Oxford/AstraZeneca, Pfizer/BioNTech",https://www.gov.pl/web/szczepimysie/raport-szczepien-przeciwko-covid-19,53776917,22569643,22315117,11603187
Poland,2022-03-20,"Johnson&Johnson, Moderna, Oxford/AstraZeneca, Pfizer/BioNTech",https://www.gov.pl/web/szczepimysie/raport-szczepien-przeciwko-covid-19,53779125,22570151,22315653,11604584
Poland,2022-03-21,"Johnson&Johnson, Moderna, Oxford/AstraZeneca, Pfizer/BioNTech",https://www.gov.pl/web/szczepimysie/raport-szczepien-przeciwko-covid-19,53794002,22571765,22318598,11615331
Poland,2022-03-22,"Johnson&Johnson, Moderna, Oxford/AstraZeneca, Pfizer/BioNTech",https://www.gov.pl/web/szczepimysie/raport-szczepien-przeciwko-covid-19,53809376,22573485,22321920,11626049
Poland,2022-03-23,"Johnson&Johnson, Moderna, Oxford/AstraZeneca, Pfizer/BioNTech",https://www.gov.pl/web/szczepimysie/raport-szczepien-przeciwko-covid-19,53826886,22575468,22325834,11638113
Poland,2022-03-24,"Johnson&Johnson, Moderna, Oxford/AstraZeneca, Pfizer/BioNTech",https://www.gov.pl/web/szczepimysie/raport-szczepien-przeciwko-covid-19,53843927,22577534,22329626,11649791
Poland,2022-03-25,"Johnson&Johnson, Moderna, Oxford/AstraZeneca, Pfizer/BioNTech",https://www.gov.pl/web/szczepimysie/raport-szczepien-przeciwko-covid-19,53870219,22580485,22335445,11667933
Poland,2022-03-26,"Johnson&Johnson, Moderna, Oxford/AstraZeneca, Pfizer/BioNTech",https://www.gov.pl/web/szczepimysie/raport-szczepien-przeciwko-covid-19,53880551,22582082,22338081,11674619
Poland,2022-03-27,"Johnson&Johnson, Moderna, Oxford/AstraZeneca, Pfizer/BioNTech",https://www.gov.pl/web/szczepimysie/raport-szczepien-przeciwko-covid-19,53882175,22582308,22338384,11675717
Poland,2022-03-29,"Johnson&Johnson, Moderna, Oxford/AstraZeneca, Pfizer/BioNTech",https://www.gov.pl/web/szczepimysie/raport-szczepien-przeciwko-covid-19,53908363,22585418,22343826,11694159
Poland,2022-03-30,"Johnson&Johnson, Moderna, Oxford/AstraZeneca, Pfizer/BioNTech",https://www.gov.pl/web/szczepimysie/raport-szczepien-przeciwko-covid-19,53924321,22587422,22347421,11705031
Poland,2022-03-31,"Johnson&Johnson, Moderna, Oxford/AstraZeneca, Pfizer/BioNTech",https://www.gov.pl/web/szczepimysie/raport-szczepien-przeciwko-covid-19,53939224,22589179,22350472,11715397
