location,date,vaccine,source_url,total_vaccinations,people_vaccinated,people_fully_vaccinated,total_boosters
Saudi Arabia,2021-01-06,Pfizer/BioNTech,https://covid19.moh.gov.sa/,137862,,,
Saudi Arabia,2021-01-09,Pfizer/BioNTech,https://covid19.moh.gov.sa/,178338,,,
Saudi Arabia,2021-01-16,Pfizer/BioNTech,https://covid19.moh.gov.sa/,295530,,,
Saudi Arabia,2021-01-23,Pfizer/BioNTech,https://covid19.moh.gov.sa/,391643,,,
Saudi Arabia,2021-01-30,Pfizer/BioNTech,https://covid19.moh.gov.sa/,440618,,,
Saudi Arabia,2021-02-10,Pfizer/BioNTech,https://covid19.moh.gov.sa/,444465,,,
Saudi Arabia,2021-02-13,Pfizer/BioNTech,https://covid19.moh.gov.sa/,446940,,,
Saudi Arabia,2021-02-15,Pfizer/BioNTech,https://covid19.moh.gov.sa/,462812,,,
Saudi Arabia,2021-02-17,Pfizer/BioNTech,https://covid19.moh.gov.sa/,501710,,,
Saudi Arabia,2021-02-22,"Oxford/AstraZeneca, Pfizer/BioNTech",https://covid19.moh.gov.sa/,600798,,,
Saudi Arabia,2021-02-24,"Oxford/AstraZeneca, Pfizer/BioNTech",https://covid19.moh.gov.sa/,639587,,,
Saudi Arabia,2021-02-27,"Oxford/AstraZeneca, Pfizer/BioNTech",https://covid19.moh.gov.sa/,780667,,,
Saudi Arabia,2021-03-01,"Oxford/AstraZeneca, Pfizer/BioNTech",https://covid19.moh.gov.sa/,885411,,,
Saudi Arabia,2021-03-02,"Oxford/AstraZeneca, Pfizer/BioNTech",https://covid19.moh.gov.sa/,1003287,,,
Saudi Arabia,2021-03-04,"Oxford/AstraZeneca, Pfizer/BioNTech",https://covid19.moh.gov.sa/,1182943,,,
Saudi Arabia,2021-03-05,"Oxford/AstraZeneca, Pfizer/BioNTech",https://covid19.moh.gov.sa/,1264878,,,
Saudi Arabia,2021-03-07,"Oxford/AstraZeneca, Pfizer/BioNTech",https://covid19.moh.gov.sa/,1332740,,,
Saudi Arabia,2021-03-08,"Oxford/AstraZeneca, Pfizer/BioNTech",https://covid19.moh.gov.sa/,1484935,,,
Saudi Arabia,2021-03-09,"Oxford/AstraZeneca, Pfizer/BioNTech",https://covid19.moh.gov.sa/,1585770,,,
Saudi Arabia,2021-03-10,"Oxford/AstraZeneca, Pfizer/BioNTech",https://covid19.moh.gov.sa/,1685881,,,
Saudi Arabia,2021-03-11,"Oxford/AstraZeneca, Pfizer/BioNTech",https://covid19.moh.gov.sa/,1823819,,,
Saudi Arabia,2021-03-12,"Oxford/AstraZeneca, Pfizer/BioNTech",https://covid19.moh.gov.sa/,1938934,,,
Saudi Arabia,2021-03-13,"Oxford/AstraZeneca, Pfizer/BioNTech",https://covid19.moh.gov.sa/,2082780,,,
Saudi Arabia,2021-03-14,"Oxford/AstraZeneca, Pfizer/BioNTech",https://covid19.moh.gov.sa/,2232110,,,
Saudi Arabia,2021-03-15,"Oxford/AstraZeneca, Pfizer/BioNTech",https://covid19.moh.gov.sa/,2394182,,,
Saudi Arabia,2021-03-16,"Oxford/AstraZeneca, Pfizer/BioNTech",https://covid19.moh.gov.sa/,2457425,,,
Saudi Arabia,2021-03-17,"Oxford/AstraZeneca, Pfizer/BioNTech",https://covid19.moh.gov.sa/,2580949,,,
Saudi Arabia,2021-03-18,"Oxford/AstraZeneca, Pfizer/BioNTech",https://covid19.moh.gov.sa/,2695966,,,
Saudi Arabia,2021-03-19,"Oxford/AstraZeneca, Pfizer/BioNTech",https://covid19.moh.gov.sa/,2922436,,,
Saudi Arabia,2021-03-20,"Oxford/AstraZeneca, Pfizer/BioNTech",https://covid19.moh.gov.sa/,3006419,,,
Saudi Arabia,2021-03-21,"Oxford/AstraZeneca, Pfizer/BioNTech",https://covid19.moh.gov.sa/,3194715,,,
Saudi Arabia,2021-03-22,"Oxford/AstraZeneca, Pfizer/BioNTech",https://covid19.moh.gov.sa/,3343287,,,
Saudi Arabia,2021-03-23,"Oxford/AstraZeneca, Pfizer/BioNTech",https://covid19.moh.gov.sa/,3505695,,,
Saudi Arabia,2021-03-24,"Oxford/AstraZeneca, Pfizer/BioNTech",https://covid19.moh.gov.sa/,3655546,,,
Saudi Arabia,2021-03-25,"Oxford/AstraZeneca, Pfizer/BioNTech",https://covid19.moh.gov.sa/,3810698,,,
Saudi Arabia,2021-03-26,"Oxford/AstraZeneca, Pfizer/BioNTech",https://covid19.moh.gov.sa/,3895858,,,
Saudi Arabia,2021-03-27,"Oxford/AstraZeneca, Pfizer/BioNTech",https://covid19.moh.gov.sa/,4003477,,,
Saudi Arabia,2021-03-28,"Oxford/AstraZeneca, Pfizer/BioNTech",https://covid19.moh.gov.sa/,4132630,,,
Saudi Arabia,2021-03-29,"Oxford/AstraZeneca, Pfizer/BioNTech",https://covid19.moh.gov.sa/,4250055,,,
Saudi Arabia,2021-03-30,"Oxford/AstraZeneca, Pfizer/BioNTech",https://covid19.moh.gov.sa/,4326576,,,
Saudi Arabia,2021-03-31,"Oxford/AstraZeneca, Pfizer/BioNTech",https://covid19.moh.gov.sa/,4432572,,,
Saudi Arabia,2021-04-01,"Oxford/AstraZeneca, Pfizer/BioNTech",https://covid19.moh.gov.sa/,4584006,,,
Saudi Arabia,2021-04-02,"Oxford/AstraZeneca, Pfizer/BioNTech",https://covid19.moh.gov.sa/,4729235,,,
Saudi Arabia,2021-04-03,"Oxford/AstraZeneca, Pfizer/BioNTech",https://covid19.moh.gov.sa/,4877442,,,
Saudi Arabia,2021-04-04,"Oxford/AstraZeneca, Pfizer/BioNTech",https://covid19.moh.gov.sa/,5000120,,,
Saudi Arabia,2021-04-05,"Oxford/AstraZeneca, Pfizer/BioNTech",https://covid19.moh.gov.sa/,5118039,,,
Saudi Arabia,2021-04-06,"Oxford/AstraZeneca, Pfizer/BioNTech",https://covid19.moh.gov.sa/,5345625,,,
Saudi Arabia,2021-04-07,"Oxford/AstraZeneca, Pfizer/BioNTech",https://covid19.moh.gov.sa/,5578229,,,
Saudi Arabia,2021-04-08,"Oxford/AstraZeneca, Pfizer/BioNTech",https://covid19.moh.gov.sa/,5846745,,,
Saudi Arabia,2021-04-09,"Oxford/AstraZeneca, Pfizer/BioNTech",https://covid19.moh.gov.sa/,5989026,,,
Saudi Arabia,2021-04-10,"Oxford/AstraZeneca, Pfizer/BioNTech",https://covid19.moh.gov.sa/,6132124,,,
Saudi Arabia,2021-04-11,"Oxford/AstraZeneca, Pfizer/BioNTech",https://covid19.moh.gov.sa/,6287432,,,
Saudi Arabia,2021-04-12,"Oxford/AstraZeneca, Pfizer/BioNTech",https://covid19.moh.gov.sa/,6411162,,,
Saudi Arabia,2021-04-13,"Oxford/AstraZeneca, Pfizer/BioNTech",https://covid19.moh.gov.sa/,6527823,,,
Saudi Arabia,2021-04-14,"Oxford/AstraZeneca, Pfizer/BioNTech",https://covid19.moh.gov.sa/,6584000,,,
Saudi Arabia,2021-04-15,"Oxford/AstraZeneca, Pfizer/BioNTech",https://covid19.moh.gov.sa/,6723186,,,
Saudi Arabia,2021-04-16,"Oxford/AstraZeneca, Pfizer/BioNTech",https://covid19.moh.gov.sa/,6831440,,,
Saudi Arabia,2021-04-17,"Oxford/AstraZeneca, Pfizer/BioNTech",https://covid19.moh.gov.sa/,6992242,,,
Saudi Arabia,2021-04-18,"Oxford/AstraZeneca, Pfizer/BioNTech",https://covid19.moh.gov.sa/,7190402,,,
Saudi Arabia,2021-04-19,"Oxford/AstraZeneca, Pfizer/BioNTech",https://covid19.moh.gov.sa/,7325016,,,
Saudi Arabia,2021-04-20,"Oxford/AstraZeneca, Pfizer/BioNTech",https://covid19.moh.gov.sa/,7459261,,,
Saudi Arabia,2021-04-21,"Oxford/AstraZeneca, Pfizer/BioNTech",https://covid19.moh.gov.sa/,7653634,,,
Saudi Arabia,2021-04-22,"Oxford/AstraZeneca, Pfizer/BioNTech",https://covid19.moh.gov.sa/,7809612,,,
Saudi Arabia,2021-04-23,"Oxford/AstraZeneca, Pfizer/BioNTech",https://covid19.moh.gov.sa/,7944950,,,
Saudi Arabia,2021-04-24,"Oxford/AstraZeneca, Pfizer/BioNTech",https://covid19.moh.gov.sa/,8059757,,,
Saudi Arabia,2021-04-25,"Oxford/AstraZeneca, Pfizer/BioNTech",https://covid19.moh.gov.sa/,8263836,,,
Saudi Arabia,2021-04-26,"Oxford/AstraZeneca, Pfizer/BioNTech",https://covid19.moh.gov.sa/,8488862,,,
Saudi Arabia,2021-04-27,"Oxford/AstraZeneca, Pfizer/BioNTech",https://covid19.moh.gov.sa/,8693407,,,
Saudi Arabia,2021-04-28,"Oxford/AstraZeneca, Pfizer/BioNTech",https://covid19.moh.gov.sa/,8880219,,,
Saudi Arabia,2021-04-29,"Oxford/AstraZeneca, Pfizer/BioNTech",https://covid19.moh.gov.sa/,9032921,,,
Saudi Arabia,2021-04-30,"Oxford/AstraZeneca, Pfizer/BioNTech",https://covid19.moh.gov.sa/,9343991,,,
Saudi Arabia,2021-05-01,"Oxford/AstraZeneca, Pfizer/BioNTech",https://covid19.moh.gov.sa/,9488912,,,
Saudi Arabia,2021-05-02,"Oxford/AstraZeneca, Pfizer/BioNTech",https://covid19.moh.gov.sa/,9655519,,,
Saudi Arabia,2021-05-03,"Oxford/AstraZeneca, Pfizer/BioNTech",https://covid19.moh.gov.sa/,9772409,,,
Saudi Arabia,2021-05-04,"Oxford/AstraZeneca, Pfizer/BioNTech",https://covid19.moh.gov.sa/,9838285,,,
Saudi Arabia,2021-05-05,"Oxford/AstraZeneca, Pfizer/BioNTech",https://covid19.moh.gov.sa/,9949971,,,
Saudi Arabia,2021-05-06,"Oxford/AstraZeneca, Pfizer/BioNTech",https://covid19.moh.gov.sa/,10110907,,,
Saudi Arabia,2021-05-07,"Oxford/AstraZeneca, Pfizer/BioNTech",https://covid19.moh.gov.sa/,10271299,,,
Saudi Arabia,2021-05-08,"Oxford/AstraZeneca, Pfizer/BioNTech",https://covid19.moh.gov.sa/,10441854,,,
Saudi Arabia,2021-05-09,"Oxford/AstraZeneca, Pfizer/BioNTech",https://covid19.moh.gov.sa/,10629320,,,
Saudi Arabia,2021-05-10,"Oxford/AstraZeneca, Pfizer/BioNTech",https://covid19.moh.gov.sa/,10758710,,,
Saudi Arabia,2021-05-11,"Oxford/AstraZeneca, Pfizer/BioNTech",https://covid19.moh.gov.sa/,10960820,,,
Saudi Arabia,2021-05-12,"Oxford/AstraZeneca, Pfizer/BioNTech",https://covid19.moh.gov.sa/,11098788,,,
Saudi Arabia,2021-05-13,"Oxford/AstraZeneca, Pfizer/BioNTech",https://covid19.moh.gov.sa/,11195164,,,
Saudi Arabia,2021-05-14,"Oxford/AstraZeneca, Pfizer/BioNTech",https://covid19.moh.gov.sa/,11312391,,,
Saudi Arabia,2021-05-15,"Oxford/AstraZeneca, Pfizer/BioNTech",https://covid19.moh.gov.sa/,11489358,,,
Saudi Arabia,2021-05-16,"Oxford/AstraZeneca, Pfizer/BioNTech",https://covid19.moh.gov.sa/,11668767,,,
Saudi Arabia,2021-05-17,"Oxford/AstraZeneca, Pfizer/BioNTech",https://covid19.moh.gov.sa/,11828549,,,
Saudi Arabia,2021-05-18,"Oxford/AstraZeneca, Pfizer/BioNTech",https://covid19.moh.gov.sa/,12020008,,,
Saudi Arabia,2021-05-19,"Oxford/AstraZeneca, Pfizer/BioNTech",https://covid19.moh.gov.sa/,12225726,,,
Saudi Arabia,2021-05-20,"Oxford/AstraZeneca, Pfizer/BioNTech",https://covid19.moh.gov.sa/,12436389,,,
Saudi Arabia,2021-05-21,"Oxford/AstraZeneca, Pfizer/BioNTech",https://covid19.moh.gov.sa/,12616680,,,
Saudi Arabia,2021-05-22,"Oxford/AstraZeneca, Pfizer/BioNTech",https://covid19.moh.gov.sa/,12791781,,,
Saudi Arabia,2021-05-23,"Oxford/AstraZeneca, Pfizer/BioNTech",https://covid19.moh.gov.sa/,12882532,,,
Saudi Arabia,2021-05-24,"Oxford/AstraZeneca, Pfizer/BioNTech",https://covid19.moh.gov.sa/,13013462,,,
Saudi Arabia,2021-05-25,"Oxford/AstraZeneca, Pfizer/BioNTech",https://covid19.moh.gov.sa/,13183309,,,
Saudi Arabia,2021-05-26,"Oxford/AstraZeneca, Pfizer/BioNTech",https://covid19.moh.gov.sa/,13401177,,,
Saudi Arabia,2021-05-27,"Oxford/AstraZeneca, Pfizer/BioNTech",https://covid19.moh.gov.sa/,13583574,,,
Saudi Arabia,2021-05-28,"Oxford/AstraZeneca, Pfizer/BioNTech",https://covid19.moh.gov.sa/,13723119,,,
Saudi Arabia,2021-05-29,"Oxford/AstraZeneca, Pfizer/BioNTech",https://covid19.moh.gov.sa/,13828247,,,
Saudi Arabia,2021-05-30,"Oxford/AstraZeneca, Pfizer/BioNTech",https://covid19.moh.gov.sa/,14043763,,,
Saudi Arabia,2021-05-31,"Oxford/AstraZeneca, Pfizer/BioNTech",https://covid19.moh.gov.sa/,14208292,,,
Saudi Arabia,2021-06-01,"Oxford/AstraZeneca, Pfizer/BioNTech",https://covid19.moh.gov.sa/,14331774,,,
Saudi Arabia,2021-06-02,"Oxford/AstraZeneca, Pfizer/BioNTech",https://covid19.moh.gov.sa/,14512466,,,
Saudi Arabia,2021-06-03,"Oxford/AstraZeneca, Pfizer/BioNTech",https://covid19.moh.gov.sa/,14629297,,,
Saudi Arabia,2021-06-04,"Oxford/AstraZeneca, Pfizer/BioNTech",https://covid19.moh.gov.sa/,14731457,,,
Saudi Arabia,2021-06-05,"Oxford/AstraZeneca, Pfizer/BioNTech",https://covid19.moh.gov.sa/,14843196,,,
Saudi Arabia,2021-06-06,"Oxford/AstraZeneca, Pfizer/BioNTech",https://covid19.moh.gov.sa/,14977476,,,
Saudi Arabia,2021-06-07,"Oxford/AstraZeneca, Pfizer/BioNTech",https://covid19.moh.gov.sa/,15099896,,,
Saudi Arabia,2021-06-08,"Oxford/AstraZeneca, Pfizer/BioNTech",https://covid19.moh.gov.sa/,15221683,,,
Saudi Arabia,2021-06-09,"Oxford/AstraZeneca, Pfizer/BioNTech",https://covid19.moh.gov.sa/,15361514,,,
Saudi Arabia,2021-06-10,"Oxford/AstraZeneca, Pfizer/BioNTech",https://covid19.moh.gov.sa/,15495105,,,
Saudi Arabia,2021-06-11,"Oxford/AstraZeneca, Pfizer/BioNTech",https://covid19.moh.gov.sa/,15605844,,,
Saudi Arabia,2021-06-12,"Oxford/AstraZeneca, Pfizer/BioNTech",https://covid19.moh.gov.sa/,15706724,,,
Saudi Arabia,2021-06-13,"Oxford/AstraZeneca, Pfizer/BioNTech",https://covid19.moh.gov.sa/,15836419,,,
Saudi Arabia,2021-06-14,"Oxford/AstraZeneca, Pfizer/BioNTech",https://covid19.moh.gov.sa/,15984268,,,
Saudi Arabia,2021-06-15,"Oxford/AstraZeneca, Pfizer/BioNTech",https://covid19.moh.gov.sa/,16109908,,,
Saudi Arabia,2021-06-16,"Oxford/AstraZeneca, Pfizer/BioNTech",https://covid19.moh.gov.sa/,16227887,,,
Saudi Arabia,2021-06-17,"Oxford/AstraZeneca, Pfizer/BioNTech",https://covid19.moh.gov.sa/,16362898,,,
Saudi Arabia,2021-06-18,"Oxford/AstraZeneca, Pfizer/BioNTech",https://covid19.moh.gov.sa/,16457176,,,
Saudi Arabia,2021-06-19,"Oxford/AstraZeneca, Pfizer/BioNTech",https://covid19.moh.gov.sa/,16548174,,,
Saudi Arabia,2021-06-20,"Oxford/AstraZeneca, Pfizer/BioNTech",https://covid19.moh.gov.sa/,16649095,,,
Saudi Arabia,2021-06-21,"Oxford/AstraZeneca, Pfizer/BioNTech",https://covid19.moh.gov.sa/,16735649,,,
Saudi Arabia,2021-06-22,"Oxford/AstraZeneca, Pfizer/BioNTech",https://covid19.moh.gov.sa/,16847375,,,
Saudi Arabia,2021-06-23,"Oxford/AstraZeneca, Pfizer/BioNTech",https://covid19.moh.gov.sa/,16933104,,,
Saudi Arabia,2021-06-24,"Oxford/AstraZeneca, Pfizer/BioNTech",https://covid19.moh.gov.sa/,17035094,,,
Saudi Arabia,2021-06-25,"Oxford/AstraZeneca, Pfizer/BioNTech",https://covid19.moh.gov.sa/,17108638,,,
Saudi Arabia,2021-06-26,"Oxford/AstraZeneca, Pfizer/BioNTech",https://covid19.moh.gov.sa/,17217116,,,
Saudi Arabia,2021-06-27,"Oxford/AstraZeneca, Pfizer/BioNTech",https://covid19.moh.gov.sa/,17339253,15894166,1445087,
Saudi Arabia,2021-06-28,"Oxford/AstraZeneca, Pfizer/BioNTech",https://covid19.moh.gov.sa/,17487842,15977557,1510285,
Saudi Arabia,2021-06-29,"Oxford/AstraZeneca, Pfizer/BioNTech",https://covid19.moh.gov.sa/,17671943,16110437,1561506,
Saudi Arabia,2021-06-30,"Oxford/AstraZeneca, Pfizer/BioNTech",https://covid19.moh.gov.sa/,17880870,16293289,1587581,
Saudi Arabia,2021-07-01,"Oxford/AstraZeneca, Pfizer/BioNTech",https://covid19.moh.gov.sa/,18019069,16419217,1599852,
Saudi Arabia,2021-07-02,"Oxford/AstraZeneca, Pfizer/BioNTech",https://covid19.moh.gov.sa/,18198743,16516737,1682006,
Saudi Arabia,2021-07-03,"Oxford/AstraZeneca, Pfizer/BioNTech",https://covid19.moh.gov.sa/,18320428,16604577,1715851,
Saudi Arabia,2021-07-04,"Oxford/AstraZeneca, Pfizer/BioNTech",https://covid19.moh.gov.sa/,18460462,16705096,1755366,
Saudi Arabia,2021-07-05,"Oxford/AstraZeneca, Pfizer/BioNTech",https://covid19.moh.gov.sa/,18699493,16872207,1827286,
Saudi Arabia,2021-07-06,"Oxford/AstraZeneca, Pfizer/BioNTech",https://covid19.moh.gov.sa/,18892398,16987146,1905252,
Saudi Arabia,2021-07-07,"Oxford/AstraZeneca, Pfizer/BioNTech",https://covid19.moh.gov.sa/,19064998,17088207,1976791,
Saudi Arabia,2021-07-08,"Oxford/AstraZeneca, Pfizer/BioNTech",https://covid19.moh.gov.sa/,19262679,17198807,2063872,
Saudi Arabia,2021-07-09,"Oxford/AstraZeneca, Pfizer/BioNTech",https://covid19.moh.gov.sa/,19396996,17271835,2125161,
Saudi Arabia,2021-07-10,"Oxford/AstraZeneca, Pfizer/BioNTech",https://covid19.moh.gov.sa/,19586965,17384949,2202016,
Saudi Arabia,2021-07-11,"Oxford/AstraZeneca, Pfizer/BioNTech",https://covid19.moh.gov.sa/,19825792,17518976,2306816,
Saudi Arabia,2021-07-12,"Oxford/AstraZeneca, Pfizer/BioNTech",https://covid19.moh.gov.sa/,20227729,17753002,2474727,
Saudi Arabia,2021-07-13,"Oxford/AstraZeneca, Pfizer/BioNTech",https://covid19.moh.gov.sa/,20597120,17946562,2650558,
Saudi Arabia,2021-07-14,"Oxford/AstraZeneca, Pfizer/BioNTech",https://covid19.moh.gov.sa/,21094827,18186896,2907931,
Saudi Arabia,2021-07-15,"Oxford/AstraZeneca, Pfizer/BioNTech",https://covid19.moh.gov.sa/,21556314,18397020,3159294,
Saudi Arabia,2021-07-16,"Oxford/AstraZeneca, Pfizer/BioNTech",https://covid19.moh.gov.sa/,21930093,18435261,3494832,
Saudi Arabia,2021-07-17,"Oxford/AstraZeneca, Pfizer/BioNTech",https://covid19.moh.gov.sa/,22263079,18438591,3824488,
Saudi Arabia,2021-07-18,"Oxford/AstraZeneca, Pfizer/BioNTech",https://covid19.moh.gov.sa/,22646489,18441597,4204892,
Saudi Arabia,2021-07-19,"Oxford/AstraZeneca, Pfizer/BioNTech",https://covid19.moh.gov.sa/,22870428,18441821,4428607,
Saudi Arabia,2021-07-20,"Oxford/AstraZeneca, Pfizer/BioNTech",https://covid19.moh.gov.sa/,23079604,18442030,4637574,
Saudi Arabia,2021-07-21,"Oxford/AstraZeneca, Pfizer/BioNTech",https://covid19.moh.gov.sa/,23384311,18442334,4941977,
Saudi Arabia,2021-07-22,"Oxford/AstraZeneca, Pfizer/BioNTech",https://covid19.moh.gov.sa/,23725741,18442676,5283065,
Saudi Arabia,2021-07-23,"Oxford/AstraZeneca, Pfizer/BioNTech",https://covid19.moh.gov.sa/,24008547,18442959,5565588,
Saudi Arabia,2021-07-24,"Oxford/AstraZeneca, Pfizer/BioNTech",https://covid19.moh.gov.sa/,24314234,18443264,5870970,
Saudi Arabia,2021-07-25,"Oxford/AstraZeneca, Pfizer/BioNTech",https://covid19.moh.gov.sa/,24688885,18443639,6245246,
Saudi Arabia,2021-07-26,"Oxford/AstraZeneca, Pfizer/BioNTech",https://covid19.moh.gov.sa/,25061477,18444012,6617465,
Saudi Arabia,2021-07-27,"Oxford/AstraZeneca, Pfizer/BioNTech",https://covid19.moh.gov.sa/,25464480,18444415,7020065,
Saudi Arabia,2021-07-28,"Oxford/AstraZeneca, Pfizer/BioNTech",https://covid19.moh.gov.sa/,25872997,18451457,7421540,
Saudi Arabia,2021-07-29,"Oxford/AstraZeneca, Pfizer/BioNTech",https://covid19.moh.gov.sa/,26275904,18575016,7700888,
Saudi Arabia,2021-07-30,"Oxford/AstraZeneca, Pfizer/BioNTech",https://covid19.moh.gov.sa/,26567950,18679153,7888797,
Saudi Arabia,2021-07-31,"Oxford/AstraZeneca, Pfizer/BioNTech",https://covid19.moh.gov.sa/,26867756,18786436,8081320,
Saudi Arabia,2021-08-01,"Oxford/AstraZeneca, Pfizer/BioNTech",https://covid19.moh.gov.sa/,27322817,18979146,8343671,
Saudi Arabia,2021-08-02,"Oxford/AstraZeneca, Pfizer/BioNTech",https://covid19.moh.gov.sa/,27810488,19199165,8611323,
Saudi Arabia,2021-08-03,"Oxford/AstraZeneca, Pfizer/BioNTech",https://covid19.moh.gov.sa/,28259181,19370762,8888419,
Saudi Arabia,2021-08-04,"Oxford/AstraZeneca, Pfizer/BioNTech",https://covid19.moh.gov.sa/,28583042,19516714,9066328,
Saudi Arabia,2021-08-05,"Oxford/AstraZeneca, Pfizer/BioNTech",https://covid19.moh.gov.sa/,29094173,19630752,9479775,
Saudi Arabia,2021-08-06,"Oxford/AstraZeneca, Pfizer/BioNTech",https://covid19.moh.gov.sa/,29322286,19719028,9603258,
Saudi Arabia,2021-08-07,"Oxford/AstraZeneca, Pfizer/BioNTech",https://covid19.moh.gov.sa/,29601733,19852575,9749158,
Saudi Arabia,2021-08-08,"Oxford/AstraZeneca, Pfizer/BioNTech",https://covid19.moh.gov.sa/,29951707,20028555,9923152,
Saudi Arabia,2021-08-09,"Oxford/AstraZeneca, Pfizer/BioNTech",https://covid19.moh.gov.sa/,30221244,20164624,10056620,
Saudi Arabia,2021-08-10,"Oxford/AstraZeneca, Pfizer/BioNTech",https://covid19.moh.gov.sa/,30544436,20315744,10228692,
Saudi Arabia,2021-08-11,"Oxford/AstraZeneca, Pfizer/BioNTech",https://covid19.moh.gov.sa/,30901898,20460951,10440947,
Saudi Arabia,2021-08-12,"Oxford/AstraZeneca, Pfizer/BioNTech",https://covid19.moh.gov.sa/,31278114,20597674,10680440,
Saudi Arabia,2021-08-13,"Oxford/AstraZeneca, Pfizer/BioNTech",https://covid19.moh.gov.sa/,31452285,20649897,10802388,
Saudi Arabia,2021-08-14,"Oxford/AstraZeneca, Pfizer/BioNTech",https://covid19.moh.gov.sa/,31654206,20709236,10944970,
Saudi Arabia,2021-08-15,"Oxford/AstraZeneca, Pfizer/BioNTech",https://covid19.moh.gov.sa/,31965789,20809009,11156780,
Saudi Arabia,2021-08-16,"Oxford/AstraZeneca, Pfizer/BioNTech",https://covid19.moh.gov.sa/,32281173,20906174,11374999,
Saudi Arabia,2021-08-17,"Oxford/AstraZeneca, Pfizer/BioNTech",https://covid19.moh.gov.sa/,32612078,21011882,11600196,
Saudi Arabia,2021-08-18,"Oxford/AstraZeneca, Pfizer/BioNTech",https://covid19.moh.gov.sa/,32940547,21109035,11831512,
Saudi Arabia,2021-08-19,"Oxford/AstraZeneca, Pfizer/BioNTech",https://covid19.moh.gov.sa/,33271819,21196563,12075256,
Saudi Arabia,2021-08-20,"Oxford/AstraZeneca, Pfizer/BioNTech",https://covid19.moh.gov.sa/,33487478,21256778,12230700,
Saudi Arabia,2021-08-21,"Oxford/AstraZeneca, Pfizer/BioNTech",https://covid19.moh.gov.sa/,33735074,21329504,12405570,
Saudi Arabia,2021-08-22,"Oxford/AstraZeneca, Pfizer/BioNTech",https://covid19.moh.gov.sa/,34103119,21437649,12665470,
Saudi Arabia,2021-08-23,"Oxford/AstraZeneca, Pfizer/BioNTech",https://covid19.moh.gov.sa/,34470366,21538701,12931665,
Saudi Arabia,2021-08-24,"Oxford/AstraZeneca, Pfizer/BioNTech",https://covid19.moh.gov.sa/,34832319,21627214,13205105,
Saudi Arabia,2021-08-25,"Oxford/AstraZeneca, Pfizer/BioNTech",https://covid19.moh.gov.sa/,35166050,21713687,13452363,
Saudi Arabia,2021-08-26,"Oxford/AstraZeneca, Pfizer/BioNTech",https://covid19.moh.gov.sa/,35523978,21797475,13726503,
Saudi Arabia,2021-08-27,"Oxford/AstraZeneca, Pfizer/BioNTech",https://covid19.moh.gov.sa/,35746665,21841853,13904812,
Saudi Arabia,2021-08-28,"Oxford/AstraZeneca, Pfizer/BioNTech",https://covid19.moh.gov.sa/,36027089,21899035,14128054,
Saudi Arabia,2021-08-29,"Oxford/AstraZeneca, Pfizer/BioNTech",https://covid19.moh.gov.sa/,36519290,22061992,14457298,
Saudi Arabia,2021-08-30,"Oxford/AstraZeneca, Pfizer/BioNTech",https://covid19.moh.gov.sa/,36837337,22145052,14692285,
Saudi Arabia,2021-08-31,"Oxford/AstraZeneca, Pfizer/BioNTech",https://covid19.moh.gov.sa/,37133188,22218040,14915148,
Saudi Arabia,2021-09-01,"Oxford/AstraZeneca, Pfizer/BioNTech",https://covid19.moh.gov.sa/,37352153,22275542,15076611,
Saudi Arabia,2021-09-02,"Oxford/AstraZeneca, Pfizer/BioNTech",https://covid19.moh.gov.sa/,37593149,22330852,15262297,
Saudi Arabia,2021-09-03,"Oxford/AstraZeneca, Pfizer/BioNTech",https://covid19.moh.gov.sa/,37701606,22354373,15347233,
Saudi Arabia,2021-09-04,"Oxford/AstraZeneca, Pfizer/BioNTech",https://covid19.moh.gov.sa/,37835216,22383288,15451928,
Saudi Arabia,2021-09-05,"Oxford/AstraZeneca, Pfizer/BioNTech",https://covid19.moh.gov.sa/,38069150,22440020,15629130,
Saudi Arabia,2021-09-06,"Oxford/AstraZeneca, Pfizer/BioNTech",https://covid19.moh.gov.sa/,38265272,22490656,15774616,
Saudi Arabia,2021-09-07,"Oxford/AstraZeneca, Pfizer/BioNTech",https://covid19.moh.gov.sa/,38492516,22543982,15948534,
Saudi Arabia,2021-09-08,"Oxford/AstraZeneca, Pfizer/BioNTech",https://covid19.moh.gov.sa/,38738841,22604145,16134696,
Saudi Arabia,2021-09-09,"Oxford/AstraZeneca, Pfizer/BioNTech",https://covid19.moh.gov.sa/,39009895,22662007,16347888,
Saudi Arabia,2021-09-10,"Oxford/AstraZeneca, Pfizer/BioNTech",https://covid19.moh.gov.sa/,39163349,22691142,16472207,
Saudi Arabia,2021-09-11,"Oxford/AstraZeneca, Pfizer/BioNTech",https://covid19.moh.gov.sa/,39351793,22726957,16624836,
Saudi Arabia,2021-09-12,"Oxford/AstraZeneca, Pfizer/BioNTech",https://covid19.moh.gov.sa/,39606175,22784983,16821192,
Saudi Arabia,2021-09-13,"Oxford/AstraZeneca, Pfizer/BioNTech",https://covid19.moh.gov.sa/,39839942,22840150,16999792,
Saudi Arabia,2021-09-14,"Oxford/AstraZeneca, Pfizer/BioNTech",https://covid19.moh.gov.sa/,40034922,22886715,17148207,
Saudi Arabia,2021-09-15,"Oxford/AstraZeneca, Pfizer/BioNTech",https://covid19.moh.gov.sa/,40224990,22932990,17292000,
Saudi Arabia,2021-09-16,"Oxford/AstraZeneca, Pfizer/BioNTech",https://covid19.moh.gov.sa/,40480932,23002312,17478620,
Saudi Arabia,2021-09-17,"Oxford/AstraZeneca, Pfizer/BioNTech",https://covid19.moh.gov.sa/,40573886,23022910,17550976,
Saudi Arabia,2021-09-18,"Oxford/AstraZeneca, Pfizer/BioNTech",https://covid19.moh.gov.sa/,40698074,23048287,17649787,
Saudi Arabia,2021-09-19,"Oxford/AstraZeneca, Pfizer/BioNTech",https://covid19.moh.gov.sa/,40888055,23092903,17795152,
Saudi Arabia,2021-09-20,"Oxford/AstraZeneca, Pfizer/BioNTech",https://covid19.moh.gov.sa/,41035355,23126976,17908379,
Saudi Arabia,2021-09-21,"Oxford/AstraZeneca, Pfizer/BioNTech",https://covid19.moh.gov.sa/,41176166,23161466,18014700,
Saudi Arabia,2021-09-22,"Oxford/AstraZeneca, Pfizer/BioNTech",https://covid19.moh.gov.sa/,41290665,23187853,18102812,
Saudi Arabia,2021-09-23,"Oxford/AstraZeneca, Pfizer/BioNTech",https://covid19.moh.gov.sa/,41360564,23201817,18158747,
Saudi Arabia,2021-09-24,"Oxford/AstraZeneca, Pfizer/BioNTech",https://covid19.moh.gov.sa/,41404952,23211366,18193586,
Saudi Arabia,2021-09-25,"Oxford/AstraZeneca, Pfizer/BioNTech",https://covid19.moh.gov.sa/,41490683,23228976,18261707,
Saudi Arabia,2021-09-26,"Oxford/AstraZeneca, Pfizer/BioNTech",https://covid19.moh.gov.sa/,41641404,23267880,18373524,
Saudi Arabia,2021-09-27,"Oxford/AstraZeneca, Pfizer/BioNTech",https://covid19.moh.gov.sa/,41770485,23300944,18469541,
Saudi Arabia,2021-09-28,"Oxford/AstraZeneca, Pfizer/BioNTech",https://covid19.moh.gov.sa/,41886181,23330923,18555258,
Saudi Arabia,2021-09-29,"Oxford/AstraZeneca, Pfizer/BioNTech",https://covid19.moh.gov.sa/,41990202,23357711,18632491,
Saudi Arabia,2021-09-30,"Oxford/AstraZeneca, Pfizer/BioNTech",https://covid19.moh.gov.sa/,42109715,23387302,18722413,
Saudi Arabia,2021-10-01,"Oxford/AstraZeneca, Pfizer/BioNTech",https://covid19.moh.gov.sa/,42163997,23399260,18764737,
Saudi Arabia,2021-10-02,"Oxford/AstraZeneca, Pfizer/BioNTech",https://covid19.moh.gov.sa/,42265381,23420022,18845359,
Saudi Arabia,2021-10-03,"Oxford/AstraZeneca, Pfizer/BioNTech",https://covid19.moh.gov.sa/,42435821,23460621,18975200,
Saudi Arabia,2021-10-04,"Oxford/AstraZeneca, Pfizer/BioNTech",https://covid19.moh.gov.sa/,42597949,23496873,19101076,
Saudi Arabia,2021-10-05,"Oxford/AstraZeneca, Pfizer/BioNTech",https://covid19.moh.gov.sa/,42747213,23527144,19220069,
Saudi Arabia,2021-10-06,"Oxford/AstraZeneca, Pfizer/BioNTech",https://covid19.moh.gov.sa/,42913322,23560753,19352569,
Saudi Arabia,2021-10-07,"Oxford/AstraZeneca, Pfizer/BioNTech",https://covid19.moh.gov.sa/,43098861,23595375,19503486,
Saudi Arabia,2021-10-08,"Oxford/AstraZeneca, Pfizer/BioNTech",https://covid19.moh.gov.sa/,43191898,23611050,19580848,
Saudi Arabia,2021-10-09,"Oxford/AstraZeneca, Pfizer/BioNTech",https://covid19.moh.gov.sa/,43335663,23631492,19704171,
Saudi Arabia,2021-10-10,"Oxford/AstraZeneca, Pfizer/BioNTech",https://covid19.moh.gov.sa/,43615548,23684473,19931075,
Saudi Arabia,2021-10-11,"Oxford/AstraZeneca, Pfizer/BioNTech",https://covid19.moh.gov.sa/,43852647,23731270,20121377,
Saudi Arabia,2021-10-12,"Oxford/AstraZeneca, Pfizer/BioNTech",https://covid19.moh.gov.sa/,44052112,23774000,20278112,
Saudi Arabia,2021-10-13,"Oxford/AstraZeneca, Pfizer/BioNTech",https://covid19.moh.gov.sa/,44219652,23810472,20409180,
Saudi Arabia,2021-10-14,"Oxford/AstraZeneca, Pfizer/BioNTech",https://covid19.moh.gov.sa/,44374451,23844426,20530025,
Saudi Arabia,2021-10-15,"Oxford/AstraZeneca, Pfizer/BioNTech",https://covid19.moh.gov.sa/,44441515,23859776,20581739,
Saudi Arabia,2021-10-16,"Oxford/AstraZeneca, Pfizer/BioNTech",https://covid19.moh.gov.sa/,44521775,23878391,20643384,
Saudi Arabia,2021-10-17,"Oxford/AstraZeneca, Pfizer/BioNTech",https://covid19.moh.gov.sa/,44652849,23912323,20740526,
Saudi Arabia,2021-10-18,"Oxford/AstraZeneca, Pfizer/BioNTech",https://covid19.moh.gov.sa/,44698978,23924621,20774357,
Saudi Arabia,2021-10-19,"Oxford/AstraZeneca, Pfizer/BioNTech",https://covid19.moh.gov.sa/,44862697,23967472,20895225,
Saudi Arabia,2021-10-20,"Oxford/AstraZeneca, Pfizer/BioNTech",https://covid19.moh.gov.sa/,44950769,23991079,20959690,
Saudi Arabia,2021-10-21,"Oxford/AstraZeneca, Pfizer/BioNTech",https://covid19.moh.gov.sa/,45041861,24014216,21027645,
Saudi Arabia,2021-10-22,"Oxford/AstraZeneca, Pfizer/BioNTech",https://covid19.moh.gov.sa/,45091787,24028992,21062795,
Saudi Arabia,2021-10-23,"Oxford/AstraZeneca, Pfizer/BioNTech",https://covid19.moh.gov.sa/,45172188,24057315,21114873,
Saudi Arabia,2021-10-24,"Oxford/AstraZeneca, Pfizer/BioNTech",https://covid19.moh.gov.sa/,45266839,24084544,21182295,
Saudi Arabia,2021-10-25,"Oxford/AstraZeneca, Pfizer/BioNTech",https://covid19.moh.gov.sa/,45352626,24108157,21244469,
Saudi Arabia,2021-10-26,"Oxford/AstraZeneca, Pfizer/BioNTech",https://covid19.moh.gov.sa/,45428214,24129578,21298636,
Saudi Arabia,2021-10-27,"Oxford/AstraZeneca, Pfizer/BioNTech",https://covid19.moh.gov.sa/,45497613,24147841,21349772,
Saudi Arabia,2021-10-28,"Oxford/AstraZeneca, Pfizer/BioNTech",https://covid19.moh.gov.sa/,45566425,24165859,21400566,
Saudi Arabia,2021-10-29,"Oxford/AstraZeneca, Pfizer/BioNTech",https://covid19.moh.gov.sa/,45596373,24173536,21422837,
Saudi Arabia,2021-10-30,"Oxford/AstraZeneca, Pfizer/BioNTech",https://covid19.moh.gov.sa/,45641533,24185908,21455625,
Saudi Arabia,2021-10-31,"Oxford/AstraZeneca, Pfizer/BioNTech",https://covid19.moh.gov.sa/,45720862,24208729,21512133,
Saudi Arabia,2021-11-01,"Oxford/AstraZeneca, Pfizer/BioNTech",https://covid19.moh.gov.sa/,45784362,24226322,21558040,
Saudi Arabia,2021-11-02,"Oxford/AstraZeneca, Pfizer/BioNTech",https://covid19.moh.gov.sa/,46120529,24248200,21612557,259772
Saudi Arabia,2021-11-03,"Oxford/AstraZeneca, Pfizer/BioNTech",https://covid19.moh.gov.sa/,46174722,24261265,21648540,264934
Saudi Arabia,2021-11-04,"Oxford/AstraZeneca, Pfizer/BioNTech",https://covid19.moh.gov.sa/,46225391,24273577,21681961,269853
Saudi Arabia,2021-11-05,"Oxford/AstraZeneca, Pfizer/BioNTech",https://covid19.moh.gov.sa/,46270412,24284570,21710595,275256
Saudi Arabia,2021-11-06,"Oxford/AstraZeneca, Pfizer/BioNTech",https://covid19.moh.gov.sa/,46288357,24288343,21721987,278027
Saudi Arabia,2021-11-09,"Oxford/AstraZeneca, Pfizer/BioNTech",https://covid19.moh.gov.sa/,46488601,24337520,21857119,293992
Saudi Arabia,2021-11-10,"Oxford/AstraZeneca, Pfizer/BioNTech",https://covid19.moh.gov.sa/,46545444,24353452,21894014,298000
Saudi Arabia,2021-11-11,"Oxford/AstraZeneca, Pfizer/BioNTech",https://covid19.moh.gov.sa/,46612033,24372785,21936792,302456
Saudi Arabia,2021-11-12,"Oxford/AstraZeneca, Pfizer/BioNTech",https://covid19.moh.gov.sa/,46637027,24379243,21953463,304321
Saudi Arabia,2021-11-13,"Oxford/AstraZeneca, Pfizer/BioNTech",https://covid19.moh.gov.sa/,46672541,24388956,21976248,307344
Saudi Arabia,2021-11-14,"Oxford/AstraZeneca, Pfizer/BioNTech",https://covid19.moh.gov.sa/,46743789,24410797,22022105,310887
Saudi Arabia,2021-11-15,"Oxford/AstraZeneca, Pfizer/BioNTech",https://covid19.moh.gov.sa/,46806146,24430380,22061577,314200
Saudi Arabia,2021-11-16,"Oxford/AstraZeneca, Pfizer/BioNTech",https://covid19.moh.gov.sa/,46829090,24438282,22075529,315279
Saudi Arabia,2021-11-17,"Oxford/AstraZeneca, Pfizer/BioNTech",https://covid19.moh.gov.sa/,46910179,24463682,22126411,320106
Saudi Arabia,2021-11-18,"Oxford/AstraZeneca, Pfizer/BioNTech",https://covid19.moh.gov.sa/,46959458,24477958,22158110,323390
Saudi Arabia,2021-11-19,"Oxford/AstraZeneca, Pfizer/BioNTech",https://covid19.moh.gov.sa/,46979616,24483026,22171309,325281
Saudi Arabia,2021-11-20,"Oxford/AstraZeneca, Pfizer/BioNTech",https://covid19.moh.gov.sa/,47013241,24492088,22192521,328632
Saudi Arabia,2021-11-21,"Oxford/AstraZeneca, Pfizer/BioNTech",https://covid19.moh.gov.sa/,47061187,24506864,22223093,331250
Saudi Arabia,2021-11-22,"Oxford/AstraZeneca, Pfizer/BioNTech",https://covid19.moh.gov.sa/,47111648,24522627,22255376,333671
Saudi Arabia,2021-11-23,"Oxford/AstraZeneca, Pfizer/BioNTech",https://covid19.moh.gov.sa/,47155332,24536094,22282865,336373
Saudi Arabia,2021-11-24,"Oxford/AstraZeneca, Pfizer/BioNTech",https://covid19.moh.gov.sa/,47200127,24549813,22311359,338991
Saudi Arabia,2021-11-25,"Oxford/AstraZeneca, Pfizer/BioNTech",https://covid19.moh.gov.sa/,47244948,24562266,22340456,342228
Saudi Arabia,2021-11-26,"Oxford/AstraZeneca, Pfizer/BioNTech",https://covid19.moh.gov.sa/,47265454,24568254,22353415,343842
Saudi Arabia,2021-11-27,"Oxford/AstraZeneca, Pfizer/BioNTech",https://covid19.moh.gov.sa/,47293262,24576709,22370726,345852
Saudi Arabia,2021-11-28,"Oxford/AstraZeneca, Pfizer/BioNTech",https://covid19.moh.gov.sa/,47309172,24581780,22380259,347133
Saudi Arabia,2021-11-29,"Oxford/AstraZeneca, Pfizer/BioNTech",https://covid19.moh.gov.sa/,47391642,24605333,22432544,353765
Saudi Arabia,2021-11-30,"Oxford/AstraZeneca, Pfizer/BioNTech",https://covid19.moh.gov.sa/,47444801,24619259,22467509,358049
Saudi Arabia,2021-12-01,"Oxford/AstraZeneca, Pfizer/BioNTech",https://covid19.moh.gov.sa/,47449878,24620971,22470514,358393
Saudi Arabia,2021-12-03,"Oxford/AstraZeneca, Pfizer/BioNTech",https://covid19.moh.gov.sa/,47536454,24643207,22526908,366339
Saudi Arabia,2021-12-04,"Oxford/AstraZeneca, Pfizer/BioNTech",https://covid19.moh.gov.sa/,47627391,24665104,22581545,380742
Saudi Arabia,2021-12-05,"Oxford/AstraZeneca, Pfizer/BioNTech",https://covid19.moh.gov.sa/,47701071,24684104,22620922,396046
Saudi Arabia,2021-12-06,"Oxford/AstraZeneca, Pfizer/BioNTech",https://covid19.moh.gov.sa/,47766580,24701843,22654356,410381
Saudi Arabia,2021-12-07,"Oxford/AstraZeneca, Pfizer/BioNTech",https://covid19.moh.gov.sa/,47831664,24718878,22684981,427836
Saudi Arabia,2021-12-08,"Oxford/AstraZeneca, Pfizer/BioNTech",https://covid19.moh.gov.sa/,47897131,24736637,22715883,444617
Saudi Arabia,2021-12-09,"Oxford/AstraZeneca, Pfizer/BioNTech",https://covid19.moh.gov.sa/,47957035,24751433,22743817,461791
Saudi Arabia,2021-12-10,"Oxford/AstraZeneca, Pfizer/BioNTech",https://covid19.moh.gov.sa/,47983970,24757408,22755094,471468
Saudi Arabia,2021-12-11,"Oxford/AstraZeneca, Pfizer/BioNTech",https://covid19.moh.gov.sa/,48023170,24766927,22771497,484746
Saudi Arabia,2021-12-12,"Oxford/AstraZeneca, Pfizer/BioNTech",https://covid19.moh.gov.sa/,48088092,24786057,22801826,500209
Saudi Arabia,2021-12-13,"Oxford/AstraZeneca, Pfizer/BioNTech",https://covid19.moh.gov.sa/,48104477,24791173,22809730,503574
Saudi Arabia,2021-12-14,"Oxford/AstraZeneca, Pfizer/BioNTech",https://covid19.moh.gov.sa/,48186500,24815793,22848054,522683
Saudi Arabia,2021-12-15,"Oxford/AstraZeneca, Pfizer/BioNTech",https://covid19.moh.gov.sa/,48231779,24829534,22867825,534462
Saudi Arabia,2021-12-16,"Oxford/AstraZeneca, Pfizer/BioNTech",https://covid19.moh.gov.sa/,48275299,24841260,22887340,546718
Saudi Arabia,2021-12-17,"Oxford/AstraZeneca, Pfizer/BioNTech",https://covid19.moh.gov.sa/,48293632,24845946,22895205,552481
Saudi Arabia,2021-12-18,"Oxford/AstraZeneca, Pfizer/BioNTech",https://covid19.moh.gov.sa/,48322955,24854157,22908284,560514
Saudi Arabia,2021-12-19,"Oxford/AstraZeneca, Pfizer/BioNTech",https://covid19.moh.gov.sa/,48381592,24872178,22935782,573632
Saudi Arabia,2021-12-20,"Oxford/AstraZeneca, Pfizer/BioNTech",https://covid19.moh.gov.sa/,48475448,24887008,22958830,629610
Saudi Arabia,2021-12-21,"Oxford/AstraZeneca, Pfizer/BioNTech",https://covid19.moh.gov.sa/,48645367,24897852,22978924,768591
Saudi Arabia,2021-12-22,"Oxford/AstraZeneca, Pfizer/BioNTech",https://covid19.moh.gov.sa/,48865162,24911957,23002106,951099
Saudi Arabia,2021-12-23,"Oxford/AstraZeneca, Pfizer/BioNTech",https://covid19.moh.gov.sa/,49111269,24927717,23027139,1156413
Saudi Arabia,2021-12-24,"Oxford/AstraZeneca, Pfizer/BioNTech",https://covid19.moh.gov.sa/,49253475,24933604,23037070,1282801
Saudi Arabia,2021-12-25,"Oxford/AstraZeneca, Pfizer/BioNTech",https://covid19.moh.gov.sa/,49423248,24942157,23052006,1429085
Saudi Arabia,2021-12-26,"Oxford/AstraZeneca, Pfizer/BioNTech",https://covid19.moh.gov.sa/,49700201,24958879,23078491,1662831
Saudi Arabia,2021-12-27,"Oxford/AstraZeneca, Pfizer/BioNTech",https://covid19.moh.gov.sa/,49953753,24972309,23101362,1880082
Saudi Arabia,2021-12-28,"Oxford/AstraZeneca, Pfizer/BioNTech",https://covid19.moh.gov.sa/,50215461,24986423,23125154,2103884
Saudi Arabia,2021-12-29,"Oxford/AstraZeneca, Pfizer/BioNTech",https://covid19.moh.gov.sa/,50477457,25000071,23148114,2329272
Saudi Arabia,2021-12-30,"Oxford/AstraZeneca, Pfizer/BioNTech",https://covid19.moh.gov.sa/,50755660,25011556,23171018,2573086
Saudi Arabia,2021-12-31,"Oxford/AstraZeneca, Pfizer/BioNTech",https://covid19.moh.gov.sa/,50894142,25017090,23180879,2696173
Saudi Arabia,2022-01-01,"Oxford/AstraZeneca, Pfizer/BioNTech",https://covid19.moh.gov.sa/,51031649,25023844,23191521,2816284
Saudi Arabia,2022-01-02,"Oxford/AstraZeneca, Pfizer/BioNTech",https://covid19.moh.gov.sa/,51262028,25038977,23215439,3007807
Saudi Arabia,2022-01-03,"Oxford/AstraZeneca, Pfizer/BioNTech",https://covid19.moh.gov.sa/,51493736,25053073,23239344,3201319
Saudi Arabia,2022-01-04,"Oxford/AstraZeneca, Pfizer/BioNTech",https://covid19.moh.gov.sa/,51731312,25064537,23261014,3405761
Saudi Arabia,2022-01-05,"Oxford/AstraZeneca, Pfizer/BioNTech",https://covid19.moh.gov.sa/,51965922,25078227,23282850,3604845
Saudi Arabia,2022-01-06,"Oxford/AstraZeneca, Pfizer/BioNTech",https://covid19.moh.gov.sa/,52214828,25090342,23303260,3821226
Saudi Arabia,2022-01-07,"Oxford/AstraZeneca, Pfizer/BioNTech",https://covid19.moh.gov.sa/,52329266,25095867,23311852,3921547
Saudi Arabia,2022-01-08,"Oxford/AstraZeneca, Pfizer/BioNTech",https://covid19.moh.gov.sa/,52468417,25103177,23323598,4041739
Saudi Arabia,2022-01-09,"Oxford/AstraZeneca, Pfizer/BioNTech",https://covid19.moh.gov.sa/,52689404,25120095,23346936,4222373
Saudi Arabia,2022-01-10,"Oxford/AstraZeneca, Pfizer/BioNTech",https://covid19.moh.gov.sa/,52900314,25135435,23368690,4396189
Saudi Arabia,2022-01-11,"Oxford/AstraZeneca, Pfizer/BioNTech",https://covid19.moh.gov.sa/,53099212,25151615,23390648,4556949
Saudi Arabia,2022-01-12,"Oxford/AstraZeneca, Pfizer/BioNTech",https://covid19.moh.gov.sa/,53314310,25165017,23410643,4738650
Saudi Arabia,2022-01-13,"Oxford/AstraZeneca, Pfizer/BioNTech",https://covid19.moh.gov.sa/,53533993,25177869,23430259,4925865
Saudi Arabia,2022-01-14,"Oxford/AstraZeneca, Pfizer/BioNTech",https://covid19.moh.gov.sa/,53656569,25183145,23439432,5033992
Saudi Arabia,2022-01-15,"Oxford/AstraZeneca, Pfizer/BioNTech",https://covid19.moh.gov.sa/,53802512,25191155,23450290,5161067
Saudi Arabia,2022-01-16,"Oxford/AstraZeneca, Pfizer/BioNTech",https://covid19.moh.gov.sa/,53990391,25206693,23469793,5313905
Saudi Arabia,2022-01-17,"Oxford/AstraZeneca, Pfizer/BioNTech",https://covid19.moh.gov.sa/,54190407,25220729,23487465,5482213
Saudi Arabia,2022-01-18,"Oxford/AstraZeneca, Pfizer/BioNTech",https://covid19.moh.gov.sa/,54365950,25233658,23502788,5629504
Saudi Arabia,2022-01-19,"Oxford/AstraZeneca, Pfizer/BioNTech",https://covid19.moh.gov.sa/,54597568,25275319,23519253,5802996
Saudi Arabia,2022-01-21,"Oxford/AstraZeneca, Pfizer/BioNTech",https://covid19.moh.gov.sa/,54841337,25312053,23533435,5995849
Saudi Arabia,2022-01-22,"Oxford/AstraZeneca, Pfizer/BioNTech",https://covid19.moh.gov.sa/,54841337,25312053,23533435,5995849
Saudi Arabia,2022-01-23,"Oxford/AstraZeneca, Pfizer/BioNTech",https://covid19.moh.gov.sa/,55449797,25394077,23568074,6487646
Saudi Arabia,2022-01-24,"Oxford/AstraZeneca, Pfizer/BioNTech",https://covid19.moh.gov.sa/,55764235,25427237,23592602,6744396
Saudi Arabia,2022-01-25,"Oxford/AstraZeneca, Pfizer/BioNTech",https://covid19.moh.gov.sa/,56009853,25450523,23611131,6948199
Saudi Arabia,2022-01-26,"Oxford/AstraZeneca, Pfizer/BioNTech",https://covid19.moh.gov.sa/,56257654,25475646,23630622,7151386
Saudi Arabia,2022-01-27,"Oxford/AstraZeneca, Pfizer/BioNTech",https://covid19.moh.gov.sa/,56520251,25501361,23647878,7371012
Saudi Arabia,2022-01-28,"Oxford/AstraZeneca, Pfizer/BioNTech",https://covid19.moh.gov.sa/,56661925,25515383,23655344,7491198
Saudi Arabia,2022-01-29,"Oxford/AstraZeneca, Pfizer/BioNTech",https://covid19.moh.gov.sa/,56707289,25517272,23656978,7533039
Saudi Arabia,2022-01-31,"Oxford/AstraZeneca, Pfizer/BioNTech",https://covid19.moh.gov.sa/,57328405,25561741,23699933,8066731
Saudi Arabia,2022-02-01,"Oxford/AstraZeneca, Pfizer/BioNTech",https://covid19.moh.gov.sa/,57588459,25583119,23720161,8285179
Saudi Arabia,2022-02-02,"Oxford/AstraZeneca, Pfizer/BioNTech",https://covid19.moh.gov.sa/,57852000,25606327,23742157,8503516
Saudi Arabia,2022-02-03,"Oxford/AstraZeneca, Pfizer/BioNTech",https://covid19.moh.gov.sa/,58095578,25624833,23763036,8707709
Saudi Arabia,2022-02-04,"Oxford/AstraZeneca, Pfizer/BioNTech",https://covid19.moh.gov.sa/,58227893,25634695,23772644,8820554
Saudi Arabia,2022-02-05,"Oxford/AstraZeneca, Pfizer/BioNTech",https://covid19.moh.gov.sa/,58383621,25646719,23785581,8951321
Saudi Arabia,2022-02-06,"Oxford/AstraZeneca, Pfizer/BioNTech",https://covid19.moh.gov.sa/,58565764,25665576,23808373,9091815
Saudi Arabia,2022-02-07,"Oxford/AstraZeneca, Pfizer/BioNTech",https://covid19.moh.gov.sa/,58732880,25684649,23832585,9215646
Saudi Arabia,2022-02-08,"Oxford/AstraZeneca, Pfizer/BioNTech",https://covid19.moh.gov.sa/,58874867,25701282,23851894,9321691
Saudi Arabia,2022-02-09,"Oxford/AstraZeneca, Pfizer/BioNTech",https://covid19.moh.gov.sa/,59011582,25717194,23869335,9425053
Saudi Arabia,2022-02-10,"Oxford/AstraZeneca, Pfizer/BioNTech",https://covid19.moh.gov.sa/,59183197,25734650,23890532,9558015
Saudi Arabia,2022-02-11,"Oxford/AstraZeneca, Pfizer/BioNTech",https://covid19.moh.gov.sa/,59262585,25742662,23901010,9618913
Saudi Arabia,2022-02-12,"Oxford/AstraZeneca, Pfizer/BioNTech",https://covid19.moh.gov.sa/,59362397,25752949,23915410,9694038
Saudi Arabia,2022-02-13,"Oxford/AstraZeneca, Pfizer/BioNTech",https://covid19.moh.gov.sa/,59508036,25771538,23938736,9797762
Saudi Arabia,2022-02-14,"Oxford/AstraZeneca, Pfizer/BioNTech",https://covid19.moh.gov.sa/,59639202,25788728,23960204,9890270
Saudi Arabia,2022-02-15,"Oxford/AstraZeneca, Pfizer/BioNTech",https://covid19.moh.gov.sa/,59759376,25804555,23980248,9974573
Saudi Arabia,2022-02-16,"Oxford/AstraZeneca, Pfizer/BioNTech",https://covid19.moh.gov.sa/,59873655,25819197,23999570,10054888
Saudi Arabia,2022-02-17,"Oxford/AstraZeneca, Pfizer/BioNTech",https://covid19.moh.gov.sa/,60010342,25833841,24021169,10155332
Saudi Arabia,2022-02-18,"Oxford/AstraZeneca, Pfizer/BioNTech",https://covid19.moh.gov.sa/,60077779,25841103,24033572,10203104
Saudi Arabia,2022-02-19,"Oxford/AstraZeneca, Pfizer/BioNTech",https://covid19.moh.gov.sa/,60150923,25849232,24045998,10255693
Saudi Arabia,2022-02-20,"Oxford/AstraZeneca, Pfizer/BioNTech",https://covid19.moh.gov.sa/,60268103,25865793,24067583,10334727
Saudi Arabia,2022-02-21,"Oxford/AstraZeneca, Pfizer/BioNTech",https://covid19.moh.gov.sa/,60372816,25880963,24088081,10403772
Saudi Arabia,2022-02-22,"Oxford/AstraZeneca, Pfizer/BioNTech",https://covid19.moh.gov.sa/,60412101,25886893,24096952,10428256
Saudi Arabia,2022-02-23,"Oxford/AstraZeneca, Pfizer/BioNTech",https://covid19.moh.gov.sa/,60522804,25902645,24117741,10502418
Saudi Arabia,2022-02-24,"Oxford/AstraZeneca, Pfizer/BioNTech",https://covid19.moh.gov.sa/,60638822,25915788,24137624,10585410
Saudi Arabia,2022-02-25,"Oxford/AstraZeneca, Pfizer/BioNTech",https://covid19.moh.gov.sa/,60694353,25922731,24148197,10623425
Saudi Arabia,2022-02-26,"Oxford/AstraZeneca, Pfizer/BioNTech",https://covid19.moh.gov.sa/,60760198,25931515,24161007,10667676
Saudi Arabia,2022-02-27,"Oxford/AstraZeneca, Pfizer/BioNTech",https://covid19.moh.gov.sa/,60840610,25943822,24177054,10719734
Saudi Arabia,2022-02-28,"Oxford/AstraZeneca, Pfizer/BioNTech",https://covid19.moh.gov.sa/,60953969,25960748,24199236,10793985
Saudi Arabia,2022-03-23,"Oxford/AstraZeneca, Pfizer/BioNTech",https://covid19.who.int/,62388851,26167138,24460457,
