location,date,vaccine,source_url,total_vaccinations,people_vaccinated,people_fully_vaccinated,total_boosters
Singapore,2020-12-30,Pfizer/BioNTech,https://data.gov.sg/dataset/covid-19-vaccination,124,124,0,
Singapore,2020-12-31,Pfizer/BioNTech,https://data.gov.sg/dataset/covid-19-vaccination,130,130,0,
Singapore,2021-01-01,Pfizer/BioNTech,https://data.gov.sg/dataset/covid-19-vaccination,136,136,0,
Singapore,2021-01-02,Pfizer/BioNTech,https://data.gov.sg/dataset/covid-19-vaccination,140,140,0,
Singapore,2021-01-03,Pfizer/BioNTech,https://data.gov.sg/dataset/covid-19-vaccination,148,148,0,
Singapore,2021-01-04,Pfizer/BioNTech,https://data.gov.sg/dataset/covid-19-vaccination,173,173,0,
Singapore,2021-01-05,Pfizer/BioNTech,https://data.gov.sg/dataset/covid-19-vaccination,187,185,2,
Singapore,2021-01-06,Pfizer/BioNTech,https://data.gov.sg/dataset/covid-19-vaccination,200,196,4,
Singapore,2021-01-07,Pfizer/BioNTech,https://data.gov.sg/dataset/covid-19-vaccination,218,212,6,
Singapore,2021-01-08,Pfizer/BioNTech,https://data.gov.sg/dataset/covid-19-vaccination,950,941,9,
Singapore,2021-01-09,Pfizer/BioNTech,https://data.gov.sg/dataset/covid-19-vaccination,1352,1341,11,
Singapore,2021-01-10,Pfizer/BioNTech,https://data.gov.sg/dataset/covid-19-vaccination,1463,1452,11,
Singapore,2021-01-11,Pfizer/BioNTech,https://data.gov.sg/dataset/covid-19-vaccination,3548,3535,13,
Singapore,2021-01-12,Pfizer/BioNTech,https://data.gov.sg/dataset/covid-19-vaccination,6356,6341,15,
Singapore,2021-01-13,Pfizer/BioNTech,https://data.gov.sg/dataset/covid-19-vaccination,10451,10435,16,
Singapore,2021-01-14,Pfizer/BioNTech,https://data.gov.sg/dataset/covid-19-vaccination,15239,15222,17,
Singapore,2021-01-15,Pfizer/BioNTech,https://data.gov.sg/dataset/covid-19-vaccination,20612,20592,20,
Singapore,2021-01-16,Pfizer/BioNTech,https://data.gov.sg/dataset/covid-19-vaccination,22351,22329,22,
Singapore,2021-01-17,Pfizer/BioNTech,https://data.gov.sg/dataset/covid-19-vaccination,22999,22974,25,
Singapore,2021-01-18,Pfizer/BioNTech,https://data.gov.sg/dataset/covid-19-vaccination,30530,30505,25,
Singapore,2021-01-19,Pfizer/BioNTech,https://data.gov.sg/dataset/covid-19-vaccination,38781,38748,33,
Singapore,2021-01-20,Pfizer/BioNTech,https://data.gov.sg/dataset/covid-19-vaccination,48012,47939,73,
Singapore,2021-01-21,Pfizer/BioNTech,https://data.gov.sg/dataset/covid-19-vaccination,55499,55423,76,
Singapore,2021-01-22,Pfizer/BioNTech,https://data.gov.sg/dataset/covid-19-vaccination,63284,63206,78,
Singapore,2021-01-23,Pfizer/BioNTech,https://data.gov.sg/dataset/covid-19-vaccination,68063,67982,81,
Singapore,2021-01-24,Pfizer/BioNTech,https://data.gov.sg/dataset/covid-19-vaccination,72565,72482,83,
Singapore,2021-01-25,Pfizer/BioNTech,https://data.gov.sg/dataset/covid-19-vaccination,84619,84520,99,
Singapore,2021-01-26,Pfizer/BioNTech,https://data.gov.sg/dataset/covid-19-vaccination,97255,97147,108,
Singapore,2021-01-27,Pfizer/BioNTech,https://data.gov.sg/dataset/covid-19-vaccination,111158,111043,115,
Singapore,2021-01-28,Pfizer/BioNTech,https://data.gov.sg/dataset/covid-19-vaccination,125721,125588,133,
Singapore,2021-01-29,Pfizer/BioNTech,https://data.gov.sg/dataset/covid-19-vaccination,140475,139618,857,
Singapore,2021-01-30,Pfizer/BioNTech,https://data.gov.sg/dataset/covid-19-vaccination,147960,146774,1186,
Singapore,2021-01-31,Pfizer/BioNTech,https://data.gov.sg/dataset/covid-19-vaccination,153720,152406,1314,
Singapore,2021-02-01,Pfizer/BioNTech,https://data.gov.sg/dataset/covid-19-vaccination,164881,161460,3421,
Singapore,2021-02-02,Pfizer/BioNTech,https://data.gov.sg/dataset/covid-19-vaccination,177027,171092,5935,
Singapore,2021-02-03,Pfizer/BioNTech,https://data.gov.sg/dataset/covid-19-vaccination,192220,182555,9665,
Singapore,2021-02-04,Pfizer/BioNTech,https://data.gov.sg/dataset/covid-19-vaccination,205363,191282,14081,
Singapore,2021-02-05,Pfizer/BioNTech,https://data.gov.sg/dataset/covid-19-vaccination,220057,200712,19345,
Singapore,2021-02-06,Pfizer/BioNTech,https://data.gov.sg/dataset/covid-19-vaccination,226062,205046,21016,
Singapore,2021-02-07,Pfizer/BioNTech,https://data.gov.sg/dataset/covid-19-vaccination,229009,207314,21695,
Singapore,2021-02-08,Pfizer/BioNTech,https://data.gov.sg/dataset/covid-19-vaccination,240556,211277,29279,
Singapore,2021-02-09,Pfizer/BioNTech,https://data.gov.sg/dataset/covid-19-vaccination,252462,214857,37605,
Singapore,2021-02-10,Pfizer/BioNTech,https://data.gov.sg/dataset/covid-19-vaccination,264593,217830,46763,
Singapore,2021-02-11,Pfizer/BioNTech,https://data.gov.sg/dataset/covid-19-vaccination,268933,219181,49752,
Singapore,2021-02-12,Pfizer/BioNTech,https://data.gov.sg/dataset/covid-19-vaccination,268957,219198,49759,
Singapore,2021-02-13,Pfizer/BioNTech,https://data.gov.sg/dataset/covid-19-vaccination,268973,219208,49765,
Singapore,2021-02-14,Pfizer/BioNTech,https://data.gov.sg/dataset/covid-19-vaccination,273466,219722,53744,
Singapore,2021-02-15,Pfizer/BioNTech,https://data.gov.sg/dataset/covid-19-vaccination,285582,220842,64740,
Singapore,2021-02-16,Pfizer/BioNTech,https://data.gov.sg/dataset/covid-19-vaccination,302036,223140,78896,
Singapore,2021-02-17,Pfizer/BioNTech,https://data.gov.sg/dataset/covid-19-vaccination,321015,226476,94539,
Singapore,2021-02-18,Pfizer/BioNTech,https://data.gov.sg/dataset/covid-19-vaccination,339703,230702,109001,
Singapore,2021-02-19,Pfizer/BioNTech,https://data.gov.sg/dataset/covid-19-vaccination,359912,236454,123458,
Singapore,2021-02-20,Pfizer/BioNTech,https://data.gov.sg/dataset/covid-19-vaccination,371405,240270,131135,
Singapore,2021-02-21,Pfizer/BioNTech,https://data.gov.sg/dataset/covid-19-vaccination,379424,242298,137126,
Singapore,2021-02-22,Pfizer/BioNTech,https://data.gov.sg/dataset/covid-19-vaccination,397467,248515,148952,
Singapore,2021-02-23,Pfizer/BioNTech,https://data.gov.sg/dataset/covid-19-vaccination,417619,256660,160959,
Singapore,2021-02-24,Pfizer/BioNTech,https://data.gov.sg/dataset/covid-19-vaccination,437119,264283,172836,
Singapore,2021-02-25,Pfizer/BioNTech,https://data.gov.sg/dataset/covid-19-vaccination,455855,272936,182919,
Singapore,2021-02-26,Pfizer/BioNTech,https://data.gov.sg/dataset/covid-19-vaccination,476857,283036,193821,
Singapore,2021-02-27,Pfizer/BioNTech,https://data.gov.sg/dataset/covid-19-vaccination,490823,291446,199377,
Singapore,2021-02-28,Pfizer/BioNTech,https://data.gov.sg/dataset/covid-19-vaccination,499612,297621,201991,
Singapore,2021-03-01,Pfizer/BioNTech,https://data.gov.sg/dataset/covid-19-vaccination,512722,307327,205395,
Singapore,2021-03-02,Pfizer/BioNTech,https://data.gov.sg/dataset/covid-19-vaccination,526102,317256,208846,
Singapore,2021-03-03,Pfizer/BioNTech,https://data.gov.sg/dataset/covid-19-vaccination,539938,328268,211670,
Singapore,2021-03-04,Pfizer/BioNTech,https://data.gov.sg/dataset/covid-19-vaccination,553865,340453,213412,
Singapore,2021-03-05,Pfizer/BioNTech,https://data.gov.sg/dataset/covid-19-vaccination,568312,353957,214355,
Singapore,2021-03-06,Pfizer/BioNTech,https://data.gov.sg/dataset/covid-19-vaccination,577718,362705,215013,
Singapore,2021-03-07,Pfizer/BioNTech,https://data.gov.sg/dataset/covid-19-vaccination,582951,367506,215445,
Singapore,2021-03-08,Pfizer/BioNTech,https://data.gov.sg/dataset/covid-19-vaccination,598021,381090,216931,
Singapore,2021-03-09,Pfizer/BioNTech,https://data.gov.sg/dataset/covid-19-vaccination,616770,397885,218885,
Singapore,2021-03-10,Pfizer/BioNTech,https://data.gov.sg/dataset/covid-19-vaccination,638524,416835,221689,
Singapore,2021-03-11,Pfizer/BioNTech,https://data.gov.sg/dataset/covid-19-vaccination,664207,439094,225113,
Singapore,2021-03-12,Pfizer/BioNTech,https://data.gov.sg/dataset/covid-19-vaccination,694045,463998,230047,
Singapore,2021-03-13,Pfizer/BioNTech,https://data.gov.sg/dataset/covid-19-vaccination,721459,487950,233509,
Singapore,2021-03-14,Pfizer/BioNTech,https://data.gov.sg/dataset/covid-19-vaccination,743608,508283,235325,
Singapore,2021-03-15,"Moderna, Pfizer/BioNTech",https://data.gov.sg/dataset/covid-19-vaccination,777396,536047,241349,
Singapore,2021-03-16,"Moderna, Pfizer/BioNTech",https://data.gov.sg/dataset/covid-19-vaccination,813783,565195,248588,
Singapore,2021-03-17,"Moderna, Pfizer/BioNTech",https://data.gov.sg/dataset/covid-19-vaccination,854844,598640,256204,
Singapore,2021-03-18,"Moderna, Pfizer/BioNTech",https://data.gov.sg/dataset/covid-19-vaccination,895751,631775,263976,
Singapore,2021-03-19,"Moderna, Pfizer/BioNTech",https://data.gov.sg/dataset/covid-19-vaccination,941924,668292,273632,
Singapore,2021-03-20,"Moderna, Pfizer/BioNTech",https://data.gov.sg/dataset/covid-19-vaccination,980420,698400,282020,
Singapore,2021-03-21,"Moderna, Pfizer/BioNTech",https://data.gov.sg/dataset/covid-19-vaccination,1013471,725753,287718,
Singapore,2021-03-22,"Moderna, Pfizer/BioNTech",https://data.gov.sg/dataset/covid-19-vaccination,1054114,756309,297805,
Singapore,2021-03-23,"Moderna, Pfizer/BioNTech",https://data.gov.sg/dataset/covid-19-vaccination,1091837,784255,307582,
Singapore,2021-03-24,"Moderna, Pfizer/BioNTech",https://data.gov.sg/dataset/covid-19-vaccination,1126173,807873,318300,
Singapore,2021-03-25,"Moderna, Pfizer/BioNTech",https://data.gov.sg/dataset/covid-19-vaccination,1159280,828767,330513,
Singapore,2021-03-26,"Moderna, Pfizer/BioNTech",https://data.gov.sg/dataset/covid-19-vaccination,1196467,851610,344857,
Singapore,2021-03-27,"Moderna, Pfizer/BioNTech",https://data.gov.sg/dataset/covid-19-vaccination,1228156,874495,353661,
Singapore,2021-03-28,"Moderna, Pfizer/BioNTech",https://data.gov.sg/dataset/covid-19-vaccination,1249622,890934,358688,
Singapore,2021-03-29,"Moderna, Pfizer/BioNTech",https://data.gov.sg/dataset/covid-19-vaccination,1297636,925723,371913,
Singapore,2021-03-30,"Moderna, Pfizer/BioNTech",https://data.gov.sg/dataset/covid-19-vaccination,1341009,953107,387902,
Singapore,2021-03-31,"Moderna, Pfizer/BioNTech",https://data.gov.sg/dataset/covid-19-vaccination,1382637,975914,406723,
Singapore,2021-04-01,"Moderna, Pfizer/BioNTech",https://data.gov.sg/dataset/covid-19-vaccination,1424685,998355,426330,
Singapore,2021-04-02,"Moderna, Pfizer/BioNTech",https://data.gov.sg/dataset/covid-19-vaccination,1459523,1016645,442878,
Singapore,2021-04-03,"Moderna, Pfizer/BioNTech",https://data.gov.sg/dataset/covid-19-vaccination,1501061,1035947,465114,
Singapore,2021-04-04,"Moderna, Pfizer/BioNTech",https://data.gov.sg/dataset/covid-19-vaccination,1534319,1052490,481829,
Singapore,2021-04-05,"Moderna, Pfizer/BioNTech",https://data.gov.sg/dataset/covid-19-vaccination,1588041,1080831,507210,
Singapore,2021-04-06,"Moderna, Pfizer/BioNTech",https://data.gov.sg/dataset/covid-19-vaccination,1640557,1108023,532534,
Singapore,2021-04-07,"Moderna, Pfizer/BioNTech",https://data.gov.sg/dataset/covid-19-vaccination,1693639,1132895,560744,
Singapore,2021-04-08,"Moderna, Pfizer/BioNTech",https://data.gov.sg/dataset/covid-19-vaccination,1746018,1155859,590159,
Singapore,2021-04-09,"Moderna, Pfizer/BioNTech",https://data.gov.sg/dataset/covid-19-vaccination,1802718,1176415,626303,
Singapore,2021-04-10,"Moderna, Pfizer/BioNTech",https://data.gov.sg/dataset/covid-19-vaccination,1852868,1194180,658688,
Singapore,2021-04-11,"Moderna, Pfizer/BioNTech",https://data.gov.sg/dataset/covid-19-vaccination,1898426,1213811,684615,
Singapore,2021-04-12,"Moderna, Pfizer/BioNTech",https://data.gov.sg/dataset/covid-19-vaccination,1944178,1230470,713708,
Singapore,2021-04-13,"Moderna, Pfizer/BioNTech",https://data.gov.sg/dataset/covid-19-vaccination,1986334,1248577,737757,
Singapore,2021-04-14,"Moderna, Pfizer/BioNTech",https://data.gov.sg/dataset/covid-19-vaccination,2026746,1268007,758739,
Singapore,2021-04-15,"Moderna, Pfizer/BioNTech",https://data.gov.sg/dataset/covid-19-vaccination,2065687,1286096,779591,
Singapore,2021-04-16,"Moderna, Pfizer/BioNTech",https://data.gov.sg/dataset/covid-19-vaccination,2109168,1305680,803488,
Singapore,2021-04-17,"Moderna, Pfizer/BioNTech",https://data.gov.sg/dataset/covid-19-vaccination,2147457,1321725,825732,
Singapore,2021-04-18,"Moderna, Pfizer/BioNTech",https://data.gov.sg/dataset/covid-19-vaccination,2177726,1336294,841432,
Singapore,2021-04-19,"Moderna, Pfizer/BioNTech",https://data.gov.sg/dataset/covid-19-vaccination,2225272,1353041,872231,
Singapore,2021-04-20,"Moderna, Pfizer/BioNTech",https://data.gov.sg/dataset/covid-19-vaccination,2271342,1374606,896736,
Singapore,2021-04-21,"Moderna, Pfizer/BioNTech",https://data.gov.sg/dataset/covid-19-vaccination,2316618,1399380,917238,
Singapore,2021-04-22,"Moderna, Pfizer/BioNTech",https://data.gov.sg/dataset/covid-19-vaccination,2360680,1423856,936824,
Singapore,2021-04-23,"Moderna, Pfizer/BioNTech",https://data.gov.sg/dataset/covid-19-vaccination,2406734,1448209,958525,
Singapore,2021-04-24,"Moderna, Pfizer/BioNTech",https://data.gov.sg/dataset/covid-19-vaccination,2449940,1466649,983291,
Singapore,2021-04-25,"Moderna, Pfizer/BioNTech",https://data.gov.sg/dataset/covid-19-vaccination,2488713,1486503,1002210,
Singapore,2021-04-26,"Moderna, Pfizer/BioNTech",https://data.gov.sg/dataset/covid-19-vaccination,2534656,1505546,1029110,
Singapore,2021-04-27,"Moderna, Pfizer/BioNTech",https://data.gov.sg/dataset/covid-19-vaccination,2581329,1526834,1054495,
Singapore,2021-04-28,"Moderna, Pfizer/BioNTech",https://data.gov.sg/dataset/covid-19-vaccination,2625451,1548979,1076472,
Singapore,2021-04-29,"Moderna, Pfizer/BioNTech",https://data.gov.sg/dataset/covid-19-vaccination,2671259,1574981,1096278,
Singapore,2021-04-30,"Moderna, Pfizer/BioNTech",https://data.gov.sg/dataset/covid-19-vaccination,2718361,1598933,1119428,
Singapore,2021-05-01,"Moderna, Pfizer/BioNTech",https://data.gov.sg/dataset/covid-19-vaccination,2755626,1622532,1133094,
Singapore,2021-05-02,"Moderna, Pfizer/BioNTech",https://data.gov.sg/dataset/covid-19-vaccination,2792709,1642714,1149995,
Singapore,2021-05-03,"Moderna, Pfizer/BioNTech",https://data.gov.sg/dataset/covid-19-vaccination,2825868,1664008,1161860,
Singapore,2021-05-04,"Moderna, Pfizer/BioNTech",https://data.gov.sg/dataset/covid-19-vaccination,2859908,1686025,1173883,
Singapore,2021-05-05,"Moderna, Pfizer/BioNTech",https://data.gov.sg/dataset/covid-19-vaccination,2895154,1706913,1188241,
Singapore,2021-05-06,"Moderna, Pfizer/BioNTech",https://data.gov.sg/dataset/covid-19-vaccination,2932595,1731151,1201444,
Singapore,2021-05-07,"Moderna, Pfizer/BioNTech",https://data.gov.sg/dataset/covid-19-vaccination,2971730,1753511,1218219,
Singapore,2021-05-08,"Moderna, Pfizer/BioNTech",https://data.gov.sg/dataset/covid-19-vaccination,3006174,1771885,1234289,
Singapore,2021-05-09,"Moderna, Pfizer/BioNTech",https://data.gov.sg/dataset/covid-19-vaccination,3037794,1789689,1248105,
Singapore,2021-05-10,"Moderna, Pfizer/BioNTech",https://data.gov.sg/dataset/covid-19-vaccination,3084641,1819125,1265516,
Singapore,2021-05-11,"Moderna, Pfizer/BioNTech",https://data.gov.sg/dataset/covid-19-vaccination,3132271,1845914,1286357,
Singapore,2021-05-12,"Moderna, Pfizer/BioNTech",https://data.gov.sg/dataset/covid-19-vaccination,3162463,1856632,1305831,
Singapore,2021-05-13,"Moderna, Pfizer/BioNTech",https://data.gov.sg/dataset/covid-19-vaccination,3162769,1856827,1305942,
Singapore,2021-05-14,"Moderna, Pfizer/BioNTech",https://data.gov.sg/dataset/covid-19-vaccination,3219055,1873277,1345778,
Singapore,2021-05-15,"Moderna, Pfizer/BioNTech",https://data.gov.sg/dataset/covid-19-vaccination,3267193,1895316,1371877,
Singapore,2021-05-16,"Moderna, Pfizer/BioNTech",https://data.gov.sg/dataset/covid-19-vaccination,3310582,1915228,1395354,
Singapore,2021-05-17,"Moderna, Pfizer/BioNTech",https://data.gov.sg/dataset/covid-19-vaccination,3350352,1931870,1418482,
Singapore,2021-05-18,"Moderna, Pfizer/BioNTech",https://data.gov.sg/dataset/covid-19-vaccination,3390767,1950309,1440458,
Singapore,2021-05-19,"Moderna, Pfizer/BioNTech",https://data.gov.sg/dataset/covid-19-vaccination,3430969,1968626,1462343,
Singapore,2021-05-20,"Moderna, Pfizer/BioNTech",https://data.gov.sg/dataset/covid-19-vaccination,3477869,1992398,1485471,
Singapore,2021-05-21,"Moderna, Pfizer/BioNTech",https://data.gov.sg/dataset/covid-19-vaccination,3527048,2013502,1513546,
Singapore,2021-05-22,"Moderna, Pfizer/BioNTech",https://data.gov.sg/dataset/covid-19-vaccination,3575157,2030319,1544838,
Singapore,2021-05-23,"Moderna, Pfizer/BioNTech",https://data.gov.sg/dataset/covid-19-vaccination,3618503,2048191,1570312,
Singapore,2021-05-24,"Moderna, Pfizer/BioNTech",https://data.gov.sg/dataset/covid-19-vaccination,3666163,2075388,1590775,
Singapore,2021-05-25,"Moderna, Pfizer/BioNTech",https://data.gov.sg/dataset/covid-19-vaccination,3716975,2105155,1611820,
Singapore,2021-05-26,"Moderna, Pfizer/BioNTech",https://data.gov.sg/dataset/covid-19-vaccination,3757300,2131425,1625875,
Singapore,2021-05-27,"Moderna, Pfizer/BioNTech",https://data.gov.sg/dataset/covid-19-vaccination,3802351,2154240,1648111,
Singapore,2021-05-28,"Moderna, Pfizer/BioNTech",https://data.gov.sg/dataset/covid-19-vaccination,3850549,2179016,1671533,
Singapore,2021-05-29,"Moderna, Pfizer/BioNTech",https://data.gov.sg/dataset/covid-19-vaccination,3895234,2202975,1692259,
Singapore,2021-05-30,"Moderna, Pfizer/BioNTech",https://data.gov.sg/dataset/covid-19-vaccination,3933431,2223256,1710175,
Singapore,2021-05-31,"Moderna, Pfizer/BioNTech",https://data.gov.sg/dataset/covid-19-vaccination,3980390,2240767,1739623,
Singapore,2021-06-01,"Moderna, Pfizer/BioNTech",https://data.gov.sg/dataset/covid-19-vaccination,4026552,2266136,1760416,
Singapore,2021-06-02,"Moderna, Pfizer/BioNTech",https://data.gov.sg/dataset/covid-19-vaccination,4069721,2298375,1771346,
Singapore,2021-06-03,"Moderna, Pfizer/BioNTech",https://data.gov.sg/dataset/covid-19-vaccination,4123467,2343447,1780020,
Singapore,2021-06-04,"Moderna, Pfizer/BioNTech",https://data.gov.sg/dataset/covid-19-vaccination,4180730,2381425,1799305,
Singapore,2021-06-05,"Moderna, Pfizer/BioNTech",https://data.gov.sg/dataset/covid-19-vaccination,4233255,2410014,1823241,
Singapore,2021-06-06,"Moderna, Pfizer/BioNTech",https://data.gov.sg/dataset/covid-19-vaccination,4279565,2435544,1844021,
Singapore,2021-06-07,"Moderna, Pfizer/BioNTech",https://data.gov.sg/dataset/covid-19-vaccination,4320797,2461570,1859227,
Singapore,2021-06-08,"Moderna, Pfizer/BioNTech",https://data.gov.sg/dataset/covid-19-vaccination,4357723,2482369,1875354,
Singapore,2021-06-09,"Moderna, Pfizer/BioNTech",https://data.gov.sg/dataset/covid-19-vaccination,4399909,2509417,1890492,
Singapore,2021-06-10,"Moderna, Pfizer/BioNTech",https://data.gov.sg/dataset/covid-19-vaccination,4442656,2540552,1902104,
Singapore,2021-06-11,"Moderna, Pfizer/BioNTech",https://data.gov.sg/dataset/covid-19-vaccination,4491992,2571387,1920605,
Singapore,2021-06-12,"Moderna, Pfizer/BioNTech",https://data.gov.sg/dataset/covid-19-vaccination,4534035,2597849,1936186,
Singapore,2021-06-13,"Moderna, Pfizer/BioNTech",https://data.gov.sg/dataset/covid-19-vaccination,4572875,2624243,1948632,
Singapore,2021-06-14,"Moderna, Pfizer/BioNTech",https://data.gov.sg/dataset/covid-19-vaccination,4619595,2656824,1962771,
Singapore,2021-06-15,"Moderna, Pfizer/BioNTech",https://data.gov.sg/dataset/covid-19-vaccination,4670717,2694109,1976608,
Singapore,2021-06-16,"Moderna, Pfizer/BioNTech",https://data.gov.sg/dataset/covid-19-vaccination,4725676,2736341,1989335,
Singapore,2021-06-17,"Moderna, Pfizer/BioNTech",https://data.gov.sg/dataset/covid-19-vaccination,4778868,2777612,2001256,
Singapore,2021-06-18,"Moderna, Pfizer/BioNTech",https://data.gov.sg/dataset/covid-19-vaccination,4834045,2817835,2016210,
Singapore,2021-06-19,"Moderna, Pfizer/BioNTech",https://data.gov.sg/dataset/covid-19-vaccination,4887279,2856529,2030750,
Singapore,2021-06-20,"Moderna, Pfizer/BioNTech",https://data.gov.sg/dataset/covid-19-vaccination,4931014,2890390,2040624,
Singapore,2021-06-21,"Moderna, Pfizer/BioNTech",https://data.gov.sg/dataset/covid-19-vaccination,4982807,2932686,2050121,
Singapore,2021-06-22,"Moderna, Pfizer/BioNTech",https://data.gov.sg/dataset/covid-19-vaccination,5032494,2972902,2059592,
Singapore,2021-06-23,"Moderna, Pfizer/BioNTech",https://data.gov.sg/dataset/covid-19-vaccination,5082208,3013980,2068228,
Singapore,2021-06-24,"Moderna, Pfizer/BioNTech",https://data.gov.sg/dataset/covid-19-vaccination,5129343,3053271,2076072,
Singapore,2021-06-25,"Moderna, Pfizer/BioNTech",https://data.gov.sg/dataset/covid-19-vaccination,5177128,3091710,2085418,
Singapore,2021-06-26,"Moderna, Pfizer/BioNTech",https://data.gov.sg/dataset/covid-19-vaccination,5240120,3146827,2093293,
Singapore,2021-06-27,"Moderna, Pfizer/BioNTech",https://data.gov.sg/dataset/covid-19-vaccination,5296153,3196988,2099165,
Singapore,2021-06-28,"Moderna, Pfizer/BioNTech, Sinovac",https://data.gov.sg/dataset/covid-19-vaccination,5355128,3247291,2107837,
Singapore,2021-06-29,"Moderna, Pfizer/BioNTech, Sinovac",https://data.gov.sg/dataset/covid-19-vaccination,5400710,3285247,2115463,
Singapore,2021-06-30,"Moderna, Pfizer/BioNTech, Sinovac",https://data.gov.sg/dataset/covid-19-vaccination,5469959,3345262,2124697,
Singapore,2021-07-01,"Moderna, Pfizer/BioNTech, Sinovac",https://data.gov.sg/dataset/covid-19-vaccination,5550625,3408753,2141872,
Singapore,2021-07-02,"Moderna, Pfizer/BioNTech, Sinovac",https://data.gov.sg/dataset/covid-19-vaccination,5632853,3472224,2160629,
Singapore,2021-07-03,"Moderna, Pfizer/BioNTech, Sinovac",https://data.gov.sg/dataset/covid-19-vaccination,5712049,3534630,2177419,
Singapore,2021-07-04,"Moderna, Pfizer/BioNTech, Sinovac",https://data.gov.sg/dataset/covid-19-vaccination,5786808,3592554,2194254,
Singapore,2021-07-05,"Moderna, Pfizer/BioNTech, Sinovac",https://data.gov.sg/dataset/covid-19-vaccination,5865163,3654954,2210209,
Singapore,2021-07-06,"Moderna, Pfizer/BioNTech, Sinovac",https://data.gov.sg/dataset/covid-19-vaccination,5941214,3714924,2226290,
Singapore,2021-07-07,"Moderna, Pfizer/BioNTech, Sinovac",https://data.gov.sg/dataset/covid-19-vaccination,6018309,3774301,2244008,
Singapore,2021-07-08,"Moderna, Pfizer/BioNTech, Sinovac",https://data.gov.sg/dataset/covid-19-vaccination,6094300,3831317,2262983,
Singapore,2021-07-09,"Moderna, Pfizer/BioNTech, Sinovac",https://data.gov.sg/dataset/covid-19-vaccination,6175009,3885165,2289844,
Singapore,2021-07-10,"Moderna, Pfizer/BioNTech, Sinovac",https://data.gov.sg/dataset/covid-19-vaccination,6250081,3933615,2316466,
Singapore,2021-07-11,"Moderna, Pfizer/BioNTech, Sinovac",https://data.gov.sg/dataset/covid-19-vaccination,6318020,3973103,2344917,
Singapore,2021-07-12,"Moderna, Pfizer/BioNTech, Sinovac",https://data.gov.sg/dataset/covid-19-vaccination,6391807,4015626,2376181,
Singapore,2021-07-13,"Moderna, Pfizer/BioNTech, Sinovac",https://data.gov.sg/dataset/covid-19-vaccination,6456223,4046964,2409259,
Singapore,2021-07-14,"Moderna, Pfizer/BioNTech, Sinovac",https://data.gov.sg/dataset/covid-19-vaccination,6520369,4071529,2448840,
Singapore,2021-07-15,"Moderna, Pfizer/BioNTech, Sinovac",https://data.gov.sg/dataset/covid-19-vaccination,6587755,4094131,2493624,
Singapore,2021-07-16,"Moderna, Pfizer/BioNTech, Sinovac",https://data.gov.sg/dataset/covid-19-vaccination,6669929,4117618,2552311,
Singapore,2021-07-17,"Moderna, Pfizer/BioNTech, Sinovac",https://data.gov.sg/dataset/covid-19-vaccination,6746627,4136742,2609885,
Singapore,2021-07-18,"Moderna, Pfizer/BioNTech, Sinovac",https://data.gov.sg/dataset/covid-19-vaccination,6814270,4153507,2660763,
Singapore,2021-07-19,"Moderna, Pfizer/BioNTech, Sinovac",https://data.gov.sg/dataset/covid-19-vaccination,6857528,4166099,2691429,
Singapore,2021-07-20,"Moderna, Pfizer/BioNTech, Sinovac",https://data.gov.sg/dataset/covid-19-vaccination,6858635,4166803,2691832,
Singapore,2021-07-21,"Moderna, Pfizer/BioNTech, Sinovac",https://data.gov.sg/dataset/covid-19-vaccination,6932111,4186481,2745630,
Singapore,2021-07-22,"Moderna, Pfizer/BioNTech, Sinovac",https://data.gov.sg/dataset/covid-19-vaccination,7001374,4204138,2797236,
Singapore,2021-07-23,"Moderna, Pfizer/BioNTech, Sinovac",https://data.gov.sg/dataset/covid-19-vaccination,7081515,4220596,2860919,
Singapore,2021-07-24,"Moderna, Pfizer/BioNTech, Sinovac",https://data.gov.sg/dataset/covid-19-vaccination,7151622,4233736,2917886,
Singapore,2021-07-25,"Moderna, Pfizer/BioNTech, Sinovac",https://data.gov.sg/dataset/covid-19-vaccination,7212766,4246097,2966669,
Singapore,2021-07-26,"Moderna, Pfizer/BioNTech, Sinovac",https://data.gov.sg/dataset/covid-19-vaccination,7276756,4259216,3017540,
Singapore,2021-07-27,"Moderna, Pfizer/BioNTech, Sinovac",https://data.gov.sg/dataset/covid-19-vaccination,7326965,4272862,3054103,
Singapore,2021-07-28,"Moderna, Pfizer/BioNTech, Sinovac",https://data.gov.sg/dataset/covid-19-vaccination,7387923,4284940,3102983,
Singapore,2021-07-29,"Moderna, Pfizer/BioNTech, Sinovac",https://data.gov.sg/dataset/covid-19-vaccination,7451849,4297226,3154623,
Singapore,2021-07-30,"Moderna, Pfizer/BioNTech, Sinovac",https://data.gov.sg/dataset/covid-19-vaccination,7527668,4307535,3220133,
Singapore,2021-07-31,"Moderna, Pfizer/BioNTech, Sinovac",https://data.gov.sg/dataset/covid-19-vaccination,7599075,4315981,3283094,
Singapore,2021-08-01,"Moderna, Pfizer/BioNTech, Sinovac",https://data.gov.sg/dataset/covid-19-vaccination,7660369,4321976,3338393,
Singapore,2021-08-02,"Moderna, Pfizer/BioNTech, Sinovac",https://data.gov.sg/dataset/covid-19-vaccination,7725687,4330777,3394910,
Singapore,2021-08-03,"Moderna, Pfizer/BioNTech, Sinovac",https://data.gov.sg/dataset/covid-19-vaccination,7788551,4339926,3448625,
Singapore,2021-08-04,"Moderna, Pfizer/BioNTech, Sinovac",https://data.gov.sg/dataset/covid-19-vaccination,7852334,4348033,3504301,
Singapore,2021-08-05,"Moderna, Pfizer/BioNTech, Sinovac",https://data.gov.sg/dataset/covid-19-vaccination,7918275,4355635,3562640,
Singapore,2021-08-06,"Moderna, Pfizer/BioNTech, Sinovac",https://data.gov.sg/dataset/covid-19-vaccination,7992540,4363512,3629028,
Singapore,2021-08-07,"Moderna, Pfizer/BioNTech, Sinovac",https://data.gov.sg/dataset/covid-19-vaccination,8063326,4372154,3691172,
Singapore,2021-08-08,"Moderna, Pfizer/BioNTech, Sinovac",https://data.gov.sg/dataset/covid-19-vaccination,8124664,4380448,3744216,
Singapore,2021-08-09,"Moderna, Pfizer/BioNTech, Sinovac",https://data.gov.sg/dataset/covid-19-vaccination,8165881,4387592,3778289,
Singapore,2021-08-10,"Moderna, Pfizer/BioNTech, Sinovac",https://data.gov.sg/dataset/covid-19-vaccination,8214582,4398621,3815961,
Singapore,2021-08-11,"Moderna, Pfizer/BioNTech, Sinovac",https://data.gov.sg/dataset/covid-19-vaccination,8262021,4408835,3853186,
Singapore,2021-08-12,"Moderna, Pfizer/BioNTech, Sinovac",https://data.gov.sg/dataset/covid-19-vaccination,8306874,4417729,3889145,
Singapore,2021-08-13,"Moderna, Pfizer/BioNTech, Sinovac",https://data.gov.sg/dataset/covid-19-vaccination,8363535,4428441,3935094,
Singapore,2021-08-14,"Moderna, Pfizer/BioNTech, Sinovac",https://data.gov.sg/dataset/covid-19-vaccination,8419332,4439036,3980296,
Singapore,2021-08-15,"Moderna, Pfizer/BioNTech, Sinovac",https://data.gov.sg/dataset/covid-19-vaccination,8457834,4446734,4011100,
Singapore,2021-08-16,"Moderna, Pfizer/BioNTech, Sinovac",https://data.gov.sg/dataset/covid-19-vaccination,8484231,4454657,4029574,
Singapore,2021-08-17,"Moderna, Pfizer/BioNTech, Sinovac",https://data.gov.sg/dataset/covid-19-vaccination,8505633,4461552,4044081,
Singapore,2021-08-18,"Moderna, Pfizer/BioNTech, Sinovac",https://data.gov.sg/dataset/covid-19-vaccination,8526659,4467595,4059064,
Singapore,2021-08-19,"Moderna, Pfizer/BioNTech, Sinovac",https://data.gov.sg/dataset/covid-19-vaccination,8545813,4473159,4072654,
Singapore,2021-08-20,"Moderna, Pfizer/BioNTech, Sinovac",https://data.gov.sg/dataset/covid-19-vaccination,8572284,4481227,4091057,
Singapore,2021-08-21,"Moderna, Pfizer/BioNTech, Sinovac",https://data.gov.sg/dataset/covid-19-vaccination,8593784,4488074,4105710,
Singapore,2021-08-22,"Moderna, Pfizer/BioNTech, Sinovac",https://data.gov.sg/dataset/covid-19-vaccination,8605727,4492064,4113663,
Singapore,2021-08-23,"Moderna, Pfizer/BioNTech, Sinovac",https://data.gov.sg/dataset/covid-19-vaccination,8622275,4496807,4125468,
Singapore,2021-08-24,"Moderna, Pfizer/BioNTech, Sinovac",https://data.gov.sg/dataset/covid-19-vaccination,8636133,4500781,4135352,
Singapore,2021-08-25,"Moderna, Pfizer/BioNTech, Sinovac",https://data.gov.sg/dataset/covid-19-vaccination,8649939,4505132,4144807,
Singapore,2021-08-26,"Moderna, Pfizer/BioNTech, Sinovac",https://data.gov.sg/dataset/covid-19-vaccination,8663163,4509052,4154111,
Singapore,2021-08-27,"Moderna, Pfizer/BioNTech, Sinovac",https://data.gov.sg/dataset/covid-19-vaccination,8682535,4514673,4167862,
Singapore,2021-08-28,"Moderna, Pfizer/BioNTech, Sinovac",https://data.gov.sg/dataset/covid-19-vaccination,8699344,4519288,4180056,
Singapore,2021-08-29,"Moderna, Pfizer/BioNTech, Sinovac",https://data.gov.sg/dataset/covid-19-vaccination,8709715,4521924,4187791,
Singapore,2021-08-30,"Moderna, Pfizer/BioNTech, Sinovac",https://data.gov.sg/dataset/covid-19-vaccination,8722333,4526031,4196302,
Singapore,2021-08-31,"Moderna, Pfizer/BioNTech, Sinovac",https://data.gov.sg/dataset/covid-19-vaccination,8736106,4529903,4206203,
Singapore,2021-09-01,"Moderna, Pfizer/BioNTech, Sinovac",https://data.gov.sg/dataset/covid-19-vaccination,8748781,4533714,4215067,
Singapore,2021-09-02,"Moderna, Pfizer/BioNTech, Sinovac",https://data.gov.sg/dataset/covid-19-vaccination,8760830,4537429,4223401,
Singapore,2021-09-03,"Moderna, Pfizer/BioNTech, Sinovac",https://data.gov.sg/dataset/covid-19-vaccination,8778691,4542155,4236536,
Singapore,2021-09-04,"Moderna, Pfizer/BioNTech, Sinovac",https://data.gov.sg/dataset/covid-19-vaccination,8796000,4545954,4250046,
Singapore,2021-09-05,"Moderna, Pfizer/BioNTech, Sinovac",https://data.gov.sg/dataset/covid-19-vaccination,8807154,4548122,4259032,
Singapore,2021-09-06,"Moderna, Pfizer/BioNTech, Sinovac",https://data.gov.sg/dataset/covid-19-vaccination,8817464,4551409,4266055,
Singapore,2021-09-07,"Moderna, Pfizer/BioNTech, Sinovac",https://data.gov.sg/dataset/covid-19-vaccination,8827097,4554769,4272328,
Singapore,2021-09-08,"Moderna, Pfizer/BioNTech, Sinovac",https://data.gov.sg/dataset/covid-19-vaccination,8836380,4558129,4278251,
Singapore,2021-09-09,"Moderna, Pfizer/BioNTech, Sinovac",https://data.gov.sg/dataset/covid-19-vaccination,8845052,4561133,4283919,
Singapore,2021-09-10,"Moderna, Pfizer/BioNTech, Sinovac",https://data.gov.sg/dataset/covid-19-vaccination,8858570,4564304,4294266,
Singapore,2021-09-11,"Moderna, Pfizer/BioNTech, Sinovac",https://data.gov.sg/dataset/covid-19-vaccination,8870669,4567139,4303530,
Singapore,2021-09-12,"Moderna, Pfizer/BioNTech, Sinovac",https://data.gov.sg/dataset/covid-19-vaccination,8878089,4568763,4309326,
Singapore,2021-09-13,"Moderna, Pfizer/BioNTech, Sinovac",https://data.gov.sg/dataset/covid-19-vaccination,8885388,4571409,4313979,
Singapore,2021-09-14,"Moderna, Pfizer/BioNTech, Sinovac",https://data.gov.sg/dataset/covid-19-vaccination,8892431,4574075,4318173,183
Singapore,2021-09-15,"Moderna, Pfizer/BioNTech, Sinovac",https://data.gov.sg/dataset/covid-19-vaccination,8904742,4577239,4322465,5038
Singapore,2021-09-16,"Moderna, Pfizer/BioNTech, Sinovac",https://data.gov.sg/dataset/covid-19-vaccination,8914933,4580054,4326660,8219
Singapore,2021-09-17,"Moderna, Pfizer/BioNTech, Sinovac",https://data.gov.sg/dataset/covid-19-vaccination,8933928,4583825,4333422,16681
Singapore,2021-09-18,"Moderna, Pfizer/BioNTech, Sinovac",https://data.gov.sg/dataset/covid-19-vaccination,8955730,4586434,4339295,30001
Singapore,2021-09-19,"Moderna, Pfizer/BioNTech, Sinovac",https://data.gov.sg/dataset/covid-19-vaccination,8968783,4587797,4342701,38285
Singapore,2021-09-20,"Moderna, Pfizer/BioNTech, Sinovac",https://data.gov.sg/dataset/covid-19-vaccination,8988177,4590504,4347210,50463
Singapore,2021-09-21,"Moderna, Pfizer/BioNTech, Sinovac",https://data.gov.sg/dataset/covid-19-vaccination,9002695,4593026,4350779,58890
Singapore,2021-09-22,"Moderna, Pfizer/BioNTech, Sinovac",https://data.gov.sg/dataset/covid-19-vaccination,9024247,4595261,4354520,74466
Singapore,2021-09-23,"Moderna, Pfizer/BioNTech, Sinovac",https://data.gov.sg/dataset/covid-19-vaccination,9047456,4597943,4357741,91772
Singapore,2021-09-24,"Moderna, Pfizer/BioNTech, Sinovac",https://data.gov.sg/dataset/covid-19-vaccination,9080061,4601193,4363136,115732
Singapore,2021-09-25,"Moderna, Pfizer/BioNTech, Sinovac",https://data.gov.sg/dataset/covid-19-vaccination,9109511,4603368,4368155,137988
Singapore,2021-09-26,"Moderna, Pfizer/BioNTech, Sinovac",https://data.gov.sg/dataset/covid-19-vaccination,9129154,4604758,4370858,153538
Singapore,2021-09-27,"Moderna, Pfizer/BioNTech, Sinovac",https://data.gov.sg/dataset/covid-19-vaccination,9157352,4607062,4374143,176147
Singapore,2021-09-28,"Moderna, Pfizer/BioNTech, Sinovac",https://data.gov.sg/dataset/covid-19-vaccination,9187567,4609439,4377313,200815
Singapore,2021-09-29,"Moderna, Pfizer/BioNTech, Sinovac",https://data.gov.sg/dataset/covid-19-vaccination,9213311,4611697,4380310,221304
Singapore,2021-09-30,"Moderna, Pfizer/BioNTech, Sinovac",https://data.gov.sg/dataset/covid-19-vaccination,9240364,4613850,4383693,242821
Singapore,2021-10-01,"Moderna, Pfizer/BioNTech, Sinovac",https://data.gov.sg/dataset/covid-19-vaccination,9267701,4616299,4387004,264398
Singapore,2021-10-02,"Moderna, Pfizer/BioNTech, Sinovac",https://data.gov.sg/dataset/covid-19-vaccination,9294517,4617900,4390036,286581
Singapore,2021-10-03,"Moderna, Pfizer/BioNTech, Sinovac",https://data.gov.sg/dataset/covid-19-vaccination,9316375,4618944,4391888,305543
Singapore,2021-10-04,"Moderna, Pfizer/BioNTech, Sinovac",https://data.gov.sg/dataset/covid-19-vaccination,9343059,4620913,4394287,327859
Singapore,2021-10-05,"Moderna, Pfizer/BioNTech, Sinovac",https://data.gov.sg/dataset/covid-19-vaccination,9368294,4623141,4396884,348269
Singapore,2021-10-06,"Moderna, Pfizer/BioNTech, Sinovac",https://data.gov.sg/dataset/covid-19-vaccination,9389305,4625522,4399573,364210
Singapore,2021-10-07,"Moderna, Pfizer/BioNTech, Sinovac",https://data.gov.sg/dataset/covid-19-vaccination,9408822,4627713,4402035,379074
Singapore,2021-10-08,"Moderna, Pfizer/BioNTech, Sinovac",https://data.gov.sg/dataset/covid-19-vaccination,9436177,4630315,4405643,400219
Singapore,2021-10-09,"Moderna, Pfizer/BioNTech, Sinovac",https://data.gov.sg/dataset/covid-19-vaccination,9461525,4632924,4408899,419702
Singapore,2021-10-10,"Moderna, Pfizer/BioNTech, Sinovac",https://data.gov.sg/dataset/covid-19-vaccination,9492426,4635239,4410790,446397
Singapore,2021-10-11,"Moderna, Pfizer/BioNTech, Sinovac",https://data.gov.sg/dataset/covid-19-vaccination,9525596,4638959,4413342,473295
Singapore,2021-10-12,"Moderna, Pfizer/BioNTech, Sinovac",https://data.gov.sg/dataset/covid-19-vaccination,9554017,4642156,4415742,496119
Singapore,2021-10-13,"Moderna, Pfizer/BioNTech, Sinovac",https://data.gov.sg/dataset/covid-19-vaccination,9578495,4644862,4417942,515691
Singapore,2021-10-14,"Moderna, Pfizer/BioNTech, Sinovac",https://data.gov.sg/dataset/covid-19-vaccination,9601029,4647225,4420205,533599
Singapore,2021-10-15,"Moderna, Pfizer/BioNTech, Sinovac",https://data.gov.sg/dataset/covid-19-vaccination,9636906,4650388,4423541,562977
Singapore,2021-10-16,"Moderna, Pfizer/BioNTech, Sinovac",https://data.gov.sg/dataset/covid-19-vaccination,9665033,4652774,4426047,586212
Singapore,2021-10-17,"Moderna, Pfizer/BioNTech, Sinovac",https://data.gov.sg/dataset/covid-19-vaccination,9679476,4654158,4427475,597843
Singapore,2021-10-18,"Moderna, Pfizer/BioNTech, Sinovac",https://data.gov.sg/dataset/covid-19-vaccination,9700093,4656202,4429660,614231
Singapore,2021-10-19,"Moderna, Pfizer/BioNTech, Sinovac",https://data.gov.sg/dataset/covid-19-vaccination,9721881,4657985,4431529,632367
Singapore,2021-10-20,"Moderna, Pfizer/BioNTech, Sinovac",https://data.gov.sg/dataset/covid-19-vaccination,9740373,4659627,4433411,647335
Singapore,2021-10-21,"Moderna, Pfizer/BioNTech, Sinovac",https://data.gov.sg/dataset/covid-19-vaccination,9761627,4661228,4435375,665024
Singapore,2021-10-22,"Moderna, Pfizer/BioNTech, Sinovac",https://data.gov.sg/dataset/covid-19-vaccination,9792320,4663002,4437942,691376
Singapore,2021-10-23,"Moderna, Pfizer/BioNTech, Sinovac",https://data.gov.sg/dataset/covid-19-vaccination,9814380,4664337,4439915,710128
Singapore,2021-10-24,"Moderna, Pfizer/BioNTech, Sinovac",https://data.gov.sg/dataset/covid-19-vaccination,9826514,4665311,4441078,720125
Singapore,2021-10-25,"Moderna, Pfizer/BioNTech, Sinovac",https://data.gov.sg/dataset/covid-19-vaccination,9845554,4666891,4443044,735619
Singapore,2021-10-26,"Moderna, Pfizer/BioNTech, Sinovac",https://data.gov.sg/dataset/covid-19-vaccination,9870121,4668484,4445143,756494
Singapore,2021-10-27,"Moderna, Pfizer/BioNTech, Sinovac",https://data.gov.sg/dataset/covid-19-vaccination,9889046,4669854,4447257,771935
Singapore,2021-10-28,"Moderna, Pfizer/BioNTech, Sinovac",https://data.gov.sg/dataset/covid-19-vaccination,9911422,4671300,4449591,790531
Singapore,2021-10-29,"Moderna, Pfizer/BioNTech, Sinovac",https://data.gov.sg/dataset/covid-19-vaccination,9948964,4673128,4452782,823054
Singapore,2021-10-30,"Moderna, Pfizer/BioNTech, Sinovac",https://data.gov.sg/dataset/covid-19-vaccination,9978549,4674684,4456039,847826
Singapore,2021-10-31,"Moderna, Pfizer/BioNTech, Sinovac",https://data.gov.sg/dataset/covid-19-vaccination,9997595,4675928,4458617,863050
Singapore,2021-11-01,"Moderna, Pfizer/BioNTech, Sinovac",https://data.gov.sg/dataset/covid-19-vaccination,10021268,4677731,4462037,881500
Singapore,2021-11-02,"Moderna, Pfizer/BioNTech, Sinovac",https://data.gov.sg/dataset/covid-19-vaccination,10048506,4679227,4464995,904284
Singapore,2021-11-03,"Moderna, Pfizer/BioNTech, Sinovac",https://data.gov.sg/dataset/covid-19-vaccination,10068454,4680493,4467689,920272
Singapore,2021-11-04,"Moderna, Pfizer/BioNTech, Sinovac",https://data.gov.sg/dataset/covid-19-vaccination,10069569,4680631,4468233,920705
Singapore,2021-11-05,"Moderna, Pfizer/BioNTech, Sinovac",https://data.gov.sg/dataset/covid-19-vaccination,10107094,4682856,4473483,950755
Singapore,2021-11-06,"Moderna, Pfizer/BioNTech, Sinovac",https://data.gov.sg/dataset/covid-19-vaccination,10135865,4684180,4477164,974521
Singapore,2021-11-07,"Moderna, Pfizer/BioNTech, Sinovac",https://data.gov.sg/dataset/covid-19-vaccination,10153415,4685084,4479154,989177
Singapore,2021-11-08,"Moderna, Pfizer/BioNTech, Sinovac",https://data.gov.sg/dataset/covid-19-vaccination,10176038,4686330,4482601,1007107
Singapore,2021-11-09,"Moderna, Pfizer/BioNTech, Sinovac",https://data.gov.sg/dataset/covid-19-vaccination,10204594,4688026,4485587,1030981
Singapore,2021-11-10,"Moderna, Pfizer/BioNTech, Sinovac",https://data.gov.sg/dataset/covid-19-vaccination,10229790,4689564,4488522,1051704
Singapore,2021-11-11,"Moderna, Pfizer/BioNTech, Sinovac",https://data.gov.sg/dataset/covid-19-vaccination,10254358,4691189,4491419,1071750
Singapore,2021-11-12,"Moderna, Pfizer/BioNTech, Sinovac",https://data.gov.sg/dataset/covid-19-vaccination,10288463,4693065,4494827,1100571
Singapore,2021-11-13,"Moderna, Pfizer/BioNTech, Sinovac",https://data.gov.sg/dataset/covid-19-vaccination,10318268,4694512,4497594,1126162
Singapore,2021-11-14,"Moderna, Pfizer/BioNTech, Sinovac",https://data.gov.sg/dataset/covid-19-vaccination,10337900,4695455,4499361,1143084
Singapore,2021-11-15,"Moderna, Pfizer/BioNTech, Sinovac",https://data.gov.sg/dataset/covid-19-vaccination,10361292,4697027,4502457,1161808
Singapore,2021-11-16,"Moderna, Pfizer/BioNTech, Sinovac",https://data.gov.sg/dataset/covid-19-vaccination,10386921,4698542,4505229,1183150
Singapore,2021-11-17,"Moderna, Pfizer/BioNTech, Sinovac",https://data.gov.sg/dataset/covid-19-vaccination,10407118,4699761,4507554,1199803
Singapore,2021-11-18,"Moderna, Pfizer/BioNTech, Sinovac",https://data.gov.sg/dataset/covid-19-vaccination,10427893,4700956,4509854,1217083
Singapore,2021-11-19,"Moderna, Pfizer/BioNTech, Sinovac",https://data.gov.sg/dataset/covid-19-vaccination,10458734,4702464,4513020,1243250
Singapore,2021-11-20,"Moderna, Pfizer/BioNTech, Sinovac",https://data.gov.sg/dataset/covid-19-vaccination,10486534,4703624,4515531,1267379
Singapore,2021-11-21,"Moderna, Pfizer/BioNTech, Sinovac",https://data.gov.sg/dataset/covid-19-vaccination,10505694,4704438,4516837,1284419
Singapore,2021-11-22,"Moderna, Pfizer/BioNTech, Sinovac",https://data.gov.sg/dataset/covid-19-vaccination,10527486,4705705,4519412,1302369
Singapore,2021-11-23,"Moderna, Pfizer/BioNTech, Sinovac",https://data.gov.sg/dataset/covid-19-vaccination,10547222,4706783,4521509,1318930
Singapore,2021-11-24,"Moderna, Pfizer/BioNTech, Sinovac",https://data.gov.sg/dataset/covid-19-vaccination,10564228,4707870,4523496,1332862
Singapore,2021-11-25,"Moderna, Pfizer/BioNTech, Sinovac",https://data.gov.sg/dataset/covid-19-vaccination,10581239,4709019,4525221,1346999
Singapore,2021-11-26,"Moderna, Pfizer/BioNTech, Sinovac",https://data.gov.sg/dataset/covid-19-vaccination,10611201,4710340,4528081,1372780
Singapore,2021-11-27,"Moderna, Pfizer/BioNTech, Sinovac",https://data.gov.sg/dataset/covid-19-vaccination,10637528,4711271,4530180,1396077
Singapore,2021-11-28,"Moderna, Pfizer/BioNTech, Sinovac",https://data.gov.sg/dataset/covid-19-vaccination,10653912,4712051,4531827,1410034
Singapore,2021-11-29,"Moderna, Pfizer/BioNTech, Sinovac",https://data.gov.sg/dataset/covid-19-vaccination,10672705,4713235,4534294,1425176
Singapore,2021-11-30,"Moderna, Pfizer/BioNTech, Sinovac",https://data.gov.sg/dataset/covid-19-vaccination,10698510,4714357,4536843,1447310
Singapore,2021-12-01,"Moderna, Pfizer/BioNTech, Sinovac",https://data.gov.sg/dataset/covid-19-vaccination,10716577,4715376,4539076,1462125
Singapore,2021-12-02,"Moderna, Pfizer/BioNTech, Sinovac",https://data.gov.sg/dataset/covid-19-vaccination,10733985,4716487,4541716,1475782
Singapore,2021-12-03,"Moderna, Pfizer/BioNTech, Sinopharm/Beijing, Sinovac",https://data.gov.sg/dataset/covid-19-vaccination,10761923,4717686,4545560,1498677
Singapore,2021-12-04,"Moderna, Pfizer/BioNTech, Sinopharm/Beijing, Sinovac",https://data.gov.sg/dataset/covid-19-vaccination,10787287,4718501,4548718,1520068
Singapore,2021-12-05,"Moderna, Pfizer/BioNTech, Sinopharm/Beijing, Sinovac",https://data.gov.sg/dataset/covid-19-vaccination,10804626,4719123,4550597,1534906
Singapore,2021-12-06,"Moderna, Pfizer/BioNTech, Sinopharm/Beijing, Sinovac",https://data.gov.sg/dataset/covid-19-vaccination,10825414,4720238,4554350,1550826
Singapore,2021-12-07,"Moderna, Pfizer/BioNTech, Sinopharm/Beijing, Sinovac",https://data.gov.sg/dataset/covid-19-vaccination,10849438,4721270,4557729,1570439
Singapore,2021-12-08,"Moderna, Pfizer/BioNTech, Sinopharm/Beijing, Sinovac",https://data.gov.sg/dataset/covid-19-vaccination,10869308,4722290,4560929,1586089
Singapore,2021-12-09,"Moderna, Pfizer/BioNTech, Sinopharm/Beijing, Sinovac",https://data.gov.sg/dataset/covid-19-vaccination,10887601,4723221,4564037,1600343
Singapore,2021-12-10,"Moderna, Pfizer/BioNTech, Sinopharm/Beijing, Sinovac",https://data.gov.sg/dataset/covid-19-vaccination,10915618,4724138,4567640,1623840
Singapore,2021-12-11,"Moderna, Pfizer/BioNTech, Sinopharm/Beijing, Sinovac",https://data.gov.sg/dataset/covid-19-vaccination,10940751,4724784,4570363,1645604
Singapore,2021-12-12,"Moderna, Pfizer/BioNTech, Sinopharm/Beijing, Sinovac",https://data.gov.sg/dataset/covid-19-vaccination,10957365,4725274,4572100,1659991
Singapore,2021-12-13,"Moderna, Pfizer/BioNTech, Sinopharm/Beijing, Sinovac",https://data.gov.sg/dataset/covid-19-vaccination,10978171,4726085,4575223,1676863
Singapore,2021-12-14,"Moderna, Pfizer/BioNTech, Sinopharm/Beijing, Sinovac",https://data.gov.sg/dataset/covid-19-vaccination,11007563,4726871,4578033,1702659
Singapore,2021-12-15,"Moderna, Pfizer/BioNTech, Sinopharm/Beijing, Sinovac",https://data.gov.sg/dataset/covid-19-vaccination,11031094,4727572,4580866,1722656
Singapore,2021-12-16,"Moderna, Pfizer/BioNTech, Sinopharm/Beijing, Sinovac",https://data.gov.sg/dataset/covid-19-vaccination,11056396,4728323,4583783,1744290
Singapore,2021-12-17,"Moderna, Pfizer/BioNTech, Sinopharm/Beijing, Sinovac",https://data.gov.sg/dataset/covid-19-vaccination,11086575,4729048,4587073,1770454
Singapore,2021-12-18,"Moderna, Pfizer/BioNTech, Sinopharm/Beijing, Sinovac",https://data.gov.sg/dataset/covid-19-vaccination,11114431,4729604,4589316,1795511
Singapore,2021-12-19,"Moderna, Pfizer/BioNTech, Sinopharm/Beijing, Sinovac",https://data.gov.sg/dataset/covid-19-vaccination,11136007,4730060,4590789,1815158
Singapore,2021-12-20,"Moderna, Pfizer/BioNTech, Sinopharm/Beijing, Sinovac",https://data.gov.sg/dataset/covid-19-vaccination,11168504,4730889,4593721,1843894
Singapore,2021-12-21,"Moderna, Pfizer/BioNTech, Sinopharm/Beijing, Sinovac",https://data.gov.sg/dataset/covid-19-vaccination,11201994,4731602,4596285,1874107
Singapore,2021-12-22,"Moderna, Pfizer/BioNTech, Sinopharm/Beijing, Sinovac",https://data.gov.sg/dataset/covid-19-vaccination,11237851,4732315,4598765,1906771
Singapore,2021-12-23,"Moderna, Pfizer/BioNTech, Sinopharm/Beijing, Sinovac",https://data.gov.sg/dataset/covid-19-vaccination,11276677,4733002,4601150,1942525
Singapore,2021-12-24,"Moderna, Pfizer/BioNTech, Sinopharm/Beijing, Sinovac",https://data.gov.sg/dataset/covid-19-vaccination,11301405,4733351,4602550,1965504
Singapore,2021-12-25,"Moderna, Pfizer/BioNTech, Sinopharm/Beijing, Sinovac",https://data.gov.sg/dataset/covid-19-vaccination,11302018,4733385,4602788,1965845
Singapore,2021-12-26,"Moderna, Pfizer/BioNTech, Sinopharm/Beijing, Sinovac",https://data.gov.sg/dataset/covid-19-vaccination,11347487,4733976,4604715,2008796
Singapore,2021-12-27,"Moderna, Pfizer/BioNTech, Sinopharm/Beijing, Sinovac",https://data.gov.sg/dataset/covid-19-vaccination,11395942,4738067,4607979,2049896
Singapore,2021-12-28,"Moderna, Pfizer/BioNTech, Sinopharm/Beijing, Sinovac",https://data.gov.sg/dataset/covid-19-vaccination,11449411,4742219,4610930,2096262
Singapore,2021-12-29,"Moderna, Pfizer/BioNTech, Sinopharm/Beijing, Sinovac",https://data.gov.sg/dataset/covid-19-vaccination,11501699,4748093,4613638,2139968
Singapore,2021-12-30,"Moderna, Pfizer/BioNTech, Sinopharm/Beijing, Sinovac",https://data.gov.sg/dataset/covid-19-vaccination,11554319,4754297,4616645,2183377
Singapore,2021-12-31,"Moderna, Pfizer/BioNTech, Sinopharm/Beijing, Sinovac",https://data.gov.sg/dataset/covid-19-vaccination,11583542,4757927,4618252,2207363
Singapore,2022-01-01,"Moderna, Pfizer/BioNTech, Sinopharm/Beijing, Sinovac",https://data.gov.sg/dataset/covid-19-vaccination,11584105,4757954,4618447,2207704
Singapore,2022-01-02,"Moderna, Pfizer/BioNTech, Sinopharm/Beijing, Sinovac",https://data.gov.sg/dataset/covid-19-vaccination,11633646,4764915,4619731,2249000
Singapore,2022-01-03,"Moderna, Pfizer/BioNTech, Sinopharm/Beijing, Sinovac",https://data.gov.sg/dataset/covid-19-vaccination,11684257,4774715,4622017,2287525
Singapore,2022-01-04,"Moderna, Pfizer/BioNTech, Sinopharm/Beijing, Sinovac",https://data.gov.sg/dataset/covid-19-vaccination,11728366,4779303,4624098,2324965
Singapore,2022-01-05,"Moderna, Pfizer/BioNTech, Sinopharm/Beijing, Sinovac",https://data.gov.sg/dataset/covid-19-vaccination,11767573,4781295,4625960,2360318
Singapore,2022-01-06,"Moderna, Pfizer/BioNTech, Sinopharm/Beijing, Sinovac",https://data.gov.sg/dataset/covid-19-vaccination,11816145,4787409,4627796,2400940
Singapore,2022-01-07,"Moderna, Pfizer/BioNTech, Sinopharm/Beijing, Sinovac",https://data.gov.sg/dataset/covid-19-vaccination,11877992,4796294,4629915,2451783
Singapore,2022-01-08,"Moderna, Pfizer/BioNTech, Sinopharm/Beijing, Sinovac",https://data.gov.sg/dataset/covid-19-vaccination,11939522,4806748,4631657,2501117
Singapore,2022-01-09,"Moderna, Pfizer/BioNTech, Sinopharm/Beijing, Sinovac",https://data.gov.sg/dataset/covid-19-vaccination,11991453,4816098,4632650,2542705
Singapore,2022-01-10,"Moderna, Pfizer/BioNTech, Sinopharm/Beijing, Sinovac",https://data.gov.sg/dataset/covid-19-vaccination,12039924,4821060,4634517,2584347
Singapore,2022-01-11,"Moderna, Pfizer/BioNTech, Sinopharm/Beijing, Sinovac",https://data.gov.sg/dataset/covid-19-vaccination,12084711,4824397,4636167,2624147
Singapore,2022-01-12,"Moderna, Pfizer/BioNTech, Sinopharm/Beijing, Sinovac",https://data.gov.sg/dataset/covid-19-vaccination,12125032,4828927,4637891,2658214
Singapore,2022-01-13,"Moderna, Pfizer/BioNTech, Sinopharm/Beijing, Sinovac",https://data.gov.sg/dataset/covid-19-vaccination,12168417,4835951,4639615,2692851
Singapore,2022-01-14,"Moderna, Pfizer/BioNTech, Sinopharm/Beijing, Sinovac",https://data.gov.sg/dataset/covid-19-vaccination,12224789,4845283,4641727,2737779
Singapore,2022-01-15,"Moderna, Pfizer/BioNTech, Sinopharm/Beijing, Sinovac",https://data.gov.sg/dataset/covid-19-vaccination,12280046,4856405,4643295,2780346
Singapore,2022-01-16,"Moderna, Pfizer/BioNTech, Sinopharm/Beijing, Sinovac",https://data.gov.sg/dataset/covid-19-vaccination,12321097,4864997,4644356,2811744
Singapore,2022-01-17,"Moderna, Pfizer/BioNTech, Sinopharm/Beijing, Sinovac",https://data.gov.sg/dataset/covid-19-vaccination,12358772,4869022,4647044,2842706
Singapore,2022-01-18,"Moderna, Pfizer/BioNTech, Sinopharm/Beijing, Sinovac",https://data.gov.sg/dataset/covid-19-vaccination,12389956,4872071,4649571,2868314
Singapore,2022-01-19,"Moderna, Pfizer/BioNTech, Sinopharm/Beijing, Sinovac",https://data.gov.sg/dataset/covid-19-vaccination,12420344,4875701,4652428,2892215
Singapore,2022-01-20,"Moderna, Pfizer/BioNTech, Sinopharm/Beijing, Sinovac",https://data.gov.sg/dataset/covid-19-vaccination,12453045,4880872,4655704,2916469
Singapore,2022-01-21,"Moderna, Pfizer/BioNTech, Sinopharm/Beijing, Sinovac",https://data.gov.sg/dataset/covid-19-vaccination,12497132,4888122,4660469,2948541
Singapore,2022-01-22,"Moderna, Pfizer/BioNTech, Sinopharm/Beijing, Sinovac",https://data.gov.sg/dataset/covid-19-vaccination,12538943,4895891,4665136,2977916
Singapore,2022-01-23,"Moderna, Pfizer/BioNTech, Sinopharm/Beijing, Sinovac",https://data.gov.sg/dataset/covid-19-vaccination,12569138,4902618,4669320,2997200
Singapore,2022-01-24,"Moderna, Pfizer/BioNTech, Sinopharm/Beijing, Sinovac",https://data.gov.sg/dataset/covid-19-vaccination,12604773,4905960,4674268,3024545
Singapore,2022-01-25,"Moderna, Pfizer/BioNTech, Sinopharm/Beijing, Sinovac",https://data.gov.sg/dataset/covid-19-vaccination,12637150,4909926,4678665,3048559
Singapore,2022-01-26,"Moderna, Pfizer/BioNTech, Sinopharm/Beijing, Sinovac",https://data.gov.sg/dataset/covid-19-vaccination,12665870,4914210,4682648,3069012
Singapore,2022-01-27,"Moderna, Pfizer/BioNTech, Sinopharm/Beijing, Sinovac",https://data.gov.sg/dataset/covid-19-vaccination,12696733,4919020,4688638,3089075
Singapore,2022-01-28,"Moderna, Pfizer/BioNTech, Sinopharm/Beijing, Sinovac",https://data.gov.sg/dataset/covid-19-vaccination,12736459,4922636,4697313,3116510
Singapore,2022-01-29,"Moderna, Pfizer/BioNTech, Sinopharm/Beijing, Sinovac",https://data.gov.sg/dataset/covid-19-vaccination,12771820,4926375,4705725,3139720
Singapore,2022-01-30,"Moderna, Pfizer/BioNTech, Sinopharm/Beijing, Sinovac",https://data.gov.sg/dataset/covid-19-vaccination,12797412,4928294,4714377,3154741
Singapore,2022-01-31,"Moderna, Pfizer/BioNTech, Sinopharm/Beijing, Sinovac",https://data.gov.sg/dataset/covid-19-vaccination,12815026,4931257,4718090,3165679
Singapore,2022-02-01,"Moderna, Pfizer/BioNTech, Sinopharm/Beijing, Sinovac",https://data.gov.sg/dataset/covid-19-vaccination,12815304,4931262,4718124,3165918
Singapore,2022-02-02,"Moderna, Pfizer/BioNTech, Sinopharm/Beijing, Sinovac",https://data.gov.sg/dataset/covid-19-vaccination,12815668,4931267,4718241,3166160
Singapore,2022-02-03,"Moderna, Pfizer/BioNTech, Sinopharm/Beijing, Sinovac",https://data.gov.sg/dataset/covid-19-vaccination,12848824,4937096,4725007,3186721
Singapore,2022-02-04,"Moderna, Pfizer/BioNTech, Sinopharm/Beijing, Sinovac",https://data.gov.sg/dataset/covid-19-vaccination,12887298,4940230,4733490,3213578
Singapore,2022-02-05,"Moderna, Pfizer/BioNTech, Sinopharm/Beijing, Sinovac",https://data.gov.sg/dataset/covid-19-vaccination,12922784,4942196,4743603,3236985
Singapore,2022-02-06,"Moderna, Pfizer/BioNTech, Sinopharm/Beijing, Sinovac",https://data.gov.sg/dataset/covid-19-vaccination,12950337,4944455,4751510,3254372
Singapore,2022-02-07,"Moderna, Pfizer/BioNTech, Sinopharm/Beijing, Sinovac",https://data.gov.sg/dataset/covid-19-vaccination,12981578,4947067,4757628,3276883
Singapore,2022-02-08,"Moderna, Pfizer/BioNTech, Sinopharm/Beijing, Sinovac",https://data.gov.sg/dataset/covid-19-vaccination,13012595,4949437,4762802,3300356
Singapore,2022-02-09,"Moderna, Pfizer/BioNTech, Sinopharm/Beijing, Sinovac",https://data.gov.sg/dataset/covid-19-vaccination,13043446,4951805,4768362,3323279
Singapore,2022-02-10,"Moderna, Pfizer/BioNTech, Sinopharm/Beijing, Sinovac",https://data.gov.sg/dataset/covid-19-vaccination,13079301,4954837,4775876,3348588
Singapore,2022-02-11,"Moderna, Pfizer/BioNTech, Sinopharm/Beijing, Sinovac",https://data.gov.sg/dataset/covid-19-vaccination,13123433,4956568,4786213,3380652
Singapore,2022-02-12,"Moderna, Pfizer/BioNTech, Sinopharm/Beijing, Sinovac",https://data.gov.sg/dataset/covid-19-vaccination,13165816,4957861,4797336,3410619
Singapore,2022-02-13,"Moderna, Pfizer/BioNTech, Sinopharm/Beijing, Sinovac",https://data.gov.sg/dataset/covid-19-vaccination,13200681,4959343,4806049,3435289
Singapore,2022-02-14,"Moderna, Pfizer/BioNTech, Sinopharm/Beijing, Sinovac",https://data.gov.sg/dataset/covid-19-vaccination,13230779,4962016,4810808,3457955
Singapore,2022-02-15,"Moderna, Pfizer/BioNTech, Sinopharm/Beijing, Sinovac",https://data.gov.sg/dataset/covid-19-vaccination,13252277,4963834,4814921,3473522
Singapore,2022-02-16,"Moderna, Pfizer/BioNTech, Sinopharm/Beijing, Sinovac",https://data.gov.sg/dataset/covid-19-vaccination,13274046,4965916,4819277,3488853
Singapore,2022-02-17,"Moderna, Pfizer/BioNTech, Sinopharm/Beijing, Sinovac",https://data.gov.sg/dataset/covid-19-vaccination,13297502,4968640,4824375,3504487
Singapore,2022-02-18,"Moderna, Pfizer/BioNTech, Sinopharm/Beijing, Sinovac",https://data.gov.sg/dataset/covid-19-vaccination,13330943,4970631,4832663,3527649
Singapore,2022-02-19,"Moderna, Pfizer/BioNTech, Sinopharm/Beijing, Sinovac",https://data.gov.sg/dataset/covid-19-vaccination,13363351,4972388,4841888,3549075
Singapore,2022-02-20,"Moderna, Pfizer/BioNTech, Sinopharm/Beijing, Sinovac",https://data.gov.sg/dataset/covid-19-vaccination,13385850,4974548,4847871,3563431
Singapore,2022-02-21,"Moderna, Pfizer/BioNTech, Sinopharm/Beijing, Sinovac",https://data.gov.sg/dataset/covid-19-vaccination,13403495,4976410,4850854,3576231
Singapore,2022-02-22,"Moderna, Pfizer/BioNTech, Sinopharm/Beijing, Sinovac",https://data.gov.sg/dataset/covid-19-vaccination,13417292,4977742,4853001,3586549
Singapore,2022-02-23,"Moderna, Pfizer/BioNTech, Sinopharm/Beijing, Sinovac",https://data.gov.sg/dataset/covid-19-vaccination,13431085,4979128,4855108,3596849
Singapore,2022-02-24,"Moderna, Pfizer/BioNTech, Sinopharm/Beijing, Sinovac",https://data.gov.sg/dataset/covid-19-vaccination,13448308,4981153,4859240,3607915
Singapore,2022-02-25,"Moderna, Pfizer/BioNTech, Sinopharm/Beijing, Sinovac",https://data.gov.sg/dataset/covid-19-vaccination,13473920,4982836,4866036,3625048
Singapore,2022-02-26,"Moderna, Pfizer/BioNTech, Sinopharm/Beijing, Sinovac",https://data.gov.sg/dataset/covid-19-vaccination,13500393,4984968,4873933,3641492
Singapore,2022-02-27,"Moderna, Pfizer/BioNTech, Sinopharm/Beijing, Sinovac",https://data.gov.sg/dataset/covid-19-vaccination,13516678,4986797,4878760,3651121
Singapore,2022-02-28,"Moderna, Pfizer/BioNTech, Sinopharm/Beijing, Sinovac",https://data.gov.sg/dataset/covid-19-vaccination,13530999,4987683,4881564,3661752
Singapore,2022-03-01,"Moderna, Pfizer/BioNTech, Sinopharm/Beijing, Sinovac",https://data.gov.sg/dataset/covid-19-vaccination,13542046,4988375,4883821,3669850
Singapore,2022-03-02,"Moderna, Pfizer/BioNTech, Sinopharm/Beijing, Sinovac",https://data.gov.sg/dataset/covid-19-vaccination,13551749,4988879,4885812,3677058
Singapore,2022-03-03,"Moderna, Pfizer/BioNTech, Sinopharm/Beijing, Sinovac",https://data.gov.sg/dataset/covid-19-vaccination,13563024,4989631,4888422,3684971
Singapore,2022-03-04,"Moderna, Pfizer/BioNTech, Sinopharm/Beijing, Sinovac",https://data.gov.sg/dataset/covid-19-vaccination,13579719,4990719,4891929,3697071
Singapore,2022-03-05,"Moderna, Pfizer/BioNTech, Sinopharm/Beijing, Sinovac",https://data.gov.sg/dataset/covid-19-vaccination,13596937,4992118,4895709,3709110
Singapore,2022-03-06,"Moderna, Pfizer/BioNTech, Sinopharm/Beijing, Sinovac",https://data.gov.sg/dataset/covid-19-vaccination,13606681,4992678,4897789,3716214
Singapore,2022-03-07,"Moderna, Pfizer/BioNTech, Sinopharm/Beijing, Sinovac",https://data.gov.sg/dataset/covid-19-vaccination,13617252,4993226,4900271,3723755
Singapore,2022-03-08,"Moderna, Pfizer/BioNTech, Sinopharm/Beijing, Sinovac",https://data.gov.sg/dataset/covid-19-vaccination,13625688,4993619,4902329,3729740
Singapore,2022-03-09,"Moderna, Pfizer/BioNTech, Sinopharm/Beijing, Sinovac",https://data.gov.sg/dataset/covid-19-vaccination,13634148,4994036,4904581,3735531
Singapore,2022-03-10,"Moderna, Pfizer/BioNTech, Sinopharm/Beijing, Sinovac",https://data.gov.sg/dataset/covid-19-vaccination,13643512,4994633,4907197,3741682
Singapore,2022-03-11,"Moderna, Pfizer/BioNTech, Sinopharm/Beijing, Sinovac",https://data.gov.sg/dataset/covid-19-vaccination,13658610,4995375,4911143,3752092
Singapore,2022-03-12,"Moderna, Pfizer/BioNTech, Sinopharm/Beijing, Sinovac",https://data.gov.sg/dataset/covid-19-vaccination,13674321,4996498,4915467,3762356
Singapore,2022-03-13,"Moderna, Pfizer/BioNTech, Sinopharm/Beijing, Sinovac",https://data.gov.sg/dataset/covid-19-vaccination,13685482,4997355,4918687,3769440
Singapore,2022-03-14,"Moderna, Pfizer/BioNTech, Sinopharm/Beijing, Sinovac",https://data.gov.sg/dataset/covid-19-vaccination,13697096,4998323,4921919,3776854
Singapore,2022-03-15,"Moderna, Pfizer/BioNTech, Sinopharm/Beijing, Sinovac",https://data.gov.sg/dataset/covid-19-vaccination,13706951,4999000,4925072,3782879
Singapore,2022-03-16,"Moderna, Pfizer/BioNTech, Sinopharm/Beijing, Sinovac",https://data.gov.sg/dataset/covid-19-vaccination,13716956,4999737,4928209,3789010
Singapore,2022-03-17,"Moderna, Pfizer/BioNTech, Sinopharm/Beijing, Sinovac",https://data.gov.sg/dataset/covid-19-vaccination,13727291,5000512,4931580,3795199
Singapore,2022-03-18,"Moderna, Pfizer/BioNTech, Sinopharm/Beijing, Sinovac",https://data.gov.sg/dataset/covid-19-vaccination,13740282,5001235,4936001,3803046
Singapore,2022-03-19,"Moderna, Pfizer/BioNTech, Sinopharm/Beijing, Sinovac",https://data.gov.sg/dataset/covid-19-vaccination,13752418,5001848,4940750,3809820
Singapore,2022-03-20,"Moderna, Pfizer/BioNTech, Sinopharm/Beijing, Sinovac",https://data.gov.sg/dataset/covid-19-vaccination,13760667,5002224,4944069,3814374
Singapore,2022-03-21,"Moderna, Pfizer/BioNTech, Sinopharm/Beijing, Sinovac",https://data.gov.sg/dataset/covid-19-vaccination,13768282,5002862,4946330,3819090
Singapore,2022-03-22,"Moderna, Pfizer/BioNTech, Sinopharm/Beijing, Sinovac",https://data.gov.sg/dataset/covid-19-vaccination,13774492,5003383,4948308,3822801
Singapore,2022-03-23,"Moderna, Pfizer/BioNTech, Sinopharm/Beijing, Sinovac",https://data.gov.sg/dataset/covid-19-vaccination,13780645,5003719,4950273,3826653
Singapore,2022-03-24,"Moderna, Pfizer/BioNTech, Sinopharm/Beijing, Sinovac",https://data.gov.sg/dataset/covid-19-vaccination,13787281,5004025,4952411,3830845
Singapore,2022-03-25,"Moderna, Pfizer/BioNTech, Sinopharm/Beijing, Sinovac",https://data.gov.sg/dataset/covid-19-vaccination,13798265,5004537,4955615,3838113
Singapore,2022-03-26,"Moderna, Pfizer/BioNTech, Sinopharm/Beijing, Sinovac",https://data.gov.sg/dataset/covid-19-vaccination,13809670,5005059,4959603,3845008
Singapore,2022-03-27,"Moderna, Pfizer/BioNTech, Sinopharm/Beijing, Sinovac",https://data.gov.sg/dataset/covid-19-vaccination,13817599,5005383,4962492,3849724
Singapore,2022-03-28,"Moderna, Pfizer/BioNTech, Sinopharm/Beijing, Sinovac",https://data.gov.sg/dataset/covid-19-vaccination,13825593,5005722,4964989,3854882
