location,date,vaccine,source_url,total_vaccinations,people_vaccinated,people_fully_vaccinated,total_boosters
Sweden,2021-01-03,"Moderna, Oxford/AstraZeneca, Pfizer/BioNTech",https://fohm.se/smittskydd-beredskap/utbrott/aktuella-utbrott/covid-19/statistik-och-analyser/statistik-over-registrerade-vaccinationer-covid-19/,2477,1887,0,
Sweden,2021-01-17,"Moderna, Oxford/AstraZeneca, Pfizer/BioNTech",https://fohm.se/smittskydd-beredskap/utbrott/aktuella-utbrott/covid-19/statistik-och-analyser/statistik-over-registrerade-vaccinationer-covid-19/,132827,113488,73,
Sweden,2021-01-24,"Moderna, Oxford/AstraZeneca, Pfizer/BioNTech",https://fohm.se/smittskydd-beredskap/utbrott/aktuella-utbrott/covid-19/statistik-och-analyser/statistik-over-registrerade-vaccinationer-covid-19/,249467,213108,9114,
Sweden,2021-01-31,"Moderna, Oxford/AstraZeneca, Pfizer/BioNTech",https://fohm.se/smittskydd-beredskap/utbrott/aktuella-utbrott/covid-19/statistik-och-analyser/statistik-over-registrerade-vaccinationer-covid-19/,340923,274814,30775,
Sweden,2021-02-07,"Moderna, Oxford/AstraZeneca, Pfizer/BioNTech",https://fohm.se/smittskydd-beredskap/utbrott/aktuella-utbrott/covid-19/statistik-och-analyser/statistik-over-registrerade-vaccinationer-covid-19/,441375,315698,81592,
Sweden,2021-02-14,"Moderna, Oxford/AstraZeneca, Pfizer/BioNTech",https://fohm.se/smittskydd-beredskap/utbrott/aktuella-utbrott/covid-19/statistik-och-analyser/statistik-over-registrerade-vaccinationer-covid-19/,559769,359968,148220,
Sweden,2021-02-21,"Moderna, Oxford/AstraZeneca, Pfizer/BioNTech",https://fohm.se/smittskydd-beredskap/utbrott/aktuella-utbrott/covid-19/statistik-och-analyser/statistik-over-registrerade-vaccinationer-covid-19/,714881,427368,229339,
Sweden,2021-02-28,"Moderna, Oxford/AstraZeneca, Pfizer/BioNTech",https://fohm.se/smittskydd-beredskap/utbrott/aktuella-utbrott/covid-19/statistik-och-analyser/statistik-over-registrerade-vaccinationer-covid-19/,871861,525573,282311,
Sweden,2021-03-07,"Moderna, Oxford/AstraZeneca, Pfizer/BioNTech",https://fohm.se/smittskydd-beredskap/utbrott/aktuella-utbrott/covid-19/statistik-och-analyser/statistik-over-registrerade-vaccinationer-covid-19/,1062300,674333,318504,
Sweden,2021-03-14,"Moderna, Oxford/AstraZeneca, Pfizer/BioNTech",https://fohm.se/smittskydd-beredskap/utbrott/aktuella-utbrott/covid-19/statistik-och-analyser/statistik-over-registrerade-vaccinationer-covid-19/,1284143,853182,355624,
Sweden,2021-03-21,"Moderna, Oxford/AstraZeneca, Pfizer/BioNTech",https://fohm.se/smittskydd-beredskap/utbrott/aktuella-utbrott/covid-19/statistik-och-analyser/statistik-over-registrerade-vaccinationer-covid-19/,1459105,969806,408529,
Sweden,2021-03-28,"Moderna, Oxford/AstraZeneca, Pfizer/BioNTech",https://fohm.se/smittskydd-beredskap/utbrott/aktuella-utbrott/covid-19/statistik-och-analyser/statistik-over-registrerade-vaccinationer-covid-19/,1657946,1096707,475345,
Sweden,2021-04-04,"Moderna, Oxford/AstraZeneca, Pfizer/BioNTech",https://fohm.se/smittskydd-beredskap/utbrott/aktuella-utbrott/covid-19/statistik-och-analyser/statistik-over-registrerade-vaccinationer-covid-19/,1924374,1291795,542171,
Sweden,2021-04-11,"Moderna, Oxford/AstraZeneca, Pfizer/BioNTech",https://fohm.se/smittskydd-beredskap/utbrott/aktuella-utbrott/covid-19/statistik-och-analyser/statistik-over-registrerade-vaccinationer-covid-19/,2271412,1541896,634675,
Sweden,2021-04-18,"Moderna, Oxford/AstraZeneca, Pfizer/BioNTech",https://fohm.se/smittskydd-beredskap/utbrott/aktuella-utbrott/covid-19/statistik-och-analyser/statistik-over-registrerade-vaccinationer-covid-19/,2747557,1948578,700146,
Sweden,2021-04-25,"Moderna, Oxford/AstraZeneca, Pfizer/BioNTech",https://fohm.se/smittskydd-beredskap/utbrott/aktuella-utbrott/covid-19/statistik-och-analyser/statistik-over-registrerade-vaccinationer-covid-19/,3189265,2349808,737806,
Sweden,2021-05-02,"Moderna, Oxford/AstraZeneca, Pfizer/BioNTech",https://fohm.se/smittskydd-beredskap/utbrott/aktuella-utbrott/covid-19/statistik-och-analyser/statistik-over-registrerade-vaccinationer-covid-19/,3589988,2721640,764872,
Sweden,2021-05-09,"Moderna, Oxford/AstraZeneca, Pfizer/BioNTech",https://fohm.se/smittskydd-beredskap/utbrott/aktuella-utbrott/covid-19/statistik-och-analyser/statistik-over-registrerade-vaccinationer-covid-19/,4049640,3064188,879760,
Sweden,2021-05-16,"Moderna, Oxford/AstraZeneca, Pfizer/BioNTech",https://fohm.se/smittskydd-beredskap/utbrott/aktuella-utbrott/covid-19/statistik-och-analyser/statistik-over-registrerade-vaccinationer-covid-19/,4477026,3342608,1026828,
Sweden,2021-05-23,"Moderna, Oxford/AstraZeneca, Pfizer/BioNTech",https://fohm.se/smittskydd-beredskap/utbrott/aktuella-utbrott/covid-19/statistik-och-analyser/statistik-over-registrerade-vaccinationer-covid-19/,4932818,3591973,1231623,
Sweden,2021-05-30,"Moderna, Oxford/AstraZeneca, Pfizer/BioNTech",https://fohm.se/smittskydd-beredskap/utbrott/aktuella-utbrott/covid-19/statistik-och-analyser/statistik-over-registrerade-vaccinationer-covid-19/,5418612,3787606,1520168,
Sweden,2021-06-06,"Moderna, Oxford/AstraZeneca, Pfizer/BioNTech",https://fohm.se/smittskydd-beredskap/utbrott/aktuella-utbrott/covid-19/statistik-och-analyser/statistik-over-registrerade-vaccinationer-covid-19/,6004881,4003959,1888480,
Sweden,2021-06-13,"Moderna, Oxford/AstraZeneca, Pfizer/BioNTech",https://fohm.se/smittskydd-beredskap/utbrott/aktuella-utbrott/covid-19/statistik-och-analyser/statistik-over-registrerade-vaccinationer-covid-19/,6687067,4273239,2299983,
Sweden,2021-06-20,"Moderna, Oxford/AstraZeneca, Pfizer/BioNTech",https://fohm.se/smittskydd-beredskap/utbrott/aktuella-utbrott/covid-19/statistik-och-analyser/statistik-over-registrerade-vaccinationer-covid-19/,7461264,4576280,2769667,
Sweden,2021-06-27,"Moderna, Oxford/AstraZeneca, Pfizer/BioNTech",https://fohm.se/smittskydd-beredskap/utbrott/aktuella-utbrott/covid-19/statistik-och-analyser/statistik-over-registrerade-vaccinationer-covid-19/,8099331,4865137,3117808,
Sweden,2021-07-04,"Moderna, Oxford/AstraZeneca, Pfizer/BioNTech",https://fohm.se/smittskydd-beredskap/utbrott/aktuella-utbrott/covid-19/statistik-och-analyser/statistik-over-registrerade-vaccinationer-covid-19/,8833763,5276446,3440140,
Sweden,2021-07-11,"Moderna, Oxford/AstraZeneca, Pfizer/BioNTech",https://fohm.se/smittskydd-beredskap/utbrott/aktuella-utbrott/covid-19/statistik-och-analyser/statistik-over-registrerade-vaccinationer-covid-19/,9431886,5663574,3650637,
Sweden,2021-07-18,"Moderna, Oxford/AstraZeneca, Pfizer/BioNTech",https://fohm.se/smittskydd-beredskap/utbrott/aktuella-utbrott/covid-19/statistik-och-analyser/statistik-over-registrerade-vaccinationer-covid-19/,9942991,6014238,3810756,
Sweden,2021-07-25,"Moderna, Oxford/AstraZeneca, Pfizer/BioNTech",https://fohm.se/smittskydd-beredskap/utbrott/aktuella-utbrott/covid-19/statistik-och-analyser/statistik-over-registrerade-vaccinationer-covid-19/,10387906,6253597,4016050,
Sweden,2021-08-01,"Moderna, Oxford/AstraZeneca, Pfizer/BioNTech",https://fohm.se/smittskydd-beredskap/utbrott/aktuella-utbrott/covid-19/statistik-och-analyser/statistik-over-registrerade-vaccinationer-covid-19/,10787620,6393364,4275788,
Sweden,2021-08-08,"Moderna, Oxford/AstraZeneca, Pfizer/BioNTech",https://fohm.se/smittskydd-beredskap/utbrott/aktuella-utbrott/covid-19/statistik-och-analyser/statistik-over-registrerade-vaccinationer-covid-19/,11192261,6501831,4571792,
Sweden,2021-08-15,"Moderna, Oxford/AstraZeneca, Pfizer/BioNTech",https://fohm.se/smittskydd-beredskap/utbrott/aktuella-utbrott/covid-19/statistik-och-analyser/statistik-over-registrerade-vaccinationer-covid-19/,11664292,6636631,4908870,
Sweden,2021-08-22,"Moderna, Oxford/AstraZeneca, Pfizer/BioNTech",https://fohm.se/smittskydd-beredskap/utbrott/aktuella-utbrott/covid-19/statistik-och-analyser/statistik-over-registrerade-vaccinationer-covid-19/,12188282,6746367,5322987,
Sweden,2021-08-29,"Moderna, Oxford/AstraZeneca, Pfizer/BioNTech",https://fohm.se/smittskydd-beredskap/utbrott/aktuella-utbrott/covid-19/statistik-och-analyser/statistik-over-registrerade-vaccinationer-covid-19/,12664801,6835369,5710376,
Sweden,2021-09-05,"Moderna, Oxford/AstraZeneca, Pfizer/BioNTech",https://fohm.se/smittskydd-beredskap/utbrott/aktuella-utbrott/covid-19/statistik-och-analyser/statistik-over-registrerade-vaccinationer-covid-19/,13039067,6910456,6009064,
Sweden,2021-09-12,"Moderna, Oxford/AstraZeneca, Pfizer/BioNTech",https://fohm.se/smittskydd-beredskap/utbrott/aktuella-utbrott/covid-19/statistik-och-analyser/statistik-over-registrerade-vaccinationer-covid-19/,13324243,6976035,6226772,
Sweden,2021-09-19,"Moderna, Oxford/AstraZeneca, Pfizer/BioNTech",https://fohm.se/smittskydd-beredskap/utbrott/aktuella-utbrott/covid-19/statistik-och-analyser/statistik-over-registrerade-vaccinationer-covid-19/,13563662,7032557,6403186,
Sweden,2021-09-26,"Moderna, Oxford/AstraZeneca, Pfizer/BioNTech",https://fohm.se/smittskydd-beredskap/utbrott/aktuella-utbrott/covid-19/statistik-och-analyser/statistik-over-registrerade-vaccinationer-covid-19/,13748551,7077199,6534328,
Sweden,2021-10-03,"Moderna, Oxford/AstraZeneca, Pfizer/BioNTech",https://fohm.se/smittskydd-beredskap/utbrott/aktuella-utbrott/covid-19/statistik-och-analyser/statistik-over-registrerade-vaccinationer-covid-19/,13904050,7111369,6643370,
Sweden,2021-10-10,"Moderna, Oxford/AstraZeneca, Pfizer/BioNTech",https://fohm.se/smittskydd-beredskap/utbrott/aktuella-utbrott/covid-19/statistik-och-analyser/statistik-over-registrerade-vaccinationer-covid-19/,14049916,7144871,6719504,
Sweden,2021-10-17,"Moderna, Oxford/AstraZeneca, Pfizer/BioNTech",https://fohm.se/smittskydd-beredskap/utbrott/aktuella-utbrott/covid-19/statistik-och-analyser/statistik-over-registrerade-vaccinationer-covid-19/,14256352,7221907,6780213,
Sweden,2021-10-24,"Moderna, Oxford/AstraZeneca, Pfizer/BioNTech",https://fohm.se/smittskydd-beredskap/utbrott/aktuella-utbrott/covid-19/statistik-och-analyser/statistik-over-registrerade-vaccinationer-covid-19/,14457193,7303574,6828271,
Sweden,2021-10-31,"Moderna, Oxford/AstraZeneca, Pfizer/BioNTech",https://fohm.se/smittskydd-beredskap/utbrott/aktuella-utbrott/covid-19/statistik-och-analyser/statistik-over-registrerade-vaccinationer-covid-19/,14660037,7371561,6876158,
Sweden,2021-11-07,"Moderna, Oxford/AstraZeneca, Pfizer/BioNTech",https://fohm.se/smittskydd-beredskap/utbrott/aktuella-utbrott/covid-19/statistik-och-analyser/statistik-over-registrerade-vaccinationer-covid-19/,14790395,7390074,6907588,
Sweden,2021-11-14,"Moderna, Oxford/AstraZeneca, Pfizer/BioNTech",https://fohm.se/smittskydd-beredskap/utbrott/aktuella-utbrott/covid-19/statistik-och-analyser/statistik-over-registrerade-vaccinationer-covid-19/,15104318,7432586,6962270,
Sweden,2021-11-21,"Moderna, Oxford/AstraZeneca, Pfizer/BioNTech",https://fohm.se/smittskydd-beredskap/utbrott/aktuella-utbrott/covid-19/statistik-och-analyser/statistik-over-registrerade-vaccinationer-covid-19/,15508414,7475804,7027245,
Sweden,2021-11-28,"Moderna, Oxford/AstraZeneca, Pfizer/BioNTech",https://fohm.se/smittskydd-beredskap/utbrott/aktuella-utbrott/covid-19/statistik-och-analyser/statistik-over-registrerade-vaccinationer-covid-19/,15935295,7521298,7104242,
Sweden,2021-12-05,"Moderna, Oxford/AstraZeneca, Pfizer/BioNTech",https://fohm.se/smittskydd-beredskap/utbrott/aktuella-utbrott/covid-19/statistik-och-analyser/statistik-over-registrerade-vaccinationer-covid-19/,16368310,7567498,7175433,
Sweden,2021-12-12,"Moderna, Oxford/AstraZeneca, Pfizer/BioNTech",https://fohm.se/smittskydd-beredskap/utbrott/aktuella-utbrott/covid-19/statistik-och-analyser/statistik-over-registrerade-vaccinationer-covid-19/,16835693,7614941,7246443,
Sweden,2021-12-19,"Moderna, Oxford/AstraZeneca, Pfizer/BioNTech",https://fohm.se/smittskydd-beredskap/utbrott/aktuella-utbrott/covid-19/statistik-och-analyser/statistik-over-registrerade-vaccinationer-covid-19/,17372048,7658015,7309855,
Sweden,2021-12-26,"Moderna, Oxford/AstraZeneca, Pfizer/BioNTech",https://fohm.se/smittskydd-beredskap/utbrott/aktuella-utbrott/covid-19/statistik-och-analyser/statistik-over-registrerade-vaccinationer-covid-19/,17601088,7675570,7336125,
Sweden,2022-01-02,"Moderna, Oxford/AstraZeneca, Pfizer/BioNTech",https://fohm.se/smittskydd-beredskap/utbrott/aktuella-utbrott/covid-19/statistik-och-analyser/statistik-over-registrerade-vaccinationer-covid-19/,17752032,7687502,7353525,
Sweden,2022-01-09,"Moderna, Oxford/AstraZeneca, Pfizer/BioNTech",https://fohm.se/smittskydd-beredskap/utbrott/aktuella-utbrott/covid-19/statistik-och-analyser/statistik-over-registrerade-vaccinationer-covid-19/,17987164,7703196,7380567,
Sweden,2022-01-16,"Moderna, Oxford/AstraZeneca, Pfizer/BioNTech",https://fohm.se/smittskydd-beredskap/utbrott/aktuella-utbrott/covid-19/statistik-och-analyser/statistik-over-registrerade-vaccinationer-covid-19/,18459159,7728481,7434107,
Sweden,2022-01-23,"Moderna, Oxford/AstraZeneca, Pfizer/BioNTech",https://fohm.se/smittskydd-beredskap/utbrott/aktuella-utbrott/covid-19/statistik-och-analyser/statistik-over-registrerade-vaccinationer-covid-19/,19005427,7750882,7477943,
Sweden,2022-01-30,"Moderna, Oxford/AstraZeneca, Pfizer/BioNTech",https://fohm.se/smittskydd-beredskap/utbrott/aktuella-utbrott/covid-19/statistik-och-analyser/statistik-over-registrerade-vaccinationer-covid-19/,19472415,7765340,7504717,
Sweden,2022-02-06,"Moderna, Oxford/AstraZeneca, Pfizer/BioNTech",https://fohm.se/smittskydd-beredskap/utbrott/aktuella-utbrott/covid-19/statistik-och-analyser/statistik-over-registrerade-vaccinationer-covid-19/,19861925,7775134,7525810,
Sweden,2022-02-13,"Moderna, Oxford/AstraZeneca, Pfizer/BioNTech",https://fohm.se/smittskydd-beredskap/utbrott/aktuella-utbrott/covid-19/statistik-och-analyser/statistik-over-registrerade-vaccinationer-covid-19/,20159052,7782885,7546960,
Sweden,2022-02-20,"Moderna, Oxford/AstraZeneca, Pfizer/BioNTech",https://fohm.se/smittskydd-beredskap/utbrott/aktuella-utbrott/covid-19/statistik-och-analyser/statistik-over-registrerade-vaccinationer-covid-19/,20359257,7788372,7563923,
Sweden,2022-02-27,"Moderna, Oxford/AstraZeneca, Pfizer/BioNTech",https://fohm.se/smittskydd-beredskap/utbrott/aktuella-utbrott/covid-19/statistik-och-analyser/statistik-over-registrerade-vaccinationer-covid-19/,20524164,7792753,7577682,
Sweden,2022-03-06,"Moderna, Oxford/AstraZeneca, Pfizer/BioNTech",https://fohm.se/smittskydd-beredskap/utbrott/aktuella-utbrott/covid-19/statistik-och-analyser/statistik-over-registrerade-vaccinationer-covid-19/,20665232,7795943,7586555,
Sweden,2022-03-13,"Moderna, Oxford/AstraZeneca, Pfizer/BioNTech",https://fohm.se/smittskydd-beredskap/utbrott/aktuella-utbrott/covid-19/statistik-och-analyser/statistik-over-registrerade-vaccinationer-covid-19/,20797566,7798649,7593536,
Sweden,2022-03-20,"Moderna, Oxford/AstraZeneca, Pfizer/BioNTech",https://fohm.se/smittskydd-beredskap/utbrott/aktuella-utbrott/covid-19/statistik-och-analyser/statistik-over-registrerade-vaccinationer-covid-19/,20965400,7802064,7600435,
Sweden,2022-03-23,"Moderna, Oxford/AstraZeneca, Pfizer/BioNTech",https://fohm.se/smittskydd-beredskap/utbrott/aktuella-utbrott/covid-19/statistik-och-analyser/statistik-over-registrerade-vaccinationer-covid-19/,21000229,7816009,7612398,5136718
Sweden,2022-03-24,"Moderna, Oxford/AstraZeneca, Pfizer/BioNTech",https://fohm.se/smittskydd-beredskap/utbrott/aktuella-utbrott/covid-19/statistik-och-analyser/statistik-over-registrerade-vaccinationer-covid-19/,21026443,7816527,7613409,5145025
Sweden,2022-03-25,"Moderna, Oxford/AstraZeneca, Pfizer/BioNTech",https://fohm.se/smittskydd-beredskap/utbrott/aktuella-utbrott/covid-19/statistik-och-analyser/statistik-over-registrerade-vaccinationer-covid-19/,21053545,7817094,7614496,5153749
Sweden,2022-03-31,"Moderna, Oxford/AstraZeneca, Pfizer/BioNTech",https://fohm.se/smittskydd-beredskap/utbrott/aktuella-utbrott/covid-19/statistik-och-analyser/statistik-over-registrerade-vaccinationer-covid-19/,21139260,7819532,7618332,5184103
