location,date,vaccine,source_url,total_vaccinations,people_vaccinated,people_fully_vaccinated,total_boosters
Ukraine,2021-02-24,Oxford/AstraZeneca,https://health-security.rnbo.gov.ua,159,159,0,0
Ukraine,2021-02-25,Oxford/AstraZeneca,https://health-security.rnbo.gov.ua,1338,1338,0,0
Ukraine,2021-02-26,Oxford/AstraZeneca,https://health-security.rnbo.gov.ua,3051,3051,0,0
Ukraine,2021-02-27,Oxford/AstraZeneca,https://health-security.rnbo.gov.ua,3141,3141,0,0
Ukraine,2021-02-28,Oxford/AstraZeneca,https://health-security.rnbo.gov.ua,3141,3141,0,0
Ukraine,2021-03-01,Oxford/AstraZeneca,https://health-security.rnbo.gov.ua,4905,4905,0,0
Ukraine,2021-03-02,Oxford/AstraZeneca,https://health-security.rnbo.gov.ua,6888,6888,0,0
Ukraine,2021-03-03,Oxford/AstraZeneca,https://health-security.rnbo.gov.ua,9568,9568,0,0
Ukraine,2021-03-04,Oxford/AstraZeneca,https://health-security.rnbo.gov.ua,12481,12481,0,0
Ukraine,2021-03-05,Oxford/AstraZeneca,https://health-security.rnbo.gov.ua,15758,15758,0,0
Ukraine,2021-03-06,Oxford/AstraZeneca,https://health-security.rnbo.gov.ua,17037,17037,0,0
Ukraine,2021-03-07,Oxford/AstraZeneca,https://health-security.rnbo.gov.ua,17947,17947,0,0
Ukraine,2021-03-08,Oxford/AstraZeneca,https://health-security.rnbo.gov.ua,19118,19118,0,0
Ukraine,2021-03-09,Oxford/AstraZeneca,https://health-security.rnbo.gov.ua,23480,23480,0,0
Ukraine,2021-03-10,Oxford/AstraZeneca,https://health-security.rnbo.gov.ua,29378,29378,0,0
Ukraine,2021-03-11,Oxford/AstraZeneca,https://health-security.rnbo.gov.ua,38237,38237,0,0
Ukraine,2021-03-12,Oxford/AstraZeneca,https://health-security.rnbo.gov.ua,47541,47541,0,0
Ukraine,2021-03-13,Oxford/AstraZeneca,https://health-security.rnbo.gov.ua,51137,51137,0,0
Ukraine,2021-03-14,Oxford/AstraZeneca,https://health-security.rnbo.gov.ua,53155,53155,0,0
Ukraine,2021-03-15,Oxford/AstraZeneca,https://health-security.rnbo.gov.ua,62083,62083,0,0
Ukraine,2021-03-16,Oxford/AstraZeneca,https://health-security.rnbo.gov.ua,71923,71922,1,0
Ukraine,2021-03-17,Oxford/AstraZeneca,https://health-security.rnbo.gov.ua,81755,81754,1,0
Ukraine,2021-03-18,Oxford/AstraZeneca,https://health-security.rnbo.gov.ua,92714,92713,1,0
Ukraine,2021-03-19,Oxford/AstraZeneca,https://health-security.rnbo.gov.ua,104342,104341,1,0
Ukraine,2021-03-20,Oxford/AstraZeneca,https://health-security.rnbo.gov.ua,108310,108309,1,0
Ukraine,2021-03-21,Oxford/AstraZeneca,https://health-security.rnbo.gov.ua,111025,111024,1,0
Ukraine,2021-03-22,Oxford/AstraZeneca,https://health-security.rnbo.gov.ua,121929,121928,1,0
Ukraine,2021-03-23,Oxford/AstraZeneca,https://health-security.rnbo.gov.ua,137026,137025,1,0
Ukraine,2021-03-24,Oxford/AstraZeneca,https://health-security.rnbo.gov.ua,155587,155586,1,0
Ukraine,2021-03-25,Oxford/AstraZeneca,https://health-security.rnbo.gov.ua,174325,174324,1,0
Ukraine,2021-03-26,Oxford/AstraZeneca,https://health-security.rnbo.gov.ua,192264,192263,1,0
Ukraine,2021-03-27,Oxford/AstraZeneca,https://health-security.rnbo.gov.ua,196880,196879,1,0
Ukraine,2021-03-28,Oxford/AstraZeneca,https://health-security.rnbo.gov.ua,198465,198464,1,0
Ukraine,2021-03-29,Oxford/AstraZeneca,https://health-security.rnbo.gov.ua,212898,212896,2,0
Ukraine,2021-03-30,Oxford/AstraZeneca,https://health-security.rnbo.gov.ua,231566,231564,2,0
Ukraine,2021-03-31,Oxford/AstraZeneca,https://health-security.rnbo.gov.ua,248736,248734,2,0
Ukraine,2021-04-01,Oxford/AstraZeneca,https://health-security.rnbo.gov.ua,267833,267831,2,0
Ukraine,2021-04-02,Oxford/AstraZeneca,https://health-security.rnbo.gov.ua,286647,286645,2,0
Ukraine,2021-04-03,Oxford/AstraZeneca,https://health-security.rnbo.gov.ua,290566,290564,2,0
Ukraine,2021-04-04,Oxford/AstraZeneca,https://health-security.rnbo.gov.ua,291824,291822,2,0
Ukraine,2021-04-05,Oxford/AstraZeneca,https://health-security.rnbo.gov.ua,304680,304678,2,0
Ukraine,2021-04-06,Oxford/AstraZeneca,https://health-security.rnbo.gov.ua,320265,320263,2,0
Ukraine,2021-04-07,Oxford/AstraZeneca,https://health-security.rnbo.gov.ua,334578,334576,2,0
Ukraine,2021-04-08,Oxford/AstraZeneca,https://health-security.rnbo.gov.ua,353147,353142,5,0
Ukraine,2021-04-09,Oxford/AstraZeneca,https://health-security.rnbo.gov.ua,373005,373000,5,0
Ukraine,2021-04-10,Oxford/AstraZeneca,https://health-security.rnbo.gov.ua,377053,377048,5,0
Ukraine,2021-04-11,Oxford/AstraZeneca,https://health-security.rnbo.gov.ua,378269,378264,5,0
Ukraine,2021-04-12,Oxford/AstraZeneca,https://health-security.rnbo.gov.ua,388404,388399,5,0
Ukraine,2021-04-13,Oxford/AstraZeneca,https://health-security.rnbo.gov.ua,403556,403551,5,0
Ukraine,2021-04-14,"Oxford/AstraZeneca, Sinovac",https://health-security.rnbo.gov.ua,419300,419295,5,0
Ukraine,2021-04-15,"Oxford/AstraZeneca, Sinovac",https://health-security.rnbo.gov.ua,432820,432815,5,0
Ukraine,2021-04-16,"Oxford/AstraZeneca, Sinovac",https://health-security.rnbo.gov.ua,445864,445859,5,0
Ukraine,2021-04-17,"Oxford/AstraZeneca, Sinovac",https://health-security.rnbo.gov.ua,449197,449192,5,0
Ukraine,2021-04-18,"Oxford/AstraZeneca, Pfizer/BioNTech, Sinovac",https://health-security.rnbo.gov.ua,450650,450645,5,0
Ukraine,2021-04-19,"Oxford/AstraZeneca, Pfizer/BioNTech, Sinovac",https://health-security.rnbo.gov.ua,462794,462789,5,0
Ukraine,2021-04-20,"Oxford/AstraZeneca, Pfizer/BioNTech, Sinovac",https://health-security.rnbo.gov.ua,477836,477831,5,0
Ukraine,2021-04-21,"Oxford/AstraZeneca, Pfizer/BioNTech, Sinovac",https://health-security.rnbo.gov.ua,491880,491875,5,0
Ukraine,2021-04-22,"Oxford/AstraZeneca, Pfizer/BioNTech, Sinovac",https://health-security.rnbo.gov.ua,508049,508044,5,0
Ukraine,2021-04-23,"Oxford/AstraZeneca, Pfizer/BioNTech, Sinovac",https://health-security.rnbo.gov.ua,522388,522383,5,0
Ukraine,2021-04-24,"Oxford/AstraZeneca, Pfizer/BioNTech, Sinovac",https://health-security.rnbo.gov.ua,526919,526914,5,0
Ukraine,2021-04-25,"Oxford/AstraZeneca, Pfizer/BioNTech, Sinovac",https://health-security.rnbo.gov.ua,528033,528028,5,0
Ukraine,2021-04-26,"Oxford/AstraZeneca, Pfizer/BioNTech, Sinovac",https://health-security.rnbo.gov.ua,539133,539124,9,0
Ukraine,2021-04-27,"Oxford/AstraZeneca, Pfizer/BioNTech, Sinovac",https://health-security.rnbo.gov.ua,558723,558714,9,0
Ukraine,2021-04-28,"Oxford/AstraZeneca, Pfizer/BioNTech, Sinovac",https://health-security.rnbo.gov.ua,629192,629182,10,0
Ukraine,2021-04-29,"Oxford/AstraZeneca, Pfizer/BioNTech, Sinovac",https://health-security.rnbo.gov.ua,702568,702438,130,0
Ukraine,2021-04-30,"Oxford/AstraZeneca, Pfizer/BioNTech, Sinovac",https://health-security.rnbo.gov.ua,752553,752293,260,0
Ukraine,2021-05-01,"Oxford/AstraZeneca, Pfizer/BioNTech, Sinovac",https://health-security.rnbo.gov.ua,755214,754924,290,0
Ukraine,2021-05-02,"Oxford/AstraZeneca, Pfizer/BioNTech, Sinovac",https://health-security.rnbo.gov.ua,755391,755101,290,0
Ukraine,2021-05-03,"Oxford/AstraZeneca, Pfizer/BioNTech, Sinovac",https://health-security.rnbo.gov.ua,756310,756020,290,0
Ukraine,2021-05-04,"Oxford/AstraZeneca, Pfizer/BioNTech, Sinovac",https://health-security.rnbo.gov.ua,759735,759432,303,0
Ukraine,2021-05-05,"Oxford/AstraZeneca, Pfizer/BioNTech, Sinovac",https://health-security.rnbo.gov.ua,784229,783810,419,0
Ukraine,2021-05-06,"Oxford/AstraZeneca, Pfizer/BioNTech, Sinovac",https://health-security.rnbo.gov.ua,822196,821768,428,0
Ukraine,2021-05-07,"Oxford/AstraZeneca, Pfizer/BioNTech, Sinovac",https://health-security.rnbo.gov.ua,858242,857796,446,0
Ukraine,2021-05-08,"Oxford/AstraZeneca, Pfizer/BioNTech, Sinovac",https://health-security.rnbo.gov.ua,863085,862639,446,0
Ukraine,2021-05-09,"Oxford/AstraZeneca, Pfizer/BioNTech, Sinovac",https://health-security.rnbo.gov.ua,864089,863643,446,0
Ukraine,2021-05-10,"Oxford/AstraZeneca, Pfizer/BioNTech, Sinovac",https://health-security.rnbo.gov.ua,866283,865588,695,0
Ukraine,2021-05-11,"Oxford/AstraZeneca, Pfizer/BioNTech, Sinovac",https://health-security.rnbo.gov.ua,884547,882619,1928,0
Ukraine,2021-05-12,"Oxford/AstraZeneca, Pfizer/BioNTech, Sinovac",https://health-security.rnbo.gov.ua,904933,901105,3828,0
Ukraine,2021-05-13,"Oxford/AstraZeneca, Pfizer/BioNTech, Sinovac",https://health-security.rnbo.gov.ua,926520,918162,8358,0
Ukraine,2021-05-14,"Oxford/AstraZeneca, Pfizer/BioNTech, Sinovac",https://health-security.rnbo.gov.ua,950158,936497,13661,0
Ukraine,2021-05-15,"Oxford/AstraZeneca, Pfizer/BioNTech, Sinovac",https://health-security.rnbo.gov.ua,956322,939236,17086,0
Ukraine,2021-05-16,"Oxford/AstraZeneca, Pfizer/BioNTech, Sinovac",https://health-security.rnbo.gov.ua,958552,940158,18394,0
Ukraine,2021-05-17,"Oxford/AstraZeneca, Pfizer/BioNTech, Sinovac",https://health-security.rnbo.gov.ua,975784,948330,27454,0
Ukraine,2021-05-18,"Oxford/AstraZeneca, Pfizer/BioNTech, Sinovac",https://health-security.rnbo.gov.ua,994872,957232,37640,0
Ukraine,2021-05-19,"Oxford/AstraZeneca, Pfizer/BioNTech, Sinovac",https://health-security.rnbo.gov.ua,1012815,964631,48184,0
Ukraine,2021-05-20,"Oxford/AstraZeneca, Pfizer/BioNTech, Sinovac",https://health-security.rnbo.gov.ua,1031728,970918,60810,0
Ukraine,2021-05-21,"Oxford/AstraZeneca, Pfizer/BioNTech, Sinovac",https://health-security.rnbo.gov.ua,1049311,977009,72302,0
Ukraine,2021-05-22,"Johnson&Johnson, Oxford/AstraZeneca, Pfizer/BioNTech, Sinovac",https://health-security.rnbo.gov.ua,1052814,978031,75002,0
Ukraine,2021-05-23,"Johnson&Johnson, Oxford/AstraZeneca, Pfizer/BioNTech, Sinovac",https://health-security.rnbo.gov.ua,1054139,978352,76006,0
Ukraine,2021-05-24,"Johnson&Johnson, Oxford/AstraZeneca, Pfizer/BioNTech, Sinovac",https://health-security.rnbo.gov.ua,1068195,981970,86444,0
Ukraine,2021-05-25,"Johnson&Johnson, Oxford/AstraZeneca, Pfizer/BioNTech, Sinovac",https://health-security.rnbo.gov.ua,1084582,987191,97615,0
Ukraine,2021-05-26,"Johnson&Johnson, Oxford/AstraZeneca, Pfizer/BioNTech, Sinovac",https://health-security.rnbo.gov.ua,1099713,992189,107748,0
Ukraine,2021-05-27,"Johnson&Johnson, Oxford/AstraZeneca, Pfizer/BioNTech, Sinovac",https://health-security.rnbo.gov.ua,1116006,999072,117158,0
Ukraine,2021-05-28,"Johnson&Johnson, Oxford/AstraZeneca, Pfizer/BioNTech, Sinovac",https://health-security.rnbo.gov.ua,1132821,1008857,124188,0
Ukraine,2021-05-29,"Johnson&Johnson, Oxford/AstraZeneca, Pfizer/BioNTech, Sinovac",https://health-security.rnbo.gov.ua,1141413,1015976,125661,0
Ukraine,2021-05-30,"Johnson&Johnson, Oxford/AstraZeneca, Pfizer/BioNTech, Sinovac",https://health-security.rnbo.gov.ua,1147581,1021804,126001,0
Ukraine,2021-05-31,"Johnson&Johnson, Oxford/AstraZeneca, Pfizer/BioNTech, Sinovac",https://health-security.rnbo.gov.ua,1161518,1032036,129706,0
Ukraine,2021-06-01,"Johnson&Johnson, Oxford/AstraZeneca, Pfizer/BioNTech, Sinovac",https://health-security.rnbo.gov.ua,1180402,1047894,132732,0
Ukraine,2021-06-02,"Johnson&Johnson, Oxford/AstraZeneca, Pfizer/BioNTech, Sinovac",https://health-security.rnbo.gov.ua,1214883,1076793,138314,0
Ukraine,2021-06-03,"Johnson&Johnson, Oxford/AstraZeneca, Pfizer/BioNTech, Sinovac",https://health-security.rnbo.gov.ua,1265723,1123661,142286,0
Ukraine,2021-06-04,"Johnson&Johnson, Oxford/AstraZeneca, Pfizer/BioNTech, Sinovac",https://health-security.rnbo.gov.ua,1323163,1177371,146182,0
Ukraine,2021-06-05,"Johnson&Johnson, Oxford/AstraZeneca, Pfizer/BioNTech, Sinovac",https://health-security.rnbo.gov.ua,1363264,1216600,147054,0
Ukraine,2021-06-06,"Johnson&Johnson, Oxford/AstraZeneca, Pfizer/BioNTech, Sinovac",https://health-security.rnbo.gov.ua,1388124,1241006,147508,0
Ukraine,2021-06-07,"Johnson&Johnson, Oxford/AstraZeneca, Pfizer/BioNTech, Sinovac",https://health-security.rnbo.gov.ua,1436285,1284143,152532,0
Ukraine,2021-06-08,"Johnson&Johnson, Oxford/AstraZeneca, Pfizer/BioNTech, Sinovac",https://health-security.rnbo.gov.ua,1489446,1328068,161768,0
Ukraine,2021-06-09,"Johnson&Johnson, Oxford/AstraZeneca, Pfizer/BioNTech, Sinovac",https://health-security.rnbo.gov.ua,1545019,1364566,180843,0
Ukraine,2021-06-10,"Johnson&Johnson, Oxford/AstraZeneca, Pfizer/BioNTech, Sinovac",https://health-security.rnbo.gov.ua,1599348,1395310,204428,0
Ukraine,2021-06-11,"Johnson&Johnson, Oxford/AstraZeneca, Pfizer/BioNTech, Sinovac",https://health-security.rnbo.gov.ua,1661410,1430990,230810,0
Ukraine,2021-06-12,"Johnson&Johnson, Oxford/AstraZeneca, Pfizer/BioNTech, Sinovac",https://health-security.rnbo.gov.ua,1696280,1459374,237296,0
Ukraine,2021-06-13,"Johnson&Johnson, Oxford/AstraZeneca, Pfizer/BioNTech, Sinovac",https://health-security.rnbo.gov.ua,1718499,1479701,239188,0
Ukraine,2021-06-14,"Johnson&Johnson, Oxford/AstraZeneca, Pfizer/BioNTech, Sinovac",https://health-security.rnbo.gov.ua,1768556,1507801,261145,0
Ukraine,2021-06-15,"Johnson&Johnson, Oxford/AstraZeneca, Pfizer/BioNTech, Sinovac",https://health-security.rnbo.gov.ua,1831147,1543263,288274,0
Ukraine,2021-06-16,"Johnson&Johnson, Oxford/AstraZeneca, Pfizer/BioNTech, Sinovac",https://health-security.rnbo.gov.ua,1907685,1594083,313992,0
Ukraine,2021-06-17,"Johnson&Johnson, Oxford/AstraZeneca, Pfizer/BioNTech, Sinovac",https://health-security.rnbo.gov.ua,1989398,1652053,337735,0
Ukraine,2021-06-18,"Johnson&Johnson, Oxford/AstraZeneca, Pfizer/BioNTech, Sinovac",https://health-security.rnbo.gov.ua,2056499,1700709,356180,0
Ukraine,2021-06-19,"Johnson&Johnson, Oxford/AstraZeneca, Pfizer/BioNTech, Sinovac",https://health-security.rnbo.gov.ua,2082102,1722325,360167,0
Ukraine,2021-06-20,"Johnson&Johnson, Oxford/AstraZeneca, Pfizer/BioNTech, Sinovac",https://health-security.rnbo.gov.ua,2086492,1726040,360842,0
Ukraine,2021-06-21,"Johnson&Johnson, Oxford/AstraZeneca, Pfizer/BioNTech, Sinovac",https://health-security.rnbo.gov.ua,2095458,1732611,363237,0
Ukraine,2021-06-22,"Johnson&Johnson, Oxford/AstraZeneca, Pfizer/BioNTech, Sinovac",https://health-security.rnbo.gov.ua,2149244,1755137,394497,0
Ukraine,2021-06-23,"Johnson&Johnson, Oxford/AstraZeneca, Pfizer/BioNTech, Sinovac",https://health-security.rnbo.gov.ua,2229169,1794003,435556,0
Ukraine,2021-06-24,"Johnson&Johnson, Oxford/AstraZeneca, Pfizer/BioNTech, Sinovac",https://health-security.rnbo.gov.ua,2325345,1834969,490766,0
Ukraine,2021-06-25,"Johnson&Johnson, Oxford/AstraZeneca, Pfizer/BioNTech, Sinovac",https://health-security.rnbo.gov.ua,2422475,1871509,551356,0
Ukraine,2021-06-26,"Johnson&Johnson, Oxford/AstraZeneca, Pfizer/BioNTech, Sinovac",https://health-security.rnbo.gov.ua,2466135,1893837,572688,0
Ukraine,2021-06-27,"Johnson&Johnson, Oxford/AstraZeneca, Pfizer/BioNTech, Sinovac",https://health-security.rnbo.gov.ua,2484766,1904878,580278,0
Ukraine,2021-06-28,"Johnson&Johnson, Oxford/AstraZeneca, Pfizer/BioNTech, Sinovac",https://health-security.rnbo.gov.ua,2501831,1912469,589752,0
Ukraine,2021-06-29,"Johnson&Johnson, Oxford/AstraZeneca, Pfizer/BioNTech, Sinovac",https://health-security.rnbo.gov.ua,2583468,1933944,649914,0
Ukraine,2021-06-30,"Johnson&Johnson, Oxford/AstraZeneca, Pfizer/BioNTech, Sinovac",https://health-security.rnbo.gov.ua,2676654,1965658,711386,0
Ukraine,2021-07-01,"Johnson&Johnson, Oxford/AstraZeneca, Pfizer/BioNTech, Sinovac",https://health-security.rnbo.gov.ua,2767613,2001130,766873,0
Ukraine,2021-07-02,"Johnson&Johnson, Oxford/AstraZeneca, Pfizer/BioNTech, Sinovac",https://health-security.rnbo.gov.ua,2862160,2038237,824313,0
Ukraine,2021-07-03,"Johnson&Johnson, Oxford/AstraZeneca, Pfizer/BioNTech, Sinovac",https://health-security.rnbo.gov.ua,2901017,2059726,841681,0
Ukraine,2021-07-04,"Johnson&Johnson, Oxford/AstraZeneca, Pfizer/BioNTech, Sinovac",https://health-security.rnbo.gov.ua,2925380,2074986,850784,0
Ukraine,2021-07-05,"Johnson&Johnson, Oxford/AstraZeneca, Pfizer/BioNTech, Sinovac",https://health-security.rnbo.gov.ua,2998614,2100538,898466,0
Ukraine,2021-07-06,"Johnson&Johnson, Oxford/AstraZeneca, Pfizer/BioNTech, Sinovac",https://health-security.rnbo.gov.ua,3092168,2136561,955997,0
Ukraine,2021-07-07,"Johnson&Johnson, Oxford/AstraZeneca, Pfizer/BioNTech, Sinovac",https://health-security.rnbo.gov.ua,3196848,2178590,1018648,0
Ukraine,2021-07-08,"Johnson&Johnson, Oxford/AstraZeneca, Pfizer/BioNTech, Sinovac",https://health-security.rnbo.gov.ua,3306008,2223406,1082992,0
Ukraine,2021-07-09,"Johnson&Johnson, Oxford/AstraZeneca, Pfizer/BioNTech, Sinovac",https://health-security.rnbo.gov.ua,3420668,2277226,1143832,0
Ukraine,2021-07-10,"Johnson&Johnson, Oxford/AstraZeneca, Pfizer/BioNTech, Sinovac",https://health-security.rnbo.gov.ua,3462976,2298300,1165066,0
Ukraine,2021-07-11,"Johnson&Johnson, Oxford/AstraZeneca, Pfizer/BioNTech, Sinovac",https://health-security.rnbo.gov.ua,3489332,2311690,1178032,0
Ukraine,2021-07-12,"Johnson&Johnson, Oxford/AstraZeneca, Pfizer/BioNTech, Sinovac",https://health-security.rnbo.gov.ua,3572509,2357225,1215674,0
Ukraine,2021-07-13,"Johnson&Johnson, Oxford/AstraZeneca, Pfizer/BioNTech, Sinovac",https://health-security.rnbo.gov.ua,3673755,2415052,1259181,0
Ukraine,2021-07-14,"Johnson&Johnson, Oxford/AstraZeneca, Pfizer/BioNTech, Sinovac",https://health-security.rnbo.gov.ua,3782514,2476632,1306360,0
Ukraine,2021-07-15,"Johnson&Johnson, Oxford/AstraZeneca, Pfizer/BioNTech, Sinovac",https://health-security.rnbo.gov.ua,3899890,2539634,1360734,0
Ukraine,2021-07-16,"Johnson&Johnson, Oxford/AstraZeneca, Pfizer/BioNTech, Sinovac",https://health-security.rnbo.gov.ua,4011040,2604860,1406658,0
Ukraine,2021-07-17,"Johnson&Johnson, Oxford/AstraZeneca, Pfizer/BioNTech, Sinovac",https://health-security.rnbo.gov.ua,4061475,2638939,1423014,0
Ukraine,2021-07-18,"Johnson&Johnson, Oxford/AstraZeneca, Pfizer/BioNTech, Sinovac",https://health-security.rnbo.gov.ua,4098648,2667521,1431605,0
Ukraine,2021-07-19,"Johnson&Johnson, Oxford/AstraZeneca, Pfizer/BioNTech, Sinovac",https://health-security.rnbo.gov.ua,4179663,2717788,1462353,0
Ukraine,2021-07-20,"Johnson&Johnson, Oxford/AstraZeneca, Pfizer/BioNTech, Sinovac",https://health-security.rnbo.gov.ua,4279666,2778375,1501769,0
Ukraine,2021-07-21,"Johnson&Johnson, Oxford/AstraZeneca, Pfizer/BioNTech, Sinovac",https://health-security.rnbo.gov.ua,4399756,2843897,1556337,0
Ukraine,2021-07-22,"Johnson&Johnson, Oxford/AstraZeneca, Pfizer/BioNTech, Sinovac",https://health-security.rnbo.gov.ua,4539197,2920066,1619609,0
Ukraine,2021-07-23,"Johnson&Johnson, Moderna, Oxford/AstraZeneca, Pfizer/BioNTech, Sinovac",https://health-security.rnbo.gov.ua,4691872,3010138,1682212,0
Ukraine,2021-07-24,"Johnson&Johnson, Moderna, Oxford/AstraZeneca, Pfizer/BioNTech, Sinovac",https://health-security.rnbo.gov.ua,4763443,3060559,1703362,0
Ukraine,2021-07-25,"Johnson&Johnson, Moderna, Oxford/AstraZeneca, Pfizer/BioNTech, Sinovac",https://health-security.rnbo.gov.ua,4812500,3099709,1713269,0
Ukraine,2021-07-26,"Johnson&Johnson, Moderna, Oxford/AstraZeneca, Pfizer/BioNTech, Sinovac",https://health-security.rnbo.gov.ua,4938596,3177761,1761313,0
Ukraine,2021-07-27,"Johnson&Johnson, Moderna, Oxford/AstraZeneca, Pfizer/BioNTech, Sinovac",https://health-security.rnbo.gov.ua,5081924,3264713,1817689,0
Ukraine,2021-07-28,"Johnson&Johnson, Moderna, Oxford/AstraZeneca, Pfizer/BioNTech, Sinovac",https://health-security.rnbo.gov.ua,5225871,3350615,1875753,0
Ukraine,2021-07-29,"Johnson&Johnson, Moderna, Oxford/AstraZeneca, Pfizer/BioNTech, Sinovac",https://health-security.rnbo.gov.ua,5376124,3437629,1938992,0
Ukraine,2021-07-30,"Johnson&Johnson, Moderna, Oxford/AstraZeneca, Pfizer/BioNTech, Sinovac",https://health-security.rnbo.gov.ua,5526204,3525848,2000853,0
Ukraine,2021-07-31,"Johnson&Johnson, Moderna, Oxford/AstraZeneca, Pfizer/BioNTech, Sinovac",https://health-security.rnbo.gov.ua,5594703,3571445,2023755,0
Ukraine,2021-08-01,"Johnson&Johnson, Moderna, Oxford/AstraZeneca, Pfizer/BioNTech, Sinovac",https://health-security.rnbo.gov.ua,5632783,3599167,2034113,0
Ukraine,2021-08-02,"Johnson&Johnson, Moderna, Oxford/AstraZeneca, Pfizer/BioNTech, Sinovac",https://health-security.rnbo.gov.ua,5757944,3669511,2088930,0
Ukraine,2021-08-03,"Johnson&Johnson, Moderna, Oxford/AstraZeneca, Pfizer/BioNTech, Sinovac",https://health-security.rnbo.gov.ua,5911202,3759403,2152296,0
Ukraine,2021-08-04,"Johnson&Johnson, Moderna, Oxford/AstraZeneca, Pfizer/BioNTech, Sinovac",https://health-security.rnbo.gov.ua,6070323,3855093,2215727,0
Ukraine,2021-08-05,"Johnson&Johnson, Moderna, Oxford/AstraZeneca, Pfizer/BioNTech, Sinovac",https://health-security.rnbo.gov.ua,6237706,3953540,2284663,0
Ukraine,2021-08-06,"Johnson&Johnson, Moderna, Oxford/AstraZeneca, Pfizer/BioNTech, Sinovac",https://health-security.rnbo.gov.ua,6408308,4055090,2355215,0
Ukraine,2021-08-07,"Johnson&Johnson, Moderna, Oxford/AstraZeneca, Pfizer/BioNTech, Sinovac",https://health-security.rnbo.gov.ua,6487273,4106083,2384687,0
Ukraine,2021-08-08,"Johnson&Johnson, Moderna, Oxford/AstraZeneca, Pfizer/BioNTech, Sinovac",https://health-security.rnbo.gov.ua,6538718,4137071,2407144,0
Ukraine,2021-08-09,"Johnson&Johnson, Moderna, Oxford/AstraZeneca, Pfizer/BioNTech, Sinovac",https://health-security.rnbo.gov.ua,6678726,4220768,2463455,0
Ukraine,2021-08-10,"Johnson&Johnson, Moderna, Oxford/AstraZeneca, Pfizer/BioNTech, Sinovac",https://health-security.rnbo.gov.ua,6846399,4324551,2527345,0
Ukraine,2021-08-11,"Johnson&Johnson, Moderna, Oxford/AstraZeneca, Pfizer/BioNTech, Sinovac",https://health-security.rnbo.gov.ua,7008448,4427896,2588049,0
Ukraine,2021-08-12,"Johnson&Johnson, Moderna, Oxford/AstraZeneca, Pfizer/BioNTech, Sinovac",https://health-security.rnbo.gov.ua,7171758,4538441,2641814,0
Ukraine,2021-08-13,"Johnson&Johnson, Moderna, Oxford/AstraZeneca, Pfizer/BioNTech, Sinovac",https://health-security.rnbo.gov.ua,7333550,4644647,2699400,0
Ukraine,2021-08-14,"Johnson&Johnson, Moderna, Oxford/AstraZeneca, Pfizer/BioNTech, Sinovac",https://health-security.rnbo.gov.ua,7409698,4691018,2730177,0
Ukraine,2021-08-15,"Johnson&Johnson, Moderna, Oxford/AstraZeneca, Pfizer/BioNTech, Sinovac",https://health-security.rnbo.gov.ua,7460766,4722693,2751070,0
Ukraine,2021-08-16,"Johnson&Johnson, Moderna, Oxford/AstraZeneca, Pfizer/BioNTech, Sinovac",https://health-security.rnbo.gov.ua,7584403,4793098,2805302,0
Ukraine,2021-08-17,"Johnson&Johnson, Moderna, Oxford/AstraZeneca, Pfizer/BioNTech, Sinovac",https://health-security.rnbo.gov.ua,7702997,4851539,2865455,0
Ukraine,2021-08-18,"Johnson&Johnson, Moderna, Oxford/AstraZeneca, Pfizer/BioNTech, Sinovac",https://health-security.rnbo.gov.ua,7823001,4914253,2925045,0
Ukraine,2021-08-19,"Johnson&Johnson, Moderna, Oxford/AstraZeneca, Pfizer/BioNTech, Sinovac",https://health-security.rnbo.gov.ua,7952028,4971750,2996575,0
Ukraine,2021-08-20,"Johnson&Johnson, Moderna, Oxford/AstraZeneca, Pfizer/BioNTech, Sinovac",https://health-security.rnbo.gov.ua,8099146,5032720,3082723,0
Ukraine,2021-08-21,"Johnson&Johnson, Moderna, Oxford/AstraZeneca, Pfizer/BioNTech, Sinovac",https://health-security.rnbo.gov.ua,8165319,5057068,3124548,0
Ukraine,2021-08-22,"Johnson&Johnson, Moderna, Oxford/AstraZeneca, Pfizer/BioNTech, Sinovac",https://health-security.rnbo.gov.ua,8208034,5071658,3152673,0
Ukraine,2021-08-23,"Johnson&Johnson, Moderna, Oxford/AstraZeneca, Pfizer/BioNTech, Sinovac",https://health-security.rnbo.gov.ua,8279461,5099800,3195958,0
Ukraine,2021-08-24,"Johnson&Johnson, Moderna, Oxford/AstraZeneca, Pfizer/BioNTech, Sinovac",https://health-security.rnbo.gov.ua,8300200,5108072,3209089,0
Ukraine,2021-08-25,"Johnson&Johnson, Moderna, Oxford/AstraZeneca, Pfizer/BioNTech, Sinovac",https://health-security.rnbo.gov.ua,8462610,5152290,3327281,0
Ukraine,2021-08-26,"Johnson&Johnson, Moderna, Oxford/AstraZeneca, Pfizer/BioNTech, Sinovac",https://health-security.rnbo.gov.ua,8636045,5208198,3446099,0
Ukraine,2021-08-27,"Johnson&Johnson, Moderna, Oxford/AstraZeneca, Pfizer/BioNTech, Sinovac",https://health-security.rnbo.gov.ua,8802596,5265633,3555215,0
Ukraine,2021-08-28,"Johnson&Johnson, Moderna, Oxford/AstraZeneca, Pfizer/BioNTech, Sinovac",https://health-security.rnbo.gov.ua,8890163,5295405,3613010,0
Ukraine,2021-08-29,"Johnson&Johnson, Moderna, Oxford/AstraZeneca, Pfizer/BioNTech, Sinovac",https://health-security.rnbo.gov.ua,8931640,5308725,3641167,0
Ukraine,2021-08-30,"Johnson&Johnson, Moderna, Oxford/AstraZeneca, Pfizer/BioNTech, Sinovac",https://health-security.rnbo.gov.ua,9082122,5359415,3740959,0
Ukraine,2021-08-31,"Johnson&Johnson, Moderna, Oxford/AstraZeneca, Pfizer/BioNTech, Sinovac",https://health-security.rnbo.gov.ua,9239171,5413770,3843653,0
Ukraine,2021-09-01,"Johnson&Johnson, Moderna, Oxford/AstraZeneca, Pfizer/BioNTech, Sinovac",https://health-security.rnbo.gov.ua,9358193,5452123,3924322,0
Ukraine,2021-09-02,"Johnson&Johnson, Moderna, Oxford/AstraZeneca, Pfizer/BioNTech, Sinovac",https://health-security.rnbo.gov.ua,9510965,5498949,4030268,0
Ukraine,2021-09-03,"Johnson&Johnson, Moderna, Oxford/AstraZeneca, Pfizer/BioNTech, Sinovac",https://health-security.rnbo.gov.ua,9678454,5548619,4148087,0
Ukraine,2021-09-04,"Johnson&Johnson, Moderna, Oxford/AstraZeneca, Pfizer/BioNTech, Sinovac",https://health-security.rnbo.gov.ua,9747714,5569049,4196917,0
Ukraine,2021-09-05,"Johnson&Johnson, Moderna, Oxford/AstraZeneca, Pfizer/BioNTech, Sinovac",https://health-security.rnbo.gov.ua,9789501,5581416,4227337,0
Ukraine,2021-09-06,"Johnson&Johnson, Moderna, Oxford/AstraZeneca, Pfizer/BioNTech, Sinovac",https://health-security.rnbo.gov.ua,9923423,5618796,4323879,0
Ukraine,2021-09-07,"Johnson&Johnson, Moderna, Oxford/AstraZeneca, Pfizer/BioNTech, Sinovac",https://health-security.rnbo.gov.ua,10073041,5666017,4426276,0
Ukraine,2021-09-08,"Johnson&Johnson, Moderna, Oxford/AstraZeneca, Pfizer/BioNTech, Sinovac",https://health-security.rnbo.gov.ua,10234210,5722210,4531252,0
Ukraine,2021-09-09,"Johnson&Johnson, Moderna, Oxford/AstraZeneca, Pfizer/BioNTech, Sinovac",https://health-security.rnbo.gov.ua,10407825,5789252,4637825,0
Ukraine,2021-09-10,"Johnson&Johnson, Moderna, Oxford/AstraZeneca, Pfizer/BioNTech, Sinovac",https://health-security.rnbo.gov.ua,10591352,5860640,4749964,0
Ukraine,2021-09-11,"Johnson&Johnson, Moderna, Oxford/AstraZeneca, Pfizer/BioNTech, Sinovac",https://health-security.rnbo.gov.ua,10665796,5889810,4795238,0
Ukraine,2021-09-12,"Johnson&Johnson, Moderna, Oxford/AstraZeneca, Pfizer/BioNTech, Sinovac",https://health-security.rnbo.gov.ua,10710944,5906740,4824256,0
Ukraine,2021-09-13,"Johnson&Johnson, Moderna, Oxford/AstraZeneca, Pfizer/BioNTech, Sinovac",https://health-security.rnbo.gov.ua,10846167,5961263,4904956,0
Ukraine,2021-09-14,"Johnson&Johnson, Moderna, Oxford/AstraZeneca, Pfizer/BioNTech, Sinovac",https://health-security.rnbo.gov.ua,10987963,6028877,4979138,0
Ukraine,2021-09-15,"Johnson&Johnson, Moderna, Oxford/AstraZeneca, Pfizer/BioNTech, Sinovac",https://health-security.rnbo.gov.ua,11106749,6097683,5029118,0
Ukraine,2021-09-16,"Johnson&Johnson, Moderna, Oxford/AstraZeneca, Pfizer/BioNTech, Sinovac",https://health-security.rnbo.gov.ua,11229655,6169884,5079823,0
Ukraine,2021-09-17,"Johnson&Johnson, Moderna, Oxford/AstraZeneca, Pfizer/BioNTech, Sinovac",https://health-security.rnbo.gov.ua,11362214,6248153,5134113,0
Ukraine,2021-09-18,"Johnson&Johnson, Moderna, Oxford/AstraZeneca, Pfizer/BioNTech, Sinovac",https://health-security.rnbo.gov.ua,11420819,6282896,5157975,0
Ukraine,2021-09-19,"Johnson&Johnson, Moderna, Oxford/AstraZeneca, Pfizer/BioNTech, Sinovac",https://health-security.rnbo.gov.ua,11456848,6304014,5173514,0
Ukraine,2021-09-20,"Johnson&Johnson, Moderna, Oxford/AstraZeneca, Pfizer/BioNTech, Sinovac",https://health-security.rnbo.gov.ua,11565584,6366923,5219341,0
Ukraine,2021-09-21,"Johnson&Johnson, Moderna, Oxford/AstraZeneca, Pfizer/BioNTech, Sinovac",https://health-security.rnbo.gov.ua,11681589,6435425,5266844,0
Ukraine,2021-09-22,"Johnson&Johnson, Moderna, Oxford/AstraZeneca, Pfizer/BioNTech, Sinovac",https://health-security.rnbo.gov.ua,11826357,6527040,5319997,0
Ukraine,2021-09-23,"Johnson&Johnson, Moderna, Oxford/AstraZeneca, Pfizer/BioNTech, Sinovac",https://health-security.rnbo.gov.ua,11979985,6624026,5376639,0
Ukraine,2021-09-24,"Johnson&Johnson, Moderna, Oxford/AstraZeneca, Pfizer/BioNTech, Sinovac",https://health-security.rnbo.gov.ua,12138989,6720911,5438758,0
Ukraine,2021-09-25,"Johnson&Johnson, Moderna, Oxford/AstraZeneca, Pfizer/BioNTech, Sinovac",https://health-security.rnbo.gov.ua,12203210,6759689,5464201,0
Ukraine,2021-09-26,"Johnson&Johnson, Moderna, Oxford/AstraZeneca, Pfizer/BioNTech, Sinovac",https://health-security.rnbo.gov.ua,12240363,6781525,5479518,0
Ukraine,2021-09-27,"Johnson&Johnson, Moderna, Oxford/AstraZeneca, Pfizer/BioNTech, Sinovac",https://health-security.rnbo.gov.ua,12359741,6851529,5528892,0
Ukraine,2021-09-28,"Johnson&Johnson, Moderna, Oxford/AstraZeneca, Pfizer/BioNTech, Sinovac",https://health-security.rnbo.gov.ua,12491987,6926717,5585950,0
Ukraine,2021-09-29,"Johnson&Johnson, Moderna, Oxford/AstraZeneca, Pfizer/BioNTech, Sinovac",https://health-security.rnbo.gov.ua,12617990,7000533,5638137,0
Ukraine,2021-09-30,"Johnson&Johnson, Moderna, Oxford/AstraZeneca, Pfizer/BioNTech, Sinovac",https://health-security.rnbo.gov.ua,12747523,7072801,5695402,0
Ukraine,2021-10-01,"Johnson&Johnson, Moderna, Oxford/AstraZeneca, Pfizer/BioNTech, Sinovac",https://health-security.rnbo.gov.ua,12875593,7144468,5751805,0
Ukraine,2021-10-02,"Johnson&Johnson, Moderna, Oxford/AstraZeneca, Pfizer/BioNTech, Sinovac",https://health-security.rnbo.gov.ua,12928583,7173268,5775995,0
Ukraine,2021-10-03,"Johnson&Johnson, Moderna, Oxford/AstraZeneca, Pfizer/BioNTech, Sinovac",https://health-security.rnbo.gov.ua,12962507,7190641,5792546,0
Ukraine,2021-10-04,"Johnson&Johnson, Moderna, Oxford/AstraZeneca, Pfizer/BioNTech, Sinovac",https://health-security.rnbo.gov.ua,13062838,7242113,5841405,0
Ukraine,2021-10-05,"Johnson&Johnson, Moderna, Oxford/AstraZeneca, Pfizer/BioNTech, Sinovac",https://health-security.rnbo.gov.ua,13180072,7300772,5899980,0
Ukraine,2021-10-06,"Johnson&Johnson, Moderna, Oxford/AstraZeneca, Pfizer/BioNTech, Sinovac",https://health-security.rnbo.gov.ua,13302370,7360200,5962850,0
Ukraine,2021-10-07,"Johnson&Johnson, Moderna, Oxford/AstraZeneca, Pfizer/BioNTech, Sinovac",https://health-security.rnbo.gov.ua,13430055,7421450,6029285,0
Ukraine,2021-10-08,"Johnson&Johnson, Moderna, Oxford/AstraZeneca, Pfizer/BioNTech, Sinovac",https://health-security.rnbo.gov.ua,13578790,7495411,6104059,0
Ukraine,2021-10-09,"Johnson&Johnson, Moderna, Oxford/AstraZeneca, Pfizer/BioNTech, Sinovac",https://health-security.rnbo.gov.ua,13644843,7529594,6135929,0
Ukraine,2021-10-10,"Johnson&Johnson, Moderna, Oxford/AstraZeneca, Pfizer/BioNTech, Sinovac",https://health-security.rnbo.gov.ua,13683903,7548871,6155712,0
Ukraine,2021-10-11,"Johnson&Johnson, Moderna, Oxford/AstraZeneca, Pfizer/BioNTech, Sinovac",https://health-security.rnbo.gov.ua,13807133,7609047,6218766,0
Ukraine,2021-10-12,"Johnson&Johnson, Moderna, Oxford/AstraZeneca, Pfizer/BioNTech, Sinovac",https://health-security.rnbo.gov.ua,13959836,7688562,6291954,0
Ukraine,2021-10-13,"Johnson&Johnson, Moderna, Oxford/AstraZeneca, Pfizer/BioNTech, Sinovac",https://health-security.rnbo.gov.ua,14124223,7774484,6370419,0
Ukraine,2021-10-14,"Johnson&Johnson, Moderna, Oxford/AstraZeneca, Pfizer/BioNTech, Sinovac",https://health-security.rnbo.gov.ua,14159120,7794187,6385613,0
Ukraine,2021-10-15,"Johnson&Johnson, Moderna, Oxford/AstraZeneca, Pfizer/BioNTech, Sinovac",https://health-security.rnbo.gov.ua,14307558,7873767,6454471,0
Ukraine,2021-10-16,"Johnson&Johnson, Moderna, Oxford/AstraZeneca, Pfizer/BioNTech, Sinovac",https://health-security.rnbo.gov.ua,14390358,7922413,6488625,0
Ukraine,2021-10-17,"Johnson&Johnson, Moderna, Oxford/AstraZeneca, Pfizer/BioNTech, Sinovac",https://health-security.rnbo.gov.ua,14446255,7956093,6510842,0
Ukraine,2021-10-18,"Johnson&Johnson, Moderna, Oxford/AstraZeneca, Pfizer/BioNTech, Sinovac",https://health-security.rnbo.gov.ua,14639324,8065760,6594244,0
Ukraine,2021-10-19,"Johnson&Johnson, Moderna, Oxford/AstraZeneca, Pfizer/BioNTech, Sinovac",https://health-security.rnbo.gov.ua,14865911,8207901,6678690,0
Ukraine,2021-10-20,"Johnson&Johnson, Moderna, Oxford/AstraZeneca, Pfizer/BioNTech, Sinovac",https://health-security.rnbo.gov.ua,15117165,8373550,6764295,0
Ukraine,2021-10-21,"Johnson&Johnson, Moderna, Oxford/AstraZeneca, Pfizer/BioNTech, Sinovac",https://health-security.rnbo.gov.ua,15386831,8557657,6849854,0
Ukraine,2021-10-22,"Johnson&Johnson, Moderna, Oxford/AstraZeneca, Pfizer/BioNTech, Sinovac",https://health-security.rnbo.gov.ua,15676299,8760922,6936057,0
Ukraine,2021-10-23,"Johnson&Johnson, Moderna, Oxford/AstraZeneca, Pfizer/BioNTech, Sinovac",https://health-security.rnbo.gov.ua,15854029,8890452,6984257,0
Ukraine,2021-10-24,"Johnson&Johnson, Moderna, Oxford/AstraZeneca, Pfizer/BioNTech, Sinovac",https://health-security.rnbo.gov.ua,15955360,8965692,7010348,0
Ukraine,2021-10-25,"Johnson&Johnson, Moderna, Oxford/AstraZeneca, Pfizer/BioNTech, Sinovac",https://health-security.rnbo.gov.ua,16210280,9151478,7079482,0
Ukraine,2021-10-26,"Johnson&Johnson, Moderna, Oxford/AstraZeneca, Pfizer/BioNTech, Sinovac",https://health-security.rnbo.gov.ua,16501573,9363491,7158762,0
Ukraine,2021-10-27,"Johnson&Johnson, Moderna, Oxford/AstraZeneca, Pfizer/BioNTech, Sinovac",https://health-security.rnbo.gov.ua,16793558,9576175,7238063,0
Ukraine,2021-10-28,"Johnson&Johnson, Moderna, Oxford/AstraZeneca, Pfizer/BioNTech, Sinovac",https://health-security.rnbo.gov.ua,17082799,9790278,7313201,0
Ukraine,2021-10-29,"Johnson&Johnson, Moderna, Oxford/AstraZeneca, Pfizer/BioNTech, Sinovac",https://health-security.rnbo.gov.ua,17400008,10022976,7397712,0
Ukraine,2021-10-30,"Johnson&Johnson, Moderna, Oxford/AstraZeneca, Pfizer/BioNTech, Sinovac",https://health-security.rnbo.gov.ua,17577773,10156227,7442226,0
Ukraine,2021-10-31,"Johnson&Johnson, Moderna, Oxford/AstraZeneca, Pfizer/BioNTech, Sinovac",https://health-security.rnbo.gov.ua,17695591,10245773,7470498,0
Ukraine,2021-11-01,"Johnson&Johnson, Moderna, Oxford/AstraZeneca, Pfizer/BioNTech, Sinovac",https://health-security.rnbo.gov.ua,17968898,10453650,7535928,0
Ukraine,2021-11-02,"Johnson&Johnson, Moderna, Oxford/AstraZeneca, Pfizer/BioNTech, Sinovac",https://health-security.rnbo.gov.ua,18279337,10682750,7617267,0
Ukraine,2021-11-03,"Johnson&Johnson, Moderna, Oxford/AstraZeneca, Pfizer/BioNTech, Sinovac",https://health-security.rnbo.gov.ua,18578609,10895718,7703571,0
Ukraine,2021-11-04,"Johnson&Johnson, Moderna, Oxford/AstraZeneca, Pfizer/BioNTech, Sinovac",https://health-security.rnbo.gov.ua,18848929,11086045,7783564,0
Ukraine,2021-11-05,"Johnson&Johnson, Moderna, Oxford/AstraZeneca, Pfizer/BioNTech, Sinovac",https://health-security.rnbo.gov.ua,19127846,11269339,7879187,0
Ukraine,2021-11-06,"Johnson&Johnson, Moderna, Oxford/AstraZeneca, Pfizer/BioNTech, Sinovac",https://health-security.rnbo.gov.ua,19259252,11354679,7925253,0
Ukraine,2021-11-07,"Johnson&Johnson, Moderna, Oxford/AstraZeneca, Pfizer/BioNTech, Sinovac",https://health-security.rnbo.gov.ua,19344335,11406282,7958733,0
Ukraine,2021-11-08,"Johnson&Johnson, Moderna, Oxford/AstraZeneca, Pfizer/BioNTech, Sinovac",https://health-security.rnbo.gov.ua,19584775,11546721,8058734,0
Ukraine,2021-11-09,"Johnson&Johnson, Moderna, Oxford/AstraZeneca, Pfizer/BioNTech, Sinovac",https://health-security.rnbo.gov.ua,19852176,11697384,8175472,0
Ukraine,2021-11-10,"Johnson&Johnson, Moderna, Oxford/AstraZeneca, Pfizer/BioNTech, Sinovac",https://health-security.rnbo.gov.ua,20129273,11844728,8305225,0
Ukraine,2021-11-11,"Johnson&Johnson, Moderna, Oxford/AstraZeneca, Pfizer/BioNTech, Sinovac",https://health-security.rnbo.gov.ua,20408409,11986075,8443014,0
Ukraine,2021-11-12,"Johnson&Johnson, Moderna, Oxford/AstraZeneca, Pfizer/BioNTech, Sinovac",https://health-security.rnbo.gov.ua,20708263,12121802,8607141,0
Ukraine,2021-11-13,"Johnson&Johnson, Moderna, Oxford/AstraZeneca, Pfizer/BioNTech, Sinovac",https://health-security.rnbo.gov.ua,20853504,12187559,8686625,0
Ukraine,2021-11-14,"Johnson&Johnson, Moderna, Oxford/AstraZeneca, Pfizer/BioNTech, Sinovac",https://health-security.rnbo.gov.ua,20950877,12228642,8742915,0
Ukraine,2021-11-15,"Johnson&Johnson, Moderna, Oxford/AstraZeneca, Pfizer/BioNTech, Sinovac",https://health-security.rnbo.gov.ua,21218965,12331550,8908095,0
Ukraine,2021-11-16,"Johnson&Johnson, Moderna, Oxford/AstraZeneca, Pfizer/BioNTech, Sinovac",https://health-security.rnbo.gov.ua,21513820,12445579,9088921,0
Ukraine,2021-11-17,"Johnson&Johnson, Moderna, Oxford/AstraZeneca, Pfizer/BioNTech, Sinovac",https://health-security.rnbo.gov.ua,21811652,12554333,9277999,0
Ukraine,2021-11-18,"Johnson&Johnson, Moderna, Oxford/AstraZeneca, Pfizer/BioNTech, Sinovac",https://health-security.rnbo.gov.ua,22105972,12657190,9469462,0
Ukraine,2021-11-19,"Johnson&Johnson, Moderna, Oxford/AstraZeneca, Pfizer/BioNTech, Sinovac",https://health-security.rnbo.gov.ua,22417288,12755984,9681984,0
Ukraine,2021-11-20,"Johnson&Johnson, Moderna, Oxford/AstraZeneca, Pfizer/BioNTech, Sinovac",https://health-security.rnbo.gov.ua,22569609,12805744,9784545,0
Ukraine,2021-11-21,"Johnson&Johnson, Moderna, Oxford/AstraZeneca, Pfizer/BioNTech, Sinovac",https://health-security.rnbo.gov.ua,22669435,12835126,9854989,0
Ukraine,2021-11-22,"Johnson&Johnson, Moderna, Oxford/AstraZeneca, Pfizer/BioNTech, Sinovac",https://health-security.rnbo.gov.ua,22939693,12914333,10046040,0
Ukraine,2021-11-23,"Johnson&Johnson, Moderna, Oxford/AstraZeneca, Pfizer/BioNTech, Sinovac",https://health-security.rnbo.gov.ua,23225814,13000632,10245862,0
Ukraine,2021-11-24,"Johnson&Johnson, Moderna, Oxford/AstraZeneca, Pfizer/BioNTech, Sinovac",https://health-security.rnbo.gov.ua,23501133,13083133,10438680,0
Ukraine,2021-11-25,"Johnson&Johnson, Moderna, Oxford/AstraZeneca, Pfizer/BioNTech, Sinovac",https://health-security.rnbo.gov.ua,23775008,13164649,10631039,0
Ukraine,2021-11-26,"Johnson&Johnson, Moderna, Oxford/AstraZeneca, Pfizer/BioNTech, Sinovac",https://health-security.rnbo.gov.ua,24054784,13246108,10829356,0
Ukraine,2021-11-27,"Johnson&Johnson, Moderna, Oxford/AstraZeneca, Pfizer/BioNTech, Sinovac",https://health-security.rnbo.gov.ua,24194260,13289461,10925479,0
Ukraine,2021-11-28,"Johnson&Johnson, Moderna, Oxford/AstraZeneca, Pfizer/BioNTech, Sinovac",https://health-security.rnbo.gov.ua,24288230,13320530,10988380,0
Ukraine,2021-11-29,"Johnson&Johnson, Moderna, Oxford/AstraZeneca, Pfizer/BioNTech, Sinovac",https://health-security.rnbo.gov.ua,24514289,13391654,11143315,0
Ukraine,2021-11-30,"Johnson&Johnson, Moderna, Oxford/AstraZeneca, Pfizer/BioNTech, Sinovac",https://health-security.rnbo.gov.ua,24747760,13468633,11299807,0
Ukraine,2021-12-01,"Johnson&Johnson, Moderna, Oxford/AstraZeneca, Pfizer/BioNTech, Sinovac",https://health-security.rnbo.gov.ua,24952848,13539487,11434041,0
Ukraine,2021-12-02,"Johnson&Johnson, Moderna, Oxford/AstraZeneca, Pfizer/BioNTech, Sinovac",https://health-security.rnbo.gov.ua,25159558,13610068,11570170,0
Ukraine,2021-12-03,"Johnson&Johnson, Moderna, Oxford/AstraZeneca, Pfizer/BioNTech, Sinovac",https://health-security.rnbo.gov.ua,25375687,13685625,11710742,0
Ukraine,2021-12-04,"Johnson&Johnson, Moderna, Oxford/AstraZeneca, Pfizer/BioNTech, Sinovac",https://health-security.rnbo.gov.ua,25488344,13725903,11783121,0
Ukraine,2021-12-05,"Johnson&Johnson, Moderna, Oxford/AstraZeneca, Pfizer/BioNTech, Sinovac",https://health-security.rnbo.gov.ua,25559141,13753064,11826757,0
Ukraine,2021-12-06,"Johnson&Johnson, Moderna, Oxford/AstraZeneca, Pfizer/BioNTech, Sinovac",https://health-security.rnbo.gov.ua,25747899,13826161,11942418,0
Ukraine,2021-12-07,"Johnson&Johnson, Moderna, Oxford/AstraZeneca, Pfizer/BioNTech, Sinovac",https://health-security.rnbo.gov.ua,25947664,13905431,12062913,0
Ukraine,2021-12-08,"Johnson&Johnson, Moderna, Oxford/AstraZeneca, Pfizer/BioNTech, Sinovac",https://health-security.rnbo.gov.ua,26126460,13974698,12172442,0
Ukraine,2021-12-09,"Johnson&Johnson, Moderna, Oxford/AstraZeneca, Pfizer/BioNTech, Sinovac",https://health-security.rnbo.gov.ua,26284188,14031951,12272917,0
Ukraine,2021-12-10,"Johnson&Johnson, Moderna, Oxford/AstraZeneca, Pfizer/BioNTech, Sinovac",https://health-security.rnbo.gov.ua,26452547,14087749,12385478,0
Ukraine,2021-12-11,"Johnson&Johnson, Moderna, Oxford/AstraZeneca, Pfizer/BioNTech, Sinovac",https://health-security.rnbo.gov.ua,26535803,14114892,12441591,0
Ukraine,2021-12-12,"Johnson&Johnson, Moderna, Oxford/AstraZeneca, Pfizer/BioNTech, Sinovac",https://health-security.rnbo.gov.ua,26589094,14131443,12478331,0
Ukraine,2021-12-13,"Johnson&Johnson, Moderna, Oxford/AstraZeneca, Pfizer/BioNTech, Sinovac",https://health-security.rnbo.gov.ua,26718836,14174399,12565117,0
Ukraine,2021-12-14,"Johnson&Johnson, Moderna, Oxford/AstraZeneca, Pfizer/BioNTech, Sinovac",https://health-security.rnbo.gov.ua,26861757,14221536,12660901,0
Ukraine,2021-12-15,"Johnson&Johnson, Moderna, Oxford/AstraZeneca, Pfizer/BioNTech, Sinovac",https://health-security.rnbo.gov.ua,27004683,14269055,12756308,0
Ukraine,2021-12-16,"Johnson&Johnson, Moderna, Oxford/AstraZeneca, Pfizer/BioNTech, Sinovac",https://health-security.rnbo.gov.ua,27137674,14312994,12845346,14
Ukraine,2021-12-17,"Johnson&Johnson, Moderna, Oxford/AstraZeneca, Pfizer/BioNTech, Sinovac",https://health-security.rnbo.gov.ua,27274636,14355538,12939704,74
Ukraine,2021-12-18,"Johnson&Johnson, Moderna, Oxford/AstraZeneca, Pfizer/BioNTech, Sinovac",https://health-security.rnbo.gov.ua,27337322,14375344,12982566,92
Ukraine,2021-12-19,"Johnson&Johnson, Moderna, Oxford/AstraZeneca, Pfizer/BioNTech, Sinovac",https://health-security.rnbo.gov.ua,27373349,14386385,13007552,92
Ukraine,2021-12-20,"Johnson&Johnson, Moderna, Oxford/AstraZeneca, Pfizer/BioNTech, Sinovac",https://health-security.rnbo.gov.ua,27484089,14422441,13082157,171
Ukraine,2021-12-21,"Johnson&Johnson, Moderna, Oxford/AstraZeneca, Pfizer/BioNTech, Sinovac",https://health-security.rnbo.gov.ua,27603218,14461447,13162126,325
Ukraine,2021-12-22,"Johnson&Johnson, Moderna, Oxford/AstraZeneca, Pfizer/BioNTech, Sinovac",https://health-security.rnbo.gov.ua,27720661,14500518,13240227,596
Ukraine,2021-12-23,"Johnson&Johnson, Moderna, Oxford/AstraZeneca, Pfizer/BioNTech, Sinovac",https://health-security.rnbo.gov.ua,27834543,14537064,13316770,1389
Ukraine,2021-12-24,"Johnson&Johnson, Moderna, Oxford/AstraZeneca, Pfizer/BioNTech, Sinovac",https://health-security.rnbo.gov.ua,27951765,14574569,13395591,2285
Ukraine,2021-12-25,"Johnson&Johnson, Moderna, Oxford/AstraZeneca, Pfizer/BioNTech, Sinovac",https://health-security.rnbo.gov.ua,27980023,14583759,13414307,2637
Ukraine,2021-12-26,"Johnson&Johnson, Moderna, Oxford/AstraZeneca, Pfizer/BioNTech, Sinovac",https://health-security.rnbo.gov.ua,28009499,14592535,13434741,2903
Ukraine,2021-12-27,"Johnson&Johnson, Moderna, Oxford/AstraZeneca, Pfizer/BioNTech, Sinovac",https://health-security.rnbo.gov.ua,28055523,14605033,13467972,3198
Ukraine,2021-12-28,"Johnson&Johnson, Moderna, Oxford/AstraZeneca, Pfizer/BioNTech, Sinovac",https://health-security.rnbo.gov.ua,28186652,14639496,13562946,4890
Ukraine,2021-12-29,"Johnson&Johnson, Moderna, Oxford/AstraZeneca, Pfizer/BioNTech, Sinovac",https://health-security.rnbo.gov.ua,28303694,14671167,13646233,6974
Ukraine,2021-12-30,"Johnson&Johnson, Moderna, Oxford/AstraZeneca, Pfizer/BioNTech, Sinovac",https://health-security.rnbo.gov.ua,28405399,14698232,13719067,8780
Ukraine,2021-12-31,"Johnson&Johnson, Moderna, Oxford/AstraZeneca, Pfizer/BioNTech, Sinovac",https://health-security.rnbo.gov.ua,28457565,14713309,13755421,9515
Ukraine,2022-01-01,"Johnson&Johnson, Moderna, Oxford/AstraZeneca, Pfizer/BioNTech, Sinovac",https://health-security.rnbo.gov.ua,28457565,14713309,13755421,9515
Ukraine,2022-01-02,"Johnson&Johnson, Moderna, Oxford/AstraZeneca, Pfizer/BioNTech, Sinovac",https://health-security.rnbo.gov.ua,28457565,14713309,13755421,9515
Ukraine,2022-01-03,"Johnson&Johnson, Moderna, Oxford/AstraZeneca, Pfizer/BioNTech, Sinovac",https://health-security.rnbo.gov.ua,28493854,14721820,13782842,9872
Ukraine,2022-01-04,"Johnson&Johnson, Moderna, Oxford/AstraZeneca, Pfizer/BioNTech, Sinovac",https://health-security.rnbo.gov.ua,28596332,14748322,13856378,12312
Ukraine,2022-01-05,"Johnson&Johnson, Moderna, Oxford/AstraZeneca, Pfizer/BioNTech, Sinovac",https://health-security.rnbo.gov.ua,28701176,14778319,13926542,16995
Ukraine,2022-01-06,"Johnson&Johnson, Moderna, Oxford/AstraZeneca, Pfizer/BioNTech, Sinovac",https://health-security.rnbo.gov.ua,28773017,14800316,13971378,22003
Ukraine,2022-01-07,"Johnson&Johnson, Moderna, Oxford/AstraZeneca, Pfizer/BioNTech, Sinovac",https://health-security.rnbo.gov.ua,28773017,14800316,13971378,22003
Ukraine,2022-01-08,"Johnson&Johnson, Moderna, Oxford/AstraZeneca, Pfizer/BioNTech, Sinovac",https://health-security.rnbo.gov.ua,28799967,14807334,13988803,24510
Ukraine,2022-01-09,"Johnson&Johnson, Moderna, Oxford/AstraZeneca, Pfizer/BioNTech, Sinovac",https://health-security.rnbo.gov.ua,28820343,14813184,14001153,26686
Ukraine,2022-01-10,"Johnson&Johnson, Moderna, Oxford/AstraZeneca, Pfizer/BioNTech, Sinovac",https://health-security.rnbo.gov.ua,28916728,14842426,14060228,34754
Ukraine,2022-01-11,"Johnson&Johnson, Moderna, Oxford/AstraZeneca, Pfizer/BioNTech, Sinovac",https://health-security.rnbo.gov.ua,29023090,14875714,14119576,48480
Ukraine,2022-01-12,"Johnson&Johnson, Moderna, Oxford/AstraZeneca, Pfizer/BioNTech, Sinovac",https://health-security.rnbo.gov.ua,29125670,14909166,14172918,64266
Ukraine,2022-01-13,"Johnson&Johnson, Moderna, Oxford/AstraZeneca, Pfizer/BioNTech, Sinovac",https://health-security.rnbo.gov.ua,29218505,14941500,14218383,79302
Ukraine,2022-01-14,"Johnson&Johnson, Moderna, Oxford/AstraZeneca, Pfizer/BioNTech, Sinovac",https://health-security.rnbo.gov.ua,29309322,14971998,14261510,96494
Ukraine,2022-01-15,"Johnson&Johnson, Moderna, Oxford/AstraZeneca, Pfizer/BioNTech, Sinovac",https://health-security.rnbo.gov.ua,29349091,14985041,14280270,104460
Ukraine,2022-01-16,"Johnson&Johnson, Moderna, Oxford/AstraZeneca, Pfizer/BioNTech, Sinovac",https://health-security.rnbo.gov.ua,29372377,14993075,14291200,108782
Ukraine,2022-01-17,"Johnson&Johnson, Moderna, Oxford/AstraZeneca, Pfizer/BioNTech, Sinovac",https://health-security.rnbo.gov.ua,29453298,15022922,14327423,123633
Ukraine,2022-01-18,"Johnson&Johnson, Moderna, Oxford/AstraZeneca, Pfizer/BioNTech, Sinovac",https://health-security.rnbo.gov.ua,29538475,15053123,14364167,141865
Ukraine,2022-01-19,"Johnson&Johnson, Moderna, Oxford/AstraZeneca, Pfizer/BioNTech, Sinovac",https://health-security.rnbo.gov.ua,29613234,15080099,14396505,157310
Ukraine,2022-01-20,"Johnson&Johnson, Moderna, Oxford/AstraZeneca, Pfizer/BioNTech, Sinovac",https://health-security.rnbo.gov.ua,29699380,15109349,14431410,179301
Ukraine,2022-01-21,"Johnson&Johnson, Moderna, Oxford/AstraZeneca, Pfizer/BioNTech, Sinovac",https://health-security.rnbo.gov.ua,29790690,15141197,14464273,205900
Ukraine,2022-01-22,"Johnson&Johnson, Moderna, Oxford/AstraZeneca, Pfizer/BioNTech, Sinovac",https://health-security.rnbo.gov.ua,29829551,15155836,14477929,216466
Ukraine,2022-01-23,"Johnson&Johnson, Moderna, Oxford/AstraZeneca, Pfizer/BioNTech, Sinovac",https://health-security.rnbo.gov.ua,29852092,15164116,14486764,221892
Ukraine,2022-01-24,"Johnson&Johnson, Moderna, Oxford/AstraZeneca, Pfizer/BioNTech, Sinovac",https://health-security.rnbo.gov.ua,29921638,15191377,14511464,239477
Ukraine,2022-01-25,"Johnson&Johnson, Moderna, Oxford/AstraZeneca, Pfizer/BioNTech, Sinovac",https://health-security.rnbo.gov.ua,30003374,15221306,14540448,262300
Ukraine,2022-01-26,"Johnson&Johnson, Moderna, Oxford/AstraZeneca, Pfizer/BioNTech, Sinovac",https://health-security.rnbo.gov.ua,30085734,15250200,14570174,286040
Ukraine,2022-01-27,"Johnson&Johnson, Moderna, Oxford/AstraZeneca, Pfizer/BioNTech, Sinovac",https://health-security.rnbo.gov.ua,30166832,15278385,14597402,311725
Ukraine,2022-01-28,"Johnson&Johnson, Moderna, Oxford/AstraZeneca, Pfizer/BioNTech, Sinovac",https://health-security.rnbo.gov.ua,30245396,15306057,14621114,338905
Ukraine,2022-01-29,"Johnson&Johnson, Moderna, Oxford/AstraZeneca, Pfizer/BioNTech, Sinovac",https://health-security.rnbo.gov.ua,30279598,15318149,14632514,349615
Ukraine,2022-01-30,"Johnson&Johnson, Moderna, Oxford/AstraZeneca, Pfizer/BioNTech, Sinovac",https://health-security.rnbo.gov.ua,30300581,15324673,14640167,356421
Ukraine,2022-01-31,"Johnson&Johnson, Moderna, Oxford/AstraZeneca, Pfizer/BioNTech, Sinovac",https://health-security.rnbo.gov.ua,30366236,15347951,14665692,373273
Ukraine,2022-02-01,"Johnson&Johnson, Moderna, Oxford/AstraZeneca, Pfizer/BioNTech, Sinovac",https://health-security.rnbo.gov.ua,30440828,15373128,14692940,395440
Ukraine,2022-02-02,"Johnson&Johnson, Moderna, Oxford/AstraZeneca, Pfizer/BioNTech, Sinovac",https://health-security.rnbo.gov.ua,30514023,15396723,14720878,417102
Ukraine,2022-02-03,"Johnson&Johnson, Moderna, Oxford/AstraZeneca, Pfizer/BioNTech, Sinovac",https://health-security.rnbo.gov.ua,30589327,15420205,14749322,440480
Ukraine,2022-02-04,"Johnson&Johnson, Moderna, Oxford/AstraZeneca, Pfizer/BioNTech, Sinovac",https://health-security.rnbo.gov.ua,30665677,15442557,14779030,464770
Ukraine,2022-02-05,"Johnson&Johnson, Moderna, Oxford/AstraZeneca, Pfizer/BioNTech, Sinovac",https://health-security.rnbo.gov.ua,30699982,15452739,14793218,474705
Ukraine,2022-02-06,"Johnson&Johnson, Moderna, Oxford/AstraZeneca, Pfizer/BioNTech, Sinovac",https://health-security.rnbo.gov.ua,30718608,15458480,14801246,479562
Ukraine,2022-02-07,"Johnson&Johnson, Moderna, Oxford/AstraZeneca, Pfizer/BioNTech, Sinovac",https://health-security.rnbo.gov.ua,30782527,15478006,14830123,495078
Ukraine,2022-02-08,"Johnson&Johnson, Moderna, Oxford/AstraZeneca, Pfizer/BioNTech, Sinovac",https://health-security.rnbo.gov.ua,30854534,15499218,14861130,514866
Ukraine,2022-02-09,"Johnson&Johnson, Moderna, Oxford/AstraZeneca, Pfizer/BioNTech, Sinovac",https://health-security.rnbo.gov.ua,30925212,15520585,14890617,534690
Ukraine,2022-02-10,"Johnson&Johnson, Moderna, Oxford/AstraZeneca, Pfizer/BioNTech, Sinovac",https://health-security.rnbo.gov.ua,30997467,15541411,14921258,555478
Ukraine,2022-02-11,"Johnson&Johnson, Moderna, Oxford/AstraZeneca, Pfizer/BioNTech, Sinovac",https://health-security.rnbo.gov.ua,31071505,15561671,14953544,576970
Ukraine,2022-02-12,"Johnson&Johnson, Moderna, Oxford/AstraZeneca, Pfizer/BioNTech, Sinovac",https://health-security.rnbo.gov.ua,31107958,15572034,14969913,586691
Ukraine,2022-02-13,"Johnson&Johnson, Moderna, Oxford/AstraZeneca, Pfizer/BioNTech, Sinovac",https://health-security.rnbo.gov.ua,31126896,15577692,14978894,590990
Ukraine,2022-02-14,"Johnson&Johnson, Moderna, Oxford/AstraZeneca, Pfizer/BioNTech, Sinovac",https://health-security.rnbo.gov.ua,31186066,15594936,15006256,605554
Ukraine,2022-02-15,"Johnson&Johnson, Moderna, Oxford/AstraZeneca, Pfizer/BioNTech, Sinovac",https://health-security.rnbo.gov.ua,31251871,15613183,15035563,623805
Ukraine,2022-02-16,"Johnson&Johnson, Moderna, Oxford/AstraZeneca, Pfizer/BioNTech, Sinovac",https://health-security.rnbo.gov.ua,31317953,15631687,15064511,642435
Ukraine,2022-02-17,"Johnson&Johnson, Moderna, Oxford/AstraZeneca, Pfizer/BioNTech, Sinovac",https://health-security.rnbo.gov.ua,31383042,15649483,15092197,662042
Ukraine,2022-02-18,"Johnson&Johnson, Moderna, Oxford/AstraZeneca, Pfizer/BioNTech, Sinovac",https://health-security.rnbo.gov.ua,31450678,15667266,15121673,682419
Ukraine,2022-02-19,"Johnson&Johnson, Moderna, Oxford/AstraZeneca, Pfizer/BioNTech, Sinovac",https://health-security.rnbo.gov.ua,31480206,15675592,15134714,690580
Ukraine,2022-02-20,"Johnson&Johnson, Moderna, Oxford/AstraZeneca, Pfizer/BioNTech, Sinovac",https://health-security.rnbo.gov.ua,31497378,15680361,15142679,695018
Ukraine,2022-02-21,"Johnson&Johnson, Moderna, Oxford/AstraZeneca, Pfizer/BioNTech, Sinovac",https://health-security.rnbo.gov.ua,31554104,15695804,,710274
Ukraine,2022-02-22,"Johnson&Johnson, Moderna, Oxford/AstraZeneca, Pfizer/BioNTech, Sinovac",https://health-security.rnbo.gov.ua,31617039,15712648,,729294
Ukraine,2022-02-27,"Johnson&Johnson, Moderna, Oxford/AstraZeneca, Pfizer/BioNTech, Sinovac",https://covid19.who.int/,31668577,15774300,15153577,741197
