location,date,vaccine,source_url,total_vaccinations,people_vaccinated,people_fully_vaccinated,total_boosters
United States,2020-12-13,Pfizer/BioNTech,https://data.cdc.gov/Vaccinations/COVID-19-Vaccination-Trends-in-the-United-States-N/rh2h-3yt2,30433,25240,5929,0
United States,2020-12-14,Pfizer/BioNTech,https://data.cdc.gov/Vaccinations/COVID-19-Vaccination-Trends-in-the-United-States-N/rh2h-3yt2,35015,29661,6049,0
United States,2020-12-15,Pfizer/BioNTech,https://data.cdc.gov/Vaccinations/COVID-19-Vaccination-Trends-in-the-United-States-N/rh2h-3yt2,84799,77114,6314,0
United States,2020-12-16,Pfizer/BioNTech,https://data.cdc.gov/Vaccinations/COVID-19-Vaccination-Trends-in-the-United-States-N/rh2h-3yt2,244739,231654,6791,0
United States,2020-12-17,Pfizer/BioNTech,https://data.cdc.gov/Vaccinations/COVID-19-Vaccination-Trends-in-the-United-States-N/rh2h-3yt2,517387,497171,7544,0
United States,2020-12-18,Pfizer/BioNTech,https://data.cdc.gov/Vaccinations/COVID-19-Vaccination-Trends-in-the-United-States-N/rh2h-3yt2,933829,904894,8758,0
United States,2020-12-19,Pfizer/BioNTech,https://data.cdc.gov/Vaccinations/COVID-19-Vaccination-Trends-in-the-United-States-N/rh2h-3yt2,1115728,1082856,9820,0
United States,2020-12-20,Pfizer/BioNTech,https://data.cdc.gov/Vaccinations/COVID-19-Vaccination-Trends-in-the-United-States-N/rh2h-3yt2,1221080,1186260,10532,0
United States,2020-12-21,Pfizer/BioNTech,https://data.cdc.gov/Vaccinations/COVID-19-Vaccination-Trends-in-the-United-States-N/rh2h-3yt2,1603116,1561541,12031,0
United States,2020-12-22,Pfizer/BioNTech,https://data.cdc.gov/Vaccinations/COVID-19-Vaccination-Trends-in-the-United-States-N/rh2h-3yt2,2050877,2000710,14915,0
United States,2020-12-23,"Moderna, Pfizer/BioNTech",https://data.cdc.gov/Vaccinations/COVID-19-Vaccination-Trends-in-the-United-States-N/rh2h-3yt2,2626048,2563390,17864,0
United States,2020-12-24,"Moderna, Pfizer/BioNTech",https://data.cdc.gov/Vaccinations/COVID-19-Vaccination-Trends-in-the-United-States-N/rh2h-3yt2,2822074,2754375,18971,0
United States,2020-12-25,"Moderna, Pfizer/BioNTech",https://data.cdc.gov/Vaccinations/COVID-19-Vaccination-Trends-in-the-United-States-N/rh2h-3yt2,2834737,2766880,19076,0
United States,2020-12-26,"Moderna, Pfizer/BioNTech",https://data.cdc.gov/Vaccinations/COVID-19-Vaccination-Trends-in-the-United-States-N/rh2h-3yt2,2976701,2904896,20046,0
United States,2020-12-27,"Moderna, Pfizer/BioNTech",https://data.cdc.gov/Vaccinations/COVID-19-Vaccination-Trends-in-the-United-States-N/rh2h-3yt2,3073452,2998358,20773,0
United States,2020-12-28,"Moderna, Pfizer/BioNTech",https://data.cdc.gov/Vaccinations/COVID-19-Vaccination-Trends-in-the-United-States-N/rh2h-3yt2,3664692,3575141,24973,0
United States,2020-12-29,"Moderna, Pfizer/BioNTech",https://data.cdc.gov/Vaccinations/COVID-19-Vaccination-Trends-in-the-United-States-N/rh2h-3yt2,4386856,4278183,30228,0
United States,2020-12-30,"Moderna, Pfizer/BioNTech",https://data.cdc.gov/Vaccinations/COVID-19-Vaccination-Trends-in-the-United-States-N/rh2h-3yt2,5230424,5101832,38014,0
United States,2020-12-31,"Moderna, Pfizer/BioNTech",https://data.cdc.gov/Vaccinations/COVID-19-Vaccination-Trends-in-the-United-States-N/rh2h-3yt2,5651144,5512525,41181,0
United States,2021-01-01,"Moderna, Pfizer/BioNTech",https://data.cdc.gov/Vaccinations/COVID-19-Vaccination-Trends-in-the-United-States-N/rh2h-3yt2,5755110,5606726,48081,0
United States,2021-01-02,"Moderna, Pfizer/BioNTech",https://data.cdc.gov/Vaccinations/COVID-19-Vaccination-Trends-in-the-United-States-N/rh2h-3yt2,6019702,5862418,50944,0
United States,2021-01-03,"Moderna, Pfizer/BioNTech",https://data.cdc.gov/Vaccinations/COVID-19-Vaccination-Trends-in-the-United-States-N/rh2h-3yt2,6158728,5994428,53400,0
United States,2021-01-04,"Moderna, Pfizer/BioNTech",https://data.cdc.gov/Vaccinations/COVID-19-Vaccination-Trends-in-the-United-States-N/rh2h-3yt2,6816351,6592731,99209,0
United States,2021-01-05,"Moderna, Pfizer/BioNTech",https://data.cdc.gov/Vaccinations/COVID-19-Vaccination-Trends-in-the-United-States-N/rh2h-3yt2,7648239,7322610,187721,0
United States,2021-01-06,"Moderna, Pfizer/BioNTech",https://data.cdc.gov/Vaccinations/COVID-19-Vaccination-Trends-in-the-United-States-N/rh2h-3yt2,8670023,8153791,360157,0
United States,2021-01-07,"Moderna, Pfizer/BioNTech",https://data.cdc.gov/Vaccinations/COVID-19-Vaccination-Trends-in-the-United-States-N/rh2h-3yt2,9840475,9020461,641062,0
United States,2021-01-08,"Moderna, Pfizer/BioNTech",https://data.cdc.gov/Vaccinations/COVID-19-Vaccination-Trends-in-the-United-States-N/rh2h-3yt2,11077342,9868192,1004387,0
United States,2021-01-09,"Moderna, Pfizer/BioNTech",https://data.cdc.gov/Vaccinations/COVID-19-Vaccination-Trends-in-the-United-States-N/rh2h-3yt2,11586499,10238759,1133062,0
United States,2021-01-10,"Moderna, Pfizer/BioNTech",https://data.cdc.gov/Vaccinations/COVID-19-Vaccination-Trends-in-the-United-States-N/rh2h-3yt2,11837800,10415242,1202681,0
United States,2021-01-11,"Moderna, Pfizer/BioNTech",https://data.cdc.gov/Vaccinations/COVID-19-Vaccination-Trends-in-the-United-States-N/rh2h-3yt2,12908928,11139233,1525254,0
United States,2021-01-12,"Moderna, Pfizer/BioNTech",https://data.cdc.gov/Vaccinations/COVID-19-Vaccination-Trends-in-the-United-States-N/rh2h-3yt2,14167906,12056447,1839712,0
United States,2021-01-13,"Moderna, Pfizer/BioNTech",https://data.cdc.gov/Vaccinations/COVID-19-Vaccination-Trends-in-the-United-States-N/rh2h-3yt2,15492293,13086549,2110245,0
United States,2021-01-14,"Moderna, Pfizer/BioNTech",https://data.cdc.gov/Vaccinations/COVID-19-Vaccination-Trends-in-the-United-States-N/rh2h-3yt2,16809246,14243771,2246050,0
United States,2021-01-15,"Moderna, Pfizer/BioNTech",https://data.cdc.gov/Vaccinations/COVID-19-Vaccination-Trends-in-the-United-States-N/rh2h-3yt2,18066489,15360539,2366792,0
United States,2021-01-16,"Moderna, Pfizer/BioNTech",https://data.cdc.gov/Vaccinations/COVID-19-Vaccination-Trends-in-the-United-States-N/rh2h-3yt2,18716005,15926824,2438792,0
United States,2021-01-17,"Moderna, Pfizer/BioNTech",https://data.cdc.gov/Vaccinations/COVID-19-Vaccination-Trends-in-the-United-States-N/rh2h-3yt2,19021223,16182617,2480884,0
United States,2021-01-18,"Moderna, Pfizer/BioNTech",https://data.cdc.gov/Vaccinations/COVID-19-Vaccination-Trends-in-the-United-States-N/rh2h-3yt2,19906283,16821193,2708874,0
United States,2021-01-19,"Moderna, Pfizer/BioNTech",https://data.cdc.gov/Vaccinations/COVID-19-Vaccination-Trends-in-the-United-States-N/rh2h-3yt2,21253070,17786754,3065440,0
United States,2021-01-20,"Moderna, Pfizer/BioNTech",https://data.cdc.gov/Vaccinations/COVID-19-Vaccination-Trends-in-the-United-States-N/rh2h-3yt2,22856099,18940814,3486596,0
United States,2021-01-21,"Moderna, Pfizer/BioNTech",https://data.cdc.gov/Vaccinations/COVID-19-Vaccination-Trends-in-the-United-States-N/rh2h-3yt2,24487478,20270942,3761541,0
United States,2021-01-22,"Moderna, Pfizer/BioNTech",https://data.cdc.gov/Vaccinations/COVID-19-Vaccination-Trends-in-the-United-States-N/rh2h-3yt2,26115154,21663468,3971195,0
United States,2021-01-23,"Moderna, Pfizer/BioNTech",https://data.cdc.gov/Vaccinations/COVID-19-Vaccination-Trends-in-the-United-States-N/rh2h-3yt2,27022260,22406175,4122035,0
United States,2021-01-24,"Moderna, Pfizer/BioNTech",https://data.cdc.gov/Vaccinations/COVID-19-Vaccination-Trends-in-the-United-States-N/rh2h-3yt2,27417503,22705966,4210453,0
United States,2021-01-25,"Moderna, Pfizer/BioNTech",https://data.cdc.gov/Vaccinations/COVID-19-Vaccination-Trends-in-the-United-States-N/rh2h-3yt2,28790835,23565897,4700161,0
United States,2021-01-26,"Moderna, Pfizer/BioNTech",https://data.cdc.gov/Vaccinations/COVID-19-Vaccination-Trends-in-the-United-States-N/rh2h-3yt2,30452880,24618461,5282605,0
United States,2021-01-27,"Moderna, Pfizer/BioNTech",https://data.cdc.gov/Vaccinations/COVID-19-Vaccination-Trends-in-the-United-States-N/rh2h-3yt2,32385449,25869044,5931311,0
United States,2021-01-28,"Moderna, Pfizer/BioNTech",https://data.cdc.gov/Vaccinations/COVID-19-Vaccination-Trends-in-the-United-States-N/rh2h-3yt2,34347449,27238756,6489754,0
United States,2021-01-29,"Moderna, Pfizer/BioNTech",https://data.cdc.gov/Vaccinations/COVID-19-Vaccination-Trends-in-the-United-States-N/rh2h-3yt2,36261870,28610992,6986174,0
United States,2021-01-30,"Moderna, Pfizer/BioNTech",https://data.cdc.gov/Vaccinations/COVID-19-Vaccination-Trends-in-the-United-States-N/rh2h-3yt2,37280453,29369422,7228917,0
United States,2021-01-31,"Moderna, Pfizer/BioNTech",https://data.cdc.gov/Vaccinations/COVID-19-Vaccination-Trends-in-the-United-States-N/rh2h-3yt2,37739935,29691329,7356287,0
United States,2021-02-01,"Moderna, Pfizer/BioNTech",https://data.cdc.gov/Vaccinations/COVID-19-Vaccination-Trends-in-the-United-States-N/rh2h-3yt2,39125104,30461214,7929831,0
United States,2021-02-02,"Moderna, Pfizer/BioNTech",https://data.cdc.gov/Vaccinations/COVID-19-Vaccination-Trends-in-the-United-States-N/rh2h-3yt2,40821458,31423594,8629805,0
United States,2021-02-03,"Moderna, Pfizer/BioNTech",https://data.cdc.gov/Vaccinations/COVID-19-Vaccination-Trends-in-the-United-States-N/rh2h-3yt2,42959939,32682950,9464876,0
United States,2021-02-04,"Moderna, Pfizer/BioNTech",https://data.cdc.gov/Vaccinations/COVID-19-Vaccination-Trends-in-the-United-States-N/rh2h-3yt2,45306048,34071075,10378265,0
United States,2021-02-05,"Moderna, Pfizer/BioNTech",https://data.cdc.gov/Vaccinations/COVID-19-Vaccination-Trends-in-the-United-States-N/rh2h-3yt2,47661794,35425842,11339605,0
United States,2021-02-06,"Moderna, Pfizer/BioNTech",https://data.cdc.gov/Vaccinations/COVID-19-Vaccination-Trends-in-the-United-States-N/rh2h-3yt2,48962558,36277609,11761805,0
United States,2021-02-07,"Moderna, Pfizer/BioNTech",https://data.cdc.gov/Vaccinations/COVID-19-Vaccination-Trends-in-the-United-States-N/rh2h-3yt2,49406677,36554330,11918656,0
United States,2021-02-08,"Moderna, Pfizer/BioNTech",https://data.cdc.gov/Vaccinations/COVID-19-Vaccination-Trends-in-the-United-States-N/rh2h-3yt2,50986195,37391413,12623919,0
United States,2021-02-09,"Moderna, Pfizer/BioNTech",https://data.cdc.gov/Vaccinations/COVID-19-Vaccination-Trends-in-the-United-States-N/rh2h-3yt2,52960279,38428171,13519737,0
United States,2021-02-10,"Moderna, Pfizer/BioNTech",https://data.cdc.gov/Vaccinations/COVID-19-Vaccination-Trends-in-the-United-States-N/rh2h-3yt2,55265091,39656447,14555951,0
United States,2021-02-11,"Moderna, Pfizer/BioNTech",https://data.cdc.gov/Vaccinations/COVID-19-Vaccination-Trends-in-the-United-States-N/rh2h-3yt2,57671552,40932514,15645543,0
United States,2021-02-12,"Moderna, Pfizer/BioNTech",https://data.cdc.gov/Vaccinations/COVID-19-Vaccination-Trends-in-the-United-States-N/rh2h-3yt2,60256465,42310718,16802896,0
United States,2021-02-13,"Moderna, Pfizer/BioNTech",https://data.cdc.gov/Vaccinations/COVID-19-Vaccination-Trends-in-the-United-States-N/rh2h-3yt2,61730990,43180237,17374170,0
United States,2021-02-14,"Moderna, Pfizer/BioNTech",https://data.cdc.gov/Vaccinations/COVID-19-Vaccination-Trends-in-the-United-States-N/rh2h-3yt2,62323226,43526490,17603276,0
United States,2021-02-15,"Moderna, Pfizer/BioNTech",https://data.cdc.gov/Vaccinations/COVID-19-Vaccination-Trends-in-the-United-States-N/rh2h-3yt2,63501072,44136197,18137920,0
United States,2021-02-16,"Moderna, Pfizer/BioNTech",https://data.cdc.gov/Vaccinations/COVID-19-Vaccination-Trends-in-the-United-States-N/rh2h-3yt2,65122508,44932785,18925377,0
United States,2021-02-17,"Moderna, Pfizer/BioNTech",https://data.cdc.gov/Vaccinations/COVID-19-Vaccination-Trends-in-the-United-States-N/rh2h-3yt2,67087862,45865767,19915256,0
United States,2021-02-18,"Moderna, Pfizer/BioNTech",https://data.cdc.gov/Vaccinations/COVID-19-Vaccination-Trends-in-the-United-States-N/rh2h-3yt2,68945089,46699276,20889687,0
United States,2021-02-19,"Moderna, Pfizer/BioNTech",https://data.cdc.gov/Vaccinations/COVID-19-Vaccination-Trends-in-the-United-States-N/rh2h-3yt2,70912414,47522937,21985233,0
United States,2021-02-20,"Moderna, Pfizer/BioNTech",https://data.cdc.gov/Vaccinations/COVID-19-Vaccination-Trends-in-the-United-States-N/rh2h-3yt2,72218373,48119460,22665451,0
United States,2021-02-21,"Moderna, Pfizer/BioNTech",https://data.cdc.gov/Vaccinations/COVID-19-Vaccination-Trends-in-the-United-States-N/rh2h-3yt2,72813784,48373593,22988776,0
United States,2021-02-22,"Moderna, Pfizer/BioNTech",https://data.cdc.gov/Vaccinations/COVID-19-Vaccination-Trends-in-the-United-States-N/rh2h-3yt2,74275552,48990578,23790708,0
United States,2021-02-23,"Moderna, Pfizer/BioNTech",https://data.cdc.gov/Vaccinations/COVID-19-Vaccination-Trends-in-the-United-States-N/rh2h-3yt2,76213221,49856704,24816158,0
United States,2021-02-24,"Moderna, Pfizer/BioNTech",https://data.cdc.gov/Vaccinations/COVID-19-Vaccination-Trends-in-the-United-States-N/rh2h-3yt2,78740401,51101670,26049036,0
United States,2021-02-25,"Moderna, Pfizer/BioNTech",https://data.cdc.gov/Vaccinations/COVID-19-Vaccination-Trends-in-the-United-States-N/rh2h-3yt2,81678438,52638476,27389430,0
United States,2021-02-26,"Moderna, Pfizer/BioNTech",https://data.cdc.gov/Vaccinations/COVID-19-Vaccination-Trends-in-the-United-States-N/rh2h-3yt2,84792616,54311438,28771128,0
United States,2021-02-27,"Moderna, Pfizer/BioNTech",https://data.cdc.gov/Vaccinations/COVID-19-Vaccination-Trends-in-the-United-States-N/rh2h-3yt2,86787873,55452005,29587829,0
United States,2021-02-28,"Moderna, Pfizer/BioNTech",https://data.cdc.gov/Vaccinations/COVID-19-Vaccination-Trends-in-the-United-States-N/rh2h-3yt2,87643104,55986615,29882607,0
United States,2021-03-01,"Moderna, Pfizer/BioNTech",https://data.cdc.gov/Vaccinations/COVID-19-Vaccination-Trends-in-the-United-States-N/rh2h-3yt2,89694895,57185683,30676845,0
United States,2021-03-02,"Moderna, Pfizer/BioNTech",https://data.cdc.gov/Vaccinations/COVID-19-Vaccination-Trends-in-the-United-States-N/rh2h-3yt2,92158479,58648997,31636781,0
United States,2021-03-03,"Moderna, Pfizer/BioNTech",https://data.cdc.gov/Vaccinations/COVID-19-Vaccination-Trends-in-the-United-States-N/rh2h-3yt2,95061599,60391055,32758731,0
United States,2021-03-04,"Moderna, Pfizer/BioNTech",https://data.cdc.gov/Vaccinations/COVID-19-Vaccination-Trends-in-the-United-States-N/rh2h-3yt2,98265181,62347497,34001884,0
United States,2021-03-05,"Johnson&Johnson, Moderna, Pfizer/BioNTech",https://data.cdc.gov/Vaccinations/COVID-19-Vaccination-Trends-in-the-United-States-N/rh2h-3yt2,101494279,64351147,35307876,0
United States,2021-03-06,"Johnson&Johnson, Moderna, Pfizer/BioNTech",https://data.cdc.gov/Vaccinations/COVID-19-Vaccination-Trends-in-the-United-States-N/rh2h-3yt2,103552893,65701629,36169999,0
United States,2021-03-07,"Johnson&Johnson, Moderna, Pfizer/BioNTech",https://data.cdc.gov/Vaccinations/COVID-19-Vaccination-Trends-in-the-United-States-N/rh2h-3yt2,104477408,66379000,36512836,0
United States,2021-03-08,"Johnson&Johnson, Moderna, Pfizer/BioNTech",https://data.cdc.gov/Vaccinations/COVID-19-Vaccination-Trends-in-the-United-States-N/rh2h-3yt2,106641806,67861193,37363628,0
United States,2021-03-09,"Johnson&Johnson, Moderna, Pfizer/BioNTech",https://data.cdc.gov/Vaccinations/COVID-19-Vaccination-Trends-in-the-United-States-N/rh2h-3yt2,109348914,69670169,38443737,0
United States,2021-03-10,"Johnson&Johnson, Moderna, Pfizer/BioNTech",https://data.cdc.gov/Vaccinations/COVID-19-Vaccination-Trends-in-the-United-States-N/rh2h-3yt2,112473746,71733135,39711704,0
United States,2021-03-11,"Johnson&Johnson, Moderna, Pfizer/BioNTech",https://data.cdc.gov/Vaccinations/COVID-19-Vaccination-Trends-in-the-United-States-N/rh2h-3yt2,115913714,74010503,41110338,0
United States,2021-03-12,"Johnson&Johnson, Moderna, Pfizer/BioNTech",https://data.cdc.gov/Vaccinations/COVID-19-Vaccination-Trends-in-the-United-States-N/rh2h-3yt2,119341341,76128146,42638047,0
United States,2021-03-13,"Johnson&Johnson, Moderna, Pfizer/BioNTech",https://data.cdc.gov/Vaccinations/COVID-19-Vaccination-Trends-in-the-United-States-N/rh2h-3yt2,121532425,77512977,43655976,0
United States,2021-03-14,"Johnson&Johnson, Moderna, Pfizer/BioNTech",https://data.cdc.gov/Vaccinations/COVID-19-Vaccination-Trends-in-the-United-States-N/rh2h-3yt2,122516155,78161105,44082249,0
United States,2021-03-15,"Johnson&Johnson, Moderna, Pfizer/BioNTech",https://data.cdc.gov/Vaccinations/COVID-19-Vaccination-Trends-in-the-United-States-N/rh2h-3yt2,124798251,79659083,44950915,0
United States,2021-03-16,"Johnson&Johnson, Moderna, Pfizer/BioNTech",https://data.cdc.gov/Vaccinations/COVID-19-Vaccination-Trends-in-the-United-States-N/rh2h-3yt2,127686128,81589429,45998979,0
United States,2021-03-17,"Johnson&Johnson, Moderna, Pfizer/BioNTech",https://data.cdc.gov/Vaccinations/COVID-19-Vaccination-Trends-in-the-United-States-N/rh2h-3yt2,130854929,83717253,47128876,0
United States,2021-03-18,"Johnson&Johnson, Moderna, Pfizer/BioNTech",https://data.cdc.gov/Vaccinations/COVID-19-Vaccination-Trends-in-the-United-States-N/rh2h-3yt2,134257986,86013234,48333170,0
United States,2021-03-19,"Johnson&Johnson, Moderna, Pfizer/BioNTech",https://data.cdc.gov/Vaccinations/COVID-19-Vaccination-Trends-in-the-United-States-N/rh2h-3yt2,137596564,88227397,49555925,0
United States,2021-03-20,"Johnson&Johnson, Moderna, Pfizer/BioNTech",https://data.cdc.gov/Vaccinations/COVID-19-Vaccination-Trends-in-the-United-States-N/rh2h-3yt2,139752704,89638684,50415754,0
United States,2021-03-21,"Johnson&Johnson, Moderna, Pfizer/BioNTech",https://data.cdc.gov/Vaccinations/COVID-19-Vaccination-Trends-in-the-United-States-N/rh2h-3yt2,140772448,90322009,50787016,0
United States,2021-03-22,"Johnson&Johnson, Moderna, Pfizer/BioNTech",https://data.cdc.gov/Vaccinations/COVID-19-Vaccination-Trends-in-the-United-States-N/rh2h-3yt2,143137226,91926280,51593778,0
United States,2021-03-23,"Johnson&Johnson, Moderna, Pfizer/BioNTech",https://data.cdc.gov/Vaccinations/COVID-19-Vaccination-Trends-in-the-United-States-N/rh2h-3yt2,146203216,93909519,52745425,0
United States,2021-03-24,"Johnson&Johnson, Moderna, Pfizer/BioNTech",https://data.cdc.gov/Vaccinations/COVID-19-Vaccination-Trends-in-the-United-States-N/rh2h-3yt2,149761582,96118825,54167717,0
United States,2021-03-25,"Johnson&Johnson, Moderna, Pfizer/BioNTech",https://data.cdc.gov/Vaccinations/COVID-19-Vaccination-Trends-in-the-United-States-N/rh2h-3yt2,153599196,98386594,55815358,0
United States,2021-03-26,"Johnson&Johnson, Moderna, Pfizer/BioNTech",https://data.cdc.gov/Vaccinations/COVID-19-Vaccination-Trends-in-the-United-States-N/rh2h-3yt2,157431119,100492026,57615802,0
United States,2021-03-27,"Johnson&Johnson, Moderna, Pfizer/BioNTech",https://data.cdc.gov/Vaccinations/COVID-19-Vaccination-Trends-in-the-United-States-N/rh2h-3yt2,159905326,101863878,58779667,0
United States,2021-03-28,"Johnson&Johnson, Moderna, Pfizer/BioNTech",https://data.cdc.gov/Vaccinations/COVID-19-Vaccination-Trends-in-the-United-States-N/rh2h-3yt2,161115717,102535661,59330562,0
United States,2021-03-29,"Johnson&Johnson, Moderna, Pfizer/BioNTech",https://data.cdc.gov/Vaccinations/COVID-19-Vaccination-Trends-in-the-United-States-N/rh2h-3yt2,163955391,104144557,60604963,0
United States,2021-03-30,"Johnson&Johnson, Moderna, Pfizer/BioNTech",https://data.cdc.gov/Vaccinations/COVID-19-Vaccination-Trends-in-the-United-States-N/rh2h-3yt2,167549929,106158980,62266158,0
United States,2021-03-31,"Johnson&Johnson, Moderna, Pfizer/BioNTech",https://data.cdc.gov/Vaccinations/COVID-19-Vaccination-Trends-in-the-United-States-N/rh2h-3yt2,171723120,108572108,64205778,0
United States,2021-04-01,"Johnson&Johnson, Moderna, Pfizer/BioNTech",https://data.cdc.gov/Vaccinations/COVID-19-Vaccination-Trends-in-the-United-States-N/rh2h-3yt2,176279804,111102587,66446943,0
United States,2021-04-02,"Johnson&Johnson, Moderna, Pfizer/BioNTech",https://data.cdc.gov/Vaccinations/COVID-19-Vaccination-Trends-in-the-United-States-N/rh2h-3yt2,179936571,113161429,68262803,0
United States,2021-04-03,"Johnson&Johnson, Moderna, Pfizer/BioNTech",https://data.cdc.gov/Vaccinations/COVID-19-Vaccination-Trends-in-the-United-States-N/rh2h-3yt2,182237916,114486067,69421205,0
United States,2021-04-04,"Johnson&Johnson, Moderna, Pfizer/BioNTech",https://data.cdc.gov/Vaccinations/COVID-19-Vaccination-Trends-in-the-United-States-N/rh2h-3yt2,183001312,114923862,69792514,0
United States,2021-04-05,"Johnson&Johnson, Moderna, Pfizer/BioNTech",https://data.cdc.gov/Vaccinations/COVID-19-Vaccination-Trends-in-the-United-States-N/rh2h-3yt2,186107132,116659126,71393782,0
United States,2021-04-06,"Johnson&Johnson, Moderna, Pfizer/BioNTech",https://data.cdc.gov/Vaccinations/COVID-19-Vaccination-Trends-in-the-United-States-N/rh2h-3yt2,190086335,118948893,73473129,0
United States,2021-04-07,"Johnson&Johnson, Moderna, Pfizer/BioNTech",https://data.cdc.gov/Vaccinations/COVID-19-Vaccination-Trends-in-the-United-States-N/rh2h-3yt2,194443333,121510629,75776690,0
United States,2021-04-08,"Johnson&Johnson, Moderna, Pfizer/BioNTech",https://data.cdc.gov/Vaccinations/COVID-19-Vaccination-Trends-in-the-United-States-N/rh2h-3yt2,198944862,124078567,78292177,0
United States,2021-04-09,"Johnson&Johnson, Moderna, Pfizer/BioNTech",https://data.cdc.gov/Vaccinations/COVID-19-Vaccination-Trends-in-the-United-States-N/rh2h-3yt2,203264417,126519375,80729668,0
United States,2021-04-10,"Johnson&Johnson, Moderna, Pfizer/BioNTech",https://data.cdc.gov/Vaccinations/COVID-19-Vaccination-Trends-in-the-United-States-N/rh2h-3yt2,206152517,128244360,82386198,0
United States,2021-04-11,"Johnson&Johnson, Moderna, Pfizer/BioNTech",https://data.cdc.gov/Vaccinations/COVID-19-Vaccination-Trends-in-the-United-States-N/rh2h-3yt2,207552385,129077536,83186772,0
United States,2021-04-12,"Johnson&Johnson, Moderna, Pfizer/BioNTech",https://data.cdc.gov/Vaccinations/COVID-19-Vaccination-Trends-in-the-United-States-N/rh2h-3yt2,210568716,130709509,84910778,0
United States,2021-04-13,"Johnson&Johnson, Moderna, Pfizer/BioNTech",https://data.cdc.gov/Vaccinations/COVID-19-Vaccination-Trends-in-the-United-States-N/rh2h-3yt2,214043732,132449348,86629038,0
United States,2021-04-14,"Johnson&Johnson, Moderna, Pfizer/BioNTech",https://data.cdc.gov/Vaccinations/COVID-19-Vaccination-Trends-in-the-United-States-N/rh2h-3yt2,217732280,134176941,88554462,0
United States,2021-04-15,"Johnson&Johnson, Moderna, Pfizer/BioNTech",https://data.cdc.gov/Vaccinations/COVID-19-Vaccination-Trends-in-the-United-States-N/rh2h-3yt2,221471727,135927499,90504219,0
United States,2021-04-16,"Johnson&Johnson, Moderna, Pfizer/BioNTech",https://data.cdc.gov/Vaccinations/COVID-19-Vaccination-Trends-in-the-United-States-N/rh2h-3yt2,225067559,137559066,92432764,0
United States,2021-04-17,"Johnson&Johnson, Moderna, Pfizer/BioNTech",https://data.cdc.gov/Vaccinations/COVID-19-Vaccination-Trends-in-the-United-States-N/rh2h-3yt2,227425235,138720638,93609203,0
United States,2021-04-18,"Johnson&Johnson, Moderna, Pfizer/BioNTech",https://data.cdc.gov/Vaccinations/COVID-19-Vaccination-Trends-in-the-United-States-N/rh2h-3yt2,228555896,139258150,94191450,0
United States,2021-04-19,"Johnson&Johnson, Moderna, Pfizer/BioNTech",https://data.cdc.gov/Vaccinations/COVID-19-Vaccination-Trends-in-the-United-States-N/rh2h-3yt2,231131061,140339896,95655799,0
United States,2021-04-20,"Johnson&Johnson, Moderna, Pfizer/BioNTech",https://data.cdc.gov/Vaccinations/COVID-19-Vaccination-Trends-in-the-United-States-N/rh2h-3yt2,234352518,141695904,97490250,0
United States,2021-04-21,"Johnson&Johnson, Moderna, Pfizer/BioNTech",https://data.cdc.gov/Vaccinations/COVID-19-Vaccination-Trends-in-the-United-States-N/rh2h-3yt2,237816120,143073946,99539917,0
United States,2021-04-22,"Johnson&Johnson, Moderna, Pfizer/BioNTech",https://data.cdc.gov/Vaccinations/COVID-19-Vaccination-Trends-in-the-United-States-N/rh2h-3yt2,241301928,144469998,101595982,0
United States,2021-04-23,"Johnson&Johnson, Moderna, Pfizer/BioNTech",https://data.cdc.gov/Vaccinations/COVID-19-Vaccination-Trends-in-the-United-States-N/rh2h-3yt2,244586905,145819462,103500427,0
United States,2021-04-24,"Johnson&Johnson, Moderna, Pfizer/BioNTech",https://data.cdc.gov/Vaccinations/COVID-19-Vaccination-Trends-in-the-United-States-N/rh2h-3yt2,246789890,146821866,104686075,0
United States,2021-04-25,"Johnson&Johnson, Moderna, Pfizer/BioNTech",https://data.cdc.gov/Vaccinations/COVID-19-Vaccination-Trends-in-the-United-States-N/rh2h-3yt2,247781067,147311497,105181522,0
United States,2021-04-26,"Johnson&Johnson, Moderna, Pfizer/BioNTech",https://data.cdc.gov/Vaccinations/COVID-19-Vaccination-Trends-in-the-United-States-N/rh2h-3yt2,250162810,148242576,106614395,0
United States,2021-04-27,"Johnson&Johnson, Moderna, Pfizer/BioNTech",https://data.cdc.gov/Vaccinations/COVID-19-Vaccination-Trends-in-the-United-States-N/rh2h-3yt2,253049429,149345614,108405007,0
United States,2021-04-28,"Johnson&Johnson, Moderna, Pfizer/BioNTech",https://data.cdc.gov/Vaccinations/COVID-19-Vaccination-Trends-in-the-United-States-N/rh2h-3yt2,256129987,150486589,110371943,0
United States,2021-04-29,"Johnson&Johnson, Moderna, Pfizer/BioNTech",https://data.cdc.gov/Vaccinations/COVID-19-Vaccination-Trends-in-the-United-States-N/rh2h-3yt2,259168881,151594508,112352568,0
United States,2021-04-30,"Johnson&Johnson, Moderna, Pfizer/BioNTech",https://data.cdc.gov/Vaccinations/COVID-19-Vaccination-Trends-in-the-United-States-N/rh2h-3yt2,262069730,152699258,114205013,0
United States,2021-05-01,"Johnson&Johnson, Moderna, Pfizer/BioNTech",https://data.cdc.gov/Vaccinations/COVID-19-Vaccination-Trends-in-the-United-States-N/rh2h-3yt2,263911709,153403502,115370363,0
United States,2021-05-02,"Johnson&Johnson, Moderna, Pfizer/BioNTech",https://data.cdc.gov/Vaccinations/COVID-19-Vaccination-Trends-in-the-United-States-N/rh2h-3yt2,264789167,153728285,115955426,0
United States,2021-05-03,"Johnson&Johnson, Moderna, Pfizer/BioNTech",https://data.cdc.gov/Vaccinations/COVID-19-Vaccination-Trends-in-the-United-States-N/rh2h-3yt2,266749281,154364001,117358192,0
United States,2021-05-04,"Johnson&Johnson, Moderna, Pfizer/BioNTech",https://data.cdc.gov/Vaccinations/COVID-19-Vaccination-Trends-in-the-United-States-N/rh2h-3yt2,269247978,155177565,119118246,0
United States,2021-05-05,"Johnson&Johnson, Moderna, Pfizer/BioNTech",https://data.cdc.gov/Vaccinations/COVID-19-Vaccination-Trends-in-the-United-States-N/rh2h-3yt2,271790898,155989495,120924735,0
United States,2021-05-06,"Johnson&Johnson, Moderna, Pfizer/BioNTech",https://data.cdc.gov/Vaccinations/COVID-19-Vaccination-Trends-in-the-United-States-N/rh2h-3yt2,274305204,156762254,122742446,0
United States,2021-05-07,"Johnson&Johnson, Moderna, Pfizer/BioNTech",https://data.cdc.gov/Vaccinations/COVID-19-Vaccination-Trends-in-the-United-States-N/rh2h-3yt2,276807172,157550337,124531732,0
United States,2021-05-08,"Johnson&Johnson, Moderna, Pfizer/BioNTech",https://data.cdc.gov/Vaccinations/COVID-19-Vaccination-Trends-in-the-United-States-N/rh2h-3yt2,278339600,158055310,125618844,0
United States,2021-05-09,"Johnson&Johnson, Moderna, Pfizer/BioNTech",https://data.cdc.gov/Vaccinations/COVID-19-Vaccination-Trends-in-the-United-States-N/rh2h-3yt2,278953600,158259752,126056197,0
United States,2021-05-10,"Johnson&Johnson, Moderna, Pfizer/BioNTech",https://data.cdc.gov/Vaccinations/COVID-19-Vaccination-Trends-in-the-United-States-N/rh2h-3yt2,280554828,158741008,127230443,0
United States,2021-05-11,"Johnson&Johnson, Moderna, Pfizer/BioNTech",https://data.cdc.gov/Vaccinations/COVID-19-Vaccination-Trends-in-the-United-States-N/rh2h-3yt2,282598283,159396573,128681462,0
United States,2021-05-12,"Johnson&Johnson, Moderna, Pfizer/BioNTech",https://data.cdc.gov/Vaccinations/COVID-19-Vaccination-Trends-in-the-United-States-N/rh2h-3yt2,284609807,160039535,130119108,0
United States,2021-05-13,"Johnson&Johnson, Moderna, Pfizer/BioNTech",https://data.cdc.gov/Vaccinations/COVID-19-Vaccination-Trends-in-the-United-States-N/rh2h-3yt2,286882813,160965185,131526117,0
United States,2021-05-14,"Johnson&Johnson, Moderna, Pfizer/BioNTech",https://data.cdc.gov/Vaccinations/COVID-19-Vaccination-Trends-in-the-United-States-N/rh2h-3yt2,289329758,162054910,132962971,0
United States,2021-05-15,"Johnson&Johnson, Moderna, Pfizer/BioNTech",https://data.cdc.gov/Vaccinations/COVID-19-Vaccination-Trends-in-the-United-States-N/rh2h-3yt2,291173020,162961577,133953844,0
United States,2021-05-16,"Johnson&Johnson, Moderna, Pfizer/BioNTech",https://data.cdc.gov/Vaccinations/COVID-19-Vaccination-Trends-in-the-United-States-N/rh2h-3yt2,292104847,163438531,134440030,0
United States,2021-05-17,"Johnson&Johnson, Moderna, Pfizer/BioNTech",https://data.cdc.gov/Vaccinations/COVID-19-Vaccination-Trends-in-the-United-States-N/rh2h-3yt2,293923538,164323380,135450849,0
United States,2021-05-18,"Johnson&Johnson, Moderna, Pfizer/BioNTech",https://data.cdc.gov/Vaccinations/COVID-19-Vaccination-Trends-in-the-United-States-N/rh2h-3yt2,295991781,165312507,136615184,0
United States,2021-05-19,"Johnson&Johnson, Moderna, Pfizer/BioNTech",https://data.cdc.gov/Vaccinations/COVID-19-Vaccination-Trends-in-the-United-States-N/rh2h-3yt2,298075210,166297739,137794577,0
United States,2021-05-20,"Johnson&Johnson, Moderna, Pfizer/BioNTech",https://data.cdc.gov/Vaccinations/COVID-19-Vaccination-Trends-in-the-United-States-N/rh2h-3yt2,300091039,167219097,138970662,0
United States,2021-05-21,"Johnson&Johnson, Moderna, Pfizer/BioNTech",https://data.cdc.gov/Vaccinations/COVID-19-Vaccination-Trends-in-the-United-States-N/rh2h-3yt2,302145219,168150623,140174074,0
United States,2021-05-22,"Johnson&Johnson, Moderna, Pfizer/BioNTech",https://data.cdc.gov/Vaccinations/COVID-19-Vaccination-Trends-in-the-United-States-N/rh2h-3yt2,303592208,168880249,140945267,0
United States,2021-05-23,"Johnson&Johnson, Moderna, Pfizer/BioNTech",https://data.cdc.gov/Vaccinations/COVID-19-Vaccination-Trends-in-the-United-States-N/rh2h-3yt2,304249502,169218851,141292029,0
United States,2021-05-24,"Johnson&Johnson, Moderna, Pfizer/BioNTech",https://data.cdc.gov/Vaccinations/COVID-19-Vaccination-Trends-in-the-United-States-N/rh2h-3yt2,305567942,169854103,142043196,0
United States,2021-05-25,"Johnson&Johnson, Moderna, Pfizer/BioNTech",https://data.cdc.gov/Vaccinations/COVID-19-Vaccination-Trends-in-the-United-States-N/rh2h-3yt2,307002459,170521940,142881589,0
United States,2021-05-26,"Johnson&Johnson, Moderna, Pfizer/BioNTech",https://data.cdc.gov/Vaccinations/COVID-19-Vaccination-Trends-in-the-United-States-N/rh2h-3yt2,308433866,171182592,143718927,0
United States,2021-05-27,"Johnson&Johnson, Moderna, Pfizer/BioNTech",https://data.cdc.gov/Vaccinations/COVID-19-Vaccination-Trends-in-the-United-States-N/rh2h-3yt2,309778163,171796358,144516599,0
United States,2021-05-28,"Johnson&Johnson, Moderna, Pfizer/BioNTech",https://data.cdc.gov/Vaccinations/COVID-19-Vaccination-Trends-in-the-United-States-N/rh2h-3yt2,311104743,172400089,145302358,0
United States,2021-05-29,"Johnson&Johnson, Moderna, Pfizer/BioNTech",https://data.cdc.gov/Vaccinations/COVID-19-Vaccination-Trends-in-the-United-States-N/rh2h-3yt2,311868594,172780985,145723181,0
United States,2021-05-30,"Johnson&Johnson, Moderna, Pfizer/BioNTech",https://data.cdc.gov/Vaccinations/COVID-19-Vaccination-Trends-in-the-United-States-N/rh2h-3yt2,312253040,172981983,145928124,0
United States,2021-05-31,"Johnson&Johnson, Moderna, Pfizer/BioNTech",https://data.cdc.gov/Vaccinations/COVID-19-Vaccination-Trends-in-the-United-States-N/rh2h-3yt2,312454696,173071142,146050259,0
United States,2021-06-01,"Johnson&Johnson, Moderna, Pfizer/BioNTech",https://data.cdc.gov/Vaccinations/COVID-19-Vaccination-Trends-in-the-United-States-N/rh2h-3yt2,313719024,173597493,146833829,0
United States,2021-06-02,"Johnson&Johnson, Moderna, Pfizer/BioNTech",https://data.cdc.gov/Vaccinations/COVID-19-Vaccination-Trends-in-the-United-States-N/rh2h-3yt2,314834369,174092405,147514004,0
United States,2021-06-03,"Johnson&Johnson, Moderna, Pfizer/BioNTech",https://data.cdc.gov/Vaccinations/COVID-19-Vaccination-Trends-in-the-United-States-N/rh2h-3yt2,316079332,174555827,148351388,0
United States,2021-06-04,"Johnson&Johnson, Moderna, Pfizer/BioNTech",https://data.cdc.gov/Vaccinations/COVID-19-Vaccination-Trends-in-the-United-States-N/rh2h-3yt2,317479477,175056375,149309187,0
United States,2021-06-05,"Johnson&Johnson, Moderna, Pfizer/BioNTech",https://data.cdc.gov/Vaccinations/COVID-19-Vaccination-Trends-in-the-United-States-N/rh2h-3yt2,318549504,175410391,150059893,0
United States,2021-06-06,"Johnson&Johnson, Moderna, Pfizer/BioNTech",https://data.cdc.gov/Vaccinations/COVID-19-Vaccination-Trends-in-the-United-States-N/rh2h-3yt2,319065435,175581769,150422935,0
United States,2021-06-07,"Johnson&Johnson, Moderna, Pfizer/BioNTech",https://data.cdc.gov/Vaccinations/COVID-19-Vaccination-Trends-in-the-United-States-N/rh2h-3yt2,320135185,175954779,151162600,0
United States,2021-06-08,"Johnson&Johnson, Moderna, Pfizer/BioNTech",https://data.cdc.gov/Vaccinations/COVID-19-Vaccination-Trends-in-the-United-States-N/rh2h-3yt2,321308690,176359101,151980003,0
United States,2021-06-09,"Johnson&Johnson, Moderna, Pfizer/BioNTech",https://data.cdc.gov/Vaccinations/COVID-19-Vaccination-Trends-in-the-United-States-N/rh2h-3yt2,322473342,176750844,152801506,0
United States,2021-06-10,"Johnson&Johnson, Moderna, Pfizer/BioNTech",https://data.cdc.gov/Vaccinations/COVID-19-Vaccination-Trends-in-the-United-States-N/rh2h-3yt2,323641948,177155601,153616832,0
United States,2021-06-11,"Johnson&Johnson, Moderna, Pfizer/BioNTech",https://data.cdc.gov/Vaccinations/COVID-19-Vaccination-Trends-in-the-United-States-N/rh2h-3yt2,324871535,177583813,154469685,0
United States,2021-06-12,"Johnson&Johnson, Moderna, Pfizer/BioNTech",https://data.cdc.gov/Vaccinations/COVID-19-Vaccination-Trends-in-the-United-States-N/rh2h-3yt2,325763700,177864691,155111760,0
United States,2021-06-13,"Johnson&Johnson, Moderna, Pfizer/BioNTech",https://data.cdc.gov/Vaccinations/COVID-19-Vaccination-Trends-in-the-United-States-N/rh2h-3yt2,326156163,177978183,155407811,0
United States,2021-06-14,"Johnson&Johnson, Moderna, Pfizer/BioNTech",https://data.cdc.gov/Vaccinations/COVID-19-Vaccination-Trends-in-the-United-States-N/rh2h-3yt2,327068045,178310442,156027128,0
United States,2021-06-15,"Johnson&Johnson, Moderna, Pfizer/BioNTech",https://data.cdc.gov/Vaccinations/COVID-19-Vaccination-Trends-in-the-United-States-N/rh2h-3yt2,328044412,178671214,156687509,0
United States,2021-06-16,"Johnson&Johnson, Moderna, Pfizer/BioNTech",https://data.cdc.gov/Vaccinations/COVID-19-Vaccination-Trends-in-the-United-States-N/rh2h-3yt2,328987589,179029782,157317931,0
United States,2021-06-17,"Johnson&Johnson, Moderna, Pfizer/BioNTech",https://data.cdc.gov/Vaccinations/COVID-19-Vaccination-Trends-in-the-United-States-N/rh2h-3yt2,329880450,179381588,157908550,0
United States,2021-06-18,"Johnson&Johnson, Moderna, Pfizer/BioNTech",https://data.cdc.gov/Vaccinations/COVID-19-Vaccination-Trends-in-the-United-States-N/rh2h-3yt2,330800464,179750094,158504462,0
United States,2021-06-19,"Johnson&Johnson, Moderna, Pfizer/BioNTech",https://data.cdc.gov/Vaccinations/COVID-19-Vaccination-Trends-in-the-United-States-N/rh2h-3yt2,331374947,179981428,158873915,0
United States,2021-06-20,"Johnson&Johnson, Moderna, Pfizer/BioNTech",https://data.cdc.gov/Vaccinations/COVID-19-Vaccination-Trends-in-the-United-States-N/rh2h-3yt2,331651477,180093818,159049817,0
United States,2021-06-21,"Johnson&Johnson, Moderna, Pfizer/BioNTech",https://data.cdc.gov/Vaccinations/COVID-19-Vaccination-Trends-in-the-United-States-N/rh2h-3yt2,332211780,180395660,159342875,0
United States,2021-06-22,"Johnson&Johnson, Moderna, Pfizer/BioNTech",https://data.cdc.gov/Vaccinations/COVID-19-Vaccination-Trends-in-the-United-States-N/rh2h-3yt2,332966575,180720436,159811093,0
United States,2021-06-23,"Johnson&Johnson, Moderna, Pfizer/BioNTech",https://data.cdc.gov/Vaccinations/COVID-19-Vaccination-Trends-in-the-United-States-N/rh2h-3yt2,333701772,181051520,160252423,0
United States,2021-06-24,"Johnson&Johnson, Moderna, Pfizer/BioNTech",https://data.cdc.gov/Vaccinations/COVID-19-Vaccination-Trends-in-the-United-States-N/rh2h-3yt2,334400443,181370912,160669208,0
United States,2021-06-25,"Johnson&Johnson, Moderna, Pfizer/BioNTech",https://data.cdc.gov/Vaccinations/COVID-19-Vaccination-Trends-in-the-United-States-N/rh2h-3yt2,335166645,181722738,161121159,0
United States,2021-06-26,"Johnson&Johnson, Moderna, Pfizer/BioNTech",https://data.cdc.gov/Vaccinations/COVID-19-Vaccination-Trends-in-the-United-States-N/rh2h-3yt2,335665416,181948314,161415904,0
United States,2021-06-27,"Johnson&Johnson, Moderna, Pfizer/BioNTech",https://data.cdc.gov/Vaccinations/COVID-19-Vaccination-Trends-in-the-United-States-N/rh2h-3yt2,335932637,182075569,161566272,0
United States,2021-06-28,"Johnson&Johnson, Moderna, Pfizer/BioNTech",https://data.cdc.gov/Vaccinations/COVID-19-Vaccination-Trends-in-the-United-States-N/rh2h-3yt2,336486226,182351817,161871095,0
United States,2021-06-29,"Johnson&Johnson, Moderna, Pfizer/BioNTech",https://data.cdc.gov/Vaccinations/COVID-19-Vaccination-Trends-in-the-United-States-N/rh2h-3yt2,337113685,182650255,162228655,0
United States,2021-06-30,"Johnson&Johnson, Moderna, Pfizer/BioNTech",https://data.cdc.gov/Vaccinations/COVID-19-Vaccination-Trends-in-the-United-States-N/rh2h-3yt2,337744671,182958593,162579321,0
United States,2021-07-01,"Johnson&Johnson, Moderna, Pfizer/BioNTech",https://data.cdc.gov/Vaccinations/COVID-19-Vaccination-Trends-in-the-United-States-N/rh2h-3yt2,338350403,183251891,162913342,0
United States,2021-07-02,"Johnson&Johnson, Moderna, Pfizer/BioNTech",https://data.cdc.gov/Vaccinations/COVID-19-Vaccination-Trends-in-the-United-States-N/rh2h-3yt2,338970233,183558672,163254254,0
United States,2021-07-03,"Johnson&Johnson, Moderna, Pfizer/BioNTech",https://data.cdc.gov/Vaccinations/COVID-19-Vaccination-Trends-in-the-United-States-N/rh2h-3yt2,339327275,183740597,163442840,0
United States,2021-07-04,"Johnson&Johnson, Moderna, Pfizer/BioNTech",https://data.cdc.gov/Vaccinations/COVID-19-Vaccination-Trends-in-the-United-States-N/rh2h-3yt2,339377557,183768383,163470153,0
United States,2021-07-05,"Johnson&Johnson, Moderna, Pfizer/BioNTech",https://data.cdc.gov/Vaccinations/COVID-19-Vaccination-Trends-in-the-United-States-N/rh2h-3yt2,339774133,183970095,163678653,0
United States,2021-07-06,"Johnson&Johnson, Moderna, Pfizer/BioNTech",https://data.cdc.gov/Vaccinations/COVID-19-Vaccination-Trends-in-the-United-States-N/rh2h-3yt2,340357497,184244619,164015489,0
United States,2021-07-07,"Johnson&Johnson, Moderna, Pfizer/BioNTech",https://data.cdc.gov/Vaccinations/COVID-19-Vaccination-Trends-in-the-United-States-N/rh2h-3yt2,340928923,184528837,164335392,0
United States,2021-07-08,"Johnson&Johnson, Moderna, Pfizer/BioNTech",https://data.cdc.gov/Vaccinations/COVID-19-Vaccination-Trends-in-the-United-States-N/rh2h-3yt2,341496399,184819848,164647747,0
United States,2021-07-09,"Johnson&Johnson, Moderna, Pfizer/BioNTech",https://data.cdc.gov/Vaccinations/COVID-19-Vaccination-Trends-in-the-United-States-N/rh2h-3yt2,342128844,185142967,164992318,0
United States,2021-07-10,"Johnson&Johnson, Moderna, Pfizer/BioNTech",https://data.cdc.gov/Vaccinations/COVID-19-Vaccination-Trends-in-the-United-States-N/rh2h-3yt2,342529448,185354403,165198883,0
United States,2021-07-11,"Johnson&Johnson, Moderna, Pfizer/BioNTech",https://data.cdc.gov/Vaccinations/COVID-19-Vaccination-Trends-in-the-United-States-N/rh2h-3yt2,342746095,185471320,165306663,0
United States,2021-07-12,"Johnson&Johnson, Moderna, Pfizer/BioNTech",https://data.cdc.gov/Vaccinations/COVID-19-Vaccination-Trends-in-the-United-States-N/rh2h-3yt2,343266606,185747080,165579903,0
United States,2021-07-13,"Johnson&Johnson, Moderna, Pfizer/BioNTech",https://data.cdc.gov/Vaccinations/COVID-19-Vaccination-Trends-in-the-United-States-N/rh2h-3yt2,343793331,186028826,165850844,0
United States,2021-07-14,"Johnson&Johnson, Moderna, Pfizer/BioNTech",https://data.cdc.gov/Vaccinations/COVID-19-Vaccination-Trends-in-the-United-States-N/rh2h-3yt2,344324700,186313526,166122690,0
United States,2021-07-15,"Johnson&Johnson, Moderna, Pfizer/BioNTech",https://data.cdc.gov/Vaccinations/COVID-19-Vaccination-Trends-in-the-United-States-N/rh2h-3yt2,344865802,186612302,166390640,0
United States,2021-07-16,"Johnson&Johnson, Moderna, Pfizer/BioNTech",https://data.cdc.gov/Vaccinations/COVID-19-Vaccination-Trends-in-the-United-States-N/rh2h-3yt2,345490914,186960225,166693042,0
United States,2021-07-17,"Johnson&Johnson, Moderna, Pfizer/BioNTech",https://data.cdc.gov/Vaccinations/COVID-19-Vaccination-Trends-in-the-United-States-N/rh2h-3yt2,345890598,187184265,166881798,0
United States,2021-07-18,"Johnson&Johnson, Moderna, Pfizer/BioNTech",https://data.cdc.gov/Vaccinations/COVID-19-Vaccination-Trends-in-the-United-States-N/rh2h-3yt2,346124539,187319910,166987249,0
United States,2021-07-19,"Johnson&Johnson, Moderna, Pfizer/BioNTech",https://data.cdc.gov/Vaccinations/COVID-19-Vaccination-Trends-in-the-United-States-N/rh2h-3yt2,346692959,187660239,167238924,0
United States,2021-07-20,"Johnson&Johnson, Moderna, Pfizer/BioNTech",https://data.cdc.gov/Vaccinations/COVID-19-Vaccination-Trends-in-the-United-States-N/rh2h-3yt2,347296589,188032793,167494511,0
United States,2021-07-21,"Johnson&Johnson, Moderna, Pfizer/BioNTech",https://data.cdc.gov/Vaccinations/COVID-19-Vaccination-Trends-in-the-United-States-N/rh2h-3yt2,347927909,188420836,167761264,0
United States,2021-07-22,"Johnson&Johnson, Moderna, Pfizer/BioNTech",https://data.cdc.gov/Vaccinations/COVID-19-Vaccination-Trends-in-the-United-States-N/rh2h-3yt2,348577671,188838206,168018405,0
United States,2021-07-23,"Johnson&Johnson, Moderna, Pfizer/BioNTech",https://data.cdc.gov/Vaccinations/COVID-19-Vaccination-Trends-in-the-United-States-N/rh2h-3yt2,349325134,189326867,168305470,0
United States,2021-07-24,"Johnson&Johnson, Moderna, Pfizer/BioNTech",https://data.cdc.gov/Vaccinations/COVID-19-Vaccination-Trends-in-the-United-States-N/rh2h-3yt2,349788065,189628976,168479422,0
United States,2021-07-25,"Johnson&Johnson, Moderna, Pfizer/BioNTech",https://data.cdc.gov/Vaccinations/COVID-19-Vaccination-Trends-in-the-United-States-N/rh2h-3yt2,350046996,189830770,168542373,0
United States,2021-07-26,"Johnson&Johnson, Moderna, Pfizer/BioNTech",https://data.cdc.gov/Vaccinations/COVID-19-Vaccination-Trends-in-the-United-States-N/rh2h-3yt2,350690315,190278461,168763199,0
United States,2021-07-27,"Johnson&Johnson, Moderna, Pfizer/BioNTech",https://data.cdc.gov/Vaccinations/COVID-19-Vaccination-Trends-in-the-United-States-N/rh2h-3yt2,351391293,190759128,169014457,0
United States,2021-07-28,"Johnson&Johnson, Moderna, Pfizer/BioNTech",https://data.cdc.gov/Vaccinations/COVID-19-Vaccination-Trends-in-the-United-States-N/rh2h-3yt2,352111322,191250611,169273137,0
United States,2021-07-29,"Johnson&Johnson, Moderna, Pfizer/BioNTech",https://data.cdc.gov/Vaccinations/COVID-19-Vaccination-Trends-in-the-United-States-N/rh2h-3yt2,352831511,191748466,169525824,0
United States,2021-07-30,"Johnson&Johnson, Moderna, Pfizer/BioNTech",https://data.cdc.gov/Vaccinations/COVID-19-Vaccination-Trends-in-the-United-States-N/rh2h-3yt2,353666445,192324180,169816572,0
United States,2021-07-31,"Johnson&Johnson, Moderna, Pfizer/BioNTech",https://data.cdc.gov/Vaccinations/COVID-19-Vaccination-Trends-in-the-United-States-N/rh2h-3yt2,354181060,192670572,169996645,0
United States,2021-08-01,"Johnson&Johnson, Moderna, Pfizer/BioNTech",https://data.cdc.gov/Vaccinations/COVID-19-Vaccination-Trends-in-the-United-States-N/rh2h-3yt2,354508870,192896767,170095903,0
United States,2021-08-02,"Johnson&Johnson, Moderna, Pfizer/BioNTech",https://data.cdc.gov/Vaccinations/COVID-19-Vaccination-Trends-in-the-United-States-N/rh2h-3yt2,355228624,193403022,170334488,0
United States,2021-08-03,"Johnson&Johnson, Moderna, Pfizer/BioNTech",https://data.cdc.gov/Vaccinations/COVID-19-Vaccination-Trends-in-the-United-States-N/rh2h-3yt2,355990538,193941047,170588093,0
United States,2021-08-04,"Johnson&Johnson, Moderna, Pfizer/BioNTech",https://data.cdc.gov/Vaccinations/COVID-19-Vaccination-Trends-in-the-United-States-N/rh2h-3yt2,356768138,194493361,170843394,0
United States,2021-08-05,"Johnson&Johnson, Moderna, Pfizer/BioNTech",https://data.cdc.gov/Vaccinations/COVID-19-Vaccination-Trends-in-the-United-States-N/rh2h-3yt2,357560450,195053156,171107939,0
United States,2021-08-06,"Johnson&Johnson, Moderna, Pfizer/BioNTech",https://data.cdc.gov/Vaccinations/COVID-19-Vaccination-Trends-in-the-United-States-N/rh2h-3yt2,358468597,195679131,171419401,0
United States,2021-08-07,"Johnson&Johnson, Moderna, Pfizer/BioNTech",https://data.cdc.gov/Vaccinations/COVID-19-Vaccination-Trends-in-the-United-States-N/rh2h-3yt2,359026276,196060506,171609108,0
United States,2021-08-08,"Johnson&Johnson, Moderna, Pfizer/BioNTech",https://data.cdc.gov/Vaccinations/COVID-19-Vaccination-Trends-in-the-United-States-N/rh2h-3yt2,359376513,196298032,171726747,0
United States,2021-08-09,"Johnson&Johnson, Moderna, Pfizer/BioNTech",https://data.cdc.gov/Vaccinations/COVID-19-Vaccination-Trends-in-the-United-States-N/rh2h-3yt2,360158708,196818141,172013471,0
United States,2021-08-10,"Johnson&Johnson, Moderna, Pfizer/BioNTech",https://data.cdc.gov/Vaccinations/COVID-19-Vaccination-Trends-in-the-United-States-N/rh2h-3yt2,360957904,197348309,172308359,0
United States,2021-08-11,"Johnson&Johnson, Moderna, Pfizer/BioNTech",https://data.cdc.gov/Vaccinations/COVID-19-Vaccination-Trends-in-the-United-States-N/rh2h-3yt2,361727210,197847396,172604294,0
United States,2021-08-12,"Johnson&Johnson, Moderna, Pfizer/BioNTech",https://data.cdc.gov/Vaccinations/COVID-19-Vaccination-Trends-in-the-United-States-N/rh2h-3yt2,362530880,198362172,172918213,0
United States,2021-08-13,"Johnson&Johnson, Moderna, Pfizer/BioNTech",https://data.cdc.gov/Vaccinations/COVID-19-Vaccination-Trends-in-the-United-States-N/rh2h-3yt2,363478719,198943031,173307488,13851
United States,2021-08-14,"Johnson&Johnson, Moderna, Pfizer/BioNTech",https://data.cdc.gov/Vaccinations/COVID-19-Vaccination-Trends-in-the-United-States-N/rh2h-3yt2,364103546,199305080,173549937,50008
United States,2021-08-15,"Johnson&Johnson, Moderna, Pfizer/BioNTech",https://data.cdc.gov/Vaccinations/COVID-19-Vaccination-Trends-in-the-United-States-N/rh2h-3yt2,364502868,199516679,173711500,83099
United States,2021-08-16,"Johnson&Johnson, Moderna, Pfizer/BioNTech",https://data.cdc.gov/Vaccinations/COVID-19-Vaccination-Trends-in-the-United-States-N/rh2h-3yt2,365372706,199980872,174065768,162846
United States,2021-08-17,"Johnson&Johnson, Moderna, Pfizer/BioNTech",https://data.cdc.gov/Vaccinations/COVID-19-Vaccination-Trends-in-the-United-States-N/rh2h-3yt2,366296199,200470900,174429532,261977
United States,2021-08-18,"Johnson&Johnson, Moderna, Pfizer/BioNTech",https://data.cdc.gov/Vaccinations/COVID-19-Vaccination-Trends-in-the-United-States-N/rh2h-3yt2,367249057,200957914,174808692,377820
United States,2021-08-19,"Johnson&Johnson, Moderna, Pfizer/BioNTech",https://data.cdc.gov/Vaccinations/COVID-19-Vaccination-Trends-in-the-United-States-N/rh2h-3yt2,368193806,201437987,175190012,491245
United States,2021-08-20,"Johnson&Johnson, Moderna, Pfizer/BioNTech",https://data.cdc.gov/Vaccinations/COVID-19-Vaccination-Trends-in-the-United-States-N/rh2h-3yt2,369300660,201975931,175668543,612434
United States,2021-08-21,"Johnson&Johnson, Moderna, Pfizer/BioNTech",https://data.cdc.gov/Vaccinations/COVID-19-Vaccination-Trends-in-the-United-States-N/rh2h-3yt2,369966214,202297335,175965901,673945
United States,2021-08-22,"Johnson&Johnson, Moderna, Pfizer/BioNTech",https://data.cdc.gov/Vaccinations/COVID-19-Vaccination-Trends-in-the-United-States-N/rh2h-3yt2,370356709,202482598,176145705,705558
United States,2021-08-23,"Johnson&Johnson, Moderna, Pfizer/BioNTech",https://data.cdc.gov/Vaccinations/COVID-19-Vaccination-Trends-in-the-United-States-N/rh2h-3yt2,371276539,202924368,176550847,801981
United States,2021-08-24,"Johnson&Johnson, Moderna, Pfizer/BioNTech",https://data.cdc.gov/Vaccinations/COVID-19-Vaccination-Trends-in-the-United-States-N/rh2h-3yt2,372226687,203386576,176965923,902011
United States,2021-08-25,"Johnson&Johnson, Moderna, Pfizer/BioNTech",https://data.cdc.gov/Vaccinations/COVID-19-Vaccination-Trends-in-the-United-States-N/rh2h-3yt2,373193433,203856622,177388503,1005053
United States,2021-08-26,"Johnson&Johnson, Moderna, Pfizer/BioNTech",https://data.cdc.gov/Vaccinations/COVID-19-Vaccination-Trends-in-the-United-States-N/rh2h-3yt2,374183971,204333879,177821316,1115465
United States,2021-08-27,"Johnson&Johnson, Moderna, Pfizer/BioNTech",https://data.cdc.gov/Vaccinations/COVID-19-Vaccination-Trends-in-the-United-States-N/rh2h-3yt2,375355137,204869365,178361236,1241363
United States,2021-08-28,"Johnson&Johnson, Moderna, Pfizer/BioNTech",https://data.cdc.gov/Vaccinations/COVID-19-Vaccination-Trends-in-the-United-States-N/rh2h-3yt2,376066738,205188685,178702075,1305380
United States,2021-08-29,"Johnson&Johnson, Moderna, Pfizer/BioNTech",https://data.cdc.gov/Vaccinations/COVID-19-Vaccination-Trends-in-the-United-States-N/rh2h-3yt2,376496530,205382296,178907613,1341078
United States,2021-08-30,"Johnson&Johnson, Moderna, Pfizer/BioNTech",https://data.cdc.gov/Vaccinations/COVID-19-Vaccination-Trends-in-the-United-States-N/rh2h-3yt2,377421773,205799746,179338969,1440868
United States,2021-08-31,"Johnson&Johnson, Moderna, Pfizer/BioNTech",https://data.cdc.gov/Vaccinations/COVID-19-Vaccination-Trends-in-the-United-States-N/rh2h-3yt2,378348538,206219287,179759746,1550284
United States,2021-09-01,"Johnson&Johnson, Moderna, Pfizer/BioNTech",https://data.cdc.gov/Vaccinations/COVID-19-Vaccination-Trends-in-the-United-States-N/rh2h-3yt2,379284890,206647284,180168329,1673733
United States,2021-09-02,"Johnson&Johnson, Moderna, Pfizer/BioNTech",https://data.cdc.gov/Vaccinations/COVID-19-Vaccination-Trends-in-the-United-States-N/rh2h-3yt2,380180580,207052416,180569307,1788060
United States,2021-09-03,"Johnson&Johnson, Moderna, Pfizer/BioNTech",https://data.cdc.gov/Vaccinations/COVID-19-Vaccination-Trends-in-the-United-States-N/rh2h-3yt2,381221594,207507929,181059344,1907370
United States,2021-09-04,"Johnson&Johnson, Moderna, Pfizer/BioNTech",https://data.cdc.gov/Vaccinations/COVID-19-Vaccination-Trends-in-the-United-States-N/rh2h-3yt2,381781689,207754530,181336759,1952013
United States,2021-09-05,"Johnson&Johnson, Moderna, Pfizer/BioNTech",https://data.cdc.gov/Vaccinations/COVID-19-Vaccination-Trends-in-the-United-States-N/rh2h-3yt2,382147684,207922869,181510079,1979709
United States,2021-09-06,"Johnson&Johnson, Moderna, Pfizer/BioNTech",https://data.cdc.gov/Vaccinations/COVID-19-Vaccination-Trends-in-the-United-States-N/rh2h-3yt2,382324952,208005608,181596888,1991633
United States,2021-09-07,"Johnson&Johnson, Moderna, Pfizer/BioNTech",https://data.cdc.gov/Vaccinations/COVID-19-Vaccination-Trends-in-the-United-States-N/rh2h-3yt2,383232769,208361367,182075629,2084161
United States,2021-09-08,"Johnson&Johnson, Moderna, Pfizer/BioNTech",https://data.cdc.gov/Vaccinations/COVID-19-Vaccination-Trends-in-the-United-States-N/rh2h-3yt2,384076417,208728466,182476727,2180319
United States,2021-09-09,"Johnson&Johnson, Moderna, Pfizer/BioNTech",https://data.cdc.gov/Vaccinations/COVID-19-Vaccination-Trends-in-the-United-States-N/rh2h-3yt2,384922137,209101791,182873355,2278007
United States,2021-09-10,"Johnson&Johnson, Moderna, Pfizer/BioNTech",https://data.cdc.gov/Vaccinations/COVID-19-Vaccination-Trends-in-the-United-States-N/rh2h-3yt2,385954610,209552438,183372594,2385071
United States,2021-09-11,"Johnson&Johnson, Moderna, Pfizer/BioNTech",https://data.cdc.gov/Vaccinations/COVID-19-Vaccination-Trends-in-the-United-States-N/rh2h-3yt2,386550816,209811290,183672343,2433927
United States,2021-09-12,"Johnson&Johnson, Moderna, Pfizer/BioNTech",https://data.cdc.gov/Vaccinations/COVID-19-Vaccination-Trends-in-the-United-States-N/rh2h-3yt2,386900378,209968604,183845634,2457032
United States,2021-09-13,"Johnson&Johnson, Moderna, Pfizer/BioNTech",https://data.cdc.gov/Vaccinations/COVID-19-Vaccination-Trends-in-the-United-States-N/rh2h-3yt2,387680512,210307545,184228539,2533134
United States,2021-09-14,"Johnson&Johnson, Moderna, Pfizer/BioNTech",https://data.cdc.gov/Vaccinations/COVID-19-Vaccination-Trends-in-the-United-States-N/rh2h-3yt2,388428967,210624591,184605904,2607772
United States,2021-09-15,"Johnson&Johnson, Moderna, Pfizer/BioNTech",https://data.cdc.gov/Vaccinations/COVID-19-Vaccination-Trends-in-the-United-States-N/rh2h-3yt2,389189505,210938217,184994732,2686269
United States,2021-09-16,"Johnson&Johnson, Moderna, Pfizer/BioNTech",https://data.cdc.gov/Vaccinations/COVID-19-Vaccination-Trends-in-the-United-States-N/rh2h-3yt2,389948148,211249968,185386448,2763715
United States,2021-09-17,"Johnson&Johnson, Moderna, Pfizer/BioNTech",https://data.cdc.gov/Vaccinations/COVID-19-Vaccination-Trends-in-the-United-States-N/rh2h-3yt2,390848622,211602068,185867613,2853937
United States,2021-09-18,"Johnson&Johnson, Moderna, Pfizer/BioNTech",https://data.cdc.gov/Vaccinations/COVID-19-Vaccination-Trends-in-the-United-States-N/rh2h-3yt2,391369259,211808021,186142985,2902580
United States,2021-09-19,"Johnson&Johnson, Moderna, Pfizer/BioNTech",https://data.cdc.gov/Vaccinations/COVID-19-Vaccination-Trends-in-the-United-States-N/rh2h-3yt2,391673243,211927513,186307620,2925930
United States,2021-09-20,"Johnson&Johnson, Moderna, Pfizer/BioNTech",https://data.cdc.gov/Vaccinations/COVID-19-Vaccination-Trends-in-the-United-States-N/rh2h-3yt2,392359844,212194262,186658565,3012129
United States,2021-09-21,"Johnson&Johnson, Moderna, Pfizer/BioNTech",https://data.cdc.gov/Vaccinations/COVID-19-Vaccination-Trends-in-the-United-States-N/rh2h-3yt2,393033136,212455901,187001103,3101292
United States,2021-09-22,"Johnson&Johnson, Moderna, Pfizer/BioNTech",https://data.cdc.gov/Vaccinations/COVID-19-Vaccination-Trends-in-the-United-States-N/rh2h-3yt2,393695695,212710062,187337233,3187164
United States,2021-09-23,"Johnson&Johnson, Moderna, Pfizer/BioNTech",https://data.cdc.gov/Vaccinations/COVID-19-Vaccination-Trends-in-the-United-States-N/rh2h-3yt2,394368017,212965747,187666245,3289824
United States,2021-09-24,"Johnson&Johnson, Moderna, Pfizer/BioNTech",https://data.cdc.gov/Vaccinations/COVID-19-Vaccination-Trends-in-the-United-States-N/rh2h-3yt2,395347711,213287590,188080314,3548814
United States,2021-09-25,"Johnson&Johnson, Moderna, Pfizer/BioNTech",https://data.cdc.gov/Vaccinations/COVID-19-Vaccination-Trends-in-the-United-States-N/rh2h-3yt2,396016353,213490991,188309581,3790552
United States,2021-09-26,"Johnson&Johnson, Moderna, Pfizer/BioNTech",https://data.cdc.gov/Vaccinations/COVID-19-Vaccination-Trends-in-the-United-States-N/rh2h-3yt2,396423395,213611292,188455422,3933891
United States,2021-09-27,"Johnson&Johnson, Moderna, Pfizer/BioNTech",https://data.cdc.gov/Vaccinations/COVID-19-Vaccination-Trends-in-the-United-States-N/rh2h-3yt2,397445460,213911100,188678911,4443404
United States,2021-09-28,"Johnson&Johnson, Moderna, Pfizer/BioNTech",https://data.cdc.gov/Vaccinations/COVID-19-Vaccination-Trends-in-the-United-States-N/rh2h-3yt2,398569191,214202799,188983117,4982533
United States,2021-09-29,"Johnson&Johnson, Moderna, Pfizer/BioNTech",https://data.cdc.gov/Vaccinations/COVID-19-Vaccination-Trends-in-the-United-States-N/rh2h-3yt2,399699635,214492555,189295127,5523821
United States,2021-09-30,"Johnson&Johnson, Moderna, Pfizer/BioNTech",https://data.cdc.gov/Vaccinations/COVID-19-Vaccination-Trends-in-the-United-States-N/rh2h-3yt2,400851754,214783098,189615820,6078918
United States,2021-10-01,"Johnson&Johnson, Moderna, Pfizer/BioNTech",https://data.cdc.gov/Vaccinations/COVID-19-Vaccination-Trends-in-the-United-States-N/rh2h-3yt2,402153158,215099625,189995136,6695643
United States,2021-10-02,"Johnson&Johnson, Moderna, Pfizer/BioNTech",https://data.cdc.gov/Vaccinations/COVID-19-Vaccination-Trends-in-the-United-States-N/rh2h-3yt2,402779111,215273843,190202494,6946213
United States,2021-10-03,"Johnson&Johnson, Moderna, Pfizer/BioNTech",https://data.cdc.gov/Vaccinations/COVID-19-Vaccination-Trends-in-the-United-States-N/rh2h-3yt2,403143254,215380446,190332978,7075556
United States,2021-10-04,"Johnson&Johnson, Moderna, Pfizer/BioNTech",https://data.cdc.gov/Vaccinations/COVID-19-Vaccination-Trends-in-the-United-States-N/rh2h-3yt2,404118269,215628470,190589928,7556384
United States,2021-10-05,"Johnson&Johnson, Moderna, Pfizer/BioNTech",https://data.cdc.gov/Vaccinations/COVID-19-Vaccination-Trends-in-the-United-States-N/rh2h-3yt2,405125549,215873625,190846933,8073087
United States,2021-10-06,"Johnson&Johnson, Moderna, Pfizer/BioNTech",https://data.cdc.gov/Vaccinations/COVID-19-Vaccination-Trends-in-the-United-States-N/rh2h-3yt2,406147675,216122628,191105970,8598917
United States,2021-10-07,"Johnson&Johnson, Moderna, Pfizer/BioNTech",https://data.cdc.gov/Vaccinations/COVID-19-Vaccination-Trends-in-the-United-States-N/rh2h-3yt2,407154441,216373884,191362002,9111346
United States,2021-10-08,"Johnson&Johnson, Moderna, Pfizer/BioNTech",https://data.cdc.gov/Vaccinations/COVID-19-Vaccination-Trends-in-the-United-States-N/rh2h-3yt2,408288538,216657616,191672401,9664879
United States,2021-10-09,"Johnson&Johnson, Moderna, Pfizer/BioNTech",https://data.cdc.gov/Vaccinations/COVID-19-Vaccination-Trends-in-the-United-States-N/rh2h-3yt2,408821349,216805437,191840675,9887549
United States,2021-10-10,"Johnson&Johnson, Moderna, Pfizer/BioNTech",https://data.cdc.gov/Vaccinations/COVID-19-Vaccination-Trends-in-the-United-States-N/rh2h-3yt2,409133750,216898768,191945556,10003567
United States,2021-10-11,"Johnson&Johnson, Moderna, Pfizer/BioNTech",https://data.cdc.gov/Vaccinations/COVID-19-Vaccination-Trends-in-the-United-States-N/rh2h-3yt2,409982654,217124900,192166701,10415291
United States,2021-10-12,"Johnson&Johnson, Moderna, Pfizer/BioNTech",https://data.cdc.gov/Vaccinations/COVID-19-Vaccination-Trends-in-the-United-States-N/rh2h-3yt2,410901295,217354329,192400858,10882420
United States,2021-10-13,"Johnson&Johnson, Moderna, Pfizer/BioNTech",https://data.cdc.gov/Vaccinations/COVID-19-Vaccination-Trends-in-the-United-States-N/rh2h-3yt2,411798444,217582164,192629683,11336224
United States,2021-10-14,"Johnson&Johnson, Moderna, Pfizer/BioNTech",https://data.cdc.gov/Vaccinations/COVID-19-Vaccination-Trends-in-the-United-States-N/rh2h-3yt2,412702129,217808682,192859131,11798007
United States,2021-10-15,"Johnson&Johnson, Moderna, Pfizer/BioNTech",https://data.cdc.gov/Vaccinations/COVID-19-Vaccination-Trends-in-the-United-States-N/rh2h-3yt2,413745144,218070893,193136906,12315620
United States,2021-10-16,"Johnson&Johnson, Moderna, Pfizer/BioNTech",https://data.cdc.gov/Vaccinations/COVID-19-Vaccination-Trends-in-the-United-States-N/rh2h-3yt2,414233922,218212041,193281835,12524974
United States,2021-10-17,"Johnson&Johnson, Moderna, Pfizer/BioNTech",https://data.cdc.gov/Vaccinations/COVID-19-Vaccination-Trends-in-the-United-States-N/rh2h-3yt2,414501983,218296077,193366159,12626781
United States,2021-10-18,"Johnson&Johnson, Moderna, Pfizer/BioNTech",https://data.cdc.gov/Vaccinations/COVID-19-Vaccination-Trends-in-the-United-States-N/rh2h-3yt2,415326964,218519854,193577483,13028253
United States,2021-10-19,"Johnson&Johnson, Moderna, Pfizer/BioNTech",https://data.cdc.gov/Vaccinations/COVID-19-Vaccination-Trends-in-the-United-States-N/rh2h-3yt2,416142369,218722455,193770252,13459865
United States,2021-10-20,"Johnson&Johnson, Moderna, Pfizer/BioNTech",https://data.cdc.gov/Vaccinations/COVID-19-Vaccination-Trends-in-the-United-States-N/rh2h-3yt2,416971193,218926376,193964784,13902237
United States,2021-10-21,"Johnson&Johnson, Moderna, Pfizer/BioNTech",https://data.cdc.gov/Vaccinations/COVID-19-Vaccination-Trends-in-the-United-States-N/rh2h-3yt2,417821407,219133685,194161936,14359916
United States,2021-10-22,"Johnson&Johnson, Moderna, Pfizer/BioNTech",https://data.cdc.gov/Vaccinations/COVID-19-Vaccination-Trends-in-the-United-States-N/rh2h-3yt2,419188115,219426820,194407892,15199322
United States,2021-10-23,"Johnson&Johnson, Moderna, Pfizer/BioNTech",https://data.cdc.gov/Vaccinations/COVID-19-Vaccination-Trends-in-the-United-States-N/rh2h-3yt2,420011169,219603540,194541606,15716744
United States,2021-10-24,"Johnson&Johnson, Moderna, Pfizer/BioNTech",https://data.cdc.gov/Vaccinations/COVID-19-Vaccination-Trends-in-the-United-States-N/rh2h-3yt2,420480855,219712000,194622012,15999213
United States,2021-10-25,"Johnson&Johnson, Moderna, Pfizer/BioNTech",https://data.cdc.gov/Vaccinations/COVID-19-Vaccination-Trends-in-the-United-States-N/rh2h-3yt2,421994735,220015345,194826429,17013268
United States,2021-10-26,"Johnson&Johnson, Moderna, Pfizer/BioNTech",https://data.cdc.gov/Vaccinations/COVID-19-Vaccination-Trends-in-the-United-States-N/rh2h-3yt2,423541921,220314145,195027556,18071450
United States,2021-10-27,"Johnson&Johnson, Moderna, Pfizer/BioNTech",https://data.cdc.gov/Vaccinations/COVID-19-Vaccination-Trends-in-the-United-States-N/rh2h-3yt2,425151197,220622360,195234799,19176260
United States,2021-10-28,"Johnson&Johnson, Moderna, Pfizer/BioNTech",https://data.cdc.gov/Vaccinations/COVID-19-Vaccination-Trends-in-the-United-States-N/rh2h-3yt2,426746462,220920968,195443630,20276416
United States,2021-10-29,"Johnson&Johnson, Moderna, Pfizer/BioNTech",https://data.cdc.gov/Vaccinations/COVID-19-Vaccination-Trends-in-the-United-States-N/rh2h-3yt2,428518159,221248881,195681658,21494752
United States,2021-10-30,"Johnson&Johnson, Moderna, Pfizer/BioNTech",https://data.cdc.gov/Vaccinations/COVID-19-Vaccination-Trends-in-the-United-States-N/rh2h-3yt2,429332290,221416788,195800855,22028978
United States,2021-10-31,"Johnson&Johnson, Moderna, Pfizer/BioNTech",https://data.cdc.gov/Vaccinations/COVID-19-Vaccination-Trends-in-the-United-States-N/rh2h-3yt2,429767197,221517766,195871388,22295129
United States,2021-11-01,"Johnson&Johnson, Moderna, Pfizer/BioNTech",https://data.cdc.gov/Vaccinations/COVID-19-Vaccination-Trends-in-the-United-States-N/rh2h-3yt2,431217570,221803043,196066641,23272507
United States,2021-11-02,"Johnson&Johnson, Moderna, Pfizer/BioNTech",https://data.cdc.gov/Vaccinations/COVID-19-Vaccination-Trends-in-the-United-States-N/rh2h-3yt2,432708226,222088301,196255115,24302852
United States,2021-11-03,"Johnson&Johnson, Moderna, Pfizer/BioNTech",https://data.cdc.gov/Vaccinations/COVID-19-Vaccination-Trends-in-the-United-States-N/rh2h-3yt2,434260115,222401379,196447255,25363157
United States,2021-11-04,"Johnson&Johnson, Moderna, Pfizer/BioNTech",https://data.cdc.gov/Vaccinations/COVID-19-Vaccination-Trends-in-the-United-States-N/rh2h-3yt2,435885565,222753778,196642319,26455527
United States,2021-11-05,"Johnson&Johnson, Moderna, Pfizer/BioNTech",https://data.cdc.gov/Vaccinations/COVID-19-Vaccination-Trends-in-the-United-States-N/rh2h-3yt2,437784949,223209509,196872006,27684774
United States,2021-11-06,"Johnson&Johnson, Moderna, Pfizer/BioNTech",https://data.cdc.gov/Vaccinations/COVID-19-Vaccination-Trends-in-the-United-States-N/rh2h-3yt2,438813655,223599838,196989667,28212976
United States,2021-11-07,"Johnson&Johnson, Moderna, Pfizer/BioNTech",https://data.cdc.gov/Vaccinations/COVID-19-Vaccination-Trends-in-the-United-States-N/rh2h-3yt2,439365533,223827969,197060188,28471179
United States,2021-11-08,"Johnson&Johnson, Moderna, Pfizer/BioNTech",https://data.cdc.gov/Vaccinations/COVID-19-Vaccination-Trends-in-the-United-States-N/rh2h-3yt2,440819017,224300194,197233244,29291514
United States,2021-11-09,"Johnson&Johnson, Moderna, Pfizer/BioNTech",https://data.cdc.gov/Vaccinations/COVID-19-Vaccination-Trends-in-the-United-States-N/rh2h-3yt2,442445257,224823945,197399509,30237224
United States,2021-11-10,"Johnson&Johnson, Moderna, Pfizer/BioNTech",https://data.cdc.gov/Vaccinations/COVID-19-Vaccination-Trends-in-the-United-States-N/rh2h-3yt2,444201847,225398483,197569954,31257739
United States,2021-11-11,"Johnson&Johnson, Moderna, Pfizer/BioNTech",https://data.cdc.gov/Vaccinations/COVID-19-Vaccination-Trends-in-the-United-States-N/rh2h-3yt2,445794078,225948800,197723594,32154034
United States,2021-11-12,"Johnson&Johnson, Moderna, Pfizer/BioNTech",https://data.cdc.gov/Vaccinations/COVID-19-Vaccination-Trends-in-the-United-States-N/rh2h-3yt2,447773250,226589293,197923037,33304162
United States,2021-11-13,"Johnson&Johnson, Moderna, Pfizer/BioNTech",https://data.cdc.gov/Vaccinations/COVID-19-Vaccination-Trends-in-the-United-States-N/rh2h-3yt2,448943061,227124786,198025999,33839482
United States,2021-11-14,"Johnson&Johnson, Moderna, Pfizer/BioNTech",https://data.cdc.gov/Vaccinations/COVID-19-Vaccination-Trends-in-the-United-States-N/rh2h-3yt2,449519334,227365125,198086646,34117783
United States,2021-11-15,"Johnson&Johnson, Moderna, Pfizer/BioNTech",https://data.cdc.gov/Vaccinations/COVID-19-Vaccination-Trends-in-the-United-States-N/rh2h-3yt2,451060110,227826872,198253825,35038722
United States,2021-11-16,"Johnson&Johnson, Moderna, Pfizer/BioNTech",https://data.cdc.gov/Vaccinations/COVID-19-Vaccination-Trends-in-the-United-States-N/rh2h-3yt2,452731084,228316418,198421096,36063429
United States,2021-11-17,"Johnson&Johnson, Moderna, Pfizer/BioNTech",https://data.cdc.gov/Vaccinations/COVID-19-Vaccination-Trends-in-the-United-States-N/rh2h-3yt2,454479174,228824130,198593636,37141205
United States,2021-11-18,"Johnson&Johnson, Moderna, Pfizer/BioNTech",https://data.cdc.gov/Vaccinations/COVID-19-Vaccination-Trends-in-the-United-States-N/rh2h-3yt2,456255126,229332276,198765197,38247888
United States,2021-11-19,"Johnson&Johnson, Moderna, Pfizer/BioNTech",https://data.cdc.gov/Vaccinations/COVID-19-Vaccination-Trends-in-the-United-States-N/rh2h-3yt2,458315533,229916681,198960561,39539279
United States,2021-11-20,"Johnson&Johnson, Moderna, Pfizer/BioNTech",https://data.cdc.gov/Vaccinations/COVID-19-Vaccination-Trends-in-the-United-States-N/rh2h-3yt2,459542148,230377173,199061529,40209806
United States,2021-11-21,"Johnson&Johnson, Moderna, Pfizer/BioNTech",https://data.cdc.gov/Vaccinations/COVID-19-Vaccination-Trends-in-the-United-States-N/rh2h-3yt2,460181559,230583553,199121652,40585074
United States,2021-11-22,"Johnson&Johnson, Moderna, Pfizer/BioNTech",https://data.cdc.gov/Vaccinations/COVID-19-Vaccination-Trends-in-the-United-States-N/rh2h-3yt2,461980653,231073741,199293106,41730971
United States,2021-11-23,"Johnson&Johnson, Moderna, Pfizer/BioNTech",https://data.cdc.gov/Vaccinations/COVID-19-Vaccination-Trends-in-the-United-States-N/rh2h-3yt2,463758638,231565485,199458941,42860494
United States,2021-11-24,"Johnson&Johnson, Moderna, Pfizer/BioNTech",https://data.cdc.gov/Vaccinations/COVID-19-Vaccination-Trends-in-the-United-States-N/rh2h-3yt2,465133735,231968878,199613480,43687051
United States,2021-11-25,"Johnson&Johnson, Moderna, Pfizer/BioNTech",https://data.cdc.gov/Vaccinations/COVID-19-Vaccination-Trends-in-the-United-States-N/rh2h-3yt2,465161136,231977732,199618576,43700465
United States,2021-11-26,"Johnson&Johnson, Moderna, Pfizer/BioNTech",https://data.cdc.gov/Vaccinations/COVID-19-Vaccination-Trends-in-the-United-States-N/rh2h-3yt2,466360788,232289876,199795087,44416487
United States,2021-11-27,"Johnson&Johnson, Moderna, Pfizer/BioNTech",https://data.cdc.gov/Vaccinations/COVID-19-Vaccination-Trends-in-the-United-States-N/rh2h-3yt2,467249864,232510824,199994055,44889377
United States,2021-11-28,"Johnson&Johnson, Moderna, Pfizer/BioNTech",https://data.cdc.gov/Vaccinations/COVID-19-Vaccination-Trends-in-the-United-States-N/rh2h-3yt2,467837341,232653665,200141531,45188618
United States,2021-11-29,"Johnson&Johnson, Moderna, Pfizer/BioNTech",https://data.cdc.gov/Vaccinations/COVID-19-Vaccination-Trends-in-the-United-States-N/rh2h-3yt2,469487371,233009494,200502047,46131902
United States,2021-11-30,"Johnson&Johnson, Moderna, Pfizer/BioNTech",https://data.cdc.gov/Vaccinations/COVID-19-Vaccination-Trends-in-the-United-States-N/rh2h-3yt2,471396669,233416275,200893115,47254152
United States,2021-12-01,"Johnson&Johnson, Moderna, Pfizer/BioNTech",https://data.cdc.gov/Vaccinations/COVID-19-Vaccination-Trends-in-the-United-States-N/rh2h-3yt2,473531251,233876436,201301694,48527220
United States,2021-12-02,"Johnson&Johnson, Moderna, Pfizer/BioNTech",https://data.cdc.gov/Vaccinations/COVID-19-Vaccination-Trends-in-the-United-States-N/rh2h-3yt2,475676277,234325132,201695623,49839451
United States,2021-12-03,"Johnson&Johnson, Moderna, Pfizer/BioNTech",https://data.cdc.gov/Vaccinations/COVID-19-Vaccination-Trends-in-the-United-States-N/rh2h-3yt2,478095219,234812975,202186594,51289382
United States,2021-12-04,"Johnson&Johnson, Moderna, Pfizer/BioNTech",https://data.cdc.gov/Vaccinations/COVID-19-Vaccination-Trends-in-the-United-States-N/rh2h-3yt2,479566281,235115026,202637892,52011143
United States,2021-12-05,"Johnson&Johnson, Moderna, Pfizer/BioNTech",https://data.cdc.gov/Vaccinations/COVID-19-Vaccination-Trends-in-the-United-States-N/rh2h-3yt2,480291639,235281169,202827153,52383653
United States,2021-12-06,"Johnson&Johnson, Moderna, Pfizer/BioNTech",https://data.cdc.gov/Vaccinations/COVID-19-Vaccination-Trends-in-the-United-States-N/rh2h-3yt2,482108444,235672158,203152469,53489916
United States,2021-12-07,"Johnson&Johnson, Moderna, Pfizer/BioNTech",https://data.cdc.gov/Vaccinations/COVID-19-Vaccination-Trends-in-the-United-States-N/rh2h-3yt2,484002207,236075492,203493377,54645662
United States,2021-12-08,"Johnson&Johnson, Moderna, Pfizer/BioNTech",https://data.cdc.gov/Vaccinations/COVID-19-Vaccination-Trends-in-the-United-States-N/rh2h-3yt2,485910190,236483389,203845281,55801076
United States,2021-12-09,"Johnson&Johnson, Moderna, Pfizer/BioNTech",https://data.cdc.gov/Vaccinations/COVID-19-Vaccination-Trends-in-the-United-States-N/rh2h-3yt2,487814128,236888546,204184200,56968096
United States,2021-12-10,"Johnson&Johnson, Moderna, Pfizer/BioNTech",https://data.cdc.gov/Vaccinations/COVID-19-Vaccination-Trends-in-the-United-States-N/rh2h-3yt2,489900211,237312877,204579726,58240717
United States,2021-12-11,"Johnson&Johnson, Moderna, Pfizer/BioNTech",https://data.cdc.gov/Vaccinations/COVID-19-Vaccination-Trends-in-the-United-States-N/rh2h-3yt2,491148561,237580209,204915951,58889116
United States,2021-12-12,"Johnson&Johnson, Moderna, Pfizer/BioNTech",https://data.cdc.gov/Vaccinations/COVID-19-Vaccination-Trends-in-the-United-States-N/rh2h-3yt2,491775465,237732504,205045455,59237020
United States,2021-12-13,"Johnson&Johnson, Moderna, Pfizer/BioNTech",https://data.cdc.gov/Vaccinations/COVID-19-Vaccination-Trends-in-the-United-States-N/rh2h-3yt2,493379071,238080941,205323971,60220229
United States,2021-12-14,"Johnson&Johnson, Moderna, Pfizer/BioNTech",https://data.cdc.gov/Vaccinations/COVID-19-Vaccination-Trends-in-the-United-States-N/rh2h-3yt2,495078742,238448662,205610099,61274002
United States,2021-12-15,"Johnson&Johnson, Moderna, Pfizer/BioNTech",https://data.cdc.gov/Vaccinations/COVID-19-Vaccination-Trends-in-the-United-States-N/rh2h-3yt2,496779361,238827991,205870535,62342008
United States,2021-12-16,"Johnson&Johnson, Moderna, Pfizer/BioNTech",https://data.cdc.gov/Vaccinations/COVID-19-Vaccination-Trends-in-the-United-States-N/rh2h-3yt2,498452048,239218668,206040430,63461388
United States,2021-12-17,"Johnson&Johnson, Moderna, Pfizer/BioNTech",https://data.cdc.gov/Vaccinations/COVID-19-Vaccination-Trends-in-the-United-States-N/rh2h-3yt2,500366394,239652214,206292402,64693141
United States,2021-12-18,"Johnson&Johnson, Moderna, Pfizer/BioNTech",https://data.cdc.gov/Vaccinations/COVID-19-Vaccination-Trends-in-the-United-States-N/rh2h-3yt2,501480424,239941097,206455271,65356722
United States,2021-12-19,"Johnson&Johnson, Moderna, Pfizer/BioNTech",https://data.cdc.gov/Vaccinations/COVID-19-Vaccination-Trends-in-the-United-States-N/rh2h-3yt2,502117113,240110985,206537074,65742310
United States,2021-12-20,"Johnson&Johnson, Moderna, Pfizer/BioNTech",https://data.cdc.gov/Vaccinations/COVID-19-Vaccination-Trends-in-the-United-States-N/rh2h-3yt2,503941372,240553978,206763439,66899147
United States,2021-12-21,"Johnson&Johnson, Moderna, Pfizer/BioNTech",https://data.cdc.gov/Vaccinations/COVID-19-Vaccination-Trends-in-the-United-States-N/rh2h-3yt2,505893066,241021843,207005722,68141813
United States,2021-12-22,"Johnson&Johnson, Moderna, Pfizer/BioNTech",https://data.cdc.gov/Vaccinations/COVID-19-Vaccination-Trends-in-the-United-States-N/rh2h-3yt2,507736971,241469524,207244131,69302190
United States,2021-12-23,"Johnson&Johnson, Moderna, Pfizer/BioNTech",https://data.cdc.gov/Vaccinations/COVID-19-Vaccination-Trends-in-the-United-States-N/rh2h-3yt2,509182811,241838365,207421797,70203740
United States,2021-12-24,"Johnson&Johnson, Moderna, Pfizer/BioNTech",https://data.cdc.gov/Vaccinations/COVID-19-Vaccination-Trends-in-the-United-States-N/rh2h-3yt2,509560003,241942174,207478322,70422212
United States,2021-12-25,"Johnson&Johnson, Moderna, Pfizer/BioNTech",https://data.cdc.gov/Vaccinations/COVID-19-Vaccination-Trends-in-the-United-States-N/rh2h-3yt2,509566309,241944240,207479235,70425489
United States,2021-12-26,"Johnson&Johnson, Moderna, Pfizer/BioNTech",https://data.cdc.gov/Vaccinations/COVID-19-Vaccination-Trends-in-the-United-States-N/rh2h-3yt2,510042569,242076772,207562412,70686627
United States,2021-12-27,"Johnson&Johnson, Moderna, Pfizer/BioNTech",https://data.cdc.gov/Vaccinations/COVID-19-Vaccination-Trends-in-the-United-States-N/rh2h-3yt2,511555120,242472439,207791844,71576708
United States,2021-12-28,"Johnson&Johnson, Moderna, Pfizer/BioNTech",https://data.cdc.gov/Vaccinations/COVID-19-Vaccination-Trends-in-the-United-States-N/rh2h-3yt2,513226245,242907597,208032427,72574798
United States,2021-12-29,"Johnson&Johnson, Moderna, Pfizer/BioNTech",https://data.cdc.gov/Vaccinations/COVID-19-Vaccination-Trends-in-the-United-States-N/rh2h-3yt2,514880358,243343850,208268593,73559180
United States,2021-12-30,"Johnson&Johnson, Moderna, Pfizer/BioNTech",https://data.cdc.gov/Vaccinations/COVID-19-Vaccination-Trends-in-the-United-States-N/rh2h-3yt2,516391153,243747065,208482388,74455997
United States,2021-12-31,"Johnson&Johnson, Moderna, Pfizer/BioNTech",https://data.cdc.gov/Vaccinations/COVID-19-Vaccination-Trends-in-the-United-States-N/rh2h-3yt2,516992693,243908954,208575321,74803992
United States,2022-01-01,"Johnson&Johnson, Moderna, Pfizer/BioNTech",https://data.cdc.gov/Vaccinations/COVID-19-Vaccination-Trends-in-the-United-States-N/rh2h-3yt2,517093745,243941991,208591278,74855407
United States,2022-01-02,"Johnson&Johnson, Moderna, Pfizer/BioNTech",https://data.cdc.gov/Vaccinations/COVID-19-Vaccination-Trends-in-the-United-States-N/rh2h-3yt2,517586553,244079450,208681471,75121517
United States,2022-01-03,"Johnson&Johnson, Moderna, Pfizer/BioNTech",https://data.cdc.gov/Vaccinations/COVID-19-Vaccination-Trends-in-the-United-States-N/rh2h-3yt2,518810757,244422597,208877403,75810558
United States,2022-01-04,"Johnson&Johnson, Moderna, Pfizer/BioNTech",https://data.cdc.gov/Vaccinations/COVID-19-Vaccination-Trends-in-the-United-States-N/rh2h-3yt2,520205041,244797069,209091032,76620957
United States,2022-01-05,"Johnson&Johnson, Moderna, Pfizer/BioNTech",https://data.cdc.gov/Vaccinations/COVID-19-Vaccination-Trends-in-the-United-States-N/rh2h-3yt2,521627371,245178198,209302632,77455162
United States,2022-01-06,"Johnson&Johnson, Moderna, Pfizer/BioNTech",https://data.cdc.gov/Vaccinations/COVID-19-Vaccination-Trends-in-the-United-States-N/rh2h-3yt2,523062122,245550053,209514083,78310745
United States,2022-01-07,"Johnson&Johnson, Moderna, Pfizer/BioNTech",https://data.cdc.gov/Vaccinations/COVID-19-Vaccination-Trends-in-the-United-States-N/rh2h-3yt2,524674183,245950943,209757954,79281827
United States,2022-01-08,"Johnson&Johnson, Moderna, Pfizer/BioNTech",https://data.cdc.gov/Vaccinations/COVID-19-Vaccination-Trends-in-the-United-States-N/rh2h-3yt2,525705776,246226543,209931558,79865990
United States,2022-01-09,"Johnson&Johnson, Moderna, Pfizer/BioNTech",https://data.cdc.gov/Vaccinations/COVID-19-Vaccination-Trends-in-the-United-States-N/rh2h-3yt2,526196069,246369154,210005989,80140451
United States,2022-01-10,"Johnson&Johnson, Moderna, Pfizer/BioNTech",https://data.cdc.gov/Vaccinations/COVID-19-Vaccination-Trends-in-the-United-States-N/rh2h-3yt2,527433151,246701286,210195252,80860042
United States,2022-01-11,"Johnson&Johnson, Moderna, Pfizer/BioNTech",https://data.cdc.gov/Vaccinations/COVID-19-Vaccination-Trends-in-the-United-States-N/rh2h-3yt2,528718448,247042266,210395860,81607219
United States,2022-01-12,"Johnson&Johnson, Moderna, Pfizer/BioNTech",https://data.cdc.gov/Vaccinations/COVID-19-Vaccination-Trends-in-the-United-States-N/rh2h-3yt2,530003709,247383997,210594890,82355474
United States,2022-01-13,"Johnson&Johnson, Moderna, Pfizer/BioNTech",https://data.cdc.gov/Vaccinations/COVID-19-Vaccination-Trends-in-the-United-States-N/rh2h-3yt2,531268569,247722472,210782575,83097035
United States,2022-01-14,"Johnson&Johnson, Moderna, Pfizer/BioNTech",https://data.cdc.gov/Vaccinations/COVID-19-Vaccination-Trends-in-the-United-States-N/rh2h-3yt2,532711933,248103017,210956577,83986690
United States,2022-01-15,"Johnson&Johnson, Moderna, Pfizer/BioNTech",https://data.cdc.gov/Vaccinations/COVID-19-Vaccination-Trends-in-the-United-States-N/rh2h-3yt2,533489299,248329985,211043532,84449862
United States,2022-01-16,"Johnson&Johnson, Moderna, Pfizer/BioNTech",https://data.cdc.gov/Vaccinations/COVID-19-Vaccination-Trends-in-the-United-States-N/rh2h-3yt2,533874714,248436603,211101115,84671333
United States,2022-01-17,"Johnson&Johnson, Moderna, Pfizer/BioNTech",https://data.cdc.gov/Vaccinations/COVID-19-Vaccination-Trends-in-the-United-States-N/rh2h-3yt2,534689699,248653927,211241153,85128757
United States,2022-01-18,"Johnson&Johnson, Moderna, Pfizer/BioNTech",https://data.cdc.gov/Vaccinations/COVID-19-Vaccination-Trends-in-the-United-States-N/rh2h-3yt2,535669498,248909628,211428232,85665434
United States,2022-01-19,"Johnson&Johnson, Moderna, Pfizer/BioNTech",https://data.cdc.gov/Vaccinations/COVID-19-Vaccination-Trends-in-the-United-States-N/rh2h-3yt2,536627478,249163460,211613144,86184151
United States,2022-01-20,"Johnson&Johnson, Moderna, Pfizer/BioNTech",https://data.cdc.gov/Vaccinations/COVID-19-Vaccination-Trends-in-the-United-States-N/rh2h-3yt2,537542190,249406700,211787614,86680247
United States,2022-01-21,"Johnson&Johnson, Moderna, Pfizer/BioNTech",https://data.cdc.gov/Vaccinations/COVID-19-Vaccination-Trends-in-the-United-States-N/rh2h-3yt2,538595737,249686948,211946877,87292906
United States,2022-01-22,"Johnson&Johnson, Moderna, Pfizer/BioNTech",https://data.cdc.gov/Vaccinations/COVID-19-Vaccination-Trends-in-the-United-States-N/rh2h-3yt2,539203155,249860894,212028825,87643266
United States,2022-01-23,"Johnson&Johnson, Moderna, Pfizer/BioNTech",https://data.cdc.gov/Vaccinations/COVID-19-Vaccination-Trends-in-the-United-States-N/rh2h-3yt2,539529217,249953372,212092370,87813230
United States,2022-01-24,"Johnson&Johnson, Moderna, Pfizer/BioNTech",https://data.cdc.gov/Vaccinations/COVID-19-Vaccination-Trends-in-the-United-States-N/rh2h-3yt2,540307518,250158849,212250957,88226062
United States,2022-01-25,"Johnson&Johnson, Moderna, Pfizer/BioNTech",https://data.cdc.gov/Vaccinations/COVID-19-Vaccination-Trends-in-the-United-States-N/rh2h-3yt2,541093498,250365043,212424439,88630830
United States,2022-01-26,"Johnson&Johnson, Moderna, Pfizer/BioNTech",https://data.cdc.gov/Vaccinations/COVID-19-Vaccination-Trends-in-the-United-States-N/rh2h-3yt2,541866709,250567558,212601340,89023284
United States,2022-01-27,"Johnson&Johnson, Moderna, Pfizer/BioNTech",https://data.cdc.gov/Vaccinations/COVID-19-Vaccination-Trends-in-the-United-States-N/rh2h-3yt2,542638295,250768062,212774308,89418967
United States,2022-01-28,"Johnson&Johnson, Moderna, Pfizer/BioNTech",https://data.cdc.gov/Vaccinations/COVID-19-Vaccination-Trends-in-the-United-States-N/rh2h-3yt2,543571767,250999713,212981569,89909537
United States,2022-01-29,"Johnson&Johnson, Moderna, Pfizer/BioNTech",https://data.cdc.gov/Vaccinations/COVID-19-Vaccination-Trends-in-the-United-States-N/rh2h-3yt2,544033846,251122625,213092352,90136186
United States,2022-01-30,"Johnson&Johnson, Moderna, Pfizer/BioNTech",https://data.cdc.gov/Vaccinations/COVID-19-Vaccination-Trends-in-the-United-States-N/rh2h-3yt2,544294625,251195825,213158830,90256677
United States,2022-01-31,"Johnson&Johnson, Moderna, Pfizer/BioNTech",https://data.cdc.gov/Vaccinations/COVID-19-Vaccination-Trends-in-the-United-States-N/rh2h-3yt2,544910798,251356955,213315217,90553037
United States,2022-02-01,"Johnson&Johnson, Moderna, Pfizer/BioNTech",https://data.cdc.gov/Vaccinations/COVID-19-Vaccination-Trends-in-the-United-States-N/rh2h-3yt2,545504912,251507431,213472389,90836417
United States,2022-02-02,"Johnson&Johnson, Moderna, Pfizer/BioNTech",https://data.cdc.gov/Vaccinations/COVID-19-Vaccination-Trends-in-the-United-States-N/rh2h-3yt2,546060839,251652425,213624234,91093656
United States,2022-02-03,"Johnson&Johnson, Moderna, Pfizer/BioNTech",https://data.cdc.gov/Vaccinations/COVID-19-Vaccination-Trends-in-the-United-States-N/rh2h-3yt2,546565644,251781640,213761953,91329143
United States,2022-02-04,"Johnson&Johnson, Moderna, Pfizer/BioNTech",https://data.cdc.gov/Vaccinations/COVID-19-Vaccination-Trends-in-the-United-States-N/rh2h-3yt2,547205818,251936232,213943445,91629795
United States,2022-02-05,"Johnson&Johnson, Moderna, Pfizer/BioNTech",https://data.cdc.gov/Vaccinations/COVID-19-Vaccination-Trends-in-the-United-States-N/rh2h-3yt2,547635019,252045876,214074182,91816435
United States,2022-02-06,"Johnson&Johnson, Moderna, Pfizer/BioNTech",https://data.cdc.gov/Vaccinations/COVID-19-Vaccination-Trends-in-the-United-States-N/rh2h-3yt2,547843475,252105233,214133671,91905142
United States,2022-02-07,"Johnson&Johnson, Moderna, Pfizer/BioNTech",https://data.cdc.gov/Vaccinations/COVID-19-Vaccination-Trends-in-the-United-States-N/rh2h-3yt2,548314086,252233528,214263343,92114189
United States,2022-02-08,"Johnson&Johnson, Moderna, Pfizer/BioNTech",https://data.cdc.gov/Vaccinations/COVID-19-Vaccination-Trends-in-the-United-States-N/rh2h-3yt2,548803584,252360169,214406599,92329743
United States,2022-02-09,"Johnson&Johnson, Moderna, Pfizer/BioNTech",https://data.cdc.gov/Vaccinations/COVID-19-Vaccination-Trends-in-the-United-States-N/rh2h-3yt2,549302672,252491617,214549469,92550948
United States,2022-02-10,"Johnson&Johnson, Moderna, Pfizer/BioNTech",https://data.cdc.gov/Vaccinations/COVID-19-Vaccination-Trends-in-the-United-States-N/rh2h-3yt2,549798002,252620723,214686691,92775828
United States,2022-02-11,"Johnson&Johnson, Moderna, Pfizer/BioNTech",https://data.cdc.gov/Vaccinations/COVID-19-Vaccination-Trends-in-the-United-States-N/rh2h-3yt2,550406603,252773630,214857456,93055648
United States,2022-02-12,"Johnson&Johnson, Moderna, Pfizer/BioNTech",https://data.cdc.gov/Vaccinations/COVID-19-Vaccination-Trends-in-the-United-States-N/rh2h-3yt2,550746749,252865867,214958027,93200379
United States,2022-02-13,"Johnson&Johnson, Moderna, Pfizer/BioNTech",https://data.cdc.gov/Vaccinations/COVID-19-Vaccination-Trends-in-the-United-States-N/rh2h-3yt2,550897070,252909713,215003263,93260170
United States,2022-02-14,"Johnson&Johnson, Moderna, Pfizer/BioNTech",https://data.cdc.gov/Vaccinations/COVID-19-Vaccination-Trends-in-the-United-States-N/rh2h-3yt2,551229687,252998481,215098578,93404861
United States,2022-02-15,"Johnson&Johnson, Moderna, Pfizer/BioNTech",https://data.cdc.gov/Vaccinations/COVID-19-Vaccination-Trends-in-the-United-States-N/rh2h-3yt2,551621086,253099325,215211681,93577406
United States,2022-02-16,"Johnson&Johnson, Moderna, Pfizer/BioNTech",https://data.cdc.gov/Vaccinations/COVID-19-Vaccination-Trends-in-the-United-States-N/rh2h-3yt2,552022876,253202315,215325688,93757526
United States,2022-02-17,"Johnson&Johnson, Moderna, Pfizer/BioNTech",https://data.cdc.gov/Vaccinations/COVID-19-Vaccination-Trends-in-the-United-States-N/rh2h-3yt2,552418065,253301671,215432693,93940459
United States,2022-02-18,"Johnson&Johnson, Moderna, Pfizer/BioNTech",https://data.cdc.gov/Vaccinations/COVID-19-Vaccination-Trends-in-the-United-States-N/rh2h-3yt2,552929260,253426744,215571801,94179828
United States,2022-02-19,"Johnson&Johnson, Moderna, Pfizer/BioNTech",https://data.cdc.gov/Vaccinations/COVID-19-Vaccination-Trends-in-the-United-States-N/rh2h-3yt2,553203736,253501843,215648080,94299851
United States,2022-02-20,"Johnson&Johnson, Moderna, Pfizer/BioNTech",https://data.cdc.gov/Vaccinations/COVID-19-Vaccination-Trends-in-the-United-States-N/rh2h-3yt2,553353274,253544513,215688987,94363933
United States,2022-02-21,"Johnson&Johnson, Moderna, Pfizer/BioNTech",https://data.cdc.gov/Vaccinations/COVID-19-Vaccination-Trends-in-the-United-States-N/rh2h-3yt2,553662905,253625605,215774937,94500816
United States,2022-02-22,"Johnson&Johnson, Moderna, Pfizer/BioNTech",https://data.cdc.gov/Vaccinations/COVID-19-Vaccination-Trends-in-the-United-States-N/rh2h-3yt2,553999076,253713882,215868352,94649325
United States,2022-02-23,"Johnson&Johnson, Moderna, Pfizer/BioNTech",https://data.cdc.gov/Vaccinations/COVID-19-Vaccination-Trends-in-the-United-States-N/rh2h-3yt2,554330742,253801202,215958086,94797972
United States,2022-02-24,"Johnson&Johnson, Moderna, Pfizer/BioNTech",https://data.cdc.gov/Vaccinations/COVID-19-Vaccination-Trends-in-the-United-States-N/rh2h-3yt2,554647505,253883568,216040414,94943714
United States,2022-02-25,"Johnson&Johnson, Moderna, Pfizer/BioNTech",https://data.cdc.gov/Vaccinations/COVID-19-Vaccination-Trends-in-the-United-States-N/rh2h-3yt2,555026848,253979322,216141442,95119410
United States,2022-02-26,"Johnson&Johnson, Moderna, Pfizer/BioNTech",https://data.cdc.gov/Vaccinations/COVID-19-Vaccination-Trends-in-the-United-States-N/rh2h-3yt2,555263609,254045188,216203874,95224965
United States,2022-02-27,"Johnson&Johnson, Moderna, Pfizer/BioNTech",https://data.cdc.gov/Vaccinations/COVID-19-Vaccination-Trends-in-the-United-States-N/rh2h-3yt2,555383616,254079846,216234703,95278093
United States,2022-02-28,"Johnson&Johnson, Moderna, Pfizer/BioNTech",https://data.cdc.gov/Vaccinations/COVID-19-Vaccination-Trends-in-the-United-States-N/rh2h-3yt2,555686874,254157275,216312381,95420599
United States,2022-03-01,"Johnson&Johnson, Moderna, Pfizer/BioNTech",https://data.cdc.gov/Vaccinations/COVID-19-Vaccination-Trends-in-the-United-States-N/rh2h-3yt2,555949209,254225820,216382220,95539035
United States,2022-03-02,"Johnson&Johnson, Moderna, Pfizer/BioNTech",https://data.cdc.gov/Vaccinations/COVID-19-Vaccination-Trends-in-the-United-States-N/rh2h-3yt2,556196476,254292349,216450751,95646057
United States,2022-03-03,"Johnson&Johnson, Moderna, Pfizer/BioNTech",https://data.cdc.gov/Vaccinations/COVID-19-Vaccination-Trends-in-the-United-States-N/rh2h-3yt2,556439137,254356457,216516787,95753537
United States,2022-03-04,"Johnson&Johnson, Moderna, Pfizer/BioNTech",https://data.cdc.gov/Vaccinations/COVID-19-Vaccination-Trends-in-the-United-States-N/rh2h-3yt2,556742822,254433388,216601222,95888844
United States,2022-03-05,"Johnson&Johnson, Moderna, Pfizer/BioNTech",https://data.cdc.gov/Vaccinations/COVID-19-Vaccination-Trends-in-the-United-States-N/rh2h-3yt2,556917792,254482809,216650720,95962845
United States,2022-03-06,"Johnson&Johnson, Moderna, Pfizer/BioNTech",https://data.cdc.gov/Vaccinations/COVID-19-Vaccination-Trends-in-the-United-States-N/rh2h-3yt2,557003007,254508917,216674134,95997608
United States,2022-03-07,"Johnson&Johnson, Moderna, Pfizer/BioNTech",https://data.cdc.gov/Vaccinations/COVID-19-Vaccination-Trends-in-the-United-States-N/rh2h-3yt2,557204602,254565017,216726382,96086533
United States,2022-03-08,"Johnson&Johnson, Moderna, Pfizer/BioNTech",https://data.cdc.gov/Vaccinations/COVID-19-Vaccination-Trends-in-the-United-States-N/rh2h-3yt2,557411410,254619759,216782806,96177333
United States,2022-03-09,"Johnson&Johnson, Moderna, Pfizer/BioNTech",https://data.cdc.gov/Vaccinations/COVID-19-Vaccination-Trends-in-the-United-States-N/rh2h-3yt2,557614620,254673848,216839519,96265233
United States,2022-03-10,"Johnson&Johnson, Moderna, Pfizer/BioNTech",https://data.cdc.gov/Vaccinations/COVID-19-Vaccination-Trends-in-the-United-States-N/rh2h-3yt2,557817920,254727379,216896039,96354180
United States,2022-03-11,"Johnson&Johnson, Moderna, Pfizer/BioNTech",https://data.cdc.gov/Vaccinations/COVID-19-Vaccination-Trends-in-the-United-States-N/rh2h-3yt2,558065869,254790597,216966590,96462656
United States,2022-03-12,"Johnson&Johnson, Moderna, Pfizer/BioNTech",https://data.cdc.gov/Vaccinations/COVID-19-Vaccination-Trends-in-the-United-States-N/rh2h-3yt2,558202086,254829003,217006043,96519299
United States,2022-03-13,"Johnson&Johnson, Moderna, Pfizer/BioNTech",https://data.cdc.gov/Vaccinations/COVID-19-Vaccination-Trends-in-the-United-States-N/rh2h-3yt2,558273491,254850343,217026131,96548358
United States,2022-03-14,"Johnson&Johnson, Moderna, Pfizer/BioNTech",https://data.cdc.gov/Vaccinations/COVID-19-Vaccination-Trends-in-the-United-States-N/rh2h-3yt2,558459740,254900416,217075163,96630171
United States,2022-03-15,"Johnson&Johnson, Moderna, Pfizer/BioNTech",https://data.cdc.gov/Vaccinations/COVID-19-Vaccination-Trends-in-the-United-States-N/rh2h-3yt2,558652914,254951499,217125155,96715447
United States,2022-03-16,"Johnson&Johnson, Moderna, Pfizer/BioNTech",https://data.cdc.gov/Vaccinations/COVID-19-Vaccination-Trends-in-the-United-States-N/rh2h-3yt2,558847062,255003076,217174016,96801787
United States,2022-03-17,"Johnson&Johnson, Moderna, Pfizer/BioNTech",https://data.cdc.gov/Vaccinations/COVID-19-Vaccination-Trends-in-the-United-States-N/rh2h-3yt2,559031365,255050574,217219235,96885874
United States,2022-03-18,"Johnson&Johnson, Moderna, Pfizer/BioNTech",https://data.cdc.gov/Vaccinations/COVID-19-Vaccination-Trends-in-the-United-States-N/rh2h-3yt2,559269170,255110968,217277257,96994641
United States,2022-03-19,"Johnson&Johnson, Moderna, Pfizer/BioNTech",https://data.cdc.gov/Vaccinations/COVID-19-Vaccination-Trends-in-the-United-States-N/rh2h-3yt2,559405810,255148322,217311748,97054252
United States,2022-03-20,"Johnson&Johnson, Moderna, Pfizer/BioNTech",https://data.cdc.gov/Vaccinations/COVID-19-Vaccination-Trends-in-the-United-States-N/rh2h-3yt2,559476830,255169752,217328502,97084309
United States,2022-03-21,"Johnson&Johnson, Moderna, Pfizer/BioNTech",https://data.cdc.gov/Vaccinations/COVID-19-Vaccination-Trends-in-the-United-States-N/rh2h-3yt2,559649004,255217625,217368486,97159876
United States,2022-03-22,"Johnson&Johnson, Moderna, Pfizer/BioNTech",https://data.cdc.gov/Vaccinations/COVID-19-Vaccination-Trends-in-the-United-States-N/rh2h-3yt2,559814729,255261274,217408018,97233955
United States,2022-03-23,"Johnson&Johnson, Moderna, Pfizer/BioNTech",https://data.cdc.gov/Vaccinations/COVID-19-Vaccination-Trends-in-the-United-States-N/rh2h-3yt2,559988764,255308957,217449278,97310933
United States,2022-03-24,"Johnson&Johnson, Moderna, Pfizer/BioNTech",https://data.cdc.gov/Vaccinations/COVID-19-Vaccination-Trends-in-the-United-States-N/rh2h-3yt2,560156078,255354877,217487716,97385815
United States,2022-03-25,"Johnson&Johnson, Moderna, Pfizer/BioNTech",https://data.cdc.gov/Vaccinations/COVID-19-Vaccination-Trends-in-the-United-States-N/rh2h-3yt2,560364359,255410732,217536803,97479750
United States,2022-03-26,"Johnson&Johnson, Moderna, Pfizer/BioNTech",https://data.cdc.gov/Vaccinations/COVID-19-Vaccination-Trends-in-the-United-States-N/rh2h-3yt2,560477716,255442465,217564472,97529475
United States,2022-03-27,"Johnson&Johnson, Moderna, Pfizer/BioNTech",https://data.cdc.gov/Vaccinations/COVID-19-Vaccination-Trends-in-the-United-States-N/rh2h-3yt2,560536684,255459302,217578198,97554825
United States,2022-03-28,"Johnson&Johnson, Moderna, Pfizer/BioNTech",https://data.cdc.gov/Vaccinations/COVID-19-Vaccination-Trends-in-the-United-States-N/rh2h-3yt2,560682644,255502336,217609873,97616928
United States,2022-03-29,"Johnson&Johnson, Moderna, Pfizer/BioNTech",https://data.cdc.gov/Vaccinations/COVID-19-Vaccination-Trends-in-the-United-States-N/rh2h-3yt2,560793754,255528156,217633427,97664387
United States,2022-03-30,"Johnson&Johnson, Moderna, Pfizer/BioNTech",https://data.cdc.gov/Vaccinations/COVID-19-Vaccination-Trends-in-the-United-States-N/rh2h-3yt2,560823729,255534750,217639435,97674972
